File found: output/USVt_exact_kernel_stocks_1000_2.2361.npz
Entropies: [9.908, 9.125, 8.766, 8.422, 8.434, 8.149, 7.314, 8.048, 7.571, 6.992, 7.663, 5.109, 6.833, 8.362, 7.542, 6.182, 7.621, 6.877, 7.099, 7.422, 8.494, 6.812, 7.209, 7.544, 6.275, 7.049, 7.63, 7.529, 8.065, 6.934, 6.796, 7.361, 6.683, 7.29, 7.749, 7.206, 7.973, 7.29, 7.114, 7.451, 7.311, 6.957, 7.412, 7.123, 7.576, 8.016, 7.772, 7.468, 7.061, 7.651]
Normalized Entropies: [0.994, 0.916, 0.88, 0.845, 0.846, 0.818, 0.734, 0.808, 0.76, 0.702, 0.769, 0.513, 0.686, 0.839, 0.757, 0.62, 0.765, 0.69, 0.712, 0.745, 0.852, 0.684, 0.723, 0.757, 0.63, 0.707, 0.766, 0.755, 0.809, 0.696, 0.682, 0.739, 0.671, 0.732, 0.778, 0.723, 0.8, 0.731, 0.714, 0.748, 0.734, 0.698, 0.744, 0.715, 0.76, 0.804, 0.78, 0.749, 0.709, 0.768]
random_uniform: OG
Name: kernel_stocks_1000_2.2361_isvd_random_uniform_size_110_ssize_46_k_64_reservoir_greedy
Num windows: 20
Window: 1
Processing rows 0 to 110 (exclusive)
Doing iSVD..
Sparse: False
Before, window 1: RSS=165.4MB, VMS=1501.2MB
Small matrix
SVD completed in 0.0238 seconds
After SVD, window 1: RSS=166.8MB, VMS=1533.2MB
scores:
[0.03573648], [0.05796876], [0.08191421], [0.16172012], [0.11982032], [0.11533728], [0.13410867], [0.13095721], [0.07568453], [0.08168834], [], [], [], [], [], [], [], [], [], [], [], [], [], [], [], [], [], [], [], [], [], [], [], [], [], [], [], [], [], [], [], [], [], [], [], [], [], [], [], [], [], [], [], [], [], [], [], [], [], [], [], [], [], [], 
Subspace angles each eigenvector
[1.         1.         1.         1.         1.         1.
 1.         1.         1.         1.         1.         1.
 1.         1.         1.         1.         1.         1.
 1.         1.         1.         1.         1.         1.
 1.         1.         1.         0.99999999 1.         1.
 0.99999996 0.99999997 0.99999994 0.99999995 0.99999997 0.99999954
 0.99999992 0.9999994  0.99999829 0.99998512 0.99999472 0.99999621
 0.99998239 0.99997894 0.99996033 0.99998928 0.99991633 0.99971144
 0.99940511 0.99874084 0.99890602 0.99254809 0.99349357 0.99829558
 0.98862731 0.98902082 0.99801447 0.98706809 0.95226393 0.82105972
 0.92789725 0.31637252 0.52947175 0.25690606]
Leftout data saved successfully for iteration 0
Before LS, window 1: RSS=166.8MB, VMS=1533.2MB
[254.94930281  34.73441011  24.26119071   6.13652192   4.93274112
   2.88211864   1.01545395   0.5766839    0.33766102   0.30783411]
[769.72660278 107.0220479   64.25451794  13.38843947  14.33146512
   7.87843173   1.98900254   1.42223108   0.95484066   0.7987542 ]
[773.99725635 109.09062086  68.45694649  16.64737111  14.77571101
   8.29228853   3.52639139   1.6825842    1.26979829   1.04915985]
After LS, window 1: RSS=166.8MB, VMS=1533.2MB
Before saving, window 1: RSS=166.8MB, VMS=1533.2MB
j: 0
Data saved successfully for iteration 0
Residuals data saved successfully for iteration 0
Before residual reservoir, window 1: RSS=167.3MB, VMS=1533.2MB
reservoir_residuals_quotient: [1.32812358e+03 2.10766964e+02 1.38840242e+02 3.75388805e+01
 3.05420359e+01 1.74814439e+01 5.06895623e+00 3.50118418e+00
 2.16780363e+00 1.73713710e+00 3.60782021e-01 3.48604282e-01
 3.16157219e-01 2.03506795e-01 1.31567462e-01 2.08646973e-02
 2.87572465e-02 1.57766882e-02 1.39063334e-02 9.20115869e-03
 6.82728345e-03 1.53328678e-03 9.30494900e-04 8.74588261e-04
 5.38080797e-04 1.98476926e-04 2.86815429e-04 5.46463045e-05
 5.03965116e-05 2.32839014e-05 2.63209701e-05 1.35924885e-05
 9.75689116e-06 4.64105228e-06 6.44685869e-06 1.03305470e-06
 9.47707145e-07 1.02620618e-06 1.05251979e-06 5.70526213e-07
 7.25583583e-08 2.16430731e-07 1.30689927e-07 9.47851960e-08
 5.41786807e-08 3.67730879e-08 1.03978085e-08 1.58864429e-08
 3.81113567e-09 2.51248237e-09 1.84590942e-09 1.20739673e-09
 6.51790823e-10 4.05657722e-10 2.68931626e-10 8.74156111e-11
 4.73019625e-11 8.31024283e-11 1.13662010e-11 2.88132398e-12
 1.23518005e-11 7.79412691e-13 1.85219135e-12 3.37833384e-12]
2: 1.771, fro: 2.350
regular_residuals_quotient: [1.35539398e+01 1.30355158e+01 7.27477863e+00 4.64497628e+00
 3.75572127e+00 2.24770117e+00 2.14100544e+00 5.38551363e-01
 7.06595678e-01 6.48265051e-01 4.85064834e-01 1.34190203e-01
 1.24531201e-01 1.00329779e-01 1.50243595e-01 7.98681399e-02
 2.08763274e-02 3.14596840e-02 3.63969245e-02 9.42842542e-03
 1.56143800e-02 1.02432183e-02 5.18716980e-03 2.65232849e-03
 1.88561989e-03 6.45231572e-03 1.65072791e-03 1.24911382e-03
 8.26041323e-04 1.11092887e-03 3.52977699e-04 3.42703682e-04
 6.08010012e-04 4.03990255e-04 2.83357101e-04 1.21685593e-04
 7.57130074e-05 7.42506558e-05 7.25932994e-05 5.18933238e-05
 2.84486869e-05 5.68749499e-05 5.28976786e-05 2.23417864e-05
 1.14538217e-05 1.03180598e-05 7.48964095e-06 8.69552269e-06
 6.45453345e-06 5.65467590e-06 2.52623974e-06 1.85021355e-06
 4.96411278e-06 2.76199253e-06 6.17034381e-07 8.32991318e-07
 1.56537285e-06 6.32002757e-07 7.97107780e-07 2.23923299e-07
 2.82249565e-07 4.11995350e-07 3.80251198e-07 2.17924458e-07]
2: 15.958, fro: 21.293
After residual reservoir, window 1: RSS=167.3MB, VMS=1533.2MB
Before canonical angles, window 1: RSS=167.3MB, VMS=1533.2MB
Reconstruction quality: 10.642387730638436
Subspace angle 2: 1.4151682577690579 0.05994826741856582
Canonical angles data saved successfully for iteration 0
After canonical angles, window 1: RSS=167.3MB, VMS=1533.2MB
Relative error in S: 0.6706147871705566
Relative error in S_quotient: 0.009349147914849322
After saving, window 1: RSS=167.3MB, VMS=1533.2MB
Traceback (most recent call last):
  File "/home/ttran02/pj/computational-methods/main.py", line 1068, in <module>
    S, Vt = isvd(A_csr, 
  File "/home/ttran02/pj/computational-methods/utils.py", line 4050, in isvd
    _, S_correct_current, _ = compute_svd(A_csr[all_indices_until_now, :], k, is_sparse=is_sparse)
NameError: name 'is_sparse' is not defined. Did you mean: 'sparse'?
File found: output/USVt_exact_kernel_stocks_1000_2.2361.npz
Entropies: [9.908, 9.125, 8.766, 8.422, 8.434, 8.149, 7.314, 8.048, 7.571, 6.992, 7.663, 5.109, 6.833, 8.362, 7.542, 6.182, 7.621, 6.877, 7.099, 7.422, 8.494, 6.812, 7.209, 7.544, 6.275, 7.049, 7.63, 7.529, 8.065, 6.934, 6.796, 7.361, 6.683, 7.29, 7.749, 7.206, 7.973, 7.29, 7.114, 7.451, 7.311, 6.957, 7.412, 7.123, 7.576, 8.016, 7.772, 7.468, 7.061, 7.651]
Normalized Entropies: [0.994, 0.916, 0.88, 0.845, 0.846, 0.818, 0.734, 0.808, 0.76, 0.702, 0.769, 0.513, 0.686, 0.839, 0.757, 0.62, 0.765, 0.69, 0.712, 0.745, 0.852, 0.684, 0.723, 0.757, 0.63, 0.707, 0.766, 0.755, 0.809, 0.696, 0.682, 0.739, 0.671, 0.732, 0.778, 0.723, 0.8, 0.731, 0.714, 0.748, 0.734, 0.698, 0.744, 0.715, 0.76, 0.804, 0.78, 0.749, 0.709, 0.768]
random_uniform: OG
Name: kernel_stocks_1000_2.2361_isvd_random_uniform_size_110_ssize_46_k_64_reservoir_greedy
Num windows: 20
Window: 1
Processing rows 0 to 110 (exclusive)
Doing iSVD..
Sparse: False
Before, window 1: RSS=164.7MB, VMS=1501.2MB
Small matrix
SVD completed in 0.0233 seconds
After SVD, window 1: RSS=165.5MB, VMS=1533.2MB
scores:
[0.03573648], [0.05796876], [0.08191421], [0.16172012], [0.11982032], [0.11533728], [0.13410867], [0.13095721], [0.07568453], [0.08168834], [], [], [], [], [], [], [], [], [], [], [], [], [], [], [], [], [], [], [], [], [], [], [], [], [], [], [], [], [], [], [], [], [], [], [], [], [], [], [], [], [], [], [], [], [], [], [], [], [], [], [], [], [], [], 
Subspace angles each eigenvector
[1.         1.         1.         1.         1.         1.
 1.         1.         1.         1.         1.         1.
 1.         1.         1.         1.         1.         1.
 1.         1.         1.         1.         1.         1.
 1.         1.         1.         0.99999999 1.         1.
 0.99999996 0.99999997 0.99999994 0.99999995 0.99999997 0.99999954
 0.99999992 0.9999994  0.99999829 0.99998512 0.99999472 0.99999621
 0.99998239 0.99997894 0.99996033 0.99998928 0.99991633 0.99971144
 0.99940511 0.99874084 0.99890602 0.99254809 0.99349357 0.99829558
 0.98862731 0.98902082 0.99801447 0.98706809 0.95226393 0.82105972
 0.92789725 0.31637252 0.52947175 0.25690606]
Leftout data saved successfully for iteration 0
Before LS, window 1: RSS=166.7MB, VMS=1533.2MB
[254.94930281  34.73441011  24.26119071   6.13652192   4.93274112
   2.88211864   1.01545395   0.5766839    0.33766102   0.30783411]
[769.72660278 107.0220479   64.25451794  13.38843947  14.33146512
   7.87843173   1.98900254   1.42223108   0.95484066   0.7987542 ]
[773.99725635 109.09062086  68.45694649  16.64737111  14.77571101
   8.29228853   3.52639139   1.6825842    1.26979829   1.04915985]
After LS, window 1: RSS=166.7MB, VMS=1533.2MB
Before saving, window 1: RSS=166.7MB, VMS=1533.2MB
j: 0
Data saved successfully for iteration 0
Residuals data saved successfully for iteration 0
Before residual reservoir, window 1: RSS=166.7MB, VMS=1533.2MB
reservoir_residuals_quotient: [1.32812358e+03 2.10766964e+02 1.38840242e+02 3.75388805e+01
 3.05420359e+01 1.74814439e+01 5.06895623e+00 3.50118418e+00
 2.16780363e+00 1.73713710e+00 3.60782021e-01 3.48604282e-01
 3.16157219e-01 2.03506795e-01 1.31567462e-01 2.08646973e-02
 2.87572465e-02 1.57766882e-02 1.39063334e-02 9.20115869e-03
 6.82728345e-03 1.53328678e-03 9.30494900e-04 8.74588261e-04
 5.38080797e-04 1.98476926e-04 2.86815429e-04 5.46463045e-05
 5.03965116e-05 2.32839014e-05 2.63209701e-05 1.35924885e-05
 9.75689116e-06 4.64105228e-06 6.44685869e-06 1.03305470e-06
 9.47707145e-07 1.02620618e-06 1.05251979e-06 5.70526213e-07
 7.25583583e-08 2.16430731e-07 1.30689927e-07 9.47851960e-08
 5.41786807e-08 3.67730879e-08 1.03978085e-08 1.58864429e-08
 3.81113567e-09 2.51248237e-09 1.84590942e-09 1.20739673e-09
 6.51790823e-10 4.05657722e-10 2.68931626e-10 8.74156111e-11
 4.73019625e-11 8.31024283e-11 1.13662010e-11 2.88132398e-12
 1.23518005e-11 7.79412691e-13 1.85219135e-12 3.37833384e-12]
2: 1.771, fro: 2.350
regular_residuals_quotient: [1.35539398e+01 1.30355158e+01 7.27477863e+00 4.64497628e+00
 3.75572127e+00 2.24770117e+00 2.14100544e+00 5.38551363e-01
 7.06595678e-01 6.48265051e-01 4.85064834e-01 1.34190203e-01
 1.24531201e-01 1.00329779e-01 1.50243595e-01 7.98681399e-02
 2.08763274e-02 3.14596840e-02 3.63969245e-02 9.42842542e-03
 1.56143800e-02 1.02432183e-02 5.18716980e-03 2.65232849e-03
 1.88561989e-03 6.45231572e-03 1.65072791e-03 1.24911382e-03
 8.26041323e-04 1.11092887e-03 3.52977699e-04 3.42703682e-04
 6.08010012e-04 4.03990255e-04 2.83357101e-04 1.21685593e-04
 7.57130074e-05 7.42506558e-05 7.25932994e-05 5.18933238e-05
 2.84486869e-05 5.68749499e-05 5.28976786e-05 2.23417864e-05
 1.14538217e-05 1.03180598e-05 7.48964095e-06 8.69552269e-06
 6.45453345e-06 5.65467590e-06 2.52623974e-06 1.85021355e-06
 4.96411278e-06 2.76199253e-06 6.17034381e-07 8.32991318e-07
 1.56537285e-06 6.32002757e-07 7.97107780e-07 2.23923299e-07
 2.82249565e-07 4.11995350e-07 3.80251198e-07 2.17924458e-07]
2: 15.958, fro: 21.293
After residual reservoir, window 1: RSS=167.6MB, VMS=1533.2MB
Before canonical angles, window 1: RSS=167.6MB, VMS=1533.2MB
Reconstruction quality: 10.642387730638436
Subspace angle 2: 1.4151682577690579 0.05994826741856582
Canonical angles data saved successfully for iteration 0
After canonical angles, window 1: RSS=167.6MB, VMS=1533.2MB
Relative error in S: 0.6706147871705566
Relative error in S_quotient: 0.009349147914849322
After saving, window 1: RSS=167.6MB, VMS=1533.2MB
Small matrix
Current S: [254.94930281  34.73441011  24.26119071   6.13652192   4.93274112
   2.88211864   1.01545395   0.5766839    0.33766102   0.30783411] vs. correct S: [254.94930281  34.73441011  24.26119071   6.13652192   4.93274112
   2.88211864   1.01545395   0.5766839    0.33766102   0.30783411]
Entropies: [9.905, 9.149, 8.749, 7.187, 8.586, 8.148, 7.686, 7.875, 7.683, 7.366, 7.754, 7.337, 6.707, 6.771, 8.023, 7.45, 7.142, 7.09, 6.761, 7.688, 7.772, 7.436, 6.488, 6.562, 7.944, 7.529, 7.356, 8.051, 6.882, 7.333, 7.13, 7.774, 7.126, 6.963, 7.83, 7.757, 7.282, 6.92, 7.232, 7.42, 7.749, 7.157, 7.362, 7.766, 8.095, 7.501, 7.342, 6.875, 7.104, 7.661, 8.144, 7.728, 7.322, 7.528, 8.301, 7.991, 6.624, 7.234, 7.489, 8.197, 7.27, 8.112, 8.107, 7.388]
Normalized Entropies: [0.994, 0.918, 0.878, 0.721, 0.862, 0.818, 0.771, 0.79, 0.771, 0.739, 0.778, 0.736, 0.673, 0.679, 0.805, 0.748, 0.717, 0.711, 0.678, 0.771, 0.78, 0.746, 0.651, 0.658, 0.797, 0.755, 0.738, 0.808, 0.691, 0.736, 0.715, 0.78, 0.715, 0.699, 0.786, 0.778, 0.731, 0.694, 0.726, 0.745, 0.778, 0.718, 0.739, 0.779, 0.812, 0.753, 0.737, 0.69, 0.713, 0.769, 0.817, 0.775, 0.735, 0.755, 0.833, 0.802, 0.665, 0.726, 0.751, 0.823, 0.729, 0.814, 0.814, 0.741]
End of iSVD loop, window 1: RSS=167.6MB, VMS=1533.2MB
Window: 2
Processing rows 46 to 92 (exclusive)
Doing iSVD..
Sparse: False
Computing SVD...
Before, window 2: RSS=167.6MB, VMS=1533.2MB
Small matrix
SVD completed in 0.0381 seconds
After SVD, window 2: RSS=167.9MB, VMS=1533.9MB
scores:
[0.03575445], [0.05851228], [0.08035823], [0.15866129], [0.10580312], [0.11659642], [0.13037787], [0.12869787], [0.08010319], [0.07590752], [], [], [], [], [], [], [], [], [], [], [], [], [], [], [], [], [], [], [], [], [], [], [], [], [], [], [], [], [], [], [], [], [], [], [], [], [], [], [], [], [], [], [], [], [], [], [], [], [], [], [], [], [], [], 
Subspace angles each eigenvector
[1.         1.         1.         1.         1.         1.
 1.         1.         1.         1.         1.         1.
 1.         1.         1.         1.         1.         1.
 1.         1.         1.         1.         1.         1.
 1.         1.         1.         0.99999999 0.99999999 1.
 0.99999996 0.99999997 0.99999994 0.99999995 0.99999997 0.99999952
 0.99999992 0.99999939 0.99999836 0.99998423 0.99999385 0.99999625
 0.99998097 0.99997896 0.99996049 0.99998788 0.99991304 0.99970103
 0.99940264 0.99876713 0.99886584 0.99223323 0.99319299 0.99828376
 0.98823415 0.98848071 0.99806703 0.98749549 0.95173454 0.81911034
 0.92837686 0.29667603 0.5368485  0.26279793]
Leftout data saved successfully for iteration 1
Before LS, window 2: RSS=167.9MB, VMS=1534.4MB
[304.50344191  41.65077437  28.08241662   6.91958531   6.07450827
   3.39938991   1.19651394   0.69411503   0.39436481   0.34528822]
[768.41140719 105.52008745  64.97326234  13.56073303  13.70467911
   7.47866699   2.01256925   1.23079432   0.883488     0.84888654]
[773.99725635 109.09062086  68.45694649  16.64737111  14.77571101
   8.29228853   3.52639139   1.6825842    1.26979829   1.04915985]
After LS, window 2: RSS=167.9MB, VMS=1534.4MB
Before saving, window 2: RSS=167.9MB, VMS=1534.4MB
j: 1
Data saved successfully for iteration 1
Residuals data saved successfully for iteration 1
Before residual reservoir, window 2: RSS=167.9MB, VMS=1534.4MB
reservoir_residuals_quotient: [1.47835881e+03 2.31649495e+02 1.50371915e+02 3.97427695e+01
 3.35600050e+01 1.81932904e+01 5.60992166e+00 3.55650052e+00
 2.28041355e+00 2.13576796e+00 3.67445899e-01 3.28595591e-01
 3.26077330e-01 2.71570207e-01 1.65754860e-01 1.82698528e-02
 2.89226603e-02 1.51554110e-02 1.50479697e-02 9.28131821e-03
 8.40617999e-03 1.44351635e-03 8.22212298e-04 1.06210266e-03
 6.69097362e-04 1.99946669e-04 3.00676976e-04 6.71496673e-05
 5.53780366e-05 1.59973564e-05 2.98630406e-05 1.41797928e-05
 9.97969758e-06 4.85058898e-06 4.94873349e-06 1.30619940e-06
 7.96490279e-07 9.59428538e-07 1.06284959e-06 6.31478884e-07
 8.40631438e-08 1.37948800e-07 9.19013497e-08 3.99382189e-08
 5.15647474e-08 4.18925724e-08 1.04872634e-08 1.16513091e-08
 3.58373119e-09 2.14465891e-09 1.77350103e-09 6.82489027e-10
 6.46728273e-10 2.92654562e-10 2.53195514e-10 6.65511937e-11
 5.89651858e-11 3.65557531e-11 7.04863805e-12 7.50507299e-13
 1.24700377e-11 2.53794851e-12 1.96580281e-12 2.70561018e-12]
2: 1.762, fro: 2.254
regular_residuals_quotient: [1.50399971e+01 1.45050643e+01 6.60323397e+00 4.43215350e+00
 3.55828017e+00 2.67926742e+00 2.13837898e+00 7.51025766e-01
 8.47827537e-01 3.90907722e-01 4.83253592e-01 1.23492468e-01
 1.09717260e-01 1.08997457e-01 1.20997004e-01 7.75736814e-02
 2.20252008e-02 2.99306311e-02 3.66920614e-02 1.31366595e-02
 1.36504299e-02 9.75687283e-03 6.05545552e-03 2.73924547e-03
 1.84856882e-03 6.50786441e-03 1.54627157e-03 1.26052110e-03
 8.37693226e-04 1.10434458e-03 3.32609769e-04 3.62997713e-04
 6.36799334e-04 3.82013545e-04 3.14899413e-04 1.23882231e-04
 7.22417153e-05 7.12238821e-05 7.62836581e-05 5.62562608e-05
 2.96867223e-05 5.78772282e-05 5.74428357e-05 8.89464545e-06
 1.07575110e-05 1.00791932e-05 7.55076153e-06 8.63466824e-06
 7.17669371e-06 5.77774839e-06 2.10342263e-06 1.82170704e-06
 5.10707453e-06 2.75870137e-06 6.36654896e-07 9.70140741e-07
 1.69582634e-06 5.59797745e-07 7.94838944e-07 2.55254957e-07
 2.94279132e-07 2.14495675e-07 5.08365598e-07 2.33687967e-07]
2: 18.424, fro: 22.934
After residual reservoir, window 2: RSS=168.1MB, VMS=1534.4MB
Before canonical angles, window 2: RSS=168.1MB, VMS=1534.4MB
Reconstruction quality: 11.132904959863973
Subspace angle 2: 1.4184562920233539 0.06024166670353275
Canonical angles data saved successfully for iteration 1
After canonical angles, window 2: RSS=168.1MB, VMS=1534.4MB
Relative error in S: 0.6066674463272679
Relative error in S_quotient: 0.010674345640926449
After saving, window 2: RSS=168.1MB, VMS=1534.4MB
Small matrix
Current S: [304.50344191  41.65077437  28.08241662   6.91958531   6.07450827
   3.39938991   1.19651394   0.69411503   0.39436481   0.34528822] vs. correct S: [234.52261282  31.70764493  21.54703396   5.28629605   4.61035131
   2.51086817   0.91109771   0.5292808    0.30833167   0.26984171]
Entropies: [9.904, 9.146, 8.758, 7.283, 8.602, 8.163, 7.697, 7.909, 7.975, 7.098, 7.749, 7.46, 6.751, 6.682, 7.935, 7.45, 7.176, 7.124, 6.861, 7.645, 7.714, 7.468, 6.495, 6.56, 7.92, 7.504, 7.363, 8.047, 6.906, 7.33, 7.096, 7.741, 7.151, 6.91, 7.844, 7.754, 7.265, 6.924, 7.281, 7.411, 7.743, 7.152, 7.473, 7.491, 8.105, 7.482, 7.36, 6.847, 7.118, 7.678, 8.143, 7.743, 7.256, 7.537, 8.318, 8.008, 6.634, 7.273, 7.472, 8.185, 7.251, 8.385, 7.468, 7.478]
Normalized Entropies: [0.994, 0.918, 0.879, 0.731, 0.863, 0.819, 0.772, 0.794, 0.8, 0.712, 0.778, 0.749, 0.677, 0.67, 0.796, 0.748, 0.72, 0.715, 0.688, 0.767, 0.774, 0.749, 0.652, 0.658, 0.795, 0.753, 0.739, 0.807, 0.693, 0.736, 0.712, 0.777, 0.718, 0.693, 0.787, 0.778, 0.729, 0.695, 0.731, 0.744, 0.777, 0.718, 0.75, 0.752, 0.813, 0.751, 0.738, 0.687, 0.714, 0.77, 0.817, 0.777, 0.728, 0.756, 0.835, 0.804, 0.666, 0.73, 0.75, 0.821, 0.728, 0.841, 0.749, 0.75]
End of iSVD loop, window 2: RSS=168.1MB, VMS=1534.4MB
Window: 3
Processing rows 92 to 138 (exclusive)
Doing iSVD..
Sparse: False
Computing SVD...
Before, window 3: RSS=168.1MB, VMS=1534.4MB
Small matrix
SVD completed in 0.0424 seconds
After SVD, window 3: RSS=168.1MB, VMS=1534.4MB
scores:
[0.03573023], [0.05724625], [0.08127167], [0.16125398], [0.10282361], [0.11466562], [0.13301082], [0.11184084], [0.08267404], [0.08853641], [], [], [], [], [], [], [], [], [], [], [], [], [], [], [], [], [], [], [], [], [], [], [], [], [], [], [], [], [], [], [], [], [], [], [], [], [], [], [], [], [], [], [], [], [], [], [], [], [], [], [], [], [], [], 
Subspace angles each eigenvector
[1.         1.         1.         1.         1.         1.
 1.         1.         1.         1.         1.         1.
 1.         1.         1.         1.         1.         1.
 1.         1.         1.         1.         1.         1.
 1.         1.         1.         1.         1.         1.
 0.99999996 0.99999998 0.99999996 0.99999997 0.99999998 0.99999962
 0.99999992 0.99999976 0.99999821 0.99999757 0.99999626 0.99999511
 0.99999139 0.99998442 0.99996173 0.99997144 0.99995012 0.99989467
 0.9994779  0.99807572 0.99980414 0.99801102 0.99827578 0.99886797
 0.99398356 0.99012328 0.99775895 0.98503955 0.99257085 0.86682504
 0.90093875 0.89964574 0.40707106 0.36149615]
Leftout data saved successfully for iteration 2
Before LS, window 3: RSS=168.1MB, VMS=1534.4MB
[347.32356845  46.41946439  32.61525615   7.98558018   6.49700613
   3.7896782    1.36671408   0.77084736   0.42963165   0.38549263]
[761.81896948 102.62313065  63.54764143  13.08454122  13.40709423
   7.89699094   1.98228786   1.39312864   1.04200042   0.87567756]
[773.99725635 109.09062086  68.45694649  16.64737111  14.77571101
   8.29228853   3.52639139   1.6825842    1.26979829   1.04915985]
After LS, window 3: RSS=168.1MB, VMS=1534.4MB
Before saving, window 3: RSS=168.1MB, VMS=1534.4MB
j: 2
Data saved successfully for iteration 2
Residuals data saved successfully for iteration 2
Before residual reservoir, window 3: RSS=168.1MB, VMS=1534.4MB
reservoir_residuals_quotient: [1.41820049e+03 2.03866974e+02 1.48044587e+02 3.99842895e+01
 3.10464908e+01 1.91542040e+01 5.58725000e+00 3.72217335e+00
 2.52321929e+00 2.01465320e+00 5.31541226e-01 3.24010546e-01
 3.43885683e-01 2.22350092e-01 1.91532162e-01 2.48347715e-02
 3.33183726e-02 1.50048958e-02 1.71766178e-02 8.38746686e-03
 9.84711486e-03 1.62259219e-03 1.35267420e-03 6.48173881e-04
 5.59762794e-04 6.09134788e-04 2.95669792e-04 5.11756813e-05
 5.64788560e-05 4.40942567e-05 2.75408049e-05 1.69941474e-05
 1.07872346e-05 6.44757602e-06 6.43507361e-06 1.56381025e-06
 1.28384662e-06 9.05597884e-07 1.34001873e-06 5.57458514e-07
 9.21900878e-08 1.48620795e-07 2.08173453e-07 5.92928471e-08
 9.73394777e-08 3.01950422e-08 2.09214593e-08 1.05007473e-08
 1.25489539e-08 3.91847198e-09 1.95595349e-09 1.45644458e-09
 1.34086795e-09 8.07735692e-10 3.22953752e-10 2.32719900e-10
 2.33009110e-10 2.90063667e-11 7.75938666e-11 3.27346331e-11
 6.19236994e-12 9.11482597e-12 1.77980335e-11 8.10963655e-12]
2: 1.206, fro: 1.639
regular_residuals_quotient: [1.63733775e+01 1.31917048e+01 7.05614089e+00 4.89846639e+00
 4.34348549e+00 2.06961819e+00 2.13870444e+00 5.26527887e-01
 7.37286342e-01 4.41431730e-01 4.12875991e-01 1.06161504e-01
 1.02357269e-01 1.11490992e-01 1.19921509e-01 7.14383549e-02
 2.09966407e-02 3.06523984e-02 3.60741184e-02 1.23014753e-02
 1.36387352e-02 9.60374067e-03 4.83199523e-03 4.66056709e-03
 5.84940096e-03 3.45232160e-03 1.59109613e-03 1.16946893e-03
 9.03480873e-04 8.60776162e-04 3.01752650e-04 9.52025850e-04
 2.99803667e-04 3.09173041e-04 1.46583254e-04 1.19131962e-04
 7.88367340e-05 7.02296823e-05 3.24516747e-05 5.15199720e-05
 1.07997186e-05 9.44352156e-05 2.06826646e-05 9.07746012e-06
 9.66387529e-06 8.59504670e-06 6.03072299e-06 4.86445154e-06
 7.01600259e-06 2.95140777e-06 4.93146664e-06 7.01990829e-06
 1.75980321e-06 6.59805536e-07 1.35837254e-06 6.26726015e-07
 5.60659212e-07 1.84073807e-07 9.84948451e-07 2.19640436e-07
 2.13383043e-07 3.71099740e-07 5.48338486e-07 1.98729064e-07]
2: 20.789, fro: 23.342
After residual reservoir, window 3: RSS=168.1MB, VMS=1534.4MB
Before canonical angles, window 3: RSS=168.1MB, VMS=1534.4MB
Reconstruction quality: 11.28208553277402
Subspace angle 2: 1.3496056539365058 0.04660891273229791
Canonical angles data saved successfully for iteration 2
After canonical angles, window 3: RSS=168.1MB, VMS=1534.4MB
Relative error in S: 0.5515031866212957
Relative error in S_quotient: 0.019385350643212774
After saving, window 3: RSS=168.1MB, VMS=1534.4MB
Small matrix
Current S: [347.32356845  46.41946439  32.61525615   7.98558018   6.49700613
   3.7896782    1.36671408   0.77084736   0.42963165   0.38549263] vs. correct S: [287.95007059  37.71599001  27.18626573   6.62989491   5.15526224
   3.01199531   1.13277924   0.6151855    0.3604813    0.31739031]
Entropies: [9.905, 9.154, 8.753, 7.182, 8.575, 8.162, 7.662, 7.876, 7.923, 7.106, 7.735, 7.42, 6.612, 6.872, 7.929, 7.6, 7.113, 7.166, 6.614, 7.745, 7.723, 7.528, 6.533, 6.787, 7.128, 7.863, 7.337, 8.052, 7.057, 7.184, 7.05, 7.533, 7.637, 6.577, 7.713, 7.847, 7.498, 7.002, 6.908, 7.308, 7.721, 7.346, 7.51, 7.322, 7.781, 7.812, 7.058, 7.127, 6.804, 7.766, 7.482, 7.851, 7.929, 7.627, 7.97, 8.155, 6.474, 7.665, 7.28, 7.357, 7.484, 7.7, 7.684, 7.813]
Normalized Entropies: [0.994, 0.919, 0.878, 0.721, 0.86, 0.819, 0.769, 0.79, 0.795, 0.713, 0.776, 0.745, 0.663, 0.69, 0.796, 0.763, 0.714, 0.719, 0.664, 0.777, 0.775, 0.755, 0.656, 0.681, 0.715, 0.789, 0.736, 0.808, 0.708, 0.721, 0.707, 0.756, 0.766, 0.66, 0.774, 0.787, 0.752, 0.703, 0.693, 0.733, 0.775, 0.737, 0.754, 0.735, 0.781, 0.784, 0.708, 0.715, 0.683, 0.779, 0.751, 0.788, 0.796, 0.765, 0.8, 0.818, 0.65, 0.769, 0.73, 0.738, 0.751, 0.773, 0.771, 0.784]
End of iSVD loop, window 3: RSS=168.9MB, VMS=1535.0MB
Window: 4
Processing rows 138 to 184 (exclusive)
Doing iSVD..
Sparse: False
Computing SVD...
Before, window 4: RSS=168.9MB, VMS=1535.0MB
Small matrix
SVD completed in 0.0287 seconds
After SVD, window 4: RSS=168.9MB, VMS=1535.0MB
scores:
[0.03571122], [0.05813342], [0.08071461], [0.16271597], [0.09477728], [0.11014777], [0.17551196], [0.11448631], [0.13671278], [0.0900203], [], [], [], [], [], [], [], [], [], [], [], [], [], [], [], [], [], [], [], [], [], [], [], [], [], [], [], [], [], [], [], [], [], [], [], [], [], [], [], [], [], [], [], [], [], [], [], [], [], [], [], [], [], [], 
Subspace angles each eigenvector
[1.         1.         1.         1.         1.         1.
 1.         1.         1.         1.         1.         1.
 1.         1.         1.         1.         1.         1.
 1.         1.         1.         1.         1.         1.
 1.         1.         1.         1.         1.         1.
 0.99999999 0.99999993 0.99999999 0.99999998 0.99999993 0.99999929
 0.99999958 0.99999914 0.99999889 0.99999506 0.99999149 0.99999847
 0.99999129 0.99999042 0.99998891 0.99997725 0.99995253 0.99991123
 0.99990781 0.99829839 0.99978231 0.99751031 0.99836322 0.99753252
 0.99708836 0.99558546 0.99289908 0.95946926 0.98609197 0.90612806
 0.86614251 0.93734772 0.90037582 0.4186686 ]
Leftout data saved successfully for iteration 3
Before LS, window 4: RSS=168.9MB, VMS=1535.0MB
[384.22331794  51.66923676  36.2017492    9.0156543    7.12215324
   4.3719668    1.72776479   0.82028426   0.53260556   0.42547028]
[7.73866728e+02 1.08645418e+02 6.68471683e+01 1.45025804e+01
 1.50315933e+01 7.77952685e+00 3.07269242e+00 1.31804363e+00
 9.89218928e-01 6.39587178e-01]
[773.99725635 109.09062086  68.45694649  16.64737111  14.77571101
   8.29228853   3.52639139   1.6825842    1.26979829   1.04915985]
After LS, window 4: RSS=168.9MB, VMS=1535.0MB
Before saving, window 4: RSS=168.9MB, VMS=1535.0MB
j: 3
Data saved successfully for iteration 3
Residuals data saved successfully for iteration 3
Before residual reservoir, window 4: RSS=168.9MB, VMS=1535.0MB
reservoir_residuals_quotient: [1.39430201e+03 2.09070769e+02 1.47123542e+02 3.92935532e+01
 3.26999375e+01 1.90149138e+01 9.05650306e+00 3.38799171e+00
 2.50577547e+00 1.46097735e+00 1.28439836e+00 3.18950975e-01
 2.94551412e-01 2.05876751e-01 1.64642898e-01 9.77990125e-02
 1.93485732e-02 1.87405073e-02 9.54306003e-03 1.17885163e-02
 9.43477420e-03 3.74534673e-03 1.33929512e-03 9.31666215e-04
 8.85265780e-04 5.65261172e-04 3.57463731e-04 2.66892604e-04
 2.65408803e-04 7.80487894e-05 6.41540154e-05 4.25948037e-05
 3.62317814e-05 1.72879836e-05 9.66123566e-06 4.22372237e-06
 4.49263959e-06 1.57022509e-06 1.55639735e-06 1.29624717e-06
 9.21487880e-07 3.95333464e-07 4.87194527e-07 1.43365183e-07
 2.17784273e-07 8.63880474e-08 9.92835462e-08 2.52452074e-08
 3.83320815e-08 2.26087333e-08 1.16306404e-08 1.15504378e-08
 6.02348368e-09 5.65123543e-09 2.79837332e-09 1.19188540e-09
 1.65449759e-09 1.00341868e-09 4.59220725e-10 4.10524105e-10
 3.32819504e-10 9.72277517e-11 2.21592513e-10 3.94310125e-11]
2: 1.439, fro: 2.122
regular_residuals_quotient: [1.00711480e+01 1.03147019e+01 4.37438249e+00 4.00919414e+00
 3.67625476e+00 1.62027201e+00 1.29067484e+00 4.14898020e-01
 6.27601767e-01 7.36168246e-01 1.80542560e-01 6.34164486e-02
 1.03654805e-01 1.12366490e-01 1.36167419e-01 2.40228334e-02
 3.25353635e-02 3.12820645e-02 3.94003023e-02 1.02467471e-02
 1.39331313e-02 5.38488585e-03 5.78435082e-03 5.03747855e-03
 6.04311484e-03 1.90899766e-03 8.87695019e-04 1.19156885e-03
 1.23023367e-03 5.62453592e-04 7.69139913e-04 4.38857736e-04
 6.90872355e-04 1.07999664e-04 1.32536760e-04 9.07750078e-05
 1.59947320e-04 2.99880783e-05 6.72994112e-05 2.38982089e-05
 7.15987261e-05 3.43610433e-05 6.94738000e-06 8.58133200e-06
 5.27621724e-06 1.39045186e-05 5.81960891e-06 4.44996818e-06
 4.14053645e-06 7.02292976e-07 5.78884988e-06 3.03495169e-06
 8.73370013e-07 1.13104905e-06 9.92215217e-07 3.63115891e-07
 1.55689278e-06 2.25620099e-07 4.16105676e-07 1.57205789e-07
 5.46745211e-08 4.38448729e-07 2.81640787e-07 9.09331412e-08]
2: 11.436, fro: 16.187
After residual reservoir, window 4: RSS=168.9MB, VMS=1535.0MB
Before canonical angles, window 4: RSS=168.9MB, VMS=1535.0MB
Reconstruction quality: 11.310593775517486
Subspace angle 2: 0.9184733918604595 0.0359777846849151
Canonical angles data saved successfully for iteration 3
After canonical angles, window 4: RSS=168.9MB, VMS=1535.0MB
Relative error in S: 0.5037799983692295
Relative error in S_quotient: 0.0036778025079193476
After saving, window 4: RSS=168.9MB, VMS=1535.0MB
Small matrix
Current S: [384.22331794  51.66923676  36.2017492    9.0156543    7.12215324
   4.3719668    1.72776479   0.82028426   0.53260556   0.42547028] vs. correct S: [331.52733132  44.02244852  31.37079393   7.84222027   5.94127505
   3.69303792   1.53887852   0.67051901   0.48097468   0.35844309]
Entropies: [9.905, 9.152, 8.764, 7.152, 8.581, 8.141, 7.536, 7.802, 7.815, 7.279, 7.666, 7.143, 6.757, 6.768, 8.091, 7.967, 6.742, 7.034, 6.561, 7.675, 7.805, 7.629, 6.578, 6.467, 6.964, 7.871, 7.071, 7.832, 7.87, 7.201, 6.867, 6.516, 7.236, 7.568, 7.596, 7.337, 7.815, 7.077, 7.003, 6.968, 7.418, 6.756, 7.552, 7.798, 7.509, 8.191, 6.965, 6.955, 7.193, 7.467, 7.6, 6.751, 7.737, 7.879, 7.648, 7.875, 7.991, 7.565, 7.352, 7.223, 7.186, 7.384, 7.203, 7.416]
Normalized Entropies: [0.994, 0.918, 0.879, 0.718, 0.861, 0.817, 0.756, 0.783, 0.784, 0.73, 0.769, 0.717, 0.678, 0.679, 0.812, 0.799, 0.677, 0.706, 0.658, 0.77, 0.783, 0.765, 0.66, 0.649, 0.699, 0.79, 0.709, 0.786, 0.79, 0.723, 0.689, 0.654, 0.726, 0.759, 0.762, 0.736, 0.784, 0.71, 0.703, 0.699, 0.744, 0.678, 0.758, 0.782, 0.753, 0.822, 0.699, 0.698, 0.722, 0.749, 0.763, 0.677, 0.776, 0.791, 0.767, 0.79, 0.802, 0.759, 0.738, 0.725, 0.721, 0.741, 0.723, 0.744]
End of iSVD loop, window 4: RSS=171.8MB, VMS=1537.3MB
Window: 5
Processing rows 184 to 230 (exclusive)
Doing iSVD..
Sparse: False
Computing SVD...
Before, window 5: RSS=171.8MB, VMS=1537.3MB
Small matrix
SVD completed in 0.0278 seconds
After SVD, window 5: RSS=171.8MB, VMS=1537.3MB
scores:
[0.03570826], [0.05855922], [0.07878991], [0.15808604], [0.11976695], [0.11056001], [0.17361799], [0.11357124], [0.13154852], [0.0834869], [], [], [], [], [], [], [], [], [], [], [], [], [], [], [], [], [], [], [], [], [], [], [], [], [], [], [], [], [], [], [], [], [], [], [], [], [], [], [], [], [], [], [], [], [], [], [], [], [], [], [], [], [], [], 
Subspace angles each eigenvector
[1.         1.         1.         1.         1.         1.
 1.         1.         1.         1.         1.         1.
 1.         1.         1.         1.         1.         1.
 1.         1.         1.         1.         1.         1.
 1.         1.         1.         1.         1.         1.
 1.         0.99999998 1.         0.99999999 0.99999999 0.99999985
 0.99999996 0.99999963 0.99999992 0.99999843 0.99999713 0.99999843
 0.99998838 0.99999189 0.99998702 0.99999186 0.99998843 0.99994729
 0.99998086 0.99945066 0.99981577 0.99920883 0.99828675 0.99897521
 0.9988154  0.99911474 0.99575129 0.99006531 0.98797459 0.93097674
 0.96122818 0.93599518 0.78792133 0.05482077]
Leftout data saved successfully for iteration 4
Before LS, window 5: RSS=171.8MB, VMS=1537.3MB
[418.5148209   56.69359823  39.42291972   9.38003451   7.89748493
   4.70571911   1.84443206   0.91377802   0.56725643   0.4673432 ]
[7.73077201e+02 1.09326784e+02 6.72142711e+01 1.48508857e+01
 1.50933865e+01 7.72384473e+00 3.17635886e+00 1.43215299e+00
 1.04658816e+00 7.11766227e-01]
[773.99725635 109.09062086  68.45694649  16.64737111  14.77571101
   8.29228853   3.52639139   1.6825842    1.26979829   1.04915985]
After LS, window 5: RSS=171.8MB, VMS=1537.3MB
Before saving, window 5: RSS=171.8MB, VMS=1537.3MB
j: 4
Data saved successfully for iteration 4
Residuals data saved successfully for iteration 4
Before residual reservoir, window 5: RSS=171.8MB, VMS=1537.3MB
reservoir_residuals_quotient: [1.33528343e+03 2.12336086e+02 1.40475702e+02 3.87894839e+01
 3.44017682e+01 1.87186481e+01 8.93431105e+00 3.66097943e+00
 2.57171374e+00 1.59166163e+00 1.32973535e+00 3.32946041e-01
 2.79090870e-01 3.05486119e-01 2.02830132e-01 1.07017056e-01
 2.07393737e-02 1.88188163e-02 1.29175309e-02 1.42992170e-02
 9.23286650e-03 4.67797268e-03 1.26446001e-03 9.82914670e-04
 1.32438697e-03 5.95099872e-04 4.11862664e-04 4.97251650e-04
 1.88857260e-04 7.47342928e-05 6.07424557e-05 4.63989724e-05
 4.19610183e-05 3.62861698e-05 1.26588744e-05 1.51985209e-05
 5.16320717e-06 1.31911142e-06 2.00282520e-06 1.27184863e-06
 7.24662832e-07 1.17722678e-06 6.97635885e-07 2.55082853e-07
 2.13116027e-07 2.66142243e-07 1.43006103e-07 3.21355576e-08
 3.70487992e-08 2.43051676e-08 1.78730368e-08 1.68442278e-08
 6.63762486e-09 7.24185825e-09 3.16773999e-09 5.68807143e-09
 2.70403336e-09 1.21430337e-09 7.56072763e-10 4.95427159e-10
 3.68807425e-10 4.06349910e-10 1.56265413e-10 9.54201004e-11]
2: 1.518, fro: 2.115
regular_residuals_quotient: [1.09778966e+01 1.13303412e+01 2.93064733e+00 3.67095156e+00
 3.09989112e+00 1.71873699e+00 1.16820274e+00 3.65241380e-01
 5.92856266e-01 5.79743816e-01 2.02407931e-01 6.67072169e-02
 1.08634127e-01 9.91804448e-02 1.06756520e-01 2.82251997e-02
 3.01012382e-02 3.66025746e-02 2.62691992e-02 1.31333282e-02
 1.27405246e-02 4.69311763e-03 5.66879980e-03 2.12169012e-03
 6.88763896e-03 1.47835621e-03 1.14354823e-03 1.12877985e-03
 1.22157429e-03 3.61255858e-04 7.70854643e-04 5.37944122e-04
 5.25170376e-04 4.14228526e-04 1.46421194e-04 7.52255046e-05
 1.06312791e-04 4.47744741e-05 4.97833737e-05 2.48922705e-05
 2.35168106e-05 7.17004809e-05 2.17316749e-05 8.97737131e-06
 7.90856198e-06 4.75551413e-06 5.76174488e-06 2.88451727e-06
 4.08950801e-06 1.48871817e-06 1.60750250e-06 5.32034944e-06
 6.92558446e-07 5.69140305e-07 4.01088330e-07 4.50232908e-07
 6.65782507e-07 9.19076540e-08 3.35062244e-07 8.06572917e-08
 1.27820221e-07 2.90087719e-07 3.62141276e-07 3.20025696e-08]
2: 12.052, fro: 16.905
After residual reservoir, window 5: RSS=171.8MB, VMS=1537.3MB
Before canonical angles, window 5: RSS=171.8MB, VMS=1537.3MB
Reconstruction quality: 10.799484434233605
Subspace angle 2: 1.5690017725063463 0.043935088908342176
Canonical angles data saved successfully for iteration 4
After canonical angles, window 5: RSS=171.8MB, VMS=1537.3MB
Relative error in S: 0.45942964531175107
Relative error in S_quotient: 0.0032391186667642836
After saving, window 5: RSS=171.8MB, VMS=1537.3MB
Small matrix
Current S: [418.5148209   56.69359823  39.42291972   9.38003451   7.89748493
   4.70571911   1.84443206   0.91377802   0.56725643   0.4673432 ] vs. correct S: [370.72462047  49.83538917  35.03642253   8.24404527   6.847348
   4.09177715   1.66362784   0.78418788   0.51885385   0.40812909]
Entropies: [9.905, 9.148, 8.771, 7.286, 8.65, 8.151, 7.53, 7.84, 7.866, 7.14, 7.664, 7.374, 6.751, 6.729, 7.948, 7.952, 6.7, 6.541, 7.329, 7.709, 7.595, 7.611, 6.49, 5.9, 7.378, 7.809, 7.186, 7.957, 6.983, 7.038, 6.989, 6.585, 6.911, 7.278, 7.952, 7.777, 7.426, 7.239, 7.03, 7.039, 7.273, 7.495, 7.253, 8.063, 7.804, 7.66, 6.853, 7.086, 6.923, 7.832, 7.484, 7.688, 7.787, 7.727, 7.724, 8.549, 6.711, 7.067, 7.432, 7.373, 6.981, 7.307, 7.374, 7.966]
Normalized Entropies: [0.994, 0.918, 0.88, 0.731, 0.868, 0.818, 0.756, 0.787, 0.789, 0.716, 0.769, 0.74, 0.677, 0.675, 0.798, 0.798, 0.672, 0.656, 0.735, 0.774, 0.762, 0.764, 0.651, 0.592, 0.74, 0.784, 0.721, 0.798, 0.701, 0.706, 0.701, 0.661, 0.693, 0.73, 0.798, 0.78, 0.745, 0.726, 0.705, 0.706, 0.73, 0.752, 0.728, 0.809, 0.783, 0.769, 0.688, 0.711, 0.695, 0.786, 0.751, 0.771, 0.781, 0.775, 0.775, 0.858, 0.673, 0.709, 0.746, 0.74, 0.701, 0.733, 0.74, 0.799]
End of iSVD loop, window 5: RSS=172.3MB, VMS=1539.4MB
Window: 6
Processing rows 230 to 276 (exclusive)
Doing iSVD..
Sparse: False
Computing SVD...
Before, window 6: RSS=172.3MB, VMS=1539.4MB
Small matrix
SVD completed in 0.0268 seconds
After SVD, window 6: RSS=172.3MB, VMS=1539.4MB
scores:
[0.03564654], [0.06331286], [0.07810896], [0.13776212], [0.10367867], [0.10733439], [0.17129282], [0.15499763], [0.11156923], [0.06458466], [], [], [], [], [], [], [], [], [], [], [], [], [], [], [], [], [], [], [], [], [], [], [], [], [], [], [], [], [], [], [], [], [], [], [], [], [], [], [], [], [], [], [], [], [], [], [], [], [], [], [], [], [], [], 
Subspace angles each eigenvector
[1.         1.         1.         1.         1.         1.
 1.         1.         1.         1.         1.         1.
 1.         1.         1.         1.         1.         1.
 1.         1.         1.         1.         1.         1.
 1.         1.         1.         1.         1.         1.
 1.         1.         1.         1.         1.         0.9999998
 0.99999996 0.99999976 0.99999975 0.99999935 0.99999921 0.9999992
 0.99999698 0.99999221 0.99999161 0.99999714 0.99998873 0.99994866
 0.9999754  0.99989036 0.99992186 0.99955638 0.99840856 0.99941216
 0.99832701 0.99939069 0.99932748 0.98985641 0.98749779 0.94901198
 0.96399679 0.97850303 0.82813466 0.19702193]
Leftout data saved successfully for iteration 5
Before LS, window 6: RSS=172.3MB, VMS=1539.4MB
[449.25222917  62.65274181  41.9429818   10.04030002   8.84118197
   4.94845232   1.95492175   1.00676597   0.68096845   0.50692173]
[774.49717674 110.52181432  67.16734589  15.73060446  14.79827255
   7.67833388   3.21688495   1.43400756   1.25614344   0.89444986]
[773.99725635 109.09062086  68.45694649  16.64737111  14.77571101
   8.29228853   3.52639139   1.6825842    1.26979829   1.04915985]
After LS, window 6: RSS=172.3MB, VMS=1539.4MB
Before saving, window 6: RSS=172.3MB, VMS=1539.4MB
j: 5
Data saved successfully for iteration 5
Residuals data saved successfully for iteration 5
Before residual reservoir, window 6: RSS=172.3MB, VMS=1539.4MB
reservoir_residuals_quotient: [1.41038567e+03 2.34463195e+02 1.46040714e+02 4.29576543e+01
 3.81192780e+01 1.86983241e+01 9.20694006e+00 3.93553221e+00
 3.48348317e+00 2.04414437e+00 1.40643865e+00 3.16146166e-01
 2.73746777e-01 3.55673641e-01 2.76642832e-01 1.23387628e-01
 2.33237808e-02 1.75355878e-02 2.42395429e-02 1.37626006e-02
 1.84154251e-02 5.56641273e-03 1.91630271e-03 2.04100793e-03
 1.08506829e-03 1.02991457e-03 5.85165655e-04 5.17617218e-04
 2.26585847e-04 9.43706006e-05 8.80869014e-05 8.02025644e-05
 5.45425537e-05 3.69813561e-05 1.71136794e-05 2.10524009e-05
 9.70263617e-06 3.17189951e-06 2.59455308e-06 1.93225811e-06
 1.84009596e-06 1.42512737e-06 1.06902074e-06 5.23394027e-07
 6.24484227e-07 3.43232708e-07 1.37964528e-07 9.65372493e-08
 1.04343324e-07 6.25465722e-08 3.69370246e-08 3.38579314e-08
 1.56505901e-08 1.05829373e-08 2.76992734e-08 4.89289573e-09
 3.32476599e-09 2.64085248e-09 1.19006023e-09 1.48763330e-09
 4.73274090e-10 5.47595672e-10 5.72107632e-10 1.85871149e-10]
2: 0.977, fro: 1.383
regular_residuals_quotient: [6.36721187e+00 6.61646729e+00 2.72405108e+00 2.88496437e+00
 1.71728073e+00 1.37036834e+00 1.00794740e+00 3.72005827e-01
 3.27956315e-01 2.69107193e-01 2.10376628e-01 6.35851718e-02
 9.28983695e-02 7.60139825e-02 6.07995558e-02 3.23863482e-02
 2.78005364e-02 3.18026120e-02 2.78911079e-02 9.27720312e-03
 8.89554258e-03 4.12508792e-03 5.58030722e-03 1.98512379e-03
 5.70404997e-03 2.88398911e-03 1.44568854e-03 3.08229100e-04
 9.63053393e-04 7.86664710e-04 4.17271527e-04 2.00635067e-04
 6.04857928e-04 4.91377572e-04 1.51779866e-04 4.16059557e-05
 9.12881436e-05 4.22562536e-05 5.03663398e-05 1.81037254e-05
 2.97651503e-05 6.49061492e-05 3.55608095e-05 9.49418294e-06
 3.18544307e-06 4.34726725e-06 4.07239268e-06 4.63788839e-06
 3.04336456e-06 2.77169431e-06 5.70770266e-07 3.70789107e-06
 2.68940477e-06 1.11534724e-06 3.18540159e-07 3.20706832e-07
 5.45822808e-07 8.72610824e-08 4.71388413e-07 2.24064731e-07
 3.56113576e-08 1.27421624e-07 2.67655619e-07 3.01482818e-07]
2: 7.415, fro: 10.310
After residual reservoir, window 6: RSS=172.3MB, VMS=1539.4MB
Before canonical angles, window 6: RSS=172.3MB, VMS=1539.4MB
Reconstruction quality: 11.71938684796549
Subspace angle 2: 1.1547189111172567 0.03443104215877239
Canonical angles data saved successfully for iteration 5
After canonical angles, window 6: RSS=172.3MB, VMS=1539.4MB
Relative error in S: 0.4194346016268944
Relative error in S_quotient: 0.0029559720176660247
After saving, window 6: RSS=172.3MB, VMS=1539.4MB
Small matrix
Current S: [449.25222917  62.65274181  41.9429818   10.04030002   8.84118197
   4.94845232   1.95492175   1.00676597   0.68096845   0.50692173] vs. correct S: [405.11608921  56.45924834  37.82488562   9.0085634    7.8805437
   4.35476016   1.77178048   0.89616728   0.6227482    0.45578246]
Entropies: [9.907, 9.137, 8.771, 7.745, 8.742, 8.148, 7.496, 7.984, 7.799, 7.041, 7.677, 7.413, 7.266, 6.885, 7.395, 7.945, 6.647, 6.76, 6.694, 8.475, 7.398, 7.624, 6.415, 6.457, 7.121, 7.618, 7.095, 8.157, 6.946, 6.979, 6.942, 6.81, 7.109, 7.241, 7.941, 7.926, 7.258, 7.206, 7.131, 7.03, 7.065, 7.475, 7.335, 7.817, 8.342, 7.363, 6.593, 7.363, 6.807, 7.047, 7.939, 7.612, 7.872, 7.698, 8.651, 7.753, 6.413, 7.107, 7.681, 7.261, 7.49, 7.72, 7.864, 7.642]
Normalized Entropies: [0.994, 0.917, 0.88, 0.777, 0.877, 0.818, 0.752, 0.801, 0.783, 0.707, 0.77, 0.744, 0.729, 0.691, 0.742, 0.797, 0.667, 0.678, 0.672, 0.85, 0.742, 0.765, 0.644, 0.648, 0.715, 0.764, 0.712, 0.818, 0.697, 0.7, 0.697, 0.683, 0.713, 0.727, 0.797, 0.795, 0.728, 0.723, 0.716, 0.705, 0.709, 0.75, 0.736, 0.784, 0.837, 0.739, 0.662, 0.739, 0.683, 0.707, 0.797, 0.764, 0.79, 0.772, 0.868, 0.778, 0.644, 0.713, 0.771, 0.729, 0.752, 0.775, 0.789, 0.767]
End of iSVD loop, window 6: RSS=175.1MB, VMS=1542.3MB
Window: 7
Processing rows 276 to 322 (exclusive)
Doing iSVD..
Sparse: False
Computing SVD...
Before, window 7: RSS=175.1MB, VMS=1542.3MB
Small matrix
SVD completed in 0.0266 seconds
After SVD, window 7: RSS=175.1MB, VMS=1542.3MB
scores:
[0.03566567], [0.06332653], [0.07568765], [0.14033341], [0.10973834], [0.1677089], [0.17067911], [0.14441534], [0.10209078], [0.06098877], [], [], [], [], [], [], [], [], [], [], [], [], [], [], [], [], [], [], [], [], [], [], [], [], [], [], [], [], [], [], [], [], [], [], [], [], [], [], [], [], [], [], [], [], [], [], [], [], [], [], [], [], [], [], 
Subspace angles each eigenvector
[1.         1.         1.         1.         1.         1.
 1.         1.         1.         1.         1.         1.
 1.         1.         1.         1.         1.         1.
 1.         1.         1.         1.         1.         1.
 1.         1.         1.         1.         1.         1.
 1.         1.         1.         1.         1.         0.99999987
 0.99999997 0.99999997 0.99999983 0.99999977 0.99999993 0.99999952
 0.99999714 0.9999922  0.9999916  0.99999782 0.99999115 0.99998064
 0.9999834  0.99998047 0.99993759 0.99946746 0.99848916 0.99944039
 0.99856298 0.99930689 0.99956212 0.994239   0.99553647 0.95070747
 0.97068376 0.98491884 0.85209527 0.20415518]
Leftout data saved successfully for iteration 6
Before LS, window 7: RSS=175.1MB, VMS=1542.3MB
[479.89587006  66.198897    44.38491951  10.54273335   9.18386704
   5.26544727   2.12305662   1.09866717   0.75297265   0.58840042]
[777.76191263 111.54263149  67.71719069  16.21176715  14.46066767
   7.00762651   3.44520879   1.2491152    1.01945824   0.80836889]
[773.99725635 109.09062086  68.45694649  16.64737111  14.77571101
   8.29228853   3.52639139   1.6825842    1.26979829   1.04915985]
After LS, window 7: RSS=175.1MB, VMS=1542.3MB
Before saving, window 7: RSS=175.1MB, VMS=1542.3MB
j: 6
Data saved successfully for iteration 6
Residuals data saved successfully for iteration 6
Before residual reservoir, window 7: RSS=175.1MB, VMS=1542.3MB
reservoir_residuals_quotient: [1.53506649e+03 2.40494801e+02 1.63054904e+02 4.63887412e+01
 4.05726270e+01 1.79864458e+01 1.08084947e+01 4.82357734e+00
 3.77339648e+00 2.39830690e+00 1.53826549e+00 8.32696002e-01
 3.82374631e-01 3.54056758e-01 2.60994649e-01 1.12160618e-01
 6.02141926e-02 5.47411619e-02 2.11201863e-02 1.35199817e-02
 1.84175820e-02 6.23787221e-03 5.80290737e-03 2.26822769e-03
 1.72771252e-03 1.00840313e-03 1.01476780e-03 4.18721724e-04
 2.70205413e-04 3.95254580e-04 1.14361503e-04 5.46185246e-05
 7.12473838e-05 2.42754512e-05 1.20141166e-05 1.21689516e-05
 9.50656230e-06 6.67848528e-06 4.36327576e-06 3.41937980e-06
 2.19077429e-06 1.26234116e-06 6.95990141e-07 4.24530810e-07
 5.94400264e-07 3.65947787e-07 2.61946978e-07 1.77903599e-07
 1.39605121e-07 6.94668092e-08 6.33351656e-08 6.40573920e-08
 2.71043987e-08 1.65189975e-08 3.21403570e-08 6.54469012e-09
 6.75942662e-09 1.97228680e-09 2.96197388e-09 2.11910456e-09
 2.31879220e-09 6.28326940e-10 5.33344948e-10 5.23234846e-10]
2: 0.772, fro: 1.020
regular_residuals_quotient: [6.26924032e+00 5.60541906e+00 2.14039006e+00 2.24471423e+00
 1.54857056e+00 1.85538099e+00 6.92255457e-01 5.24083184e-01
 4.99770812e-01 3.24915300e-01 1.39663026e-01 1.35079472e-01
 5.33460543e-02 2.10869375e-02 3.92049294e-02 1.92499086e-02
 3.15456728e-02 1.55031354e-02 4.82551307e-03 3.43814119e-03
 5.20405822e-03 6.49356866e-03 3.22964332e-03 1.72132826e-03
 8.26855733e-04 6.13477358e-04 5.79402112e-04 3.71823240e-04
 1.41749670e-04 8.68515093e-04 9.49464184e-05 1.99528050e-04
 9.15649635e-05 7.38913841e-05 4.36900364e-05 2.00431526e-05
 5.90970780e-05 7.26284756e-05 1.40423065e-05 2.02254903e-05
 6.45029091e-06 1.40935115e-05 5.18284883e-06 3.19636755e-06
 2.25930447e-06 4.74659166e-06 4.41494450e-06 3.18520827e-06
 5.62095143e-07 6.74358992e-07 1.77184598e-06 3.87496741e-07
 3.81528717e-07 1.70268053e-07 1.11812048e-07 1.42293690e-07
 6.16683966e-08 3.20905885e-07 2.17575065e-07 9.99709348e-08
 1.31017046e-07 1.69204099e-08 4.71671854e-08 1.50546781e-08]
2: 8.068, fro: 9.345
After residual reservoir, window 7: RSS=175.1MB, VMS=1542.3MB
Before canonical angles, window 7: RSS=175.1MB, VMS=1542.3MB
Reconstruction quality: 11.2069963031539
Subspace angle 2: 1.1788394872104169 0.03218826849663382
Canonical angles data saved successfully for iteration 6
After canonical angles, window 7: RSS=175.1MB, VMS=1542.3MB
Relative error in S: 0.38002150429270615
Relative error in S_quotient: 0.006108995282789532
After saving, window 7: RSS=175.1MB, VMS=1542.3MB
Small matrix
Current S: [479.89587006  66.198897    44.38491951  10.54273335   9.18386704
   5.26544727   2.12305662   1.09866717   0.75297265   0.58840042] vs. correct S: [438.85614605  60.34758067  40.51867692   9.53349584   8.26013765
   4.71700047   1.93704818   0.99260492   0.7067447    0.55238863]
Entropies: [9.907, 9.138, 8.767, 7.629, 8.745, 8.135, 7.448, 7.666, 7.663, 7.244, 7.671, 5.157, 7.163, 8.173, 7.577, 7.874, 6.345, 6.697, 7.293, 8.387, 7.538, 7.075, 7.064, 7.534, 6.11, 7.721, 6.98, 8.195, 7.019, 7.144, 7.401, 6.806, 6.887, 7.06, 7.976, 7.961, 7.237, 7.243, 7.014, 7.481, 6.95, 7.372, 7.241, 7.976, 8.342, 7.264, 7.526, 6.53, 6.827, 7.238, 7.508, 7.83, 7.828, 7.75, 8.668, 7.664, 7.305, 6.603, 7.053, 7.198, 7.613, 7.28, 7.709, 7.927]
Normalized Entropies: [0.994, 0.917, 0.88, 0.765, 0.877, 0.816, 0.747, 0.769, 0.769, 0.727, 0.77, 0.518, 0.719, 0.82, 0.76, 0.79, 0.637, 0.672, 0.732, 0.842, 0.756, 0.71, 0.709, 0.756, 0.613, 0.775, 0.7, 0.822, 0.704, 0.717, 0.743, 0.683, 0.691, 0.708, 0.8, 0.799, 0.726, 0.727, 0.704, 0.751, 0.697, 0.74, 0.727, 0.8, 0.837, 0.729, 0.755, 0.655, 0.685, 0.726, 0.753, 0.786, 0.785, 0.778, 0.87, 0.769, 0.733, 0.663, 0.708, 0.722, 0.764, 0.731, 0.774, 0.795]
End of iSVD loop, window 7: RSS=177.9MB, VMS=1545.6MB
Window: 8
Processing rows 322 to 368 (exclusive)
Doing iSVD..
Sparse: False
Computing SVD...
Before, window 8: RSS=177.9MB, VMS=1545.6MB
Small matrix
SVD completed in 0.0260 seconds
After SVD, window 8: RSS=177.9MB, VMS=1545.6MB
scores:
[0.03564971], [0.06385624], [0.07520641], [0.12608365], [0.10244535], [0.12429666], [0.17015037], [0.15049611], [0.10544011], [0.06291232], [], [], [], [], [], [], [], [], [], [], [], [], [], [], [], [], [], [], [], [], [], [], [], [], [], [], [], [], [], [], [], [], [], [], [], [], [], [], [], [], [], [], [], [], [], [], [], [], [], [], [], [], [], [], 
Subspace angles each eigenvector
[1.         1.         1.         1.         1.         1.
 1.         1.         1.         1.         1.         1.
 1.         1.         1.         1.         1.         1.
 1.         1.         1.         1.         1.         1.
 1.         1.         1.         1.         1.         1.
 1.         1.         1.         1.         1.         0.99999998
 1.         0.99999996 0.99999992 0.99999972 0.99999984 0.99999975
 0.99999756 0.99999283 0.99999359 0.99999884 0.99998965 0.99999268
 0.99997406 0.99998571 0.99992027 0.99971615 0.99972786 0.99903665
 0.99889272 0.99950974 0.99990744 0.99722542 0.9954667  0.94179082
 0.95710343 0.97725293 0.78952429 0.19778393]
Leftout data saved successfully for iteration 7
Before LS, window 8: RSS=177.9MB, VMS=1545.6MB
[509.03481633  70.17001528  46.11413824  10.84831884   9.67302909
   5.5047603    2.16541984   1.17209254   0.81185344   0.6244611 ]
[773.09097956 108.6637005   68.33797669  16.24231292  14.37118484
   7.83946936   3.54443556   1.36890119   1.07841875   0.86063001]
[773.99725635 109.09062086  68.45694649  16.64737111  14.77571101
   8.29228853   3.52639139   1.6825842    1.26979829   1.04915985]
After LS, window 8: RSS=177.9MB, VMS=1545.6MB
Before saving, window 8: RSS=177.9MB, VMS=1545.6MB
j: 7
Data saved successfully for iteration 7
Residuals data saved successfully for iteration 7
Before residual reservoir, window 8: RSS=177.9MB, VMS=1545.6MB
reservoir_residuals_quotient: [1.52961552e+03 2.30838801e+02 1.64397168e+02 4.43500890e+01
 3.90845953e+01 2.24017085e+01 1.12486366e+01 4.79997131e+00
 4.06295788e+00 2.83719750e+00 1.60840988e+00 9.38626992e-01
 4.02068636e-01 3.03121040e-01 3.13513857e-01 1.20837783e-01
 7.57970575e-02 6.57838239e-02 2.27318416e-02 1.59385763e-02
 1.90766146e-02 8.47688693e-03 6.35124156e-03 2.57359577e-03
 1.57938802e-03 1.21243187e-03 1.43795314e-03 3.25128312e-04
 4.42043348e-04 2.58779107e-04 1.56927867e-04 7.80327376e-05
 7.42791873e-05 2.85049322e-05 2.76654208e-05 7.16069316e-06
 9.85694124e-06 8.77320042e-06 4.26554267e-06 3.07567957e-06
 1.60134936e-06 1.55015479e-06 7.67797981e-07 6.49859749e-07
 1.44268403e-07 2.74067738e-07 1.72176462e-07 1.77981296e-07
 1.05455365e-07 6.71976326e-08 6.83962876e-08 4.88244356e-08
 1.16149894e-08 1.58047696e-08 4.18788678e-09 1.09989862e-08
 7.74405598e-09 1.69747816e-09 2.22173496e-09 1.36454534e-09
 2.46377404e-09 9.28531290e-10 4.97453922e-10 2.73840757e-10]
2: 0.623, fro: 0.862
regular_residuals_quotient: [3.36995623e+00 2.77972242e+00 2.71741668e+00 1.76662070e+00
 1.20499367e+00 1.31589264e+00 6.95341966e-01 4.06803624e-01
 4.48767108e-01 2.80732399e-01 1.51689109e-01 1.16513469e-01
 4.58449529e-02 3.07277074e-02 4.21588094e-02 1.89669081e-02
 2.54447378e-02 1.21897449e-02 3.60430293e-03 4.72703198e-03
 4.65385318e-03 6.11916394e-03 1.89294522e-03 1.45005907e-03
 9.24520822e-04 2.79323782e-04 5.87218360e-04 4.06675180e-04
 4.77826661e-04 4.54026594e-04 8.95296550e-05 1.25565615e-04
 4.31867623e-05 5.46914461e-05 3.80189044e-05 1.90648850e-05
 5.05124727e-05 4.07087628e-05 1.21947954e-05 1.04254401e-05
 7.80755637e-06 2.37960559e-06 5.69223485e-06 2.25117011e-06
 2.36781362e-06 3.84722411e-06 2.82491620e-06 1.76995482e-06
 4.77700187e-07 6.88550637e-07 3.18044081e-07 5.11038791e-07
 1.52870400e-07 2.43053461e-07 5.34878158e-08 9.50826269e-08
 6.51411548e-08 2.76466613e-07 3.20984098e-08 2.32764595e-08
 2.47361637e-08 2.38770173e-08 2.37965270e-08 2.38324231e-08]
2: 4.782, fro: 5.809
After residual reservoir, window 8: RSS=177.9MB, VMS=1545.6MB
Before canonical angles, window 8: RSS=177.9MB, VMS=1545.6MB
Reconstruction quality: 10.73418162941537
Subspace angle 2: 1.273295760910681 0.034116970893164754
Canonical angles data saved successfully for iteration 7
After canonical angles, window 8: RSS=177.9MB, VMS=1545.6MB
Relative error in S: 0.3425003079700302
Relative error in S_quotient: 0.0016754263662051361
After saving, window 8: RSS=177.9MB, VMS=1545.6MB
Small matrix
Current S: [509.03481633  70.17001528  46.11413824  10.84831884   9.67302909
   5.5047603    2.16541984   1.17209254   0.81185344   0.6244611 ] vs. correct S: [470.5503537   64.63127771  42.40603966   9.88808396   8.75944652
   4.98554333   1.97889722   1.07325718   0.76691409   0.58910194]
Entropies: [9.908, 9.134, 8.769, 7.953, 8.705, 8.132, 7.446, 7.714, 7.655, 7.203, 7.671, 5.233, 7.3, 8.071, 7.531, 7.687, 6.55, 6.771, 7.287, 8.098, 7.85, 6.844, 7.261, 7.517, 6.07, 7.672, 7.053, 8.218, 7.064, 7.37, 7.349, 6.768, 7.021, 6.834, 7.924, 7.949, 7.166, 7.482, 7.09, 7.514, 6.857, 7.142, 7.305, 7.895, 8.168, 7.162, 7.58, 6.726, 6.828, 7.263, 7.471, 7.704, 7.834, 7.798, 8.527, 7.49, 7.399, 6.641, 7.085, 6.778, 7.493, 7.415, 7.53, 8.058]
Normalized Entropies: [0.994, 0.917, 0.88, 0.798, 0.874, 0.816, 0.747, 0.774, 0.768, 0.723, 0.77, 0.525, 0.733, 0.81, 0.756, 0.771, 0.657, 0.679, 0.731, 0.813, 0.788, 0.687, 0.729, 0.754, 0.609, 0.77, 0.708, 0.825, 0.709, 0.74, 0.737, 0.679, 0.704, 0.686, 0.795, 0.798, 0.719, 0.751, 0.711, 0.754, 0.688, 0.717, 0.733, 0.792, 0.82, 0.719, 0.761, 0.675, 0.685, 0.729, 0.75, 0.773, 0.786, 0.782, 0.856, 0.752, 0.742, 0.666, 0.711, 0.68, 0.752, 0.744, 0.756, 0.809]
End of iSVD loop, window 8: RSS=184.5MB, VMS=1549.4MB
Window: 9
Processing rows 368 to 414 (exclusive)
Doing iSVD..
Sparse: False
Computing SVD...
Before, window 9: RSS=184.5MB, VMS=1549.4MB
Small matrix
SVD completed in 0.0264 seconds
After SVD, window 9: RSS=184.5MB, VMS=1549.4MB
scores:
[0.03565788], [0.06422512], [0.07918907], [0.11569125], [0.09954838], [0.12305129], [0.16907549], [0.14706406], [0.14363482], [0.10158964], [], [], [], [], [], [], [], [], [], [], [], [], [], [], [], [], [], [], [], [], [], [], [], [], [], [], [], [], [], [], [], [], [], [], [], [], [], [], [], [], [], [], [], [], [], [], [], [], [], [], [], [], [], [], 
Subspace angles each eigenvector
[1.         1.         1.         1.         1.         1.
 1.         1.         1.         1.         1.         1.
 1.         1.         1.         1.         1.         1.
 1.         1.         1.         1.         1.         1.
 1.         1.         1.         1.         1.         1.
 1.         1.         1.         1.         1.         0.99999996
 0.99999999 0.99999997 0.99999995 0.99999975 0.99999987 0.99999976
 0.99999763 0.99999379 0.99999394 0.99999943 0.99999189 0.99998924
 0.99997301 0.99998434 0.99990676 0.99973733 0.9992472  0.99896643
 0.99840734 0.99946166 0.99996691 0.99829885 0.9961002  0.94736134
 0.95552298 0.97188174 0.75546153 0.17637208]
Leftout data saved successfully for iteration 8
Before LS, window 9: RSS=184.5MB, VMS=1549.4MB
[535.90536285  73.70663919  48.46090078  11.44949516  10.10488066
   5.67417014   2.26780997   1.21109546   0.86497574   0.64613916]
[774.40475697 109.78334471  68.74829694  16.63438381  14.7523398
   8.05993764   3.65959516   1.44632914   1.15671396   0.88902151]
[773.99725635 109.09062086  68.45694649  16.64737111  14.77571101
   8.29228853   3.52639139   1.6825842    1.26979829   1.04915985]
After LS, window 9: RSS=184.5MB, VMS=1549.4MB
Before saving, window 9: RSS=184.5MB, VMS=1549.4MB
j: 8
Data saved successfully for iteration 8
Residuals data saved successfully for iteration 8
Before residual reservoir, window 9: RSS=184.5MB, VMS=1549.4MB
reservoir_residuals_quotient: [1.63117015e+03 2.61079202e+02 1.70122309e+02 4.45098935e+01
 4.08489257e+01 2.31370272e+01 1.05780498e+01 4.78594620e+00
 4.64728468e+00 2.90752651e+00 1.42812761e+00 9.27492673e-01
 4.00968692e-01 3.39128977e-01 3.36878612e-01 9.24590103e-02
 7.49701899e-02 6.75329320e-02 2.27595699e-02 8.83641585e-03
 2.18187160e-02 5.91815480e-03 6.75513136e-03 3.22639195e-03
 1.51764220e-03 1.13682235e-03 1.10560798e-03 3.53436698e-04
 3.08481041e-04 4.08130859e-04 1.58680774e-04 8.04573671e-05
 5.93628267e-05 3.35728932e-05 3.34213518e-05 1.73556077e-05
 1.77138342e-05 1.40552653e-05 7.58093614e-06 2.08388375e-06
 1.52311179e-06 2.20246519e-06 8.74228205e-07 7.47053782e-07
 1.04363196e-06 6.97605299e-07 3.40668814e-07 2.84777480e-07
 1.06243302e-07 3.02595987e-08 3.74740110e-08 5.57901659e-08
 2.22010452e-08 1.63615530e-08 3.63410737e-08 2.21102356e-08
 3.22283079e-09 4.63203562e-09 1.34758167e-09 1.25582249e-09
 9.21238697e-10 9.98050972e-10 8.09184952e-10 6.72635383e-10]
2: 0.579, fro: 0.765
regular_residuals_quotient: [2.90514417e+00 1.99068877e+00 2.73957587e+00 1.30490562e+00
 8.42029066e-01 1.02226898e+00 5.53498610e-01 3.45733407e-01
 3.29205861e-01 2.51912254e-01 1.36873940e-01 1.13914255e-01
 4.36154520e-02 3.44977766e-02 3.46341667e-02 2.25787065e-02
 2.47079332e-02 1.11797744e-02 3.08296281e-03 6.15447183e-03
 4.94521946e-03 6.84822755e-03 1.90979471e-03 1.13266901e-03
 9.41779453e-04 2.83144068e-04 6.34947420e-04 3.85261289e-04
 5.00729901e-04 4.49554247e-04 1.01955518e-04 1.30162041e-04
 4.30528818e-05 5.50524179e-05 3.68849260e-05 1.29209003e-05
 3.61217670e-05 5.41547110e-05 1.02806064e-05 1.20569507e-05
 6.90427770e-06 2.95437222e-06 5.47606509e-06 2.10353014e-06
 1.75594202e-06 2.60020047e-06 4.22302756e-06 1.84405705e-06
 3.75563312e-07 8.56440693e-07 2.70163110e-07 5.71577533e-07
 1.37545653e-07 1.89693663e-07 4.20674148e-08 9.21017599e-08
 6.18665360e-08 2.97705850e-07 4.80422966e-08 1.78906737e-08
 3.97659379e-08 2.05165146e-08 2.62505025e-08 1.99997292e-08]
2: 3.193, fro: 4.899
After residual reservoir, window 9: RSS=184.5MB, VMS=1549.4MB
Before canonical angles, window 9: RSS=184.5MB, VMS=1549.4MB
Reconstruction quality: 11.632503587576993
Subspace angle 2: 1.373661735304529 0.03566686298753966
Canonical angles data saved successfully for iteration 8
After canonical angles, window 9: RSS=184.5MB, VMS=1549.4MB
Relative error in S: 0.3078375712783659
Relative error in S_quotient: 0.0012116291545720818
After saving, window 9: RSS=184.5MB, VMS=1549.4MB
Small matrix
Current S: [535.90536285  73.70663919  48.46090078  11.44949516  10.10488066
   5.67417014   2.26780997   1.21109546   0.86497574   0.64613916] vs. correct S: [499.49798486  68.43941273  44.94867623  10.54480593   9.21015101
   5.16584827   2.07406668   1.1162889    0.81721468   0.6130474 ]
Entropies: [9.908, 9.132, 8.767, 8.129, 8.64, 8.135, 7.419, 7.797, 7.581, 7.191, 7.677, 5.232, 7.334, 8.094, 7.489, 7.647, 6.645, 6.737, 7.289, 8.318, 7.625, 6.868, 7.201, 7.555, 6.054, 7.675, 7.079, 8.218, 7.373, 6.998, 7.337, 6.78, 7.047, 6.809, 7.939, 7.902, 7.284, 7.23, 7.023, 7.469, 6.923, 7.123, 7.276, 7.909, 8.195, 7.418, 7.192, 6.792, 6.819, 7.419, 7.43, 7.742, 7.658, 7.8, 8.661, 7.66, 7.412, 6.493, 7.041, 6.859, 7.673, 7.446, 7.419, 7.921]
Normalized Entropies: [0.994, 0.916, 0.88, 0.816, 0.867, 0.816, 0.744, 0.782, 0.761, 0.722, 0.77, 0.525, 0.736, 0.812, 0.751, 0.767, 0.667, 0.676, 0.731, 0.835, 0.765, 0.689, 0.723, 0.758, 0.608, 0.77, 0.71, 0.825, 0.74, 0.702, 0.736, 0.68, 0.707, 0.683, 0.797, 0.793, 0.731, 0.725, 0.705, 0.749, 0.695, 0.715, 0.73, 0.794, 0.822, 0.744, 0.722, 0.682, 0.684, 0.744, 0.746, 0.777, 0.768, 0.783, 0.869, 0.769, 0.744, 0.652, 0.707, 0.688, 0.77, 0.747, 0.744, 0.795]
End of iSVD loop, window 9: RSS=185.0MB, VMS=1550.4MB
Window: 10
Processing rows 414 to 460 (exclusive)
Doing iSVD..
Sparse: False
Computing SVD...
Before, window 10: RSS=185.0MB, VMS=1550.4MB
Small matrix
SVD completed in 0.0261 seconds
After SVD, window 10: RSS=185.0MB, VMS=1550.4MB
scores:
[0.0356511], [0.06454214], [0.0789128], [0.09879186], [0.09288919], [0.12688103], [0.16775974], [0.14617842], [0.10326752], [0.13313696], [], [], [], [], [], [], [], [], [], [], [], [], [], [], [], [], [], [], [], [], [], [], [], [], [], [], [], [], [], [], [], [], [], [], [], [], [], [], [], [], [], [], [], [], [], [], [], [], [], [], [], [], [], [], 
Subspace angles each eigenvector
[1.         1.         1.         1.         1.         1.
 1.         1.         1.         1.         1.         1.
 1.         1.         1.         1.         1.         1.
 1.         1.         1.         1.         1.         1.
 1.         1.         1.         1.         1.         1.
 1.         1.         1.         1.         1.         0.99999999
 1.         0.99999997 0.99999995 0.99999972 0.99999992 0.99999975
 0.99999854 0.99999404 0.99999264 0.99999951 0.9999944  0.99999196
 0.9999838  0.99996023 0.99994804 0.9998232  0.99943148 0.99964042
 0.99861578 0.99938443 0.99987455 0.99539324 0.99579974 0.95599621
 0.97088515 0.98542191 0.81633852 0.12189116]
Leftout data saved successfully for iteration 9
Before LS, window 10: RSS=185.0MB, VMS=1550.4MB
[559.75299534  78.67732692  50.4501606   11.98041932  10.57399404
   6.11472966   2.33012607   1.29143953   0.91433662   0.72294638]
[773.90312441 109.76037851  69.15653161  17.1015583   14.96955929
   8.2736241    3.90521341   1.46984955   1.22900371   0.94574644]
[773.99725635 109.09062086  68.45694649  16.64737111  14.77571101
   8.29228853   3.52639139   1.6825842    1.26979829   1.04915985]
After LS, window 10: RSS=185.0MB, VMS=1550.4MB
Before saving, window 10: RSS=185.0MB, VMS=1550.4MB
j: 9
Data saved successfully for iteration 9
Residuals data saved successfully for iteration 9
Before residual reservoir, window 10: RSS=185.0MB, VMS=1550.4MB
reservoir_residuals_quotient: [1.76709252e+03 2.76349174e+02 1.78277889e+02 4.58292929e+01
 4.12527944e+01 2.60615727e+01 1.11452808e+01 4.98909156e+00
 4.94307757e+00 3.64983593e+00 1.50113947e+00 9.79133119e-01
 4.28275239e-01 3.85230760e-01 3.59736471e-01 1.09857020e-01
 7.95958661e-02 7.35514669e-02 2.94287251e-02 2.30567210e-02
 1.79699162e-02 7.11081319e-03 7.80117620e-03 2.40711378e-03
 2.55122220e-03 1.46560422e-03 1.26409207e-03 4.04501882e-04
 4.10058631e-04 4.56161208e-04 1.87401161e-04 1.28512453e-04
 9.86653629e-05 6.48009165e-05 2.06175345e-05 2.10739109e-05
 2.00902753e-05 1.46763063e-05 7.73403259e-06 4.73231570e-06
 3.75526014e-06 4.17055933e-06 1.01198346e-06 9.15901245e-07
 8.10238763e-07 6.01313482e-07 4.50025418e-07 1.74623821e-07
 1.57502646e-07 7.33585331e-08 8.91813945e-08 5.53636199e-08
 4.24679183e-08 1.85053899e-08 3.23367907e-08 1.94746587e-08
 5.83280631e-09 4.76203321e-09 1.69324302e-09 2.65420059e-09
 1.44495192e-09 7.09394376e-10 8.44281407e-10 6.76047086e-10]
2: 0.484, fro: 0.676
regular_residuals_quotient: [2.70049980e+00 2.34963342e+00 2.19821170e+00 1.21393859e+00
 7.76710877e-01 9.25932022e-01 6.38160928e-01 3.25072601e-01
 2.74189178e-01 1.89753201e-01 1.43753945e-01 9.48370027e-02
 4.10267096e-02 3.10546310e-02 3.28781409e-02 2.09699455e-02
 1.98489634e-02 9.93303147e-03 3.45238231e-03 4.20343925e-03
 2.35776588e-03 6.40570404e-03 1.52886105e-03 1.60380804e-03
 6.85908680e-04 3.68705032e-04 4.88487890e-04 2.93199883e-04
 6.15769922e-04 2.32637600e-04 9.28864618e-05 1.53860076e-04
 5.22586951e-05 3.49568497e-05 2.98156843e-05 1.72990146e-05
 4.27742124e-05 4.37995030e-05 7.63811245e-06 1.57973384e-05
 6.75464372e-06 3.76761812e-06 3.39832819e-06 2.50195752e-06
 1.70997839e-06 3.21115566e-06 3.13344352e-06 1.75430435e-06
 7.65008050e-07 8.51122683e-07 3.82005824e-07 6.35495529e-07
 1.82270337e-07 1.45480185e-07 9.39615324e-08 1.06896718e-07
 2.24415384e-07 1.75500481e-07 9.00149440e-08 2.40561493e-08
 3.20517295e-08 4.63748109e-08 2.13072820e-08 2.22608143e-08]
2: 2.963, fro: 4.609
After residual reservoir, window 10: RSS=185.0MB, VMS=1550.4MB
Before canonical angles, window 10: RSS=185.0MB, VMS=1550.4MB
Reconstruction quality: 11.83599337824082
Subspace angle 2: 1.4749794091523114 0.03490825022941353
Canonical angles data saved successfully for iteration 9
After canonical angles, window 10: RSS=185.0MB, VMS=1550.4MB
Relative error in S: 0.27674287388048213
Relative error in S_quotient: 0.0015056635094334208
After saving, window 10: RSS=185.0MB, VMS=1550.4MB
Small matrix
Current S: [559.75299534  78.67732692  50.4501606   11.98041932  10.57399404
   6.11472966   2.33012607   1.29143953   0.91433662   0.72294638] vs. correct S: [524.99907924  73.78078216  47.096306    11.15682362   9.677506
   5.64793502   2.13197287   1.20404586   0.87012675   0.69073655]
Entropies: [9.908, 9.129, 8.772, 8.445, 8.356, 8.131, 7.412, 7.82, 7.69, 7.093, 7.671, 5.252, 7.428, 7.973, 7.549, 7.444, 6.932, 6.673, 7.247, 7.721, 8.219, 6.785, 7.219, 7.561, 6.104, 7.598, 7.146, 8.188, 7.31, 6.965, 7.204, 6.715, 6.628, 7.032, 7.953, 7.893, 7.004, 7.389, 7.379, 7.219, 6.801, 7.156, 7.402, 8.146, 7.976, 7.177, 7.529, 6.79, 6.917, 7.6, 7.26, 7.675, 7.698, 7.678, 8.637, 7.617, 6.282, 7.634, 7.18, 6.846, 7.469, 7.458, 7.311, 7.847]
Normalized Entropies: [0.994, 0.916, 0.88, 0.847, 0.838, 0.816, 0.744, 0.785, 0.772, 0.712, 0.77, 0.527, 0.745, 0.8, 0.758, 0.747, 0.696, 0.67, 0.727, 0.775, 0.825, 0.681, 0.724, 0.759, 0.612, 0.762, 0.717, 0.822, 0.733, 0.699, 0.723, 0.674, 0.665, 0.706, 0.798, 0.792, 0.703, 0.741, 0.74, 0.724, 0.682, 0.718, 0.743, 0.817, 0.8, 0.72, 0.756, 0.681, 0.694, 0.763, 0.729, 0.77, 0.772, 0.77, 0.867, 0.764, 0.63, 0.766, 0.72, 0.687, 0.75, 0.748, 0.734, 0.787]
End of iSVD loop, window 10: RSS=188.3MB, VMS=1554.7MB
Window: 11
Processing rows 460 to 506 (exclusive)
Doing iSVD..
Sparse: False
Computing SVD...
Before, window 11: RSS=188.3MB, VMS=1554.7MB
Small matrix
SVD completed in 0.0262 seconds
After SVD, window 11: RSS=188.3MB, VMS=1554.7MB
scores:
[0.03564296], [0.06465435], [0.07865072], [0.10547321], [0.10138656], [0.12672024], [0.06643389], [0.145919], [0.10330277], [0.13434395], [], [], [], [], [], [], [], [], [], [], [], [], [], [], [], [], [], [], [], [], [], [], [], [], [], [], [], [], [], [], [], [], [], [], [], [], [], [], [], [], [], [], [], [], [], [], [], [], [], [], [], [], [], [], 
Subspace angles each eigenvector
[1.         1.         1.         1.         1.         1.
 1.         1.         1.         1.         1.         1.
 1.         1.         1.         1.         1.         1.
 1.         1.         1.         1.         1.         1.
 1.         1.         1.         1.         1.         1.
 1.         1.         1.         1.         1.         0.99999999
 1.         0.99999997 0.99999995 0.99999966 0.9999999  0.99999975
 0.99999864 0.99999329 0.99999098 0.99999946 0.99999403 0.9999911
 0.99998221 0.99996855 0.99992856 0.9998468  0.99945511 0.99961276
 0.99863179 0.99934315 0.99987384 0.99514323 0.99448091 0.94498653
 0.96898751 0.98095297 0.76995871 0.13935871]
Leftout data saved successfully for iteration 10
Before LS, window 11: RSS=188.3MB, VMS=1554.7MB
[583.36428177  83.03063732  52.45140724  12.40703609  10.7642626
   6.44220946   2.37821338   1.34955884   0.94186557   0.74235662]
[773.73751661 109.77786372  69.11022894  16.75894222  15.12775616
   8.32561835   3.87726165   1.57246916   1.40956484   1.03372303]
[773.99725635 109.09062086  68.45694649  16.64737111  14.77571101
   8.29228853   3.52639139   1.6825842    1.26979829   1.04915985]
After LS, window 11: RSS=188.3MB, VMS=1554.7MB
Before saving, window 11: RSS=188.3MB, VMS=1554.7MB
j: 10
Data saved successfully for iteration 10
Residuals data saved successfully for iteration 10
Before residual reservoir, window 11: RSS=188.3MB, VMS=1554.7MB
reservoir_residuals_quotient: [1.66988766e+03 2.68969549e+02 1.67144247e+02 4.42496576e+01
 3.99150706e+01 2.34904476e+01 1.07981603e+01 4.50722161e+00
 4.22134558e+00 2.98404806e+00 1.62436295e+00 7.02485760e-01
 4.14066059e-01 3.79596453e-01 3.67978034e-01 1.37912299e-01
 6.43454444e-02 7.92730910e-02 2.87616129e-02 2.20579955e-02
 1.97098536e-02 7.16039760e-03 8.05267197e-03 2.12285342e-03
 2.54896991e-03 1.47569405e-03 1.30861670e-03 4.46390929e-04
 4.27008780e-04 4.48770603e-04 1.88541959e-04 1.32459320e-04
 9.95089747e-05 6.46022082e-05 2.51939875e-05 2.10822400e-05
 2.19806630e-05 1.53176489e-05 8.35928670e-06 5.31084515e-06
 3.66810850e-06 4.38625491e-06 1.39669234e-06 9.70299181e-07
 8.12903958e-07 6.40945052e-07 4.93371832e-07 2.29722688e-07
 1.59325224e-07 8.09673687e-08 8.66315787e-08 6.10116342e-08
 6.87301030e-08 1.95103924e-08 3.31279424e-08 2.05484599e-08
 6.82446500e-09 6.47457809e-09 4.53968478e-09 2.78825158e-09
 1.74750976e-09 9.45142640e-10 2.30303801e-09 1.09266336e-09]
2: 0.433, fro: 0.615
regular_residuals_quotient: [2.34395004e+00 2.28445392e+00 1.73539200e+00 1.09480552e+00
 8.96818889e-01 9.21209593e-01 6.76098274e-01 2.80480801e-01
 2.73926261e-01 1.47560725e-01 1.86428415e-01 8.55183938e-02
 4.43704867e-02 3.01007741e-02 3.53213089e-02 2.31158813e-02
 1.93671696e-02 8.55004056e-03 3.59862585e-03 4.26888905e-03
 2.44439154e-03 7.27666048e-03 1.61093760e-03 1.66801892e-03
 6.95245267e-04 3.86039205e-04 4.93294105e-04 2.84664592e-04
 6.24155213e-04 2.42815711e-04 9.49957989e-05 1.56586362e-04
 5.09221111e-05 3.60522344e-05 2.79434683e-05 1.55349123e-05
 4.36253745e-05 4.29695895e-05 7.67465403e-06 1.59809950e-05
 7.07981896e-06 3.29784756e-06 3.06551482e-06 2.62752378e-06
 1.64762378e-06 3.27425349e-06 3.02046012e-06 1.76364547e-06
 7.68963375e-07 8.85867152e-07 3.43559271e-07 6.45435009e-07
 1.54343554e-07 1.42319832e-07 9.06268185e-08 1.19667809e-07
 2.29524671e-07 1.72000952e-07 9.11646580e-08 1.85136052e-08
 3.87751614e-08 4.96915285e-08 2.84119694e-08 8.27094542e-09]
2: 2.581, fro: 4.154
After residual reservoir, window 11: RSS=188.3MB, VMS=1554.7MB
Before canonical angles, window 11: RSS=188.3MB, VMS=1554.7MB
Reconstruction quality: 11.069474689522304
Subspace angle 2: 1.5108679663398341 0.03631317784252571
Canonical angles data saved successfully for iteration 10
After canonical angles, window 11: RSS=188.3MB, VMS=1554.7MB
Relative error in S: 0.24607559843858925
Relative error in S_quotient: 0.001438526842492789
After saving, window 11: RSS=188.3MB, VMS=1554.7MB
Small matrix
Current S: [583.36428177  83.03063732  52.45140724  12.40703609  10.7642626
   6.44220946   2.37821338   1.34955884   0.94186557   0.74235662] vs. correct S: [550.10327308  78.40759443  49.2421985   11.63745814   9.8537474
   6.00050267   2.18004008   1.26558903   0.89932563   0.71118762]
Entropies: [9.908, 9.128, 8.777, 8.574, 8.104, 8.134, 7.408, 7.817, 7.724, 7.1, 7.664, 5.22, 7.565, 7.871, 7.551, 7.426, 6.942, 6.684, 7.276, 7.791, 8.143, 6.778, 7.223, 7.549, 6.116, 7.597, 7.142, 8.185, 7.307, 6.956, 7.185, 6.712, 6.667, 7.026, 7.925, 7.892, 6.986, 7.404, 7.34, 7.217, 6.86, 7.148, 7.414, 8.097, 8.0, 7.125, 7.559, 6.767, 6.928, 7.627, 7.094, 7.724, 7.701, 7.676, 8.667, 7.539, 6.251, 7.664, 7.183, 6.802, 7.506, 7.486, 7.654, 7.81]
Normalized Entropies: [0.994, 0.916, 0.881, 0.86, 0.813, 0.816, 0.743, 0.784, 0.775, 0.712, 0.769, 0.524, 0.759, 0.79, 0.758, 0.745, 0.697, 0.671, 0.73, 0.782, 0.817, 0.68, 0.725, 0.757, 0.614, 0.762, 0.717, 0.821, 0.733, 0.698, 0.721, 0.673, 0.669, 0.705, 0.795, 0.792, 0.701, 0.743, 0.737, 0.724, 0.688, 0.717, 0.744, 0.812, 0.803, 0.715, 0.759, 0.679, 0.695, 0.765, 0.712, 0.775, 0.773, 0.77, 0.87, 0.756, 0.627, 0.769, 0.721, 0.683, 0.753, 0.751, 0.768, 0.784]
End of iSVD loop, window 11: RSS=188.8MB, VMS=1556.1MB
Window: 12
Processing rows 506 to 552 (exclusive)
Doing iSVD..
Sparse: False
Computing SVD...
Before, window 12: RSS=188.8MB, VMS=1556.1MB
Small matrix
SVD completed in 0.0262 seconds
After SVD, window 12: RSS=188.8MB, VMS=1556.1MB
scores:
[0.03563931], [0.06477995], [0.07951511], [0.10251144], [0.12686458], [0.12716627], [0.16730585], [0.14507543], [0.13817414], [0.13513529], [], [], [], [], [], [], [], [], [], [], [], [], [], [], [], [], [], [], [], [], [], [], [], [], [], [], [], [], [], [], [], [], [], [], [], [], [], [], [], [], [], [], [], [], [], [], [], [], [], [], [], [], [], [], 
Subspace angles each eigenvector
[1.         1.         1.         1.         1.         1.
 1.         1.         1.         1.         1.         1.
 1.         1.         1.         1.         1.         1.
 1.         1.         1.         1.         1.         1.
 1.         1.         1.         1.         1.         1.
 1.         1.         1.         1.         1.         0.99999997
 0.99999999 0.99999999 0.99999988 0.9999996  0.9999999  0.99999973
 0.99999861 0.99999649 0.99999474 0.99999954 0.99999513 0.99999222
 0.9999907  0.99989989 0.99993019 0.99979624 0.99913729 0.99979952
 0.99927207 0.99905252 0.99988939 0.99502862 0.99919605 0.97066552
 0.9907612  0.98387835 0.81080383 0.10741956]
Leftout data saved successfully for iteration 11
Before LS, window 12: RSS=188.8MB, VMS=1556.1MB
[606.61468417  85.9166      54.50847664  12.99289769  11.35443934
   6.62560074   2.60039      1.40243008   0.98652934   0.78074323]
[773.4491681  109.5108151   68.70239824  16.95383787  14.80781153
   8.41587249   3.72201218   1.68866895   1.41135548   1.05016459]
[773.99725635 109.09062086  68.45694649  16.64737111  14.77571101
   8.29228853   3.52639139   1.6825842    1.26979829   1.04915985]
After LS, window 12: RSS=188.8MB, VMS=1556.1MB
Before saving, window 12: RSS=188.8MB, VMS=1556.1MB
j: 11
Data saved successfully for iteration 11
Residuals data saved successfully for iteration 11
Before residual reservoir, window 12: RSS=188.8MB, VMS=1556.1MB
reservoir_residuals_quotient: [1.77233341e+03 2.73066319e+02 1.80672907e+02 4.69325408e+01
 4.31801247e+01 2.36664757e+01 1.13659632e+01 4.80865893e+00
 4.40875174e+00 3.34206627e+00 1.54901620e+00 8.08480294e-01
 5.25840825e-01 4.36149890e-01 3.79568169e-01 1.35591158e-01
 9.87312777e-02 7.19906093e-02 2.86933497e-02 2.07937288e-02
 2.01915298e-02 7.72417263e-03 5.65127161e-03 4.12427949e-03
 2.78073170e-03 1.37323917e-03 1.35419882e-03 6.44254340e-04
 4.11971339e-04 4.02392244e-04 2.29929883e-04 1.40035095e-04
 1.03801243e-04 7.23179247e-05 3.12837236e-05 2.94149196e-05
 1.91794578e-05 1.26525551e-05 1.00338544e-05 6.66051496e-06
 4.34301440e-06 4.15345285e-06 1.83209525e-06 8.46925936e-07
 1.16853123e-06 7.11930777e-07 4.08562020e-07 5.00409700e-07
 1.90869883e-07 1.70145077e-07 1.11184243e-07 1.22016610e-07
 6.33093831e-08 1.45373175e-08 3.21134329e-08 3.91795665e-08
 2.44355236e-08 6.71994368e-09 5.16512891e-09 2.35236253e-09
 2.93488691e-09 1.99533762e-09 1.60447247e-09 1.25440825e-09]
2: 0.348, fro: 0.487
regular_residuals_quotient: [1.35395379e+00 1.81573119e+00 1.33633748e+00 8.74817349e-01
 7.05099536e-01 8.04657570e-01 4.12743706e-01 2.22815779e-01
 2.32319562e-01 8.73128784e-02 1.10383032e-01 7.49562119e-02
 3.31897886e-02 1.97990423e-02 2.57189938e-02 1.79242593e-02
 1.15022609e-02 1.20363684e-02 3.76229786e-03 3.53931507e-03
 2.22217878e-03 5.80317698e-03 1.99917514e-03 7.89432642e-04
 8.02975932e-04 3.89820178e-04 4.16463741e-04 1.76937094e-04
 3.59209493e-04 5.23246690e-04 7.78399543e-05 1.45217159e-04
 4.77879381e-05 3.54985342e-05 1.80335654e-05 2.24079039e-05
 4.29118240e-05 3.96131628e-05 1.05152210e-05 1.28262763e-05
 5.04421879e-06 5.68862745e-06 2.54826561e-06 1.78448396e-06
 1.05468127e-06 2.37871220e-06 1.46904263e-06 2.94370738e-06
 7.04395097e-07 6.21116480e-07 2.49123181e-07 3.12682190e-07
 7.92345603e-08 1.28755499e-07 4.53711216e-08 6.21889615e-08
 3.23920086e-07 9.79053966e-08 8.68813687e-08 2.91633501e-08
 2.22775469e-08 2.64063552e-08 1.67000655e-08 2.41284717e-09]
2: 2.120, fro: 3.021
After residual reservoir, window 12: RSS=188.8MB, VMS=1556.1MB
Before canonical angles, window 12: RSS=188.8MB, VMS=1556.1MB
Reconstruction quality: 11.334053751081477
Subspace angle 2: 1.5141653254951388 0.03394273122375905
Canonical angles data saved successfully for iteration 11
After canonical angles, window 12: RSS=188.8MB, VMS=1556.1MB
Relative error in S: 0.2160980509831432
Relative error in S_quotient: 0.001075668016034987
After saving, window 12: RSS=188.8MB, VMS=1556.1MB
Small matrix
Current S: [606.61468417  85.9166      54.50847664  12.99289769  11.35443934
   6.62560074   2.60039      1.40243008   0.98652934   0.78074323] vs. correct S: [574.70160246  81.44386001  51.44471448  12.23904433  10.50792645
   6.19343046   2.41117364   1.32197638   0.94295916   0.75000501]
Entropies: [9.908, 9.128, 8.769, 8.523, 8.243, 8.139, 7.362, 7.838, 7.704, 7.081, 7.677, 5.113, 7.41, 8.07, 7.574, 7.428, 7.127, 6.56, 7.307, 7.931, 8.004, 6.857, 7.054, 7.61, 6.246, 7.628, 7.104, 8.153, 7.283, 6.933, 7.319, 6.638, 6.813, 6.91, 8.007, 7.906, 7.022, 7.389, 7.123, 7.318, 6.971, 7.287, 7.232, 8.187, 7.877, 7.112, 7.673, 6.655, 6.806, 7.597, 7.617, 7.236, 7.741, 7.6, 7.905, 8.565, 6.277, 7.782, 7.1, 6.92, 7.495, 7.315, 7.782, 7.709]
Normalized Entropies: [0.994, 0.916, 0.88, 0.855, 0.827, 0.817, 0.739, 0.786, 0.773, 0.711, 0.77, 0.513, 0.744, 0.81, 0.76, 0.745, 0.715, 0.658, 0.733, 0.796, 0.803, 0.688, 0.708, 0.764, 0.627, 0.765, 0.713, 0.818, 0.731, 0.696, 0.734, 0.666, 0.684, 0.693, 0.803, 0.793, 0.705, 0.741, 0.715, 0.734, 0.699, 0.731, 0.726, 0.822, 0.79, 0.714, 0.77, 0.668, 0.683, 0.762, 0.764, 0.726, 0.777, 0.763, 0.793, 0.859, 0.63, 0.781, 0.712, 0.694, 0.752, 0.734, 0.781, 0.774]
End of iSVD loop, window 12: RSS=191.1MB, VMS=1558.7MB
Window: 13
Processing rows 552 to 598 (exclusive)
Doing iSVD..
Sparse: False
Computing SVD...
Before, window 13: RSS=191.1MB, VMS=1558.7MB
Small matrix
SVD completed in 0.0264 seconds
After SVD, window 13: RSS=191.1MB, VMS=1558.7MB
scores:
[0.03563772], [0.06503926], [0.079625], [0.10313872], [0.12639877], [0.12688089], [0.16726693], [0.14337481], [0.19077101], [0.13783257], [], [], [], [], [], [], [], [], [], [], [], [], [], [], [], [], [], [], [], [], [], [], [], [], [], [], [], [], [], [], [], [], [], [], [], [], [], [], [], [], [], [], [], [], [], [], [], [], [], [], [], [], [], [], 
Subspace angles each eigenvector
[1.         1.         1.         1.         1.         1.
 1.         1.         1.         1.         1.         1.
 1.         1.         1.         1.         1.         1.
 1.         1.         1.         1.         1.         1.
 1.         1.         1.         1.         1.         1.
 1.         1.         1.         1.         1.         0.99999997
 0.99999999 0.99999999 0.99999995 0.9999998  0.99999996 0.99999972
 0.99999903 0.99999758 0.99999668 0.99999988 0.99999747 0.99999205
 0.9999915  0.9999415  0.99997582 0.99982397 0.99954368 0.99985375
 0.99919919 0.99929021 0.9997836  0.9926625  0.99954773 0.98197382
 0.99207656 0.98679412 0.83140959 0.10850757]
Leftout data saved successfully for iteration 12
Before LS, window 13: RSS=191.1MB, VMS=1558.7MB
[629.51630953  89.0393189   55.92483227  13.4248838   11.80439694
   6.87025808   2.70078951   1.43165054   1.03729307   0.81611377]
[773.54702985 109.2402224   68.73832388  16.95925601  14.88832549
   8.3803721    3.69569699   1.69262803   1.30682468   1.04911471]
[773.99725635 109.09062086  68.45694649  16.64737111  14.77571101
   8.29228853   3.52639139   1.6825842    1.26979829   1.04915985]
After LS, window 13: RSS=191.1MB, VMS=1558.7MB
Before saving, window 13: RSS=191.1MB, VMS=1558.7MB
j: 12
Data saved successfully for iteration 12
Residuals data saved successfully for iteration 12
Before residual reservoir, window 13: RSS=191.1MB, VMS=1558.7MB
reservoir_residuals_quotient: [1.82326920e+03 2.76439129e+02 1.85533286e+02 4.73621240e+01
 4.37693844e+01 2.47021082e+01 1.11644887e+01 4.69790110e+00
 4.39292327e+00 3.48376669e+00 1.48679115e+00 8.21267996e-01
 5.22748222e-01 4.28355526e-01 3.67510353e-01 1.35695264e-01
 9.92486926e-02 7.69727810e-02 2.69788338e-02 2.03806763e-02
 2.01579559e-02 8.02871039e-03 6.48377822e-03 4.29706092e-03
 2.84027166e-03 1.45694865e-03 1.11241984e-03 8.39766709e-04
 3.89352893e-04 4.40699304e-04 2.49890961e-04 1.50049899e-04
 1.02514362e-04 6.89015781e-05 2.86315304e-05 4.62276837e-05
 1.86265699e-05 1.39419849e-05 1.01266832e-05 8.19859187e-06
 4.97122087e-06 4.23567021e-06 1.46656221e-06 1.35106994e-06
 1.81921656e-06 9.44796510e-07 3.69912961e-07 4.09302984e-07
 1.72906502e-07 2.16456417e-07 1.31285248e-07 9.08477975e-08
 7.88518669e-08 4.06998942e-08 2.57076791e-08 3.11989401e-08
 2.02578456e-08 1.03395197e-08 6.26614323e-09 4.62496765e-09
 3.89203956e-09 1.93613203e-09 1.57313677e-09 1.72780423e-09]
2: 0.274, fro: 0.377
regular_residuals_quotient: [7.73843066e-01 1.27565538e+00 1.14341340e+00 8.63775449e-01
 5.99771246e-01 7.07300511e-01 3.58872606e-01 1.96635966e-01
 1.95444501e-01 9.47515933e-02 8.92015275e-02 7.44251423e-02
 3.04961353e-02 1.79886199e-02 3.41861528e-02 1.70722047e-02
 1.16334676e-02 9.72455782e-03 3.33452798e-03 4.55418890e-03
 1.96388500e-03 6.36749048e-03 1.37755507e-03 8.15647175e-04
 6.53319733e-04 3.72543068e-04 4.74673952e-04 1.69467981e-04
 3.48018085e-04 5.67609968e-04 7.33569453e-05 1.30023225e-04
 4.45145252e-05 3.42040120e-05 2.32719754e-05 1.81982852e-05
 4.61515118e-05 3.94506574e-05 1.24121040e-05 8.37808666e-06
 4.82235330e-06 5.11360762e-06 2.51881906e-06 1.97360853e-06
 9.00721488e-07 1.53644018e-06 2.54117557e-06 2.93214429e-06
 7.36159603e-07 1.36260282e-07 2.33324871e-07 1.99953597e-07
 1.06031494e-07 1.64236689e-07 1.98100601e-07 4.40277095e-08
 2.84560731e-07 2.79525092e-08 1.09189941e-07 4.26047966e-08
 5.53383902e-09 2.94071157e-08 1.24034958e-08 1.30277561e-09]
2: 1.591, fro: 2.317
After residual reservoir, window 13: RSS=191.1MB, VMS=1558.7MB
Before canonical angles, window 13: RSS=191.1MB, VMS=1558.7MB
Reconstruction quality: 11.458205266179931
Subspace angle 2: 1.3811254552729295 0.03145929694402847
Canonical angles data saved successfully for iteration 12
After canonical angles, window 13: RSS=191.1MB, VMS=1558.7MB
Relative error in S: 0.18659436241444902
Relative error in S_quotient: 0.0008622083278334436
After saving, window 13: RSS=191.1MB, VMS=1558.7MB
Small matrix
Current S: [629.51630953  89.0393189   55.92483227  13.4248838   11.80439694
   6.87025808   2.70078951   1.43165054   1.03729307   0.81611377] vs. correct S: [598.82627739  84.72301992  52.9417123   12.70245612  10.98875319
   6.4524194    2.51779633   1.35361803   0.99515616   0.78621658]
Entropies: [9.908, 9.129, 8.769, 8.537, 8.222, 8.136, 7.359, 7.865, 7.692, 7.054, 7.678, 5.103, 7.371, 8.114, 7.565, 7.346, 7.113, 6.65, 7.319, 7.67, 8.219, 6.752, 7.109, 7.614, 6.312, 7.65, 7.093, 8.167, 7.282, 6.92, 7.308, 6.58, 6.773, 6.928, 8.005, 7.901, 7.03, 7.385, 6.953, 7.469, 6.996, 7.27, 7.208, 8.025, 8.018, 7.114, 7.15, 7.542, 6.799, 7.544, 7.659, 7.149, 7.667, 7.738, 7.694, 8.572, 6.652, 7.712, 7.238, 6.976, 7.357, 7.314, 7.765, 7.685]
Normalized Entropies: [0.994, 0.916, 0.88, 0.857, 0.825, 0.816, 0.738, 0.789, 0.772, 0.708, 0.77, 0.512, 0.74, 0.814, 0.759, 0.737, 0.714, 0.667, 0.734, 0.77, 0.825, 0.678, 0.713, 0.764, 0.633, 0.768, 0.712, 0.82, 0.731, 0.694, 0.733, 0.66, 0.68, 0.695, 0.803, 0.793, 0.705, 0.741, 0.698, 0.749, 0.702, 0.729, 0.723, 0.805, 0.805, 0.714, 0.717, 0.757, 0.682, 0.757, 0.769, 0.717, 0.769, 0.776, 0.772, 0.86, 0.667, 0.774, 0.726, 0.7, 0.738, 0.734, 0.779, 0.771]
End of iSVD loop, window 13: RSS=195.0MB, VMS=1564.5MB
Window: 14
Processing rows 598 to 644 (exclusive)
Doing iSVD..
Sparse: False
Computing SVD...
Before, window 14: RSS=195.0MB, VMS=1564.5MB
Small matrix
SVD completed in 0.0263 seconds
After SVD, window 14: RSS=195.0MB, VMS=1564.5MB
scores:
[0.03566305], [0.06548728], [0.0794608], [0.09768707], [0.12181402], [0.12471914], [0.17175309], [0.14169037], [0.19240421], [0.13653243], [], [], [], [], [], [], [], [], [], [], [], [], [], [], [], [], [], [], [], [], [], [], [], [], [], [], [], [], [], [], [], [], [], [], [], [], [], [], [], [], [], [], [], [], [], [], [], [], [], [], [], [], [], [], 
Subspace angles each eigenvector
[1.         1.         1.         1.         1.         1.
 1.         1.         1.         1.         1.         1.
 1.         1.         1.         1.         1.         1.
 1.         1.         1.         1.         1.         1.
 1.         1.         1.         1.         1.         1.
 1.         1.         1.         1.         1.         0.99999997
 0.99999999 0.99999999 0.99999997 0.99999987 0.99999997 0.99999983
 0.9999995  0.99999765 0.99999729 0.99999987 0.99999755 0.99999421
 0.99999518 0.99996089 0.99997661 0.99980667 0.99949384 0.99993686
 0.99947755 0.9997419  0.99977909 0.99451866 0.99978247 0.98853579
 0.99727153 0.99037117 0.86619462 0.09690452]
Leftout data saved successfully for iteration 13
Before LS, window 14: RSS=195.0MB, VMS=1564.5MB
[650.97838112  91.5066203   57.98027254  14.01732503  12.47019828
   7.08328329   2.91229362   1.46761082   1.07911893   0.85072466]
[773.87647773 109.21960622  68.72464629  16.76757931  14.88479843
   8.33923484   3.58394921   1.67370628   1.29857989   1.02338018]
[773.99725635 109.09062086  68.45694649  16.64737111  14.77571101
   8.29228853   3.52639139   1.6825842    1.26979829   1.04915985]
After LS, window 14: RSS=195.0MB, VMS=1564.5MB
Before saving, window 14: RSS=195.0MB, VMS=1564.5MB
j: 13
Data saved successfully for iteration 13
Residuals data saved successfully for iteration 13
Before residual reservoir, window 14: RSS=195.0MB, VMS=1564.5MB
reservoir_residuals_quotient: [1.76322600e+03 2.62426543e+02 1.76974567e+02 4.76877763e+01
 4.17862148e+01 2.37525702e+01 1.12900012e+01 4.73300522e+00
 4.39617475e+00 3.08018393e+00 1.36448284e+00 7.15595143e-01
 4.62872656e-01 3.63509627e-01 3.61695685e-01 1.22825014e-01
 5.73518674e-02 8.99053767e-02 3.03870144e-02 2.11103272e-02
 1.96592658e-02 7.75119393e-03 6.42586640e-03 2.88198265e-03
 2.78519044e-03 1.52764655e-03 1.32224264e-03 8.68832957e-04
 3.57123050e-04 4.36390527e-04 2.20408674e-04 1.95523500e-04
 1.01750992e-04 7.58840482e-05 4.10594616e-05 4.65234775e-05
 1.96360739e-05 1.18347870e-05 1.72875930e-05 8.83545237e-06
 5.89238633e-06 4.49079457e-06 1.41979969e-06 1.72310659e-06
 1.63580438e-06 9.40091983e-07 7.40380991e-07 4.31784811e-07
 1.75885151e-07 2.35194049e-07 1.34622451e-07 1.07794537e-07
 7.09580036e-08 5.08487849e-08 3.00686087e-08 2.71542709e-08
 3.23761437e-08 8.72985003e-09 7.68223736e-09 3.05151551e-09
 3.18268728e-09 2.59442289e-09 2.19712475e-09 1.50966046e-09]
2: 0.276, fro: 0.387
regular_residuals_quotient: [8.07539086e-01 1.17473178e+00 1.26569918e+00 6.66471675e-01
 6.09714403e-01 5.69399364e-01 2.51486061e-01 1.68705990e-01
 1.41353194e-01 8.30537738e-02 5.22901008e-02 6.32185947e-02
 2.70693141e-02 1.34553469e-02 2.47854217e-02 1.42787898e-02
 9.92900085e-03 1.04442006e-02 3.00735928e-03 3.34365472e-03
 1.48712496e-03 6.39721016e-03 8.86728895e-04 9.78503468e-04
 6.81484756e-04 4.12057710e-04 2.98949684e-04 1.76924069e-04
 5.33236107e-04 4.00814332e-04 1.30398164e-04 1.46004059e-04
 4.38552178e-05 2.95642327e-05 1.38555055e-05 1.08147482e-05
 4.83373576e-05 3.51905573e-05 1.82541457e-05 7.11771545e-06
 5.75631038e-06 5.17731332e-06 2.41710097e-06 7.02275183e-07
 1.39825625e-06 2.21644210e-06 3.22826572e-06 1.61290798e-06
 1.38578489e-06 1.87827803e-07 2.11802194e-07 1.73385681e-07
 1.05379711e-07 1.24338591e-07 1.05289890e-07 3.74076732e-07
 4.30565416e-08 2.08726308e-08 1.33045586e-07 5.08883298e-08
 4.63464152e-09 2.84031809e-08 1.09046085e-08 1.32715788e-09]
2: 1.695, fro: 2.214
After residual reservoir, window 14: RSS=195.0MB, VMS=1564.5MB
Before canonical angles, window 14: RSS=195.0MB, VMS=1564.5MB
Reconstruction quality: 11.487835416303339
Subspace angle 2: 1.3694746173034702 0.029225640473130275
Canonical angles data saved successfully for iteration 13
After canonical angles, window 14: RSS=195.0MB, VMS=1564.5MB
Relative error in S: 0.15893674491203857
Relative error in S_quotient: 0.0004746522583660321
After saving, window 14: RSS=195.0MB, VMS=1564.5MB
Small matrix
Current S: [650.97838112  91.5066203   57.98027254  14.01732503  12.47019828
   7.08328329   2.91229362   1.46761082   1.07911893   0.85072466] vs. correct S: [621.34876963  87.31364987  55.11132918  13.30977594  11.72923788
   6.67359622   2.74849558   1.39214035   1.0366212    0.82167277]
Entropies: [9.908, 9.128, 8.766, 8.421, 8.414, 8.139, 7.354, 7.896, 7.685, 7.013, 7.686, 5.109, 7.17, 8.209, 7.598, 7.354, 7.28, 6.495, 7.269, 7.666, 8.308, 6.599, 7.196, 7.61, 6.249, 7.539, 7.199, 8.17, 7.23, 6.912, 7.135, 6.676, 6.738, 7.114, 7.891, 7.84, 6.999, 7.333, 7.181, 7.561, 6.933, 7.243, 7.358, 7.877, 8.189, 6.966, 6.874, 7.665, 6.768, 7.537, 7.617, 7.061, 7.745, 7.681, 7.218, 6.622, 8.745, 7.693, 7.192, 6.868, 7.294, 7.364, 7.752, 7.632]
Normalized Entropies: [0.994, 0.916, 0.88, 0.845, 0.844, 0.817, 0.738, 0.792, 0.771, 0.704, 0.771, 0.513, 0.719, 0.824, 0.762, 0.738, 0.731, 0.652, 0.729, 0.769, 0.834, 0.662, 0.722, 0.764, 0.627, 0.756, 0.722, 0.82, 0.725, 0.694, 0.716, 0.67, 0.676, 0.714, 0.792, 0.787, 0.702, 0.736, 0.721, 0.759, 0.696, 0.727, 0.738, 0.79, 0.822, 0.699, 0.69, 0.769, 0.679, 0.756, 0.764, 0.709, 0.777, 0.771, 0.724, 0.664, 0.877, 0.772, 0.722, 0.689, 0.732, 0.739, 0.778, 0.766]
End of iSVD loop, window 14: RSS=195.0MB, VMS=1565.8MB
Window: 15
Processing rows 644 to 690 (exclusive)
Doing iSVD..
Sparse: False
Computing SVD...
Before, window 15: RSS=195.0MB, VMS=1565.8MB
Small matrix
SVD completed in 0.0262 seconds
After SVD, window 15: RSS=195.0MB, VMS=1565.8MB
scores:
[0.03565789], [0.06560525], [0.08023128], [0.10677723], [0.11043236], [0.12552251], [0.17172781], [0.13994388], [0.1815332], [0.17223904], [], [], [], [], [], [], [], [], [], [], [], [], [], [], [], [], [], [], [], [], [], [], [], [], [], [], [], [], [], [], [], [], [], [], [], [], [], [], [], [], [], [], [], [], [], [], [], [], [], [], [], [], [], [], 
Subspace angles each eigenvector
[1.         1.         1.         1.         1.         1.
 1.         1.         1.         1.         1.         1.
 1.         1.         1.         1.         1.         1.
 1.         1.         1.         1.         1.         1.
 1.         1.         1.         1.         1.         1.
 1.         1.         1.         1.         1.         0.99999997
 0.99999999 0.99999999 0.99999998 0.99999993 0.99999995 0.99999987
 0.99999937 0.99999781 0.9999977  0.99999967 0.99999782 0.99999545
 0.99999788 0.99998233 0.99997314 0.99983693 0.99963637 0.99993809
 0.99966798 0.99981769 0.99986613 0.99663153 0.9998519  0.9863674
 0.9954093  0.99572897 0.90324173 0.05486188]
Leftout data saved successfully for iteration 14
Before LS, window 15: RSS=195.0MB, VMS=1565.8MB
[671.13595377  94.27817235  60.4367163   14.56562161  12.92510678
   7.30899889   3.0497605    1.50381642   1.10661528   0.90455948]
[773.23510955 108.97014035  68.53920714  16.58924416  14.68661489
   8.32677981   3.51556191   1.67225234   1.26985622   1.01695576]
[773.99725635 109.09062086  68.45694649  16.64737111  14.77571101
   8.29228853   3.52639139   1.6825842    1.26979829   1.04915985]
After LS, window 15: RSS=195.0MB, VMS=1565.8MB
Before saving, window 15: RSS=195.0MB, VMS=1565.8MB
j: 14
Data saved successfully for iteration 14
Residuals data saved successfully for iteration 14
Before residual reservoir, window 15: RSS=195.0MB, VMS=1565.8MB
reservoir_residuals_quotient: [1.79562862e+03 2.57269684e+02 1.87486561e+02 4.63950271e+01
 4.44696949e+01 2.36796270e+01 1.16075947e+01 4.48709408e+00
 4.12047214e+00 3.72480172e+00 1.33973831e+00 6.93744443e-01
 5.62975749e-01 3.30639012e-01 3.73137757e-01 1.35020107e-01
 7.85471171e-02 9.31090425e-02 2.95268024e-02 2.16849669e-02
 1.64979724e-02 8.24185788e-03 7.07894652e-03 3.65708021e-03
 3.44533828e-03 1.55786723e-03 1.29749939e-03 7.61502755e-04
 2.64016316e-04 4.82349319e-04 3.79786865e-04 1.86312523e-04
 1.05339482e-04 7.79401691e-05 4.29912500e-05 4.01111730e-05
 1.65275937e-05 1.20254803e-05 2.08067453e-05 7.38022024e-06
 6.08327890e-06 4.82772498e-06 2.45776033e-06 1.63262694e-06
 1.04972754e-06 1.38681555e-06 6.31196470e-07 4.01542055e-07
 5.16534556e-07 2.56820080e-07 1.49337346e-07 1.17880475e-07
 6.95068643e-08 4.66555542e-08 3.31247919e-08 2.76560005e-08
 2.88886821e-08 1.40612294e-08 9.70790694e-09 4.37764954e-09
 7.11218072e-09 3.07935832e-09 2.58883813e-09 1.67166099e-09]
2: 0.175, fro: 0.279
regular_residuals_quotient: [1.14231546e+00 1.22584819e+00 9.37982160e-01 5.05491448e-01
 4.81474124e-01 5.12231502e-01 1.81771430e-01 1.47257434e-01
 1.39680237e-01 9.26588986e-02 5.09355622e-02 4.24124410e-02
 2.26736364e-02 1.41377475e-02 2.01873832e-02 1.74641276e-02
 6.92944565e-03 1.11073625e-02 2.92262634e-03 3.38828032e-03
 1.62432880e-03 6.20462384e-03 9.59234183e-04 9.30235712e-04
 6.52349808e-04 4.04211323e-04 2.82095452e-04 1.69037430e-04
 3.91686801e-04 5.55726199e-04 1.93641489e-04 5.61382994e-05
 3.94812951e-05 3.18244651e-05 1.26563957e-05 9.50021809e-06
 5.36520355e-05 3.08384240e-05 2.85448931e-05 5.12599506e-06
 5.10709946e-06 4.31285510e-06 1.85388380e-06 4.90271538e-07
 2.19287859e-06 1.40262289e-06 3.60939729e-06 2.10083888e-06
 1.05542431e-06 9.71891422e-08 2.06118666e-07 2.55264134e-07
 5.38941754e-08 1.67019216e-07 8.13070225e-08 3.41160526e-07
 1.78004507e-08 2.00962822e-07 5.62739623e-08 3.15331431e-08
 6.85108804e-09 2.32880769e-08 1.06372017e-08 9.64382537e-10]
2: 1.624, fro: 2.127
After residual reservoir, window 15: RSS=195.0MB, VMS=1565.8MB
Before canonical angles, window 15: RSS=195.0MB, VMS=1565.8MB
Reconstruction quality: 11.369120916085462
Subspace angle 2: 1.4210062696454309 0.02885413005034282
Canonical angles data saved successfully for iteration 14
After canonical angles, window 15: RSS=195.0MB, VMS=1565.8MB
Relative error in S: 0.13283228327697197
Relative error in S_quotient: 0.0009999758555389977
After saving, window 15: RSS=195.0MB, VMS=1565.8MB
Small matrix
Current S: [671.13595377  94.27817235  60.4367163   14.56562161  12.92510678
   7.30899889   3.0497605    1.50381642   1.10661528   0.90455948] vs. correct S: [642.43641603  90.2191651   57.68761399  13.8620554   12.22896187
   6.91253402   2.89096209   1.43024206   1.06239281   0.87804946]
Entropies: [9.908, 9.127, 8.763, 8.267, 8.575, 8.138, 7.345, 7.916, 7.627, 7.067, 7.704, 5.12, 7.157, 8.278, 7.568, 7.233, 7.29, 6.661, 7.211, 7.612, 8.379, 6.59, 7.185, 7.559, 6.261, 7.466, 7.258, 8.176, 7.187, 6.914, 6.664, 7.411, 6.696, 7.121, 7.889, 7.833, 7.032, 7.199, 7.321, 7.5, 6.742, 7.168, 7.324, 7.965, 7.974, 7.596, 6.905, 7.618, 6.932, 7.597, 7.572, 7.04, 7.857, 7.756, 7.226, 6.673, 8.739, 7.328, 7.761, 6.992, 7.165, 7.502, 7.612, 7.732]
Normalized Entropies: [0.994, 0.916, 0.879, 0.83, 0.86, 0.817, 0.737, 0.794, 0.765, 0.709, 0.773, 0.514, 0.718, 0.831, 0.759, 0.726, 0.731, 0.668, 0.724, 0.764, 0.841, 0.661, 0.721, 0.758, 0.628, 0.749, 0.728, 0.82, 0.721, 0.694, 0.669, 0.744, 0.672, 0.715, 0.792, 0.786, 0.706, 0.722, 0.735, 0.753, 0.677, 0.719, 0.735, 0.799, 0.8, 0.762, 0.693, 0.764, 0.696, 0.762, 0.76, 0.706, 0.788, 0.778, 0.725, 0.67, 0.877, 0.735, 0.779, 0.702, 0.719, 0.753, 0.764, 0.776]
End of iSVD loop, window 15: RSS=199.0MB, VMS=1569.5MB
Window: 16
Processing rows 690 to 736 (exclusive)
Doing iSVD..
Sparse: False
Computing SVD...
Before, window 16: RSS=199.0MB, VMS=1569.5MB
Small matrix
SVD completed in 0.0263 seconds
After SVD, window 16: RSS=199.0MB, VMS=1569.5MB
scores:
[0.03565429], [0.06522963], [0.08075639], [0.10255889], [0.11233083], [0.12511884], [0.17083224], [0.13749456], [0.17968327], [0.17178774], [], [], [], [], [], [], [], [], [], [], [], [], [], [], [], [], [], [], [], [], [], [], [], [], [], [], [], [], [], [], [], [], [], [], [], [], [], [], [], [], [], [], [], [], [], [], [], [], [], [], [], [], [], [], 
Subspace angles each eigenvector
[1.         1.         1.         1.         1.         1.
 1.         1.         1.         1.         1.         1.
 1.         1.         1.         1.         1.         1.
 1.         1.         1.         1.         1.         1.
 1.         1.         1.         1.         1.         1.
 1.         1.         1.         1.         1.         0.99999996
 0.99999999 0.99999998 0.99999998 0.99999993 0.99999995 0.99999985
 0.99999933 0.99999754 0.99999746 0.99999971 0.99999756 0.99999416
 0.99999612 0.99998618 0.99997205 0.999774   0.99941963 0.99993166
 0.99967754 0.99967986 0.99980468 0.99532008 0.99985386 0.98476667
 0.9955183  0.996092   0.91113813 0.03789092]
Leftout data saved successfully for iteration 15
Before LS, window 16: RSS=199.0MB, VMS=1569.5MB
[691.86112096  97.14805897  61.96429816  14.94277318  13.20809251
   7.45241665   3.1293455    1.53492598   1.12477652   0.93134367]
[773.23443041 108.90961093  68.4884654   16.62049309  14.69018295
   8.30735644   3.51750482   1.6842604    1.27411306   1.02429379]
[773.99725635 109.09062086  68.45694649  16.64737111  14.77571101
   8.29228853   3.52639139   1.6825842    1.26979829   1.04915985]
After LS, window 16: RSS=199.0MB, VMS=1569.5MB
Before saving, window 16: RSS=199.0MB, VMS=1569.5MB
j: 15
Data saved successfully for iteration 15
Residuals data saved successfully for iteration 15
Before residual reservoir, window 16: RSS=199.0MB, VMS=1569.5MB
reservoir_residuals_quotient: [1.81160777e+03 2.64428583e+02 1.86091439e+02 4.75887306e+01
 4.52645452e+01 2.38000104e+01 1.15509226e+01 4.32906930e+00
 4.06388210e+00 3.63100369e+00 1.38458270e+00 6.83834555e-01
 5.71667098e-01 3.44360135e-01 3.90202857e-01 1.28251534e-01
 8.35362074e-02 9.16040436e-02 3.08590984e-02 2.45797030e-02
 1.60062981e-02 8.36629841e-03 7.23687851e-03 4.28866565e-03
 3.43568847e-03 1.60082105e-03 1.36694940e-03 7.63757845e-04
 3.87889590e-04 4.64609968e-04 3.75307626e-04 2.36300792e-04
 1.10666194e-04 8.63373837e-05 4.11734124e-05 4.19069445e-05
 1.80032246e-05 1.21266523e-05 2.08286032e-05 8.24595177e-06
 5.84326956e-06 5.06102716e-06 2.63450737e-06 1.63054322e-06
 9.28122538e-07 1.55619862e-06 6.92458570e-07 3.72102337e-07
 5.48287161e-07 2.58596779e-07 1.54562449e-07 1.19242746e-07
 7.21210677e-08 4.83069931e-08 3.29294988e-08 2.73839970e-08
 3.00186879e-08 1.51494541e-08 1.05800195e-08 5.40162187e-09
 7.26727539e-09 3.43180129e-09 2.74199642e-09 1.68044913e-09]
2: 0.187, fro: 0.264
regular_residuals_quotient: [1.79234435e+00 1.76244802e+00 4.29429450e-01 5.38454811e-01
 4.62302314e-01 4.00288229e-01 9.99260713e-02 1.25750473e-01
 1.34123147e-01 9.12623039e-02 3.57907155e-02 4.15497065e-02
 1.94264165e-02 1.09545094e-02 1.98256851e-02 1.77985283e-02
 6.90253057e-03 9.87645453e-03 2.88866994e-03 3.36575831e-03
 1.50688966e-03 6.34730285e-03 5.89961147e-04 9.84268052e-04
 6.23048499e-04 4.10120047e-04 2.84030712e-04 1.71237336e-04
 6.19359554e-04 3.83370352e-04 1.93502445e-04 6.88693181e-05
 3.98974062e-05 3.42386992e-05 1.21132828e-05 1.34003704e-05
 5.77003091e-05 3.31468671e-05 2.13517996e-05 7.51048893e-06
 5.47023619e-06 4.62416342e-06 2.04223220e-06 4.67522218e-07
 2.92012547e-06 1.34744727e-06 3.70865768e-06 1.76755741e-06
 1.05799575e-06 1.80903683e-07 2.28458540e-07 2.59875321e-07
 6.56919061e-08 2.06841191e-07 1.08987513e-07 3.55074769e-07
 1.56514811e-08 1.95626932e-07 4.13116569e-08 2.09264776e-08
 6.03974820e-09 2.62518112e-08 1.06879640e-08 2.23050625e-09]
2: 2.220, fro: 2.688
After residual reservoir, window 16: RSS=199.0MB, VMS=1569.5MB
Before canonical angles, window 16: RSS=199.0MB, VMS=1569.5MB
Reconstruction quality: 12.753165320500566
Subspace angle 2: 1.456149678827775 0.029282510310987803
Canonical angles data saved successfully for iteration 15
After canonical angles, window 16: RSS=199.0MB, VMS=1569.5MB
Relative error in S: 0.10610193332827086
Relative error in S_quotient: 0.0010070512238605077
After saving, window 16: RSS=199.0MB, VMS=1569.5MB
Small matrix
Current S: [691.86112096  97.14805897  61.96429816  14.94277318  13.20809251
   7.45241665   3.1293455    1.53492598   1.12477652   0.93134367] vs. correct S: [664.05611105  93.22778097  59.28501155  14.26597627  12.52054625
   7.06005545   2.96664831   1.46366659   1.08006406   0.90557236]
Entropies: [9.908, 9.128, 8.765, 8.323, 8.536, 8.138, 7.332, 7.94, 7.614, 7.071, 7.691, 5.108, 7.12, 8.302, 7.553, 7.269, 7.076, 6.771, 7.199, 7.672, 8.337, 6.542, 7.203, 7.545, 6.288, 7.483, 7.253, 8.186, 7.191, 6.891, 6.663, 7.431, 6.7, 7.118, 7.917, 7.855, 6.972, 7.322, 7.21, 7.527, 6.772, 7.162, 7.31, 7.987, 7.655, 7.773, 6.907, 7.628, 6.908, 7.597, 7.618, 7.05, 7.853, 7.701, 7.174, 6.81, 8.735, 7.316, 7.744, 7.01, 7.154, 7.515, 7.584, 7.741]
Normalized Entropies: [0.994, 0.916, 0.879, 0.835, 0.857, 0.817, 0.736, 0.797, 0.764, 0.71, 0.772, 0.513, 0.714, 0.833, 0.758, 0.729, 0.71, 0.679, 0.722, 0.77, 0.837, 0.656, 0.723, 0.757, 0.631, 0.751, 0.728, 0.821, 0.722, 0.691, 0.669, 0.746, 0.672, 0.714, 0.794, 0.788, 0.7, 0.735, 0.723, 0.755, 0.679, 0.719, 0.733, 0.801, 0.768, 0.78, 0.693, 0.765, 0.693, 0.762, 0.764, 0.707, 0.788, 0.773, 0.72, 0.683, 0.876, 0.734, 0.777, 0.703, 0.718, 0.754, 0.761, 0.777]
End of iSVD loop, window 16: RSS=199.0MB, VMS=1571.0MB
Window: 17
Processing rows 736 to 782 (exclusive)
Doing iSVD..
Sparse: False
Computing SVD...
Before, window 17: RSS=199.0MB, VMS=1571.0MB
Small matrix
SVD completed in 0.0263 seconds
After SVD, window 17: RSS=199.0MB, VMS=1571.0MB
scores:
[0.03564468], [0.0648834], [0.08084298], [0.09253343], [0.1191382], [0.13712193], [0.17037508], [0.14289563], [0.17117078], [0.16269629], [], [], [], [], [], [], [], [], [], [], [], [], [], [], [], [], [], [], [], [], [], [], [], [], [], [], [], [], [], [], [], [], [], [], [], [], [], [], [], [], [], [], [], [], [], [], [], [], [], [], [], [], [], [], 
Subspace angles each eigenvector
[1.         1.         1.         1.         1.         1.
 1.         1.         1.         1.         1.         1.
 1.         1.         1.         1.         1.         1.
 1.         1.         1.         1.         1.         1.
 1.         1.         1.         1.         1.         1.
 1.         1.         1.         1.         1.         1.
 1.         0.99999999 0.99999999 0.99999991 0.99999984 0.99999999
 0.99999936 0.99999959 0.99999978 0.99999968 0.99999871 0.99999917
 0.99999903 0.99998627 0.99989071 0.99991346 0.99983245 0.99991398
 0.99947466 0.99998036 0.99985889 0.99904248 0.99942934 0.98198302
 0.9955661  0.97678298 0.9158002  0.03577491]
Leftout data saved successfully for iteration 16
Before LS, window 17: RSS=199.0MB, VMS=1571.0MB
[710.62732314 100.79335562  63.47887654  15.32445584  13.58100096
   7.81579681   3.20884371   1.59517426   1.16727083   0.97750521]
[772.92021632 108.60518554  68.37855593  16.7067094   14.63674284
   8.17964314   3.53119951   1.59829698   1.22023789   1.02822571]
[773.99725635 109.09062086  68.45694649  16.64737111  14.77571101
   8.29228853   3.52639139   1.6825842    1.26979829   1.04915985]
After LS, window 17: RSS=199.0MB, VMS=1571.0MB
Before saving, window 17: RSS=199.0MB, VMS=1571.0MB
j: 16
Data saved successfully for iteration 16
Residuals data saved successfully for iteration 16
Before residual reservoir, window 17: RSS=199.0MB, VMS=1571.0MB
reservoir_residuals_quotient: [1.80677175e+03 2.66952169e+02 1.86753492e+02 4.75612182e+01
 4.55192575e+01 2.54792269e+01 1.16160572e+01 4.94349215e+00
 3.73293875e+00 3.71767789e+00 1.38923673e+00 9.91510304e-01
 5.68696236e-01 3.43962534e-01 3.47252547e-01 1.84401803e-01
 7.82407701e-02 9.74642131e-02 2.55873430e-02 2.53222952e-02
 1.63935259e-02 2.02968949e-02 7.10712562e-03 4.47469987e-03
 3.15988093e-03 1.40517767e-03 1.25456484e-03 1.02050586e-03
 7.45246499e-04 5.31568030e-04 3.96288398e-04 2.25246662e-04
 8.74176815e-05 5.85948285e-05 5.75875585e-05 4.42407322e-05
 4.01732738e-05 2.11819024e-05 2.09697074e-05 9.00959521e-06
 5.91873769e-06 3.55928331e-06 2.98257924e-06 1.88616002e-06
 1.71341659e-06 1.73770329e-06 1.31108410e-06 6.30917475e-07
 5.86118699e-07 2.72599920e-07 1.20176063e-07 9.76204538e-08
 7.51554300e-08 9.44475752e-08 5.55883534e-08 3.54621287e-08
 3.24401646e-08 2.58163307e-08 1.40640855e-08 5.86258240e-09
 7.41539280e-09 3.29243111e-09 2.79392186e-09 1.66075465e-09]
2: 0.290, fro: 0.400
regular_residuals_quotient: [2.39455883e+00 2.33611628e+00 4.60866205e-01 7.06794896e-01
 6.87712899e-01 4.25826487e-01 9.44194736e-02 1.49945645e-01
 1.44264089e-01 7.20012877e-02 3.23095698e-02 2.39967963e-02
 1.92704513e-02 1.21284663e-02 1.99763531e-02 3.72625676e-03
 2.99093770e-03 4.11049534e-03 2.82158930e-03 2.12669382e-03
 1.04644699e-03 8.48787977e-04 3.03490753e-04 2.82011550e-04
 6.40480602e-04 1.37193349e-04 2.84943312e-04 1.23580737e-04
 9.84983718e-05 4.54751922e-05 4.35299970e-05 5.02192091e-05
 3.98824891e-05 1.94595840e-05 7.88828922e-06 5.77427222e-06
 3.71807419e-06 4.53258411e-06 5.52974377e-06 1.17010044e-06
 5.16232137e-06 8.44088863e-07 1.36198256e-06 8.29403299e-07
 5.02267699e-07 4.11850337e-07 1.05922672e-06 2.60985532e-07
 9.18264617e-08 9.52484154e-08 1.57179266e-07 1.09893341e-07
 3.44466699e-08 8.91219389e-08 3.25669193e-08 2.22597937e-08
 1.51677447e-08 2.44416676e-08 7.05474407e-09 1.58369232e-08
 5.57735948e-09 1.02064387e-08 9.60898880e-09 2.29508641e-09]
2: 2.955, fro: 3.552
After residual reservoir, window 17: RSS=199.0MB, VMS=1571.0MB
Before canonical angles, window 17: RSS=199.0MB, VMS=1571.0MB
Reconstruction quality: 11.15042667468605
Subspace angle 2: 1.5546204475329313 0.03048396820729523
Canonical angles data saved successfully for iteration 16
After canonical angles, window 17: RSS=199.0MB, VMS=1571.0MB
Relative error in S: 0.08169564296668422
Relative error in S_quotient: 0.0015326175635986816
After saving, window 17: RSS=199.0MB, VMS=1571.0MB
Small matrix
Current S: [710.62732314 100.79335562  63.47887654  15.32445584  13.58100096
   7.81579681   3.20884371   1.59517426   1.16727083   0.97750521] vs. correct S: [683.58488767  97.02763722  60.86752247  14.68645745  12.89587066
   7.43841813   3.04401891   1.52521587   1.12424181   0.95297412]
Entropies: [9.908, 9.13, 8.767, 8.447, 8.409, 8.141, 7.317, 7.889, 7.639, 7.144, 7.673, 5.134, 7.036, 8.281, 7.55, 6.091, 7.655, 6.994, 7.207, 7.517, 8.434, 6.931, 7.246, 7.528, 6.283, 7.447, 7.267, 7.566, 8.057, 6.931, 6.623, 7.464, 6.698, 7.116, 7.518, 7.728, 7.972, 7.427, 6.917, 7.508, 6.822, 7.038, 7.298, 6.923, 7.785, 8.007, 7.339, 7.431, 7.011, 7.615, 7.662, 7.025, 7.347, 7.118, 7.653, 7.536, 8.732, 7.392, 7.692, 6.957, 7.163, 7.523, 7.539, 7.731]
Normalized Entropies: [0.994, 0.916, 0.88, 0.848, 0.844, 0.817, 0.734, 0.792, 0.767, 0.717, 0.77, 0.515, 0.706, 0.831, 0.758, 0.611, 0.768, 0.702, 0.723, 0.754, 0.846, 0.695, 0.727, 0.755, 0.63, 0.747, 0.729, 0.759, 0.808, 0.696, 0.665, 0.749, 0.672, 0.714, 0.754, 0.775, 0.8, 0.745, 0.694, 0.753, 0.685, 0.706, 0.732, 0.695, 0.781, 0.803, 0.736, 0.746, 0.704, 0.764, 0.769, 0.705, 0.737, 0.714, 0.768, 0.756, 0.876, 0.742, 0.772, 0.698, 0.719, 0.755, 0.756, 0.776]
End of iSVD loop, window 17: RSS=202.0MB, VMS=1577.4MB
Window: 18
Processing rows 782 to 828 (exclusive)
Doing iSVD..
Sparse: False
Computing SVD...
Before, window 18: RSS=202.0MB, VMS=1577.4MB
Small matrix
SVD completed in 0.0265 seconds
After SVD, window 18: RSS=202.0MB, VMS=1577.4MB
scores:
[0.03568418], [0.0647407], [0.08115758], [0.09662337], [0.11817677], [0.13731468], [0.17053424], [0.14143687], [0.176753], [0.16590631], [], [], [], [], [], [], [], [], [], [], [], [], [], [], [], [], [], [], [], [], [], [], [], [], [], [], [], [], [], [], [], [], [], [], [], [], [], [], [], [], [], [], [], [], [], [], [], [], [], [], [], [], [], [], 
Subspace angles each eigenvector
[1.         1.         1.         1.         1.         1.
 1.         1.         1.         1.         1.         1.
 1.         1.         1.         1.         1.         1.
 1.         1.         1.         1.         1.         1.
 1.         1.         1.         1.         1.         1.
 1.         1.         1.         1.         1.         1.
 1.         1.         1.         1.         0.99999999 1.
 0.99999955 0.99999981 0.99999998 0.99999994 0.99999998 1.
 0.99999954 0.99999054 0.99998031 0.99991222 0.99995546 0.99997732
 0.9994509  0.99997846 0.99995461 0.99971454 0.99957535 0.99965852
 0.9955008  0.99341492 0.94457142 0.05505262]
Leftout data saved successfully for iteration 17
Before LS, window 18: RSS=202.0MB, VMS=1577.4MB
[730.24714189 102.94203671  65.17978905  15.66252096  13.96656706
   8.05797644   3.28411922   1.62173408   1.18759085   1.02218864]
[772.91182054 108.6178564   68.39219562  16.57409601  14.69105453
   8.23787423   3.47914123   1.60213525   1.238629     1.04037306]
[773.99725635 109.09062086  68.45694649  16.64737111  14.77571101
   8.29228853   3.52639139   1.6825842    1.26979829   1.04915985]
After LS, window 18: RSS=202.0MB, VMS=1577.4MB
Before saving, window 18: RSS=202.0MB, VMS=1577.4MB
j: 17
Data saved successfully for iteration 17
Residuals data saved successfully for iteration 17
Before residual reservoir, window 18: RSS=202.0MB, VMS=1577.4MB
reservoir_residuals_quotient: [1.92080872e+03 2.82389221e+02 1.99112098e+02 4.81987866e+01
 4.78235601e+01 2.68215524e+01 1.13027208e+01 5.07328042e+00
 3.80858937e+00 4.01554075e+00 1.34610000e+00 9.55330181e-01
 6.78474149e-01 3.74528281e-01 3.96623217e-01 1.99266263e-01
 7.77042965e-02 1.00828358e-01 4.16902649e-02 2.76146496e-02
 1.77009468e-02 2.17358333e-02 6.86703877e-03 4.68586270e-03
 5.53628522e-03 1.54015585e-03 1.75853569e-03 1.23732227e-03
 8.58657891e-04 5.06767843e-04 4.29024173e-04 2.80407888e-04
 1.26636583e-04 6.45446276e-05 5.71162318e-05 5.11779639e-05
 4.34578268e-05 2.29482164e-05 2.32397135e-05 9.74994131e-06
 8.36426240e-06 4.20962063e-06 2.99749289e-06 2.48525320e-06
 1.76986855e-06 1.71382126e-06 1.52197343e-06 6.60596477e-07
 6.35337492e-07 2.49057392e-07 1.63385519e-07 1.17749462e-07
 1.10452003e-07 7.72632210e-08 5.91807162e-08 3.66915828e-08
 3.47095837e-08 3.01628212e-08 1.38750273e-08 1.10159145e-08
 6.67682744e-09 4.48484689e-09 3.68733434e-09 1.77679676e-09]
2: 0.381, fro: 0.521
regular_residuals_quotient: [3.40357429e+00 3.44188990e+00 4.63246990e-01 8.62862206e-01
 7.28131873e-01 4.14435307e-01 1.39120954e-01 1.44036759e-01
 1.49332667e-01 5.64557686e-02 3.55790630e-02 2.09695980e-02
 1.38261013e-02 1.06631398e-02 1.76005958e-02 2.91613375e-03
 3.21529817e-03 4.08603899e-03 9.61331053e-04 1.33503474e-03
 1.02599906e-03 8.30412327e-04 2.79202563e-04 1.86827136e-04
 2.36822983e-04 9.15949856e-05 1.25311714e-04 4.89547948e-05
 5.44072638e-05 3.67903237e-05 1.36425409e-05 1.08695489e-05
 9.65208152e-06 1.47445692e-05 4.77076932e-06 2.37078700e-06
 1.72424784e-06 3.32958140e-06 2.53956890e-06 5.32670972e-07
 8.49267953e-07 3.01162343e-07 8.30461182e-07 2.03117835e-07
 4.98039655e-07 1.86774701e-07 1.10559111e-07 4.18849843e-08
 5.21587609e-08 5.41185220e-08 2.76530674e-08 4.97691981e-08
 1.73106074e-08 6.50730541e-09 3.13865696e-08 2.06366598e-08
 6.33500118e-09 7.54130958e-09 4.24727849e-09 9.20653612e-10
 1.76717940e-09 1.60561313e-09 1.76809472e-09 2.17082318e-10]
2: 4.124, fro: 5.016
After residual reservoir, window 18: RSS=202.0MB, VMS=1577.4MB
Before canonical angles, window 18: RSS=202.0MB, VMS=1577.4MB
Reconstruction quality: 10.779828855676227
Subspace angle 2: 1.505321438654168 0.02620492835390639
Canonical angles data saved successfully for iteration 17
After canonical angles, window 18: RSS=202.0MB, VMS=1577.4MB
Relative error in S: 0.05645936367421656
Relative error in S_quotient: 0.001523989626316489
After saving, window 18: RSS=202.0MB, VMS=1577.4MB
Small matrix
Current S: [730.24714189 102.94203671  65.17978905  15.66252096  13.96656706
   8.05797644   3.28411922   1.62173408   1.18759085   1.02218864] vs. correct S: [703.9570258   99.27048585  62.63945135  15.03352411  13.30557266
   7.69369499   3.1251661    1.55310845   1.14615914   0.99962507]
Entropies: [9.907, 9.131, 8.765, 8.396, 8.468, 8.143, 7.326, 7.904, 7.652, 7.107, 7.664, 5.134, 6.903, 8.314, 7.595, 6.06, 7.637, 7.063, 7.11, 7.5, 8.426, 6.905, 7.202, 7.554, 6.259, 7.258, 7.421, 7.327, 8.095, 6.953, 6.842, 7.301, 6.62, 7.139, 7.633, 7.509, 7.96, 7.393, 6.917, 7.437, 7.284, 6.992, 7.235, 6.751, 7.855, 7.738, 7.964, 7.471, 7.037, 7.66, 7.569, 6.93, 6.724, 7.801, 7.633, 7.564, 8.712, 7.453, 7.671, 7.043, 7.329, 7.364, 7.34, 7.658]
Normalized Entropies: [0.994, 0.916, 0.88, 0.843, 0.85, 0.817, 0.735, 0.793, 0.768, 0.713, 0.769, 0.515, 0.693, 0.834, 0.762, 0.608, 0.766, 0.709, 0.713, 0.753, 0.845, 0.693, 0.723, 0.758, 0.628, 0.728, 0.745, 0.735, 0.812, 0.698, 0.687, 0.733, 0.664, 0.716, 0.766, 0.753, 0.799, 0.742, 0.694, 0.746, 0.731, 0.702, 0.726, 0.677, 0.788, 0.777, 0.799, 0.75, 0.706, 0.769, 0.76, 0.695, 0.675, 0.783, 0.766, 0.759, 0.874, 0.748, 0.77, 0.707, 0.735, 0.739, 0.737, 0.768]
End of iSVD loop, window 18: RSS=202.3MB, VMS=1577.4MB
Window: 19
Processing rows 828 to 874 (exclusive)
Doing iSVD..
Sparse: False
Computing SVD...
Before, window 19: RSS=202.3MB, VMS=1577.4MB
Small matrix
SVD completed in 0.0265 seconds
After SVD, window 19: RSS=202.3MB, VMS=1577.4MB
scores:
[0.03568732], [0.06495605], [0.08066562], [0.0974176], [0.12045762], [0.13923701], [0.17046875], [0.13829497], [0.18308387], [0.17130528], [], [], [], [], [], [], [], [], [], [], [], [], [], [], [], [], [], [], [], [], [], [], [], [], [], [], [], [], [], [], [], [], [], [], [], [], [], [], [], [], [], [], [], [], [], [], [], [], [], [], [], [], [], [], 
Subspace angles each eigenvector
[1.         1.         1.         1.         1.         1.
 1.         1.         1.         1.         1.         1.
 1.         1.         1.         1.         1.         1.
 1.         1.         1.         1.         1.         1.
 1.         1.         1.         1.         1.         1.
 1.         1.         1.         1.         1.         1.
 1.         1.         1.         1.         1.         1.
 0.99999975 0.99999989 0.99999998 0.99999997 0.99999998 0.99999999
 0.99999953 0.99999508 0.9999832  0.99995513 0.99997219 0.99998259
 0.99967087 0.99998557 0.99994654 0.99975154 0.99983204 0.99912953
 0.99638005 0.98894425 0.96605152 0.04824895]
Leftout data saved successfully for iteration 18
Before LS, window 19: RSS=202.3MB, VMS=1577.4MB
[748.4332017  106.33847422  66.33915845  16.12409423  14.43077356
   8.24632036   3.40915512   1.65561619   1.23239427   1.03964981]
[773.22236241 108.73250187  68.37906084  16.64215976  14.70163453
   8.26493379   3.50720651   1.62228132   1.24818049   1.04566491]
[773.99725635 109.09062086  68.45694649  16.64737111  14.77571101
   8.29228853   3.52639139   1.6825842    1.26979829   1.04915985]
After LS, window 19: RSS=202.3MB, VMS=1577.4MB
Before saving, window 19: RSS=202.3MB, VMS=1577.4MB
j: 18
Data saved successfully for iteration 18
Residuals data saved successfully for iteration 18
Before residual reservoir, window 19: RSS=202.3MB, VMS=1577.4MB
reservoir_residuals_quotient: [1.90604495e+03 2.80409160e+02 1.93760160e+02 4.92156590e+01
 4.66147266e+01 2.60493116e+01 1.16340321e+01 5.02810298e+00
 3.99404726e+00 4.02816728e+00 1.41715296e+00 9.51152457e-01
 7.03697309e-01 3.81735780e-01 3.84422185e-01 2.01913899e-01
 7.78486576e-02 1.08792831e-01 4.05551093e-02 2.85694694e-02
 1.84690475e-02 2.17129955e-02 6.67340256e-03 4.66641482e-03
 5.52175098e-03 1.52494166e-03 1.78708387e-03 1.24862889e-03
 8.65375443e-04 5.16948417e-04 4.47220102e-04 2.79188914e-04
 1.35377227e-04 6.80902583e-05 5.81734270e-05 5.50804352e-05
 4.30317017e-05 2.26021859e-05 2.42739643e-05 9.87303017e-06
 8.73460447e-06 4.17372650e-06 2.96097320e-06 2.59388486e-06
 1.85446955e-06 1.81285063e-06 1.54990608e-06 6.74064811e-07
 6.66161939e-07 2.54953958e-07 1.73764294e-07 1.25823386e-07
 1.12151913e-07 7.62522191e-08 6.34610939e-08 4.42994542e-08
 3.51081247e-08 3.22271745e-08 1.39946049e-08 1.12136572e-08
 6.94230415e-09 4.30464464e-09 3.59877648e-09 1.86618721e-09]
2: 0.278, fro: 0.379
regular_residuals_quotient: [2.38401733e+00 2.41429988e+00 3.74645959e-01 6.98649640e-01
 5.54377766e-01 2.21847089e-01 9.52738159e-02 1.13313730e-01
 9.42768638e-02 4.25812447e-02 1.99499059e-02 1.27736050e-02
 1.00042476e-02 9.10155717e-03 1.12348726e-02 1.92566279e-03
 2.43507661e-03 1.78805041e-03 7.21604063e-04 1.13331345e-03
 7.59686987e-04 5.80601778e-04 2.42400493e-04 1.53889324e-04
 1.91834545e-04 8.57626465e-05 1.24341794e-04 4.91792215e-05
 4.15052830e-05 3.15055292e-05 1.17065732e-05 1.03469789e-05
 9.27232766e-06 1.51535693e-05 4.64744852e-06 1.93163442e-06
 1.31084841e-06 3.46597218e-06 2.29194727e-06 4.65015956e-07
 7.72210861e-07 2.38196882e-07 8.47638390e-07 1.90122113e-07
 4.57071342e-07 1.76693432e-07 8.91965697e-08 3.98304690e-08
 5.41417663e-08 5.10170519e-08 2.82830652e-08 4.78827194e-08
 1.71597397e-08 6.28652915e-09 2.98086716e-08 1.21190524e-08
 5.84523008e-09 7.12148122e-09 2.66766463e-09 1.61727766e-09
 1.33822462e-09 1.98570230e-09 1.56356388e-09 2.37622048e-10]
2: 2.848, fro: 3.540
After residual reservoir, window 19: RSS=202.3MB, VMS=1577.4MB
Before canonical angles, window 19: RSS=202.3MB, VMS=1577.4MB
Reconstruction quality: 11.445918002806044
Subspace angle 2: 1.4695782902222214 0.025137501028536343
Canonical angles data saved successfully for iteration 18
After canonical angles, window 19: RSS=202.3MB, VMS=1577.4MB
Relative error in S: 0.03287448075415064
Relative error in S_quotient: 0.0010999234072619714
After saving, window 19: RSS=202.3MB, VMS=1577.4MB
Small matrix
Current S: [748.4332017  106.33847422  66.33915845  16.12409423  14.43077356
   8.24632036   3.40915512   1.65561619   1.23239427   1.03964981] vs. correct S: [722.80634965 102.77804145  63.84322483  15.51580285  13.7966567
   7.88607544   3.26661694   1.58944334   1.19056785   1.016146  ]
Entropies: [9.908, 9.13, 8.765, 8.401, 8.456, 8.146, 7.33, 7.94, 7.656, 7.061, 7.668, 5.131, 6.902, 8.331, 7.577, 6.1, 7.522, 7.205, 7.114, 7.487, 8.441, 6.899, 7.194, 7.543, 6.256, 7.274, 7.39, 7.362, 8.092, 6.938, 6.876, 7.279, 6.621, 7.125, 7.721, 7.359, 7.969, 7.373, 6.963, 7.445, 7.282, 6.985, 7.254, 6.762, 7.88, 7.715, 7.987, 7.465, 7.033, 7.664, 7.596, 6.95, 6.744, 7.779, 7.516, 7.744, 8.715, 7.444, 7.666, 7.09, 7.318, 7.366, 7.327, 7.64]
Normalized Entropies: [0.994, 0.916, 0.88, 0.843, 0.848, 0.817, 0.735, 0.797, 0.768, 0.708, 0.769, 0.515, 0.693, 0.836, 0.76, 0.612, 0.755, 0.723, 0.714, 0.751, 0.847, 0.692, 0.722, 0.757, 0.628, 0.73, 0.742, 0.739, 0.812, 0.696, 0.69, 0.73, 0.664, 0.715, 0.775, 0.738, 0.8, 0.74, 0.699, 0.747, 0.731, 0.701, 0.728, 0.679, 0.791, 0.774, 0.801, 0.749, 0.706, 0.769, 0.762, 0.697, 0.677, 0.781, 0.754, 0.777, 0.874, 0.747, 0.769, 0.711, 0.734, 0.739, 0.735, 0.767]
End of iSVD loop, window 19: RSS=207.3MB, VMS=1577.4MB
Window: 20
Processing rows 874 to 920 (exclusive)
Doing iSVD..
Sparse: False
Computing SVD...
Before, window 20: RSS=207.3MB, VMS=1577.4MB
Small matrix
SVD completed in 0.0264 seconds
After SVD, window 20: RSS=207.3MB, VMS=1577.4MB
scores:
[0.03569828], [0.06529559], [0.08022123], [0.10516232], [0.1150124], [0.13898432], [0.17095565], [0.14473886], [0.18255131], [0.17152744], [], [], [], [], [], [], [], [], [], [], [], [], [], [], [], [], [], [], [], [], [], [], [], [], [], [], [], [], [], [], [], [], [], [], [], [], [], [], [], [], [], [], [], [], [], [], [], [], [], [], [], [], [], [], 
Subspace angles each eigenvector
[1.         1.         1.         1.         1.         1.
 1.         1.         1.         1.         1.         1.
 1.         1.         1.         1.         1.         1.
 1.         1.         1.         1.         1.         1.
 1.         1.         1.         1.         1.         1.
 1.         1.         1.         1.         1.         1.
 1.         1.         1.         1.         1.         1.
 1.         1.         1.         1.         1.         1.
 0.99999999 0.99999995 0.99999991 0.99999867 0.99999867 0.99999871
 0.99999802 0.99999845 0.99999359 0.99999708 0.99998154 0.99995359
 0.99990052 0.9993932  0.9950915  0.00243934]
Leftout data saved successfully for iteration 19
Before LS, window 20: RSS=207.3MB, VMS=1577.4MB
[767.13165716 108.2601821   67.85843318  16.59980281  14.90362078
   8.37175539   3.56455365   1.69249331   1.27206158   1.04703836]
[775.60404536 110.12059032  68.38260157  16.70860778  14.75282437
   8.2862792    3.48277374   1.67830872   1.2788913    1.0434697 ]
[773.99725635 109.09062086  68.45694649  16.64737111  14.77571101
   8.29228853   3.52639139   1.6825842    1.26979829   1.04915985]
After LS, window 20: RSS=207.3MB, VMS=1577.4MB
Before saving, window 20: RSS=207.3MB, VMS=1577.4MB
j: 19
Data saved successfully for iteration 19
Residuals data saved successfully for iteration 19
Before residual reservoir, window 20: RSS=207.3MB, VMS=1577.4MB
reservoir_residuals_quotient: [1.86423334e+03 2.77500669e+02 1.85026004e+02 5.25723845e+01
 4.56415866e+01 2.42464252e+01 1.16429267e+01 5.26749137e+00
 4.09575142e+00 3.92139744e+00 1.30843153e+00 9.36951684e-01
 6.44630912e-01 4.01258453e-01 3.81175831e-01 2.00372348e-01
 8.01306837e-02 1.15894239e-01 4.02285017e-02 3.11496573e-02
 1.84696160e-02 2.21566105e-02 6.81625710e-03 4.75961142e-03
 5.99218658e-03 2.15590753e-03 1.60332802e-03 1.20164839e-03
 8.33685802e-04 4.89955336e-04 4.50251617e-04 2.81661270e-04
 1.40613941e-04 1.15370255e-04 4.31213077e-05 4.49551648e-05
 3.96818702e-05 2.66312622e-05 2.43884956e-05 9.88969889e-06
 8.31665563e-06 3.79836219e-06 4.27003333e-06 1.97452206e-06
 1.70567090e-06 1.70299281e-06 1.42683329e-06 6.44960289e-07
 6.69801696e-07 2.85375535e-07 1.77643218e-07 1.39769138e-07
 7.82991758e-08 7.24978302e-08 6.72115409e-08 4.31837308e-08
 3.86652147e-08 2.89152835e-08 1.43787684e-08 1.06525281e-08
 6.83530797e-09 5.15208459e-09 3.85507090e-09 1.68877916e-09]
2: 0.269, fro: 0.342
regular_residuals_quotient: [2.53357260e+00 2.14226739e+00 8.95313704e-01 5.70790437e-01
 4.26061137e-01 1.90675653e-01 1.62559941e-01 6.23487457e-02
 6.65616120e-02 3.75907890e-02 2.44097288e-02 6.67976396e-03
 9.10703544e-03 5.41274063e-03 4.18460738e-03 1.41601087e-03
 2.38950876e-03 1.16564915e-03 7.16669212e-04 4.38440129e-04
 2.66362238e-04 3.64394398e-04 2.04544036e-04 1.40488360e-04
 8.87112966e-05 4.01421451e-05 3.72324764e-05 2.85722623e-05
 2.47628902e-05 2.48947486e-05 1.01575665e-05 9.07345713e-06
 3.81495229e-06 2.62196774e-06 1.92358616e-06 1.68917459e-06
 1.36706683e-06 1.52437075e-06 7.55139481e-07 3.49359365e-07
 3.29339502e-07 2.05195472e-07 1.55508271e-07 9.54826845e-08
 7.59196635e-08 7.86033464e-08 5.81633408e-08 3.14460257e-08
 1.86320987e-08 1.45177274e-08 7.64951132e-09 1.06863353e-08
 3.48868370e-09 4.86930628e-09 3.99457141e-09 2.64108597e-09
 1.61071082e-09 9.41729414e-10 9.97301567e-10 5.74196024e-10
 4.55504287e-10 3.13802668e-10 1.86166937e-10 1.15047439e-10]
2: 3.346, fro: 3.520
After residual reservoir, window 20: RSS=207.3MB, VMS=1577.4MB
Before canonical angles, window 20: RSS=207.3MB, VMS=1577.4MB
Reconstruction quality: 11.056115927246907
Subspace angle 2: 1.5691619681951587 0.02571073249613164
Canonical angles data saved successfully for iteration 19
After canonical angles, window 20: RSS=207.3MB, VMS=1577.4MB
Relative error in S: 0.008844978541873003
Relative error in S_quotient: 0.002435244756323424
After saving, window 20: RSS=207.3MB, VMS=1577.4MB
Small matrix
Current S: [767.13165716 108.2601821   67.85843318  16.59980281  14.90362078
   8.37175539   3.56455365   1.69249331   1.27206158   1.04703836] vs. correct S: [742.15111324 104.76103338  65.42187554  15.99938109  14.30511501
   8.01780838   3.43321895   1.62986496   1.22841223   1.02357081]
Entropies: [9.908, 9.128, 8.765, 8.29, 8.558, 8.147, 7.334, 7.99, 7.609, 7.054, 7.667, 5.121, 6.909, 8.339, 7.55, 6.163, 7.544, 7.094, 7.116, 7.421, 8.503, 6.839, 7.17, 7.548, 6.282, 7.042, 7.587, 7.31, 8.113, 6.94, 6.846, 7.305, 6.707, 7.22, 7.733, 7.287, 7.97, 7.323, 7.112, 7.446, 7.262, 6.989, 7.364, 7.055, 7.788, 7.915, 7.855, 7.451, 7.072, 7.624, 7.536, 6.957, 7.019, 7.789, 7.214, 7.92, 8.692, 7.542, 7.685, 7.051, 7.328, 7.415, 7.282, 7.654]
Normalized Entropies: [0.994, 0.916, 0.88, 0.832, 0.859, 0.818, 0.736, 0.802, 0.764, 0.708, 0.769, 0.514, 0.693, 0.837, 0.758, 0.618, 0.757, 0.712, 0.714, 0.745, 0.853, 0.686, 0.719, 0.757, 0.63, 0.707, 0.761, 0.733, 0.814, 0.696, 0.687, 0.733, 0.673, 0.724, 0.776, 0.731, 0.8, 0.735, 0.714, 0.747, 0.729, 0.701, 0.739, 0.708, 0.781, 0.794, 0.788, 0.748, 0.71, 0.765, 0.756, 0.698, 0.704, 0.782, 0.724, 0.795, 0.872, 0.757, 0.771, 0.708, 0.735, 0.744, 0.731, 0.768]
End of iSVD loop, window 20: RSS=207.3MB, VMS=1577.4MB
Window: 21
Processing rows 920 to 966 (exclusive)
Doing iSVD..
Sparse: False
Computing SVD...
Before, window 21: RSS=207.3MB, VMS=1577.4MB
Small matrix
SVD completed in 0.0265 seconds
After SVD, window 21: RSS=207.3MB, VMS=1577.4MB
scores:
[0.03569992], [0.06555658], [0.08009557], [0.10442984], [0.11620673], [0.139214], [0.17095797], [0.14729007], [0.1805997], [0.17126676], [], [], [], [], [], [], [], [], [], [], [], [], [], [], [], [], [], [], [], [], [], [], [], [], [], [], [], [], [], [], [], [], [], [], [], [], [], [], [], [], [], [], [], [], [], [], [], [], [], [], [], [], [], [], 
Subspace angles each eigenvector
[1.         1.         1.         1.         1.         1.
 1.         1.         1.         1.         1.         1.
 1.         1.         1.         1.         1.         1.
 1.         1.         1.         1.         1.         1.
 1.         1.         1.         1.         1.         1.
 1.         1.         1.         1.         1.         1.
 1.         1.         1.         1.         1.         1.
 1.         1.         1.         1.         1.         1.
 0.99999999 0.99999997 0.99999992 0.99999843 0.99999826 0.99999906
 0.99999744 0.99999844 0.99999651 0.99999705 0.99998211 0.99995641
 0.99990342 0.99952298 0.99536568 0.00223228]
Leftout data saved successfully for iteration 20
Before LS, window 21: RSS=207.3MB, VMS=1577.4MB
[785.26567146 110.67103221  69.32781856  16.99214138  15.19093895
   8.47710879   3.62791004   1.72472943   1.28816204   1.05825401]
[775.27406277 109.76763531  68.38568219  16.68491075  14.72919136
   8.26174702   3.48929602   1.68334011   1.27045639   1.03918168]
[773.99725635 109.09062086  68.45694649  16.64737111  14.77571101
   8.29228853   3.52639139   1.6825842    1.26979829   1.04915985]
After LS, window 21: RSS=207.3MB, VMS=1577.4MB
Before saving, window 21: RSS=207.3MB, VMS=1577.4MB
j: 20
Data saved successfully for iteration 20
Residuals data saved successfully for iteration 20
Before residual reservoir, window 21: RSS=207.3MB, VMS=1577.4MB
reservoir_residuals_quotient: [1.86112270e+03 2.83156824e+02 1.91635197e+02 5.15197493e+01
 4.53326716e+01 2.35717926e+01 1.12101755e+01 5.21678408e+00
 4.01846324e+00 4.01718160e+00 1.36919379e+00 9.37221750e-01
 6.40892793e-01 3.99603054e-01 3.81559165e-01 1.99433298e-01
 8.21863163e-02 1.13128894e-01 3.77251725e-02 3.18601953e-02
 1.91949396e-02 2.27760887e-02 7.06003916e-03 4.54661712e-03
 5.97651454e-03 2.18111660e-03 1.68797555e-03 1.16921118e-03
 8.58896104e-04 5.06781638e-04 4.45556289e-04 2.77948422e-04
 1.55346327e-04 1.18235473e-04 4.60378239e-05 4.43904703e-05
 3.89856690e-05 2.75388355e-05 2.50641830e-05 1.01477973e-05
 8.75867273e-06 3.95525219e-06 4.51342375e-06 2.03238581e-06
 1.76337233e-06 1.59940343e-06 1.44586856e-06 6.78516521e-07
 6.60974972e-07 2.81984018e-07 1.73994406e-07 1.42271037e-07
 8.10766910e-08 6.78839133e-08 6.49999743e-08 4.36499180e-08
 3.89336073e-08 2.93009435e-08 1.48199122e-08 1.12013969e-08
 7.27761879e-09 5.07037973e-09 3.93395352e-09 1.72849355e-09]
2: 0.221, fro: 0.299
regular_residuals_quotient: [1.94744745e+00 1.57353530e+00 7.95087087e-01 4.91804372e-01
 3.87107278e-01 1.62023637e-01 1.78106894e-01 3.81897920e-02
 4.87636514e-02 4.09332288e-02 2.14974946e-02 5.39798178e-03
 7.14667283e-03 3.72101871e-03 3.70898932e-03 1.65463318e-03
 2.14370178e-03 1.11218293e-03 6.32441262e-04 3.37156959e-04
 2.24261588e-04 3.61046845e-04 1.84433619e-04 1.27471895e-04
 8.43919406e-05 3.83653675e-05 3.67773802e-05 2.68247490e-05
 1.65403316e-05 2.42409705e-05 8.72211985e-06 8.80066373e-06
 3.03075683e-06 2.70172206e-06 1.68406077e-06 1.61726178e-06
 8.42694651e-07 1.49669176e-06 5.50986903e-07 3.28067544e-07
 2.93167658e-07 1.66339185e-07 1.35532873e-07 9.36187288e-08
 7.80107133e-08 4.08314333e-08 4.84173543e-08 3.26348806e-08
 1.56736188e-08 1.40395046e-08 6.14617852e-09 1.03827240e-08
 2.56694525e-09 4.54305100e-09 3.81313893e-09 2.54553886e-09
 8.03880018e-10 6.86493868e-10 9.37153197e-10 5.19601187e-10
 3.86224185e-10 3.06218388e-10 1.56087965e-10 9.57398716e-11]
2: 2.539, fro: 2.712
After residual reservoir, window 21: RSS=207.3MB, VMS=1577.4MB
Before canonical angles, window 21: RSS=207.3MB, VMS=1577.4MB
Reconstruction quality: 11.402330397279187
Subspace angle 2: 1.5698439645189648 0.025660786406300214
Canonical angles data saved successfully for iteration 20
After canonical angles, window 21: RSS=207.3MB, VMS=1577.4MB
Relative error in S: 0.014556212928593965
Relative error in S_quotient: 0.0018458635258659848
After saving, window 21: RSS=207.3MB, VMS=1577.4MB
Small matrix
Current S: [785.26567146 110.67103221  69.32781856  16.99214138  15.19093895
   8.47710879   3.62791004   1.72472943   1.28816204   1.05825401] vs. correct S: [760.88153697 107.24562033  66.94379282  16.40529896  14.60317777
   8.12717201   3.50111426   1.66415987   1.24296367   1.03536595]
Entropies: [9.908, 9.127, 8.765, 8.304, 8.544, 8.149, 7.34, 8.015, 7.578, 7.05, 7.666, 5.119, 6.876, 8.349, 7.538, 6.192, 7.561, 7.027, 7.119, 7.438, 8.491, 6.838, 7.184, 7.554, 6.268, 7.052, 7.575, 7.372, 8.104, 6.949, 6.836, 7.312, 6.701, 7.225, 7.732, 7.317, 7.97, 7.312, 7.108, 7.445, 7.274, 6.994, 7.365, 7.036, 7.784, 7.985, 7.769, 7.466, 7.055, 7.633, 7.535, 6.95, 7.036, 7.807, 7.193, 7.917, 8.693, 7.502, 7.685, 7.047, 7.33, 7.411, 7.285, 7.655]
Normalized Entropies: [0.994, 0.916, 0.879, 0.833, 0.857, 0.818, 0.736, 0.804, 0.76, 0.707, 0.769, 0.514, 0.69, 0.838, 0.756, 0.621, 0.759, 0.705, 0.714, 0.746, 0.852, 0.686, 0.721, 0.758, 0.629, 0.708, 0.76, 0.74, 0.813, 0.697, 0.686, 0.734, 0.672, 0.725, 0.776, 0.734, 0.8, 0.734, 0.713, 0.747, 0.73, 0.702, 0.739, 0.706, 0.781, 0.801, 0.78, 0.749, 0.708, 0.766, 0.756, 0.697, 0.706, 0.783, 0.722, 0.794, 0.872, 0.753, 0.771, 0.707, 0.736, 0.744, 0.731, 0.768]
End of iSVD loop, window 21: RSS=213.3MB, VMS=1577.4MB
Done: kernel_stocks_1000_2.2361_isvd_random_uniform_size_110_ssize_46_k_64_reservoir_greedy
File found: output/USVt_exact_kernel_stocks_1000_2.2361.npz
Entropies: [9.908, 9.125, 8.766, 8.422, 8.434, 8.149, 7.314, 8.048, 7.571, 6.992, 7.663, 5.109, 6.833, 8.362, 7.542, 6.182, 7.621, 6.877, 7.099, 7.422, 8.494, 6.812, 7.209, 7.544, 6.275, 7.049, 7.63, 7.529, 8.065, 6.934, 6.796, 7.361, 6.683, 7.29, 7.749, 7.206, 7.973, 7.29, 7.114, 7.451, 7.311, 6.957, 7.412, 7.123, 7.576, 8.016, 7.772, 7.468, 7.061, 7.651]
Normalized Entropies: [0.994, 0.916, 0.88, 0.845, 0.846, 0.818, 0.734, 0.808, 0.76, 0.702, 0.769, 0.513, 0.686, 0.839, 0.757, 0.62, 0.765, 0.69, 0.712, 0.745, 0.852, 0.684, 0.723, 0.757, 0.63, 0.707, 0.766, 0.755, 0.809, 0.696, 0.682, 0.739, 0.671, 0.732, 0.778, 0.723, 0.8, 0.731, 0.714, 0.748, 0.734, 0.698, 0.744, 0.715, 0.76, 0.804, 0.78, 0.749, 0.709, 0.768]
random_uniform: OG
Name: kernel_stocks_1000_2.2361_isvd_random_uniform_size_110_ssize_46_k_64_reservoir_greedy
Num windows: 20
Window: 1
Processing rows 0 to 110 (exclusive)
Doing iSVD..
Sparse: False
Before, window 1: RSS=164.9MB, VMS=1501.2MB
Small matrix
SVD completed in 0.0615 seconds
After SVD, window 1: RSS=165.4MB, VMS=1533.2MB
scores:
[0.03573648], [0.05796876], [0.08191421], [0.16172012], [0.11982032], [0.11533728], [0.13410867], [0.13095721], [0.07568453], [0.08168834], [], [], [], [], [], [], [], [], [], [], [], [], [], [], [], [], [], [], [], [], [], [], [], [], [], [], [], [], [], [], [], [], [], [], [], [], [], [], [], [], [], [], [], [], [], [], [], [], [], [], [], [], [], [], 
Subspace angles each eigenvector
[1.         1.         1.         1.         1.         1.
 1.         1.         1.         1.         1.         1.
 1.         1.         1.         1.         1.         1.
 1.         1.         1.         1.         1.         1.
 1.         1.         1.         0.99999999 1.         1.
 0.99999996 0.99999997 0.99999994 0.99999995 0.99999997 0.99999954
 0.99999992 0.9999994  0.99999829 0.99998512 0.99999472 0.99999621
 0.99998239 0.99997894 0.99996033 0.99998928 0.99991633 0.99971144
 0.99940511 0.99874084 0.99890602 0.99254809 0.99349357 0.99829558
 0.98862731 0.98902082 0.99801447 0.98706809 0.95226393 0.82105972
 0.92789725 0.31637252 0.52947175 0.25690606]
Leftout data saved successfully for iteration 0
Before LS, window 1: RSS=166.8MB, VMS=1533.2MB
[254.94930281  34.73441011  24.26119071   6.13652192   4.93274112
   2.88211864   1.01545395   0.5766839    0.33766102   0.30783411]
[769.72660278 107.0220479   64.25451794  13.38843947  14.33146512
   7.87843173   1.98900254   1.42223108   0.95484066   0.7987542 ]
[773.99725635 109.09062086  68.45694649  16.64737111  14.77571101
   8.29228853   3.52639139   1.6825842    1.26979829   1.04915985]
After LS, window 1: RSS=166.8MB, VMS=1533.2MB
Before saving, window 1: RSS=166.8MB, VMS=1533.2MB
j: 0
Data saved successfully for iteration 0
Residuals data saved successfully for iteration 0
Before residual reservoir, window 1: RSS=166.8MB, VMS=1533.2MB
reservoir_residuals_quotient: [1.32812358e+03 2.10766964e+02 1.38840242e+02 3.75388805e+01
 3.05420359e+01 1.74814439e+01 5.06895623e+00 3.50118418e+00
 2.16780363e+00 1.73713710e+00 3.60782021e-01 3.48604282e-01
 3.16157219e-01 2.03506795e-01 1.31567462e-01 2.08646973e-02
 2.87572465e-02 1.57766882e-02 1.39063334e-02 9.20115869e-03
 6.82728345e-03 1.53328678e-03 9.30494900e-04 8.74588261e-04
 5.38080797e-04 1.98476926e-04 2.86815429e-04 5.46463045e-05
 5.03965116e-05 2.32839014e-05 2.63209701e-05 1.35924885e-05
 9.75689116e-06 4.64105228e-06 6.44685869e-06 1.03305470e-06
 9.47707145e-07 1.02620618e-06 1.05251979e-06 5.70526213e-07
 7.25583583e-08 2.16430731e-07 1.30689927e-07 9.47851960e-08
 5.41786807e-08 3.67730879e-08 1.03978085e-08 1.58864429e-08
 3.81113567e-09 2.51248237e-09 1.84590942e-09 1.20739673e-09
 6.51790823e-10 4.05657722e-10 2.68931626e-10 8.74156111e-11
 4.73019625e-11 8.31024283e-11 1.13662010e-11 2.88132398e-12
 1.23518005e-11 7.79412691e-13 1.85219135e-12 3.37833384e-12]
2: 1.771, fro: 2.350
regular_residuals_quotient: [1.35539398e+01 1.30355158e+01 7.27477863e+00 4.64497628e+00
 3.75572127e+00 2.24770117e+00 2.14100544e+00 5.38551363e-01
 7.06595678e-01 6.48265051e-01 4.85064834e-01 1.34190203e-01
 1.24531201e-01 1.00329779e-01 1.50243595e-01 7.98681399e-02
 2.08763274e-02 3.14596840e-02 3.63969245e-02 9.42842542e-03
 1.56143800e-02 1.02432183e-02 5.18716980e-03 2.65232849e-03
 1.88561989e-03 6.45231572e-03 1.65072791e-03 1.24911382e-03
 8.26041323e-04 1.11092887e-03 3.52977699e-04 3.42703682e-04
 6.08010012e-04 4.03990255e-04 2.83357101e-04 1.21685593e-04
 7.57130074e-05 7.42506558e-05 7.25932994e-05 5.18933238e-05
 2.84486869e-05 5.68749499e-05 5.28976786e-05 2.23417864e-05
 1.14538217e-05 1.03180598e-05 7.48964095e-06 8.69552269e-06
 6.45453345e-06 5.65467590e-06 2.52623974e-06 1.85021355e-06
 4.96411278e-06 2.76199253e-06 6.17034381e-07 8.32991318e-07
 1.56537285e-06 6.32002757e-07 7.97107780e-07 2.23923299e-07
 2.82249565e-07 4.11995350e-07 3.80251198e-07 2.17924458e-07]
2: 15.958, fro: 21.293
After residual reservoir, window 1: RSS=167.7MB, VMS=1533.2MB
Before canonical angles, window 1: RSS=167.7MB, VMS=1533.2MB
Reconstruction quality: 10.642387730638436
Subspace angle 2: 1.4151682577690579 0.05994826741856582
Canonical angles data saved successfully for iteration 0
After canonical angles, window 1: RSS=167.7MB, VMS=1533.2MB
Relative error in S: 0.6706147871705566
Relative error in S_quotient: 0.009349147914849322
After saving, window 1: RSS=167.7MB, VMS=1533.2MB
Small matrix
Current S: [254.94930281  34.73441011  24.26119071   6.13652192   4.93274112
   2.88211864   1.01545395   0.5766839    0.33766102   0.30783411] vs. correct S: [254.94930281  34.73441011  24.26119071   6.13652192   4.93274112
   2.88211864   1.01545395   0.5766839    0.33766102   0.30783411]
Entropies: [9.905, 9.149, 8.749, 7.187, 8.586, 8.148, 7.686, 7.875, 7.683, 7.366, 7.754, 7.337, 6.707, 6.771, 8.023, 7.45, 7.142, 7.09, 6.761, 7.688, 7.772, 7.436, 6.488, 6.562, 7.944, 7.529, 7.356, 8.051, 6.882, 7.333, 7.13, 7.774, 7.126, 6.963, 7.83, 7.757, 7.282, 6.92, 7.232, 7.42, 7.749, 7.157, 7.362, 7.766, 8.095, 7.501, 7.342, 6.875, 7.104, 7.661, 8.144, 7.728, 7.322, 7.528, 8.301, 7.991, 6.624, 7.234, 7.489, 8.197, 7.27, 8.112, 8.107, 7.388]
Normalized Entropies: [0.994, 0.918, 0.878, 0.721, 0.862, 0.818, 0.771, 0.79, 0.771, 0.739, 0.778, 0.736, 0.673, 0.679, 0.805, 0.748, 0.717, 0.711, 0.678, 0.771, 0.78, 0.746, 0.651, 0.658, 0.797, 0.755, 0.738, 0.808, 0.691, 0.736, 0.715, 0.78, 0.715, 0.699, 0.786, 0.778, 0.731, 0.694, 0.726, 0.745, 0.778, 0.718, 0.739, 0.779, 0.812, 0.753, 0.737, 0.69, 0.713, 0.769, 0.817, 0.775, 0.735, 0.755, 0.833, 0.802, 0.665, 0.726, 0.751, 0.823, 0.729, 0.814, 0.814, 0.741]
End of iSVD loop, window 1: RSS=167.7MB, VMS=1533.2MB
Window: 2
Processing rows 46 to 92 (exclusive)
Doing iSVD..
Sparse: False
isvd_partial_step_: S before:[254.94930281  34.73441011]
Computing SVD...
Before, window 2: RSS=167.7MB, VMS=1533.2MB
Small matrix
isvd_partial_step_: S after:[304.50344191  41.65077437]
> /home/ttran02/pj/computational-methods/utils.py(1518)isvd_partial_step_()
-> svd_time = time.time() - start_time
(Pdb) 46
(Pdb) 92
(Pdb) array([521, 737, 740, 660, 411, 678, 626, 513, 859, 136, 811,  76, 636,
       973, 938, 899, 280, 883, 761, 319, 549, 174, 371, 527, 210, 235,
       101, 986, 902, 947, 346, 139, 621, 499, 370, 198, 687, 584, 901,
        59, 328,  96, 312, 974, 299, 277, 924, 601, 439, 837, 570, 879,
       261, 578,  23,  30, 617,  10, 221, 820, 296,  54, 542, 209, 604,
       692, 662, 866,  70, 543, 107, 493, 590, 741, 292, 289, 652,  39,
       589, 307, 679,  66, 275,  67, 318, 548, 998, 714, 753, 327, 382,
       451])
(Pdb) (Pdb) Small matrix
(Pdb) array([234.52261282,  31.70764493])
(Pdb) Small matrix
array([234.52261282,  31.70764493])
(Pdb) (Pdb) 46
(Pdb) Small matrix
array([165.16669264,  21.79818944])
(Pdb) 110
(Pdb) Traceback (most recent call last):
  File "/home/ttran02/pj/computational-methods/main.py", line 1068, in <module>
    S, Vt = isvd(A_csr, 
  File "/home/ttran02/pj/computational-methods/utils.py", line 4048, in isvd
    ret = step_function(current_method)
  File "/home/ttran02/pj/computational-methods/utils.py", line 3879, in step_function
    ret = isvd_step(next_window, row_permutation, j, start_idx, end_idx, window_size, k, W,
  File "/home/ttran02/pj/computational-methods/utils.py", line 2297, in isvd_step
    return isvd_step_(next_window, row_permutation, j, start_idx, end_idx, window_size, k, W,
  File "/home/ttran02/pj/computational-methods/utils.py", line 1784, in isvd_step_
    Vt, S, reservoir, reservoir_idx = isvd_partial_step_(next_window, row_permutation, j, start_idx, end_idx, window_size, k, W,
  File "/home/ttran02/pj/computational-methods/utils.py", line 1518, in isvd_partial_step_
    svd_time = time.time() - start_time
  File "/home/ttran02/pj/computational-methods/utils.py", line 1518, in isvd_partial_step_
    svd_time = time.time() - start_time
  File "/home/ttran02/.conda/envs/mcts/lib/python3.10/bdb.py", line 90, in trace_dispatch
    return self.dispatch_line(frame)
  File "/home/ttran02/.conda/envs/mcts/lib/python3.10/bdb.py", line 115, in dispatch_line
    if self.quitting: raise BdbQuit
bdb.BdbQuit
File found: output/USVt_exact_kernel_stocks_1000_2.2361.npz
Entropies: [9.908, 9.125, 8.766, 8.422, 8.434, 8.149, 7.314, 8.048, 7.571, 6.992, 7.663, 5.109, 6.833, 8.362, 7.542, 6.182, 7.621, 6.877, 7.099, 7.422, 8.494, 6.812, 7.209, 7.544, 6.275, 7.049, 7.63, 7.529, 8.065, 6.934, 6.796, 7.361, 6.683, 7.29, 7.749, 7.206, 7.973, 7.29, 7.114, 7.451, 7.311, 6.957, 7.412, 7.123, 7.576, 8.016, 7.772, 7.468, 7.061, 7.651]
Normalized Entropies: [0.994, 0.916, 0.88, 0.845, 0.846, 0.818, 0.734, 0.808, 0.76, 0.702, 0.769, 0.513, 0.686, 0.839, 0.757, 0.62, 0.765, 0.69, 0.712, 0.745, 0.852, 0.684, 0.723, 0.757, 0.63, 0.707, 0.766, 0.755, 0.809, 0.696, 0.682, 0.739, 0.671, 0.732, 0.778, 0.723, 0.8, 0.731, 0.714, 0.748, 0.734, 0.698, 0.744, 0.715, 0.76, 0.804, 0.78, 0.749, 0.709, 0.768]
random_uniform: OG
Name: kernel_stocks_1000_2.2361_isvd_random_uniform_size_110_ssize_46_k_64_reservoir_greedy
Num windows: 20
Window: 1
Processing rows 0 to 110 (exclusive)
Doing iSVD..
Sparse: False
Before, window 1: RSS=165.2MB, VMS=1501.2MB
Small matrix
SVD completed in 0.0577 seconds
After SVD, window 1: RSS=166.4MB, VMS=1533.2MB
scores:
[0.03573648], [0.05796876], [0.08191421], [0.16172012], [0.11982032], [0.11533728], [0.13410867], [0.13095721], [0.07568453], [0.08168834], [], [], [], [], [], [], [], [], [], [], [], [], [], [], [], [], [], [], [], [], [], [], [], [], [], [], [], [], [], [], [], [], [], [], [], [], [], [], [], [], [], [], [], [], [], [], [], [], [], [], [], [], [], [], 
Subspace angles each eigenvector
[1.         1.         1.         1.         1.         1.
 1.         1.         1.         1.         1.         1.
 1.         1.         1.         1.         1.         1.
 1.         1.         1.         1.         1.         1.
 1.         1.         1.         0.99999999 1.         1.
 0.99999996 0.99999997 0.99999994 0.99999995 0.99999997 0.99999954
 0.99999992 0.9999994  0.99999829 0.99998512 0.99999472 0.99999621
 0.99998239 0.99997894 0.99996033 0.99998928 0.99991633 0.99971144
 0.99940511 0.99874084 0.99890602 0.99254809 0.99349357 0.99829558
 0.98862731 0.98902082 0.99801447 0.98706809 0.95226393 0.82105972
 0.92789725 0.31637252 0.52947175 0.25690606]
Leftout data saved successfully for iteration 0
Before LS, window 1: RSS=166.4MB, VMS=1533.2MB
[254.94930281  34.73441011  24.26119071   6.13652192   4.93274112
   2.88211864   1.01545395   0.5766839    0.33766102   0.30783411]
[769.72660278 107.0220479   64.25451794  13.38843947  14.33146512
   7.87843173   1.98900254   1.42223108   0.95484066   0.7987542 ]
[773.99725635 109.09062086  68.45694649  16.64737111  14.77571101
   8.29228853   3.52639139   1.6825842    1.26979829   1.04915985]
After LS, window 1: RSS=166.4MB, VMS=1533.2MB
Before saving, window 1: RSS=166.4MB, VMS=1533.2MB
j: 0
Data saved successfully for iteration 0
Residuals data saved successfully for iteration 0
Before residual reservoir, window 1: RSS=166.4MB, VMS=1533.2MB
reservoir_residuals_quotient: [1.32812358e+03 2.10766964e+02 1.38840242e+02 3.75388805e+01
 3.05420359e+01 1.74814439e+01 5.06895623e+00 3.50118418e+00
 2.16780363e+00 1.73713710e+00 3.60782021e-01 3.48604282e-01
 3.16157219e-01 2.03506795e-01 1.31567462e-01 2.08646973e-02
 2.87572465e-02 1.57766882e-02 1.39063334e-02 9.20115869e-03
 6.82728345e-03 1.53328678e-03 9.30494900e-04 8.74588261e-04
 5.38080797e-04 1.98476926e-04 2.86815429e-04 5.46463045e-05
 5.03965116e-05 2.32839014e-05 2.63209701e-05 1.35924885e-05
 9.75689116e-06 4.64105228e-06 6.44685869e-06 1.03305470e-06
 9.47707145e-07 1.02620618e-06 1.05251979e-06 5.70526213e-07
 7.25583583e-08 2.16430731e-07 1.30689927e-07 9.47851960e-08
 5.41786807e-08 3.67730879e-08 1.03978085e-08 1.58864429e-08
 3.81113567e-09 2.51248237e-09 1.84590942e-09 1.20739673e-09
 6.51790823e-10 4.05657722e-10 2.68931626e-10 8.74156111e-11
 4.73019625e-11 8.31024283e-11 1.13662010e-11 2.88132398e-12
 1.23518005e-11 7.79412691e-13 1.85219135e-12 3.37833384e-12]
2: 1.771, fro: 2.350
regular_residuals_quotient: [1.35539398e+01 1.30355158e+01 7.27477863e+00 4.64497628e+00
 3.75572127e+00 2.24770117e+00 2.14100544e+00 5.38551363e-01
 7.06595678e-01 6.48265051e-01 4.85064834e-01 1.34190203e-01
 1.24531201e-01 1.00329779e-01 1.50243595e-01 7.98681399e-02
 2.08763274e-02 3.14596840e-02 3.63969245e-02 9.42842542e-03
 1.56143800e-02 1.02432183e-02 5.18716980e-03 2.65232849e-03
 1.88561989e-03 6.45231572e-03 1.65072791e-03 1.24911382e-03
 8.26041323e-04 1.11092887e-03 3.52977699e-04 3.42703682e-04
 6.08010012e-04 4.03990255e-04 2.83357101e-04 1.21685593e-04
 7.57130074e-05 7.42506558e-05 7.25932994e-05 5.18933238e-05
 2.84486869e-05 5.68749499e-05 5.28976786e-05 2.23417864e-05
 1.14538217e-05 1.03180598e-05 7.48964095e-06 8.69552269e-06
 6.45453345e-06 5.65467590e-06 2.52623974e-06 1.85021355e-06
 4.96411278e-06 2.76199253e-06 6.17034381e-07 8.32991318e-07
 1.56537285e-06 6.32002757e-07 7.97107780e-07 2.23923299e-07
 2.82249565e-07 4.11995350e-07 3.80251198e-07 2.17924458e-07]
2: 15.958, fro: 21.293
After residual reservoir, window 1: RSS=167.0MB, VMS=1533.2MB
Before canonical angles, window 1: RSS=167.0MB, VMS=1533.2MB
Reconstruction quality: 10.642387730638436
Subspace angle 2: 1.4151682577690579 0.05994826741856582
Canonical angles data saved successfully for iteration 0
After canonical angles, window 1: RSS=167.0MB, VMS=1533.2MB
Relative error in S: 0.6706147871705566
Relative error in S_quotient: 0.009349147914849322
After saving, window 1: RSS=167.0MB, VMS=1533.2MB
Small matrix
Current S: [254.94930281  34.73441011  24.26119071   6.13652192   4.93274112
   2.88211864   1.01545395   0.5766839    0.33766102   0.30783411] vs. correct S: [254.94930281  34.73441011  24.26119071   6.13652192   4.93274112
   2.88211864   1.01545395   0.5766839    0.33766102   0.30783411]
Entropies: [9.905, 9.149, 8.749, 7.187, 8.586, 8.148, 7.686, 7.875, 7.683, 7.366, 7.754, 7.337, 6.707, 6.771, 8.023, 7.45, 7.142, 7.09, 6.761, 7.688, 7.772, 7.436, 6.488, 6.562, 7.944, 7.529, 7.356, 8.051, 6.882, 7.333, 7.13, 7.774, 7.126, 6.963, 7.83, 7.757, 7.282, 6.92, 7.232, 7.42, 7.749, 7.157, 7.362, 7.766, 8.095, 7.501, 7.342, 6.875, 7.104, 7.661, 8.144, 7.728, 7.322, 7.528, 8.301, 7.991, 6.624, 7.234, 7.489, 8.197, 7.27, 8.112, 8.107, 7.388]
Normalized Entropies: [0.994, 0.918, 0.878, 0.721, 0.862, 0.818, 0.771, 0.79, 0.771, 0.739, 0.778, 0.736, 0.673, 0.679, 0.805, 0.748, 0.717, 0.711, 0.678, 0.771, 0.78, 0.746, 0.651, 0.658, 0.797, 0.755, 0.738, 0.808, 0.691, 0.736, 0.715, 0.78, 0.715, 0.699, 0.786, 0.778, 0.731, 0.694, 0.726, 0.745, 0.778, 0.718, 0.739, 0.779, 0.812, 0.753, 0.737, 0.69, 0.713, 0.769, 0.817, 0.775, 0.735, 0.755, 0.833, 0.802, 0.665, 0.726, 0.751, 0.823, 0.729, 0.814, 0.814, 0.741]
End of iSVD loop, window 1: RSS=167.0MB, VMS=1533.2MB
Window: 2
Processing rows 156 to 202 (exclusive)
Doing iSVD..
Sparse: False
isvd_partial_step_: S before:[254.94930281  34.73441011]
Computing SVD...
Before, window 2: RSS=167.0MB, VMS=1533.2MB
Small matrix
isvd_partial_step_: S after:[303.74404675  42.50689603]
> /home/ttran02/pj/computational-methods/utils.py(1518)isvd_partial_step_()
-> svd_time = time.time() - start_time
(Pdb) SVD completed in 61.2025 seconds
After SVD, window 2: RSS=169.3MB, VMS=1536.0MB
scores:
[0.0356808], [0.05854473], [0.08112159], [0.16120017], [0.10451688], [0.10521872], [0.05479043], [0.13226235], [0.13504622], [0.08107385], [], [], [], [], [], [], [], [], [], [], [], [], [], [], [], [], [], [], [], [], [], [], [], [], [], [], [], [], [], [], [], [], [], [], [], [], [], [], [], [], [], [], [], [], [], [], [], [], [], [], [], [], [], [], 
Subspace angles each eigenvector
[1.         1.         1.         1.         1.         1.
 1.         1.         1.         1.         1.         1.
 1.         1.         1.         1.         1.         1.
 1.         1.         1.         1.         1.         1.
 1.         1.         1.         0.99999999 1.         0.99999999
 0.99999995 0.9999998  0.99999998 0.99999999 0.99999995 0.99999932
 0.99999982 0.99999867 0.99999668 0.99998503 0.99997976 0.99999853
 0.99998732 0.9999848  0.99997817 0.99997565 0.99996762 0.99978328
 0.99989847 0.99713649 0.99992139 0.99886065 0.99882128 0.99826904
 0.99739832 0.99692097 0.99484567 0.984581   0.95287124 0.82381162
 0.48853018 0.90946518 0.81725197 0.35942593]
Leftout data saved successfully for iteration 1
Before LS, window 2: RSS=169.3MB, VMS=1536.0MB
[303.74404675  42.50689603  28.58178563   6.82101914   5.80481442
   3.50943521   1.21148612   0.64147288   0.44343042   0.36099735]
[773.20043529 109.12636182  65.89033092  13.56805261  14.85215732
   8.14476562   2.32528829   1.49008644   1.0882781    0.88783387]
[773.99725635 109.09062086  68.45694649  16.64737111  14.77571101
   8.29228853   3.52639139   1.6825842    1.26979829   1.04915985]
After LS, window 2: RSS=169.3MB, VMS=1536.0MB
Before saving, window 2: RSS=169.3MB, VMS=1536.0MB
j: 1
Data saved successfully for iteration 1
Residuals data saved successfully for iteration 1
Before residual reservoir, window 2: RSS=170.6MB, VMS=1536.6MB
reservoir_residuals_quotient: [1.48495137e+03 2.27980102e+02 1.46920824e+02 3.55712237e+01
 3.66647250e+01 2.09079486e+01 5.95606530e+00 4.06247424e+00
 2.84052961e+00 2.10855062e+00 4.40362935e-01 4.39107598e-01
 4.06830147e-01 2.95478029e-01 1.37436239e-01 3.53864148e-02
 3.73098409e-02 1.89549356e-02 1.70706544e-02 1.79199969e-02
 7.87728877e-03 2.16150230e-03 2.25829044e-03 1.51572065e-03
 8.06481574e-04 6.81609499e-04 3.65376906e-04 3.56538881e-04
 1.25573714e-04 5.58775028e-05 5.30770173e-05 4.05451669e-05
 1.48409120e-05 6.55469443e-06 6.31340812e-06 4.97857867e-06
 1.66123511e-06 5.74778941e-07 5.67428874e-07 7.50878561e-07
 4.52746777e-07 2.95798788e-07 1.11269547e-07 9.96916335e-08
 1.46026090e-07 2.71510474e-08 2.80914578e-08 1.75941882e-08
 2.28146240e-08 9.67583723e-09 6.60313495e-09 4.51362010e-09
 2.17332734e-09 1.31707388e-09 9.13398629e-10 4.67082305e-10
 7.31564991e-10 4.47969951e-10 1.76787300e-10 1.24160361e-10
 4.67722843e-11 7.23958351e-11 1.22492442e-11 1.31984833e-11]
2: 1.341, fro: 1.928
regular_residuals_quotient: [9.32056377e+00 9.19149536e+00 5.18970270e+00 4.52667620e+00
 2.89596820e+00 1.56608386e+00 1.94142596e+00 3.81755434e-01
 5.42952304e-01 5.07727210e-01 4.92505118e-01 8.28008154e-02
 1.20372585e-01 8.01424842e-02 1.51714636e-01 3.81686455e-02
 6.81583832e-02 3.55357814e-02 3.55027637e-02 4.98146939e-03
 1.58748267e-02 1.01116933e-02 4.95229218e-03 2.71638177e-03
 6.54150830e-03 2.58242131e-03 2.46940147e-03 1.43386395e-03
 1.10262203e-03 7.05055304e-04 8.32566664e-04 5.76566981e-04
 1.55515680e-04 6.61690117e-04 1.26804081e-04 1.54191797e-04
 9.94635165e-05 6.36799452e-05 6.81104998e-05 6.44520395e-05
 9.57145967e-06 1.63464721e-05 8.19009666e-05 2.48934980e-05
 1.27962910e-05 8.28927433e-06 1.25864259e-05 6.58769185e-06
 7.95160762e-06 5.89001451e-07 2.38010318e-06 2.74132135e-06
 6.13160500e-06 3.49706362e-06 4.61105701e-07 9.00359155e-07
 2.00208796e-06 1.82337314e-07 1.11426275e-06 2.18734598e-07
 1.25772457e-07 1.40876993e-07 3.11225996e-07 2.48204384e-07]
2: 10.413, fro: 15.310
After residual reservoir, window 2: RSS=170.6MB, VMS=1537.0MB
Before canonical angles, window 2: RSS=170.6MB, VMS=1537.0MB
Reconstruction quality: 11.376620351799192
Subspace angle 2: 1.2568260307941868 0.04731598505320841
Canonical angles data saved successfully for iteration 1
After canonical angles, window 2: RSS=170.6MB, VMS=1537.0MB
Relative error in S: 0.6074217888180982
Relative error in S_quotient: 0.005457591914520769
After saving, window 2: RSS=170.6MB, VMS=1537.0MB
Small matrix
Current S: [303.74404675  42.50689603  28.58178563   6.82101914   5.80481442
   3.50943521   1.21148612   0.64147288   0.44343042   0.36099735] vs. correct S: [347.0533032   46.90609153  32.81757065   7.95884828   6.31022809
   3.87359508   1.58645862   0.70144644   0.50354684   0.38193742]
Entropies: [9.906, 9.145, 8.778, 7.292, 8.691, 8.138, 7.609, 7.786, 7.826, 7.287, 7.744, 7.069, 6.543, 7.024, 8.043, 6.697, 7.78, 7.025, 6.712, 7.7, 7.856, 6.837, 7.176, 6.21, 7.613, 7.8, 7.307, 8.042, 6.63, 7.137, 7.135, 6.63, 7.614, 7.349, 7.585, 7.837, 6.984, 7.553, 7.095, 7.059, 7.22, 7.517, 7.721, 7.574, 8.012, 6.939, 6.815, 7.322, 6.997, 7.639, 7.291, 7.751, 7.977, 7.868, 8.476, 7.56, 6.837, 7.282, 7.383, 6.958, 7.537, 7.629, 7.813, 7.58]
Normalized Entropies: [0.994, 0.918, 0.881, 0.732, 0.872, 0.817, 0.764, 0.781, 0.785, 0.731, 0.777, 0.709, 0.657, 0.705, 0.807, 0.672, 0.781, 0.705, 0.673, 0.773, 0.788, 0.686, 0.72, 0.623, 0.764, 0.783, 0.733, 0.807, 0.665, 0.716, 0.716, 0.665, 0.764, 0.737, 0.761, 0.786, 0.701, 0.758, 0.712, 0.708, 0.724, 0.754, 0.775, 0.76, 0.804, 0.696, 0.684, 0.735, 0.702, 0.766, 0.732, 0.778, 0.8, 0.79, 0.851, 0.759, 0.686, 0.731, 0.741, 0.698, 0.756, 0.766, 0.784, 0.761]
End of iSVD loop, window 2: RSS=174.2MB, VMS=1540.9MB
Window: 3
Processing rows 202 to 248 (exclusive)
Doing iSVD..
Sparse: False
isvd_partial_step_: S before:[303.74404675  42.50689603]
Computing SVD...
Before, window 3: RSS=174.2MB, VMS=1540.9MB
Small matrix
isvd_partial_step_: S after:[347.15879405  48.23078005]
> /home/ttran02/pj/computational-methods/utils.py(1518)isvd_partial_step_()
-> svd_time = time.time() - start_time
(Pdb) Traceback (most recent call last):
  File "/home/ttran02/pj/computational-methods/main.py", line 1068, in <module>
    S, Vt = isvd(A_csr, 
  File "/home/ttran02/pj/computational-methods/utils.py", line 4049, in isvd
    ret = step_function(current_method)
  File "/home/ttran02/pj/computational-methods/utils.py", line 3880, in step_function
    ret = isvd_step(next_window, row_permutation, j, start_idx, end_idx, window_size, k, W,
  File "/home/ttran02/pj/computational-methods/utils.py", line 2297, in isvd_step
    return isvd_step_(next_window, row_permutation, j, start_idx, end_idx, window_size, k, W,
  File "/home/ttran02/pj/computational-methods/utils.py", line 1784, in isvd_step_
    Vt, S, reservoir, reservoir_idx = isvd_partial_step_(next_window, row_permutation, j, start_idx, end_idx, window_size, k, W,
  File "/home/ttran02/pj/computational-methods/utils.py", line 1518, in isvd_partial_step_
    svd_time = time.time() - start_time
  File "/home/ttran02/pj/computational-methods/utils.py", line 1518, in isvd_partial_step_
    svd_time = time.time() - start_time
  File "/home/ttran02/.conda/envs/mcts/lib/python3.10/bdb.py", line 90, in trace_dispatch
    return self.dispatch_line(frame)
  File "/home/ttran02/.conda/envs/mcts/lib/python3.10/bdb.py", line 115, in dispatch_line
    if self.quitting: raise BdbQuit
bdb.BdbQuit
