[2026-04-16 21:11:35] watching /home/ttran02/pj/computational-methods/output22 and syncing completed runs to /scratch/ttran02/output22 when end_idx=1138
[2026-04-16 21:11:35] candidate 1138_bus_entropyscore_forget_svd_aux_random_uniform_2_size_115_ssize_30_k_85_sr_1_reservoir_greedy matched end_idx=1138; monitoring for 60s of stability
[2026-04-16 21:11:35] candidate 1138_bus_entropyscore_forget_svd_aux_random_uniform_2_size_115_ssize_30_k_85_sr_8_reservoir_greedy matched end_idx=1138; monitoring for 60s of stability
[2026-04-16 21:11:35] candidate 1138_bus_entropyscore_forget_svd_aux_random_uniform_2_size_12_ssize_11_k_1_sr_1_reservoir_greedy matched end_idx=1138; monitoring for 60s of stability
[2026-04-16 21:11:35] candidate 1138_bus_entropyscore_forget_svd_aux_random_uniform_2_size_13_ssize_11_k_2_sr_1_reservoir_greedy matched end_idx=1138; monitoring for 60s of stability
[2026-04-16 21:11:35] candidate 1138_bus_entropyscore_forget_svd_aux_random_uniform_2_size_13_ssize_11_k_2_sr_2_reservoir_greedy matched end_idx=1138; monitoring for 60s of stability
[2026-04-16 21:11:35] candidate 1138_bus_entropyscore_forget_svd_aux_random_uniform_2_size_17_ssize_11_k_6_sr_1_reservoir_greedy matched end_idx=1138; monitoring for 60s of stability
[2026-04-16 21:11:35] candidate 1138_bus_entropyscore_forget_svd_aux_random_uniform_2_size_17_ssize_11_k_6_sr_2_reservoir_greedy matched end_idx=1138; monitoring for 60s of stability
[2026-04-16 21:11:35] candidate 1138_bus_entropyscore_forget_svd_aux_random_uniform_2_size_17_ssize_11_k_6_sr_4_reservoir_greedy matched end_idx=1138; monitoring for 60s of stability
[2026-04-16 21:11:35] candidate 1138_bus_entropyscore_forget_svd_aux_random_uniform_2_size_17_ssize_11_k_6_sr_6_reservoir_greedy matched end_idx=1138; monitoring for 60s of stability
[2026-04-16 21:11:35] candidate 1138_bus_entropyscore_forget_svd_aux_random_uniform_2_size_217_ssize_11_k_206_sr_1_reservoir_greedy matched end_idx=1138; monitoring for 60s of stability
[2026-04-16 21:11:35] candidate 1138_bus_entropyscore_forget_svd_aux_random_uniform_2_size_217_ssize_11_k_206_sr_2_reservoir_greedy matched end_idx=1138; monitoring for 60s of stability
[2026-04-16 21:11:35] candidate 1138_bus_entropyscore_forget_svd_aux_random_uniform_2_size_236_ssize_30_k_206_sr_1_reservoir_greedy matched end_idx=1138; monitoring for 60s of stability
[2026-04-16 21:11:35] candidate 1138_bus_entropyscore_forget_svd_aux_random_uniform_2_size_25_ssize_11_k_14_sr_14_reservoir_greedy matched end_idx=1138; monitoring for 60s of stability
[2026-04-16 21:11:35] candidate 1138_bus_entropyscore_forget_svd_aux_random_uniform_2_size_25_ssize_11_k_14_sr_1_reservoir_greedy matched end_idx=1138; monitoring for 60s of stability
[2026-04-16 21:11:35] candidate 1138_bus_entropyscore_forget_svd_aux_random_uniform_2_size_25_ssize_11_k_14_sr_2_reservoir_greedy matched end_idx=1138; monitoring for 60s of stability
[2026-04-16 21:11:35] candidate 1138_bus_entropyscore_forget_svd_aux_random_uniform_2_size_25_ssize_11_k_14_sr_4_reservoir_greedy matched end_idx=1138; monitoring for 60s of stability
[2026-04-16 21:11:35] candidate 1138_bus_entropyscore_forget_svd_aux_random_uniform_2_size_25_ssize_11_k_14_sr_8_reservoir_greedy matched end_idx=1138; monitoring for 60s of stability
[2026-04-16 21:11:35] candidate 1138_bus_entropyscore_forget_svd_aux_random_uniform_2_size_31_ssize_30_k_1_sr_1_reservoir_greedy matched end_idx=1138; monitoring for 60s of stability
[2026-04-16 21:11:35] candidate 1138_bus_entropyscore_forget_svd_aux_random_uniform_2_size_46_ssize_11_k_35_sr_12_reservoir_greedy matched end_idx=1138; monitoring for 60s of stability
[2026-04-16 21:11:35] candidate 1138_bus_entropyscore_forget_svd_aux_random_uniform_2_size_46_ssize_11_k_35_sr_1_reservoir_greedy matched end_idx=1138; monitoring for 60s of stability
[2026-04-16 21:11:35] candidate 1138_bus_entropyscore_forget_svd_aux_random_uniform_2_size_46_ssize_11_k_35_sr_2_reservoir_greedy matched end_idx=1138; monitoring for 60s of stability
[2026-04-16 21:11:35] candidate 1138_bus_entropyscore_forget_svd_aux_random_uniform_2_size_46_ssize_11_k_35_sr_4_reservoir_greedy matched end_idx=1138; monitoring for 60s of stability
[2026-04-16 21:11:35] candidate 1138_bus_entropyscore_forget_svd_aux_random_uniform_2_size_46_ssize_11_k_35_sr_8_reservoir_greedy matched end_idx=1138; monitoring for 60s of stability
[2026-04-16 21:11:35] candidate 1138_bus_entropyscore_forget_svd_aux_random_uniform_2_size_511_ssize_11_k_500_sr_1_reservoir_greedy matched end_idx=1138; monitoring for 60s of stability
[2026-04-16 21:11:35] candidate 1138_bus_entropyscore_forget_svd_aux_random_uniform_2_size_511_ssize_11_k_500_sr_4_reservoir_greedy matched end_idx=1138; monitoring for 60s of stability
[2026-04-16 21:11:35] candidate 1138_bus_entropyscore_forget_svd_aux_random_uniform_2_size_530_ssize_30_k_500_sr_4_reservoir_greedy matched end_idx=1138; monitoring for 60s of stability
[2026-04-16 21:11:35] candidate 1138_bus_entropyscore_forget_svd_aux_random_uniform_2_size_65_ssize_30_k_35_sr_1_reservoir_greedy matched end_idx=1138; monitoring for 60s of stability
[2026-04-16 21:11:35] candidate 1138_bus_entropyscore_forget_svd_aux_random_uniform_2_size_96_ssize_11_k_85_sr_12_reservoir_greedy matched end_idx=1138; monitoring for 60s of stability
[2026-04-16 21:11:35] candidate 1138_bus_entropyscore_forget_svd_aux_random_uniform_2_size_96_ssize_11_k_85_sr_2_reservoir_greedy matched end_idx=1138; monitoring for 60s of stability
[2026-04-16 21:11:35] candidate 1138_bus_entropyscore_forget_svd_aux_random_uniform_2_size_96_ssize_11_k_85_sr_8_reservoir_greedy matched end_idx=1138; monitoring for 60s of stability
[2026-04-16 21:11:35] candidate 1138_bus_entropyscore_forget_svd_aux_random_uniform_3_size_115_ssize_30_k_85_sr_1_reservoir_greedy matched end_idx=1138; monitoring for 60s of stability
[2026-04-16 21:11:35] candidate 1138_bus_entropyscore_forget_svd_aux_random_uniform_3_size_115_ssize_30_k_85_sr_8_reservoir_greedy matched end_idx=1138; monitoring for 60s of stability
[2026-04-16 21:11:36] candidate 1138_bus_entropyscore_forget_svd_aux_random_uniform_3_size_12_ssize_11_k_1_sr_1_reservoir_greedy matched end_idx=1138; monitoring for 60s of stability
[2026-04-16 21:11:36] candidate 1138_bus_entropyscore_forget_svd_aux_random_uniform_3_size_13_ssize_11_k_2_sr_1_reservoir_greedy matched end_idx=1138; monitoring for 60s of stability
[2026-04-16 21:11:36] candidate 1138_bus_entropyscore_forget_svd_aux_random_uniform_3_size_13_ssize_11_k_2_sr_2_reservoir_greedy matched end_idx=1138; monitoring for 60s of stability
[2026-04-16 21:11:36] candidate 1138_bus_entropyscore_forget_svd_aux_random_uniform_3_size_17_ssize_11_k_6_sr_1_reservoir_greedy matched end_idx=1138; monitoring for 60s of stability
[2026-04-16 21:11:36] candidate 1138_bus_entropyscore_forget_svd_aux_random_uniform_3_size_17_ssize_11_k_6_sr_2_reservoir_greedy matched end_idx=1138; monitoring for 60s of stability
[2026-04-16 21:11:36] candidate 1138_bus_entropyscore_forget_svd_aux_random_uniform_3_size_17_ssize_11_k_6_sr_4_reservoir_greedy matched end_idx=1138; monitoring for 60s of stability
[2026-04-16 21:11:36] candidate 1138_bus_entropyscore_forget_svd_aux_random_uniform_3_size_17_ssize_11_k_6_sr_6_reservoir_greedy matched end_idx=1138; monitoring for 60s of stability
[2026-04-16 21:11:36] candidate 1138_bus_entropyscore_forget_svd_aux_random_uniform_3_size_217_ssize_11_k_206_sr_1_reservoir_greedy matched end_idx=1138; monitoring for 60s of stability
[2026-04-16 21:11:36] candidate 1138_bus_entropyscore_forget_svd_aux_random_uniform_3_size_217_ssize_11_k_206_sr_2_reservoir_greedy matched end_idx=1138; monitoring for 60s of stability
[2026-04-16 21:11:36] candidate 1138_bus_entropyscore_forget_svd_aux_random_uniform_3_size_236_ssize_30_k_206_sr_1_reservoir_greedy matched end_idx=1138; monitoring for 60s of stability
[2026-04-16 21:11:36] candidate 1138_bus_entropyscore_forget_svd_aux_random_uniform_3_size_25_ssize_11_k_14_sr_14_reservoir_greedy matched end_idx=1138; monitoring for 60s of stability
[2026-04-16 21:11:36] candidate 1138_bus_entropyscore_forget_svd_aux_random_uniform_3_size_25_ssize_11_k_14_sr_1_reservoir_greedy matched end_idx=1138; monitoring for 60s of stability
[2026-04-16 21:11:36] candidate 1138_bus_entropyscore_forget_svd_aux_random_uniform_3_size_25_ssize_11_k_14_sr_2_reservoir_greedy matched end_idx=1138; monitoring for 60s of stability
[2026-04-16 21:11:36] candidate 1138_bus_entropyscore_forget_svd_aux_random_uniform_3_size_25_ssize_11_k_14_sr_4_reservoir_greedy matched end_idx=1138; monitoring for 60s of stability
[2026-04-16 21:11:36] candidate 1138_bus_entropyscore_forget_svd_aux_random_uniform_3_size_25_ssize_11_k_14_sr_8_reservoir_greedy matched end_idx=1138; monitoring for 60s of stability
[2026-04-16 21:11:36] candidate 1138_bus_entropyscore_forget_svd_aux_random_uniform_3_size_31_ssize_30_k_1_sr_1_reservoir_greedy matched end_idx=1138; monitoring for 60s of stability
[2026-04-16 21:11:36] candidate 1138_bus_entropyscore_forget_svd_aux_random_uniform_3_size_46_ssize_11_k_35_sr_12_reservoir_greedy matched end_idx=1138; monitoring for 60s of stability
[2026-04-16 21:11:36] candidate 1138_bus_entropyscore_forget_svd_aux_random_uniform_3_size_46_ssize_11_k_35_sr_1_reservoir_greedy matched end_idx=1138; monitoring for 60s of stability
[2026-04-16 21:11:36] candidate 1138_bus_entropyscore_forget_svd_aux_random_uniform_3_size_46_ssize_11_k_35_sr_2_reservoir_greedy matched end_idx=1138; monitoring for 60s of stability
[2026-04-16 21:11:36] candidate 1138_bus_entropyscore_forget_svd_aux_random_uniform_3_size_46_ssize_11_k_35_sr_4_reservoir_greedy matched end_idx=1138; monitoring for 60s of stability
[2026-04-16 21:11:36] candidate 1138_bus_entropyscore_forget_svd_aux_random_uniform_3_size_46_ssize_11_k_35_sr_8_reservoir_greedy matched end_idx=1138; monitoring for 60s of stability
[2026-04-16 21:11:36] candidate 1138_bus_entropyscore_forget_svd_aux_random_uniform_3_size_511_ssize_11_k_500_sr_1_reservoir_greedy matched end_idx=1138; monitoring for 60s of stability
[2026-04-16 21:11:36] candidate 1138_bus_entropyscore_forget_svd_aux_random_uniform_3_size_65_ssize_30_k_35_sr_1_reservoir_greedy matched end_idx=1138; monitoring for 60s of stability
[2026-04-16 21:11:36] candidate 1138_bus_entropyscore_forget_svd_aux_random_uniform_3_size_96_ssize_11_k_85_sr_12_reservoir_greedy matched end_idx=1138; monitoring for 60s of stability
[2026-04-16 21:11:36] candidate 1138_bus_entropyscore_forget_svd_aux_random_uniform_3_size_96_ssize_11_k_85_sr_2_reservoir_greedy matched end_idx=1138; monitoring for 60s of stability
[2026-04-16 21:11:36] candidate 1138_bus_entropyscore_forget_svd_aux_random_uniform_3_size_96_ssize_11_k_85_sr_8_reservoir_greedy matched end_idx=1138; monitoring for 60s of stability
[2026-04-16 21:11:36] candidate 1138_bus_entropyscore_forget_svd_aux_random_uniform_4_size_115_ssize_30_k_85_sr_1_reservoir_greedy matched end_idx=1138; monitoring for 60s of stability
[2026-04-16 21:11:36] candidate 1138_bus_entropyscore_forget_svd_aux_random_uniform_4_size_115_ssize_30_k_85_sr_8_reservoir_greedy matched end_idx=1138; monitoring for 60s of stability
[2026-04-16 21:11:36] candidate 1138_bus_entropyscore_forget_svd_aux_random_uniform_4_size_12_ssize_11_k_1_sr_1_reservoir_greedy matched end_idx=1138; monitoring for 60s of stability
[2026-04-16 21:11:36] candidate 1138_bus_entropyscore_forget_svd_aux_random_uniform_4_size_13_ssize_11_k_2_sr_1_reservoir_greedy matched end_idx=1138; monitoring for 60s of stability
[2026-04-16 21:11:36] candidate 1138_bus_entropyscore_forget_svd_aux_random_uniform_4_size_13_ssize_11_k_2_sr_2_reservoir_greedy matched end_idx=1138; monitoring for 60s of stability
[2026-04-16 21:11:36] candidate 1138_bus_entropyscore_forget_svd_aux_random_uniform_4_size_17_ssize_11_k_6_sr_1_reservoir_greedy matched end_idx=1138; monitoring for 60s of stability
[2026-04-16 21:11:36] candidate 1138_bus_entropyscore_forget_svd_aux_random_uniform_4_size_17_ssize_11_k_6_sr_2_reservoir_greedy matched end_idx=1138; monitoring for 60s of stability
[2026-04-16 21:11:36] candidate 1138_bus_entropyscore_forget_svd_aux_random_uniform_4_size_17_ssize_11_k_6_sr_4_reservoir_greedy matched end_idx=1138; monitoring for 60s of stability
[2026-04-16 21:11:36] candidate 1138_bus_entropyscore_forget_svd_aux_random_uniform_4_size_17_ssize_11_k_6_sr_6_reservoir_greedy matched end_idx=1138; monitoring for 60s of stability
[2026-04-16 21:11:36] candidate 1138_bus_entropyscore_forget_svd_aux_random_uniform_4_size_217_ssize_11_k_206_sr_1_reservoir_greedy matched end_idx=1138; monitoring for 60s of stability
[2026-04-16 21:11:36] candidate 1138_bus_entropyscore_forget_svd_aux_random_uniform_4_size_217_ssize_11_k_206_sr_2_reservoir_greedy matched end_idx=1138; monitoring for 60s of stability
[2026-04-16 21:11:36] candidate 1138_bus_entropyscore_forget_svd_aux_random_uniform_4_size_25_ssize_11_k_14_sr_1_reservoir_greedy matched end_idx=1138; monitoring for 60s of stability
[2026-04-16 21:11:36] candidate 1138_bus_entropyscore_forget_svd_aux_random_uniform_4_size_25_ssize_11_k_14_sr_2_reservoir_greedy matched end_idx=1138; monitoring for 60s of stability
[2026-04-16 21:11:36] candidate 1138_bus_entropyscore_forget_svd_aux_random_uniform_4_size_25_ssize_11_k_14_sr_4_reservoir_greedy matched end_idx=1138; monitoring for 60s of stability
[2026-04-16 21:11:36] candidate 1138_bus_entropyscore_forget_svd_aux_random_uniform_4_size_25_ssize_11_k_14_sr_8_reservoir_greedy matched end_idx=1138; monitoring for 60s of stability
[2026-04-16 21:11:37] candidate 1138_bus_entropyscore_forget_svd_aux_random_uniform_4_size_31_ssize_30_k_1_sr_1_reservoir_greedy matched end_idx=1138; monitoring for 60s of stability
[2026-04-16 21:11:37] candidate 1138_bus_entropyscore_forget_svd_aux_random_uniform_4_size_46_ssize_11_k_35_sr_12_reservoir_greedy matched end_idx=1138; monitoring for 60s of stability
[2026-04-16 21:11:37] candidate 1138_bus_entropyscore_forget_svd_aux_random_uniform_4_size_46_ssize_11_k_35_sr_1_reservoir_greedy matched end_idx=1138; monitoring for 60s of stability
[2026-04-16 21:11:37] candidate 1138_bus_entropyscore_forget_svd_aux_random_uniform_4_size_46_ssize_11_k_35_sr_2_reservoir_greedy matched end_idx=1138; monitoring for 60s of stability
[2026-04-16 21:11:37] candidate 1138_bus_entropyscore_forget_svd_aux_random_uniform_4_size_46_ssize_11_k_35_sr_4_reservoir_greedy matched end_idx=1138; monitoring for 60s of stability
[2026-04-16 21:11:37] candidate 1138_bus_entropyscore_forget_svd_aux_random_uniform_4_size_46_ssize_11_k_35_sr_8_reservoir_greedy matched end_idx=1138; monitoring for 60s of stability
[2026-04-16 21:11:37] candidate 1138_bus_entropyscore_forget_svd_aux_random_uniform_4_size_65_ssize_30_k_35_sr_1_reservoir_greedy matched end_idx=1138; monitoring for 60s of stability
[2026-04-16 21:11:37] candidate 1138_bus_entropyscore_forget_svd_aux_random_uniform_4_size_96_ssize_11_k_85_sr_2_reservoir_greedy matched end_idx=1138; monitoring for 60s of stability
[2026-04-16 21:11:37] candidate 1138_bus_entropyscore_forget_svd_aux_random_uniform_4_size_96_ssize_11_k_85_sr_8_reservoir_greedy matched end_idx=1138; monitoring for 60s of stability
[2026-04-16 21:11:37] candidate 1138_bus_entropyscore_forget_svd_aux_random_uniform_5_size_115_ssize_30_k_85_sr_1_reservoir_greedy matched end_idx=1138; monitoring for 60s of stability
[2026-04-16 21:11:37] candidate 1138_bus_entropyscore_forget_svd_aux_random_uniform_5_size_115_ssize_30_k_85_sr_8_reservoir_greedy matched end_idx=1138; monitoring for 60s of stability
[2026-04-16 21:11:37] candidate 1138_bus_entropyscore_forget_svd_aux_random_uniform_5_size_12_ssize_11_k_1_sr_1_reservoir_greedy matched end_idx=1138; monitoring for 60s of stability
[2026-04-16 21:11:37] candidate 1138_bus_entropyscore_forget_svd_aux_random_uniform_5_size_13_ssize_11_k_2_sr_1_reservoir_greedy matched end_idx=1138; monitoring for 60s of stability
[2026-04-16 21:11:37] candidate 1138_bus_entropyscore_forget_svd_aux_random_uniform_5_size_13_ssize_11_k_2_sr_2_reservoir_greedy matched end_idx=1138; monitoring for 60s of stability
[2026-04-16 21:11:37] candidate 1138_bus_entropyscore_forget_svd_aux_random_uniform_5_size_17_ssize_11_k_6_sr_1_reservoir_greedy matched end_idx=1138; monitoring for 60s of stability
[2026-04-16 21:11:37] candidate 1138_bus_entropyscore_forget_svd_aux_random_uniform_5_size_17_ssize_11_k_6_sr_2_reservoir_greedy matched end_idx=1138; monitoring for 60s of stability
[2026-04-16 21:11:37] candidate 1138_bus_entropyscore_forget_svd_aux_random_uniform_5_size_17_ssize_11_k_6_sr_4_reservoir_greedy matched end_idx=1138; monitoring for 60s of stability
[2026-04-16 21:11:37] candidate 1138_bus_entropyscore_forget_svd_aux_random_uniform_5_size_17_ssize_11_k_6_sr_6_reservoir_greedy matched end_idx=1138; monitoring for 60s of stability
[2026-04-16 21:11:37] candidate 1138_bus_entropyscore_forget_svd_aux_random_uniform_5_size_217_ssize_11_k_206_sr_1_reservoir_greedy matched end_idx=1138; monitoring for 60s of stability
[2026-04-16 21:11:37] candidate 1138_bus_entropyscore_forget_svd_aux_random_uniform_5_size_217_ssize_11_k_206_sr_2_reservoir_greedy matched end_idx=1138; monitoring for 60s of stability
[2026-04-16 21:11:37] candidate 1138_bus_entropyscore_forget_svd_aux_random_uniform_5_size_25_ssize_11_k_14_sr_1_reservoir_greedy matched end_idx=1138; monitoring for 60s of stability
[2026-04-16 21:11:37] candidate 1138_bus_entropyscore_forget_svd_aux_random_uniform_5_size_25_ssize_11_k_14_sr_2_reservoir_greedy matched end_idx=1138; monitoring for 60s of stability
[2026-04-16 21:11:37] candidate 1138_bus_entropyscore_forget_svd_aux_random_uniform_5_size_25_ssize_11_k_14_sr_4_reservoir_greedy matched end_idx=1138; monitoring for 60s of stability
[2026-04-16 21:11:37] candidate 1138_bus_entropyscore_forget_svd_aux_random_uniform_5_size_25_ssize_11_k_14_sr_8_reservoir_greedy matched end_idx=1138; monitoring for 60s of stability
[2026-04-16 21:11:37] candidate 1138_bus_entropyscore_forget_svd_aux_random_uniform_5_size_31_ssize_30_k_1_sr_1_reservoir_greedy matched end_idx=1138; monitoring for 60s of stability
[2026-04-16 21:11:37] candidate 1138_bus_entropyscore_forget_svd_aux_random_uniform_5_size_46_ssize_11_k_35_sr_1_reservoir_greedy matched end_idx=1138; monitoring for 60s of stability
[2026-04-16 21:11:37] candidate 1138_bus_entropyscore_forget_svd_aux_random_uniform_5_size_46_ssize_11_k_35_sr_2_reservoir_greedy matched end_idx=1138; monitoring for 60s of stability
[2026-04-16 21:11:37] candidate 1138_bus_entropyscore_forget_svd_aux_random_uniform_5_size_46_ssize_11_k_35_sr_4_reservoir_greedy matched end_idx=1138; monitoring for 60s of stability
[2026-04-16 21:11:37] candidate 1138_bus_entropyscore_forget_svd_aux_random_uniform_5_size_46_ssize_11_k_35_sr_8_reservoir_greedy matched end_idx=1138; monitoring for 60s of stability
[2026-04-16 21:11:37] candidate 1138_bus_entropyscore_forget_svd_aux_random_uniform_5_size_65_ssize_30_k_35_sr_1_reservoir_greedy matched end_idx=1138; monitoring for 60s of stability
[2026-04-16 21:11:37] candidate 1138_bus_entropyscore_forget_svd_aux_random_uniform_5_size_96_ssize_11_k_85_sr_2_reservoir_greedy matched end_idx=1138; monitoring for 60s of stability
[2026-04-16 21:11:37] candidate 1138_bus_entropyscore_forget_svd_aux_random_uniform_size_115_ssize_30_k_85_sr_1_reservoir_greedy matched end_idx=1138; monitoring for 60s of stability
[2026-04-16 21:11:37] candidate 1138_bus_entropyscore_forget_svd_aux_random_uniform_size_115_ssize_30_k_85_sr_8_reservoir_greedy matched end_idx=1138; monitoring for 60s of stability
[2026-04-16 21:11:37] candidate 1138_bus_entropyscore_forget_svd_aux_random_uniform_size_12_ssize_11_k_1_sr_1_reservoir_greedy matched end_idx=1138; monitoring for 60s of stability
[2026-04-16 21:11:37] candidate 1138_bus_entropyscore_forget_svd_aux_random_uniform_size_13_ssize_11_k_2_sr_1_reservoir_greedy matched end_idx=1138; monitoring for 60s of stability
[2026-04-16 21:11:37] candidate 1138_bus_entropyscore_forget_svd_aux_random_uniform_size_13_ssize_11_k_2_sr_2_reservoir_greedy matched end_idx=1138; monitoring for 60s of stability
[2026-04-16 21:11:37] candidate 1138_bus_entropyscore_forget_svd_aux_random_uniform_size_17_ssize_11_k_6_sr_1_reservoir_greedy matched end_idx=1138; monitoring for 60s of stability
[2026-04-16 21:11:37] candidate 1138_bus_entropyscore_forget_svd_aux_random_uniform_size_17_ssize_11_k_6_sr_2_reservoir_greedy matched end_idx=1138; monitoring for 60s of stability
[2026-04-16 21:11:37] candidate 1138_bus_entropyscore_forget_svd_aux_random_uniform_size_17_ssize_11_k_6_sr_4_reservoir_greedy matched end_idx=1138; monitoring for 60s of stability
[2026-04-16 21:11:38] candidate 1138_bus_entropyscore_forget_svd_aux_random_uniform_size_17_ssize_11_k_6_sr_6_reservoir_greedy matched end_idx=1138; monitoring for 60s of stability
[2026-04-16 21:11:38] candidate 1138_bus_entropyscore_forget_svd_aux_random_uniform_size_217_ssize_11_k_206_sr_12_reservoir_greedy matched end_idx=1138; monitoring for 60s of stability
[2026-04-16 21:11:38] candidate 1138_bus_entropyscore_forget_svd_aux_random_uniform_size_217_ssize_11_k_206_sr_16_reservoir_greedy matched end_idx=1138; monitoring for 60s of stability
[2026-04-16 21:11:38] candidate 1138_bus_entropyscore_forget_svd_aux_random_uniform_size_217_ssize_11_k_206_sr_1_reservoir_greedy matched end_idx=1138; monitoring for 60s of stability
[2026-04-16 21:11:38] candidate 1138_bus_entropyscore_forget_svd_aux_random_uniform_size_217_ssize_11_k_206_sr_2_reservoir_greedy matched end_idx=1138; monitoring for 60s of stability
[2026-04-16 21:11:38] candidate 1138_bus_entropyscore_forget_svd_aux_random_uniform_size_236_ssize_30_k_206_sr_1_reservoir_greedy matched end_idx=1138; monitoring for 60s of stability
[2026-04-16 21:11:38] candidate 1138_bus_entropyscore_forget_svd_aux_random_uniform_size_236_ssize_30_k_206_sr_8_reservoir_greedy matched end_idx=1138; monitoring for 60s of stability
[2026-04-16 21:11:38] candidate 1138_bus_entropyscore_forget_svd_aux_random_uniform_size_25_ssize_11_k_14_sr_14_reservoir_greedy matched end_idx=1138; monitoring for 60s of stability
[2026-04-16 21:11:38] candidate 1138_bus_entropyscore_forget_svd_aux_random_uniform_size_25_ssize_11_k_14_sr_1_reservoir_greedy matched end_idx=1138; monitoring for 60s of stability
[2026-04-16 21:11:38] candidate 1138_bus_entropyscore_forget_svd_aux_random_uniform_size_25_ssize_11_k_14_sr_2_reservoir_greedy matched end_idx=1138; monitoring for 60s of stability
[2026-04-16 21:11:38] candidate 1138_bus_entropyscore_forget_svd_aux_random_uniform_size_25_ssize_11_k_14_sr_4_reservoir_greedy matched end_idx=1138; monitoring for 60s of stability
[2026-04-16 21:11:38] candidate 1138_bus_entropyscore_forget_svd_aux_random_uniform_size_25_ssize_11_k_14_sr_8_reservoir_greedy matched end_idx=1138; monitoring for 60s of stability
[2026-04-16 21:11:38] candidate 1138_bus_entropyscore_forget_svd_aux_random_uniform_size_31_ssize_30_k_1_sr_1_reservoir_greedy matched end_idx=1138; monitoring for 60s of stability
[2026-04-16 21:11:38] candidate 1138_bus_entropyscore_forget_svd_aux_random_uniform_size_46_ssize_11_k_35_sr_12_reservoir_greedy matched end_idx=1138; monitoring for 60s of stability
[2026-04-16 21:11:38] candidate 1138_bus_entropyscore_forget_svd_aux_random_uniform_size_46_ssize_11_k_35_sr_1_reservoir_greedy matched end_idx=1138; monitoring for 60s of stability
[2026-04-16 21:11:38] candidate 1138_bus_entropyscore_forget_svd_aux_random_uniform_size_46_ssize_11_k_35_sr_2_reservoir_greedy matched end_idx=1138; monitoring for 60s of stability
[2026-04-16 21:11:38] candidate 1138_bus_entropyscore_forget_svd_aux_random_uniform_size_46_ssize_11_k_35_sr_4_reservoir_greedy matched end_idx=1138; monitoring for 60s of stability
[2026-04-16 21:11:38] candidate 1138_bus_entropyscore_forget_svd_aux_random_uniform_size_46_ssize_11_k_35_sr_8_reservoir_greedy matched end_idx=1138; monitoring for 60s of stability
[2026-04-16 21:11:38] candidate 1138_bus_entropyscore_forget_svd_aux_random_uniform_size_511_ssize_11_k_500_sr_1_reservoir_greedy matched end_idx=1138; monitoring for 60s of stability
[2026-04-16 21:11:38] candidate 1138_bus_entropyscore_forget_svd_aux_random_uniform_size_511_ssize_11_k_500_sr_4_reservoir_greedy matched end_idx=1138; monitoring for 60s of stability
[2026-04-16 21:11:38] candidate 1138_bus_entropyscore_forget_svd_aux_random_uniform_size_530_ssize_30_k_500_sr_4_reservoir_greedy matched end_idx=1138; monitoring for 60s of stability
[2026-04-16 21:11:38] candidate 1138_bus_entropyscore_forget_svd_aux_random_uniform_size_65_ssize_30_k_35_sr_1_reservoir_greedy matched end_idx=1138; monitoring for 60s of stability
[2026-04-16 21:11:38] candidate 1138_bus_entropyscore_forget_svd_aux_random_uniform_size_96_ssize_11_k_85_sr_12_reservoir_greedy matched end_idx=1138; monitoring for 60s of stability
[2026-04-16 21:11:38] candidate 1138_bus_entropyscore_forget_svd_aux_random_uniform_size_96_ssize_11_k_85_sr_2_reservoir_greedy matched end_idx=1138; monitoring for 60s of stability
[2026-04-16 21:11:38] candidate 1138_bus_entropyscore_forget_svd_aux_random_uniform_size_96_ssize_11_k_85_sr_8_reservoir_greedy matched end_idx=1138; monitoring for 60s of stability
[2026-04-16 21:12:39] zip created for 1138_bus_entropyscore_forget_svd_aux_random_uniform_2_size_115_ssize_30_k_85_sr_1_reservoir_greedy: 362 files -> /scratch/ttran02/output22_sampled_zips/1138_bus_entropyscore_forget_svd_aux_random_uniform_2_size_115_ssize_30_k_85_sr_1_reservoir_greedy_sampled.zip
[2026-04-16 21:12:40] synced 1138_bus_entropyscore_forget_svd_aux_random_uniform_2_size_115_ssize_30_k_85_sr_1_reservoir_greedy to /scratch/ttran02/output22/1138_bus_entropyscore_forget_svd_aux_random_uniform_2_size_115_ssize_30_k_85_sr_1_reservoir_greedy, zipped to /scratch/ttran02/output22_sampled_zips, and removed /home/ttran02/pj/computational-methods/output22/1138_bus_entropyscore_forget_svd_aux_random_uniform_2_size_115_ssize_30_k_85_sr_1_reservoir_greedy
[2026-04-16 21:12:41] zip created for 1138_bus_entropyscore_forget_svd_aux_random_uniform_2_size_115_ssize_30_k_85_sr_8_reservoir_greedy: 362 files -> /scratch/ttran02/output22_sampled_zips/1138_bus_entropyscore_forget_svd_aux_random_uniform_2_size_115_ssize_30_k_85_sr_8_reservoir_greedy_sampled.zip
[2026-04-16 21:12:41] synced 1138_bus_entropyscore_forget_svd_aux_random_uniform_2_size_115_ssize_30_k_85_sr_8_reservoir_greedy to /scratch/ttran02/output22/1138_bus_entropyscore_forget_svd_aux_random_uniform_2_size_115_ssize_30_k_85_sr_8_reservoir_greedy, zipped to /scratch/ttran02/output22_sampled_zips, and removed /home/ttran02/pj/computational-methods/output22/1138_bus_entropyscore_forget_svd_aux_random_uniform_2_size_115_ssize_30_k_85_sr_8_reservoir_greedy
[2026-04-16 21:12:42] zip created for 1138_bus_entropyscore_forget_svd_aux_random_uniform_2_size_12_ssize_11_k_1_sr_1_reservoir_greedy: 502 files -> /scratch/ttran02/output22_sampled_zips/1138_bus_entropyscore_forget_svd_aux_random_uniform_2_size_12_ssize_11_k_1_sr_1_reservoir_greedy_sampled.zip
[2026-04-16 21:12:43] synced 1138_bus_entropyscore_forget_svd_aux_random_uniform_2_size_12_ssize_11_k_1_sr_1_reservoir_greedy to /scratch/ttran02/output22/1138_bus_entropyscore_forget_svd_aux_random_uniform_2_size_12_ssize_11_k_1_sr_1_reservoir_greedy, zipped to /scratch/ttran02/output22_sampled_zips, and removed /home/ttran02/pj/computational-methods/output22/1138_bus_entropyscore_forget_svd_aux_random_uniform_2_size_12_ssize_11_k_1_sr_1_reservoir_greedy
[2026-04-16 21:12:44] zip created for 1138_bus_entropyscore_forget_svd_aux_random_uniform_2_size_13_ssize_11_k_2_sr_1_reservoir_greedy: 502 files -> /scratch/ttran02/output22_sampled_zips/1138_bus_entropyscore_forget_svd_aux_random_uniform_2_size_13_ssize_11_k_2_sr_1_reservoir_greedy_sampled.zip
[2026-04-16 21:12:44] synced 1138_bus_entropyscore_forget_svd_aux_random_uniform_2_size_13_ssize_11_k_2_sr_1_reservoir_greedy to /scratch/ttran02/output22/1138_bus_entropyscore_forget_svd_aux_random_uniform_2_size_13_ssize_11_k_2_sr_1_reservoir_greedy, zipped to /scratch/ttran02/output22_sampled_zips, and removed /home/ttran02/pj/computational-methods/output22/1138_bus_entropyscore_forget_svd_aux_random_uniform_2_size_13_ssize_11_k_2_sr_1_reservoir_greedy
[2026-04-16 21:12:45] zip created for 1138_bus_entropyscore_forget_svd_aux_random_uniform_2_size_13_ssize_11_k_2_sr_2_reservoir_greedy: 502 files -> /scratch/ttran02/output22_sampled_zips/1138_bus_entropyscore_forget_svd_aux_random_uniform_2_size_13_ssize_11_k_2_sr_2_reservoir_greedy_sampled.zip
[2026-04-16 21:12:46] synced 1138_bus_entropyscore_forget_svd_aux_random_uniform_2_size_13_ssize_11_k_2_sr_2_reservoir_greedy to /scratch/ttran02/output22/1138_bus_entropyscore_forget_svd_aux_random_uniform_2_size_13_ssize_11_k_2_sr_2_reservoir_greedy, zipped to /scratch/ttran02/output22_sampled_zips, and removed /home/ttran02/pj/computational-methods/output22/1138_bus_entropyscore_forget_svd_aux_random_uniform_2_size_13_ssize_11_k_2_sr_2_reservoir_greedy
[2026-04-16 21:12:46] zip created for 1138_bus_entropyscore_forget_svd_aux_random_uniform_2_size_17_ssize_11_k_6_sr_1_reservoir_greedy: 502 files -> /scratch/ttran02/output22_sampled_zips/1138_bus_entropyscore_forget_svd_aux_random_uniform_2_size_17_ssize_11_k_6_sr_1_reservoir_greedy_sampled.zip
[2026-04-16 21:12:47] synced 1138_bus_entropyscore_forget_svd_aux_random_uniform_2_size_17_ssize_11_k_6_sr_1_reservoir_greedy to /scratch/ttran02/output22/1138_bus_entropyscore_forget_svd_aux_random_uniform_2_size_17_ssize_11_k_6_sr_1_reservoir_greedy, zipped to /scratch/ttran02/output22_sampled_zips, and removed /home/ttran02/pj/computational-methods/output22/1138_bus_entropyscore_forget_svd_aux_random_uniform_2_size_17_ssize_11_k_6_sr_1_reservoir_greedy
[2026-04-16 21:12:48] zip created for 1138_bus_entropyscore_forget_svd_aux_random_uniform_2_size_17_ssize_11_k_6_sr_2_reservoir_greedy: 502 files -> /scratch/ttran02/output22_sampled_zips/1138_bus_entropyscore_forget_svd_aux_random_uniform_2_size_17_ssize_11_k_6_sr_2_reservoir_greedy_sampled.zip
[2026-04-16 21:12:48] synced 1138_bus_entropyscore_forget_svd_aux_random_uniform_2_size_17_ssize_11_k_6_sr_2_reservoir_greedy to /scratch/ttran02/output22/1138_bus_entropyscore_forget_svd_aux_random_uniform_2_size_17_ssize_11_k_6_sr_2_reservoir_greedy, zipped to /scratch/ttran02/output22_sampled_zips, and removed /home/ttran02/pj/computational-methods/output22/1138_bus_entropyscore_forget_svd_aux_random_uniform_2_size_17_ssize_11_k_6_sr_2_reservoir_greedy
[2026-04-16 21:12:49] zip created for 1138_bus_entropyscore_forget_svd_aux_random_uniform_2_size_17_ssize_11_k_6_sr_4_reservoir_greedy: 502 files -> /scratch/ttran02/output22_sampled_zips/1138_bus_entropyscore_forget_svd_aux_random_uniform_2_size_17_ssize_11_k_6_sr_4_reservoir_greedy_sampled.zip
[2026-04-16 21:12:50] synced 1138_bus_entropyscore_forget_svd_aux_random_uniform_2_size_17_ssize_11_k_6_sr_4_reservoir_greedy to /scratch/ttran02/output22/1138_bus_entropyscore_forget_svd_aux_random_uniform_2_size_17_ssize_11_k_6_sr_4_reservoir_greedy, zipped to /scratch/ttran02/output22_sampled_zips, and removed /home/ttran02/pj/computational-methods/output22/1138_bus_entropyscore_forget_svd_aux_random_uniform_2_size_17_ssize_11_k_6_sr_4_reservoir_greedy
[2026-04-16 21:12:51] zip created for 1138_bus_entropyscore_forget_svd_aux_random_uniform_2_size_17_ssize_11_k_6_sr_6_reservoir_greedy: 502 files -> /scratch/ttran02/output22_sampled_zips/1138_bus_entropyscore_forget_svd_aux_random_uniform_2_size_17_ssize_11_k_6_sr_6_reservoir_greedy_sampled.zip
[2026-04-16 21:12:51] synced 1138_bus_entropyscore_forget_svd_aux_random_uniform_2_size_17_ssize_11_k_6_sr_6_reservoir_greedy to /scratch/ttran02/output22/1138_bus_entropyscore_forget_svd_aux_random_uniform_2_size_17_ssize_11_k_6_sr_6_reservoir_greedy, zipped to /scratch/ttran02/output22_sampled_zips, and removed /home/ttran02/pj/computational-methods/output22/1138_bus_entropyscore_forget_svd_aux_random_uniform_2_size_17_ssize_11_k_6_sr_6_reservoir_greedy
[2026-04-16 21:12:51] candidate 1138_bus_entropyscore_forget_svd_aux_random_uniform_2_size_217_ssize_11_k_206_sr_12_reservoir_greedy matched end_idx=1138; monitoring for 60s of stability
[2026-04-16 21:12:51] candidate 1138_bus_entropyscore_forget_svd_aux_random_uniform_2_size_217_ssize_11_k_206_sr_16_reservoir_greedy matched end_idx=1138; monitoring for 60s of stability
[2026-04-16 21:12:56] zip created for 1138_bus_entropyscore_forget_svd_aux_random_uniform_2_size_217_ssize_11_k_206_sr_1_reservoir_greedy: 502 files -> /scratch/ttran02/output22_sampled_zips/1138_bus_entropyscore_forget_svd_aux_random_uniform_2_size_217_ssize_11_k_206_sr_1_reservoir_greedy_sampled.zip
[2026-04-16 21:12:56] synced 1138_bus_entropyscore_forget_svd_aux_random_uniform_2_size_217_ssize_11_k_206_sr_1_reservoir_greedy to /scratch/ttran02/output22/1138_bus_entropyscore_forget_svd_aux_random_uniform_2_size_217_ssize_11_k_206_sr_1_reservoir_greedy, zipped to /scratch/ttran02/output22_sampled_zips, and removed /home/ttran02/pj/computational-methods/output22/1138_bus_entropyscore_forget_svd_aux_random_uniform_2_size_217_ssize_11_k_206_sr_1_reservoir_greedy
[2026-04-16 21:13:01] zip created for 1138_bus_entropyscore_forget_svd_aux_random_uniform_2_size_217_ssize_11_k_206_sr_2_reservoir_greedy: 502 files -> /scratch/ttran02/output22_sampled_zips/1138_bus_entropyscore_forget_svd_aux_random_uniform_2_size_217_ssize_11_k_206_sr_2_reservoir_greedy_sampled.zip
[2026-04-16 21:13:01] synced 1138_bus_entropyscore_forget_svd_aux_random_uniform_2_size_217_ssize_11_k_206_sr_2_reservoir_greedy to /scratch/ttran02/output22/1138_bus_entropyscore_forget_svd_aux_random_uniform_2_size_217_ssize_11_k_206_sr_2_reservoir_greedy, zipped to /scratch/ttran02/output22_sampled_zips, and removed /home/ttran02/pj/computational-methods/output22/1138_bus_entropyscore_forget_svd_aux_random_uniform_2_size_217_ssize_11_k_206_sr_2_reservoir_greedy
[2026-04-16 21:13:04] zip created for 1138_bus_entropyscore_forget_svd_aux_random_uniform_2_size_236_ssize_30_k_206_sr_1_reservoir_greedy: 322 files -> /scratch/ttran02/output22_sampled_zips/1138_bus_entropyscore_forget_svd_aux_random_uniform_2_size_236_ssize_30_k_206_sr_1_reservoir_greedy_sampled.zip
[2026-04-16 21:13:04] synced 1138_bus_entropyscore_forget_svd_aux_random_uniform_2_size_236_ssize_30_k_206_sr_1_reservoir_greedy to /scratch/ttran02/output22/1138_bus_entropyscore_forget_svd_aux_random_uniform_2_size_236_ssize_30_k_206_sr_1_reservoir_greedy, zipped to /scratch/ttran02/output22_sampled_zips, and removed /home/ttran02/pj/computational-methods/output22/1138_bus_entropyscore_forget_svd_aux_random_uniform_2_size_236_ssize_30_k_206_sr_1_reservoir_greedy
[2026-04-16 21:13:04] candidate 1138_bus_entropyscore_forget_svd_aux_random_uniform_2_size_236_ssize_30_k_206_sr_8_reservoir_greedy matched end_idx=1138; monitoring for 60s of stability
[2026-04-16 21:13:05] zip created for 1138_bus_entropyscore_forget_svd_aux_random_uniform_2_size_25_ssize_11_k_14_sr_14_reservoir_greedy: 502 files -> /scratch/ttran02/output22_sampled_zips/1138_bus_entropyscore_forget_svd_aux_random_uniform_2_size_25_ssize_11_k_14_sr_14_reservoir_greedy_sampled.zip
[2026-04-16 21:13:05] synced 1138_bus_entropyscore_forget_svd_aux_random_uniform_2_size_25_ssize_11_k_14_sr_14_reservoir_greedy to /scratch/ttran02/output22/1138_bus_entropyscore_forget_svd_aux_random_uniform_2_size_25_ssize_11_k_14_sr_14_reservoir_greedy, zipped to /scratch/ttran02/output22_sampled_zips, and removed /home/ttran02/pj/computational-methods/output22/1138_bus_entropyscore_forget_svd_aux_random_uniform_2_size_25_ssize_11_k_14_sr_14_reservoir_greedy
[2026-04-16 21:13:06] zip created for 1138_bus_entropyscore_forget_svd_aux_random_uniform_2_size_25_ssize_11_k_14_sr_1_reservoir_greedy: 502 files -> /scratch/ttran02/output22_sampled_zips/1138_bus_entropyscore_forget_svd_aux_random_uniform_2_size_25_ssize_11_k_14_sr_1_reservoir_greedy_sampled.zip
[2026-04-16 21:13:07] synced 1138_bus_entropyscore_forget_svd_aux_random_uniform_2_size_25_ssize_11_k_14_sr_1_reservoir_greedy to /scratch/ttran02/output22/1138_bus_entropyscore_forget_svd_aux_random_uniform_2_size_25_ssize_11_k_14_sr_1_reservoir_greedy, zipped to /scratch/ttran02/output22_sampled_zips, and removed /home/ttran02/pj/computational-methods/output22/1138_bus_entropyscore_forget_svd_aux_random_uniform_2_size_25_ssize_11_k_14_sr_1_reservoir_greedy
[2026-04-16 21:13:08] zip created for 1138_bus_entropyscore_forget_svd_aux_random_uniform_2_size_25_ssize_11_k_14_sr_2_reservoir_greedy: 502 files -> /scratch/ttran02/output22_sampled_zips/1138_bus_entropyscore_forget_svd_aux_random_uniform_2_size_25_ssize_11_k_14_sr_2_reservoir_greedy_sampled.zip
[2026-04-16 21:13:08] synced 1138_bus_entropyscore_forget_svd_aux_random_uniform_2_size_25_ssize_11_k_14_sr_2_reservoir_greedy to /scratch/ttran02/output22/1138_bus_entropyscore_forget_svd_aux_random_uniform_2_size_25_ssize_11_k_14_sr_2_reservoir_greedy, zipped to /scratch/ttran02/output22_sampled_zips, and removed /home/ttran02/pj/computational-methods/output22/1138_bus_entropyscore_forget_svd_aux_random_uniform_2_size_25_ssize_11_k_14_sr_2_reservoir_greedy
[2026-04-16 21:13:09] zip created for 1138_bus_entropyscore_forget_svd_aux_random_uniform_2_size_25_ssize_11_k_14_sr_4_reservoir_greedy: 502 files -> /scratch/ttran02/output22_sampled_zips/1138_bus_entropyscore_forget_svd_aux_random_uniform_2_size_25_ssize_11_k_14_sr_4_reservoir_greedy_sampled.zip
[2026-04-16 21:13:10] synced 1138_bus_entropyscore_forget_svd_aux_random_uniform_2_size_25_ssize_11_k_14_sr_4_reservoir_greedy to /scratch/ttran02/output22/1138_bus_entropyscore_forget_svd_aux_random_uniform_2_size_25_ssize_11_k_14_sr_4_reservoir_greedy, zipped to /scratch/ttran02/output22_sampled_zips, and removed /home/ttran02/pj/computational-methods/output22/1138_bus_entropyscore_forget_svd_aux_random_uniform_2_size_25_ssize_11_k_14_sr_4_reservoir_greedy
[2026-04-16 21:13:11] zip created for 1138_bus_entropyscore_forget_svd_aux_random_uniform_2_size_25_ssize_11_k_14_sr_8_reservoir_greedy: 502 files -> /scratch/ttran02/output22_sampled_zips/1138_bus_entropyscore_forget_svd_aux_random_uniform_2_size_25_ssize_11_k_14_sr_8_reservoir_greedy_sampled.zip
[2026-04-16 21:13:11] synced 1138_bus_entropyscore_forget_svd_aux_random_uniform_2_size_25_ssize_11_k_14_sr_8_reservoir_greedy to /scratch/ttran02/output22/1138_bus_entropyscore_forget_svd_aux_random_uniform_2_size_25_ssize_11_k_14_sr_8_reservoir_greedy, zipped to /scratch/ttran02/output22_sampled_zips, and removed /home/ttran02/pj/computational-methods/output22/1138_bus_entropyscore_forget_svd_aux_random_uniform_2_size_25_ssize_11_k_14_sr_8_reservoir_greedy
[2026-04-16 21:13:12] zip created for 1138_bus_entropyscore_forget_svd_aux_random_uniform_2_size_31_ssize_30_k_1_sr_1_reservoir_greedy: 382 files -> /scratch/ttran02/output22_sampled_zips/1138_bus_entropyscore_forget_svd_aux_random_uniform_2_size_31_ssize_30_k_1_sr_1_reservoir_greedy_sampled.zip
[2026-04-16 21:13:12] synced 1138_bus_entropyscore_forget_svd_aux_random_uniform_2_size_31_ssize_30_k_1_sr_1_reservoir_greedy to /scratch/ttran02/output22/1138_bus_entropyscore_forget_svd_aux_random_uniform_2_size_31_ssize_30_k_1_sr_1_reservoir_greedy, zipped to /scratch/ttran02/output22_sampled_zips, and removed /home/ttran02/pj/computational-methods/output22/1138_bus_entropyscore_forget_svd_aux_random_uniform_2_size_31_ssize_30_k_1_sr_1_reservoir_greedy
[2026-04-16 21:13:12] candidate 1138_bus_entropyscore_forget_svd_aux_random_uniform_2_size_36_ssize_30_k_6_sr_4_reservoir_greedy matched end_idx=1138; monitoring for 60s of stability
[2026-04-16 21:13:13] zip created for 1138_bus_entropyscore_forget_svd_aux_random_uniform_2_size_46_ssize_11_k_35_sr_12_reservoir_greedy: 502 files -> /scratch/ttran02/output22_sampled_zips/1138_bus_entropyscore_forget_svd_aux_random_uniform_2_size_46_ssize_11_k_35_sr_12_reservoir_greedy_sampled.zip
[2026-04-16 21:13:14] synced 1138_bus_entropyscore_forget_svd_aux_random_uniform_2_size_46_ssize_11_k_35_sr_12_reservoir_greedy to /scratch/ttran02/output22/1138_bus_entropyscore_forget_svd_aux_random_uniform_2_size_46_ssize_11_k_35_sr_12_reservoir_greedy, zipped to /scratch/ttran02/output22_sampled_zips, and removed /home/ttran02/pj/computational-methods/output22/1138_bus_entropyscore_forget_svd_aux_random_uniform_2_size_46_ssize_11_k_35_sr_12_reservoir_greedy
[2026-04-16 21:13:14] candidate 1138_bus_entropyscore_forget_svd_aux_random_uniform_2_size_46_ssize_11_k_35_sr_16_reservoir_greedy matched end_idx=1138; monitoring for 60s of stability
[2026-04-16 21:13:15] zip created for 1138_bus_entropyscore_forget_svd_aux_random_uniform_2_size_46_ssize_11_k_35_sr_1_reservoir_greedy: 502 files -> /scratch/ttran02/output22_sampled_zips/1138_bus_entropyscore_forget_svd_aux_random_uniform_2_size_46_ssize_11_k_35_sr_1_reservoir_greedy_sampled.zip
[2026-04-16 21:13:15] synced 1138_bus_entropyscore_forget_svd_aux_random_uniform_2_size_46_ssize_11_k_35_sr_1_reservoir_greedy to /scratch/ttran02/output22/1138_bus_entropyscore_forget_svd_aux_random_uniform_2_size_46_ssize_11_k_35_sr_1_reservoir_greedy, zipped to /scratch/ttran02/output22_sampled_zips, and removed /home/ttran02/pj/computational-methods/output22/1138_bus_entropyscore_forget_svd_aux_random_uniform_2_size_46_ssize_11_k_35_sr_1_reservoir_greedy
[2026-04-16 21:13:16] zip created for 1138_bus_entropyscore_forget_svd_aux_random_uniform_2_size_46_ssize_11_k_35_sr_2_reservoir_greedy: 502 files -> /scratch/ttran02/output22_sampled_zips/1138_bus_entropyscore_forget_svd_aux_random_uniform_2_size_46_ssize_11_k_35_sr_2_reservoir_greedy_sampled.zip
[2026-04-16 21:13:17] synced 1138_bus_entropyscore_forget_svd_aux_random_uniform_2_size_46_ssize_11_k_35_sr_2_reservoir_greedy to /scratch/ttran02/output22/1138_bus_entropyscore_forget_svd_aux_random_uniform_2_size_46_ssize_11_k_35_sr_2_reservoir_greedy, zipped to /scratch/ttran02/output22_sampled_zips, and removed /home/ttran02/pj/computational-methods/output22/1138_bus_entropyscore_forget_svd_aux_random_uniform_2_size_46_ssize_11_k_35_sr_2_reservoir_greedy
[2026-04-16 21:13:18] zip created for 1138_bus_entropyscore_forget_svd_aux_random_uniform_2_size_46_ssize_11_k_35_sr_4_reservoir_greedy: 502 files -> /scratch/ttran02/output22_sampled_zips/1138_bus_entropyscore_forget_svd_aux_random_uniform_2_size_46_ssize_11_k_35_sr_4_reservoir_greedy_sampled.zip
[2026-04-16 21:13:18] synced 1138_bus_entropyscore_forget_svd_aux_random_uniform_2_size_46_ssize_11_k_35_sr_4_reservoir_greedy to /scratch/ttran02/output22/1138_bus_entropyscore_forget_svd_aux_random_uniform_2_size_46_ssize_11_k_35_sr_4_reservoir_greedy, zipped to /scratch/ttran02/output22_sampled_zips, and removed /home/ttran02/pj/computational-methods/output22/1138_bus_entropyscore_forget_svd_aux_random_uniform_2_size_46_ssize_11_k_35_sr_4_reservoir_greedy
[2026-04-16 21:13:19] zip created for 1138_bus_entropyscore_forget_svd_aux_random_uniform_2_size_46_ssize_11_k_35_sr_8_reservoir_greedy: 502 files -> /scratch/ttran02/output22_sampled_zips/1138_bus_entropyscore_forget_svd_aux_random_uniform_2_size_46_ssize_11_k_35_sr_8_reservoir_greedy_sampled.zip
[2026-04-16 21:13:20] synced 1138_bus_entropyscore_forget_svd_aux_random_uniform_2_size_46_ssize_11_k_35_sr_8_reservoir_greedy to /scratch/ttran02/output22/1138_bus_entropyscore_forget_svd_aux_random_uniform_2_size_46_ssize_11_k_35_sr_8_reservoir_greedy, zipped to /scratch/ttran02/output22_sampled_zips, and removed /home/ttran02/pj/computational-methods/output22/1138_bus_entropyscore_forget_svd_aux_random_uniform_2_size_46_ssize_11_k_35_sr_8_reservoir_greedy
[2026-04-16 21:13:40] zip created for 1138_bus_entropyscore_forget_svd_aux_random_uniform_2_size_511_ssize_11_k_500_sr_1_reservoir_greedy: 492 files -> /scratch/ttran02/output22_sampled_zips/1138_bus_entropyscore_forget_svd_aux_random_uniform_2_size_511_ssize_11_k_500_sr_1_reservoir_greedy_sampled.zip
[2026-04-16 21:13:40] synced 1138_bus_entropyscore_forget_svd_aux_random_uniform_2_size_511_ssize_11_k_500_sr_1_reservoir_greedy to /scratch/ttran02/output22/1138_bus_entropyscore_forget_svd_aux_random_uniform_2_size_511_ssize_11_k_500_sr_1_reservoir_greedy, zipped to /scratch/ttran02/output22_sampled_zips, and removed /home/ttran02/pj/computational-methods/output22/1138_bus_entropyscore_forget_svd_aux_random_uniform_2_size_511_ssize_11_k_500_sr_1_reservoir_greedy
[2026-04-16 21:13:59] zip created for 1138_bus_entropyscore_forget_svd_aux_random_uniform_2_size_511_ssize_11_k_500_sr_4_reservoir_greedy: 492 files -> /scratch/ttran02/output22_sampled_zips/1138_bus_entropyscore_forget_svd_aux_random_uniform_2_size_511_ssize_11_k_500_sr_4_reservoir_greedy_sampled.zip
[2026-04-16 21:13:59] synced 1138_bus_entropyscore_forget_svd_aux_random_uniform_2_size_511_ssize_11_k_500_sr_4_reservoir_greedy to /scratch/ttran02/output22/1138_bus_entropyscore_forget_svd_aux_random_uniform_2_size_511_ssize_11_k_500_sr_4_reservoir_greedy, zipped to /scratch/ttran02/output22_sampled_zips, and removed /home/ttran02/pj/computational-methods/output22/1138_bus_entropyscore_forget_svd_aux_random_uniform_2_size_511_ssize_11_k_500_sr_4_reservoir_greedy
[2026-04-16 21:13:59] candidate 1138_bus_entropyscore_forget_svd_aux_random_uniform_2_size_530_ssize_30_k_500_sr_1_reservoir_greedy matched end_idx=1138; monitoring for 60s of stability
[2026-04-16 21:14:08] zip created for 1138_bus_entropyscore_forget_svd_aux_random_uniform_2_size_530_ssize_30_k_500_sr_4_reservoir_greedy: 222 files -> /scratch/ttran02/output22_sampled_zips/1138_bus_entropyscore_forget_svd_aux_random_uniform_2_size_530_ssize_30_k_500_sr_4_reservoir_greedy_sampled.zip
[2026-04-16 21:14:08] synced 1138_bus_entropyscore_forget_svd_aux_random_uniform_2_size_530_ssize_30_k_500_sr_4_reservoir_greedy to /scratch/ttran02/output22/1138_bus_entropyscore_forget_svd_aux_random_uniform_2_size_530_ssize_30_k_500_sr_4_reservoir_greedy, zipped to /scratch/ttran02/output22_sampled_zips, and removed /home/ttran02/pj/computational-methods/output22/1138_bus_entropyscore_forget_svd_aux_random_uniform_2_size_530_ssize_30_k_500_sr_4_reservoir_greedy
[2026-04-16 21:14:08] candidate 1138_bus_entropyscore_forget_svd_aux_random_uniform_2_size_583_ssize_83_k_500_sr_1_reservoir_greedy matched end_idx=1138; monitoring for 60s of stability
[2026-04-16 21:14:09] zip created for 1138_bus_entropyscore_forget_svd_aux_random_uniform_2_size_65_ssize_30_k_35_sr_1_reservoir_greedy: 372 files -> /scratch/ttran02/output22_sampled_zips/1138_bus_entropyscore_forget_svd_aux_random_uniform_2_size_65_ssize_30_k_35_sr_1_reservoir_greedy_sampled.zip
[2026-04-16 21:14:09] synced 1138_bus_entropyscore_forget_svd_aux_random_uniform_2_size_65_ssize_30_k_35_sr_1_reservoir_greedy to /scratch/ttran02/output22/1138_bus_entropyscore_forget_svd_aux_random_uniform_2_size_65_ssize_30_k_35_sr_1_reservoir_greedy, zipped to /scratch/ttran02/output22_sampled_zips, and removed /home/ttran02/pj/computational-methods/output22/1138_bus_entropyscore_forget_svd_aux_random_uniform_2_size_65_ssize_30_k_35_sr_1_reservoir_greedy
[2026-04-16 21:14:09] candidate 1138_bus_entropyscore_forget_svd_aux_random_uniform_2_size_65_ssize_30_k_35_sr_2_reservoir_greedy matched end_idx=1138; monitoring for 60s of stability
[2026-04-16 21:14:11] zip created for 1138_bus_entropyscore_forget_svd_aux_random_uniform_2_size_96_ssize_11_k_85_sr_12_reservoir_greedy: 502 files -> /scratch/ttran02/output22_sampled_zips/1138_bus_entropyscore_forget_svd_aux_random_uniform_2_size_96_ssize_11_k_85_sr_12_reservoir_greedy_sampled.zip
[2026-04-16 21:14:11] synced 1138_bus_entropyscore_forget_svd_aux_random_uniform_2_size_96_ssize_11_k_85_sr_12_reservoir_greedy to /scratch/ttran02/output22/1138_bus_entropyscore_forget_svd_aux_random_uniform_2_size_96_ssize_11_k_85_sr_12_reservoir_greedy, zipped to /scratch/ttran02/output22_sampled_zips, and removed /home/ttran02/pj/computational-methods/output22/1138_bus_entropyscore_forget_svd_aux_random_uniform_2_size_96_ssize_11_k_85_sr_12_reservoir_greedy
[2026-04-16 21:14:11] candidate 1138_bus_entropyscore_forget_svd_aux_random_uniform_2_size_96_ssize_11_k_85_sr_1_reservoir_greedy matched end_idx=1138; monitoring for 60s of stability
[2026-04-16 21:14:13] zip created for 1138_bus_entropyscore_forget_svd_aux_random_uniform_2_size_96_ssize_11_k_85_sr_2_reservoir_greedy: 502 files -> /scratch/ttran02/output22_sampled_zips/1138_bus_entropyscore_forget_svd_aux_random_uniform_2_size_96_ssize_11_k_85_sr_2_reservoir_greedy_sampled.zip
[2026-04-16 21:14:13] synced 1138_bus_entropyscore_forget_svd_aux_random_uniform_2_size_96_ssize_11_k_85_sr_2_reservoir_greedy to /scratch/ttran02/output22/1138_bus_entropyscore_forget_svd_aux_random_uniform_2_size_96_ssize_11_k_85_sr_2_reservoir_greedy, zipped to /scratch/ttran02/output22_sampled_zips, and removed /home/ttran02/pj/computational-methods/output22/1138_bus_entropyscore_forget_svd_aux_random_uniform_2_size_96_ssize_11_k_85_sr_2_reservoir_greedy
[2026-04-16 21:14:15] zip created for 1138_bus_entropyscore_forget_svd_aux_random_uniform_2_size_96_ssize_11_k_85_sr_8_reservoir_greedy: 502 files -> /scratch/ttran02/output22_sampled_zips/1138_bus_entropyscore_forget_svd_aux_random_uniform_2_size_96_ssize_11_k_85_sr_8_reservoir_greedy_sampled.zip
[2026-04-16 21:14:15] synced 1138_bus_entropyscore_forget_svd_aux_random_uniform_2_size_96_ssize_11_k_85_sr_8_reservoir_greedy to /scratch/ttran02/output22/1138_bus_entropyscore_forget_svd_aux_random_uniform_2_size_96_ssize_11_k_85_sr_8_reservoir_greedy, zipped to /scratch/ttran02/output22_sampled_zips, and removed /home/ttran02/pj/computational-methods/output22/1138_bus_entropyscore_forget_svd_aux_random_uniform_2_size_96_ssize_11_k_85_sr_8_reservoir_greedy
[2026-04-16 21:14:15] candidate 1138_bus_entropyscore_forget_svd_aux_random_uniform_2_size_97_ssize_83_k_14_sr_12_reservoir_greedy matched end_idx=1138; monitoring for 60s of stability
[2026-04-16 21:14:16] zip created for 1138_bus_entropyscore_forget_svd_aux_random_uniform_3_size_115_ssize_30_k_85_sr_1_reservoir_greedy: 362 files -> /scratch/ttran02/output22_sampled_zips/1138_bus_entropyscore_forget_svd_aux_random_uniform_3_size_115_ssize_30_k_85_sr_1_reservoir_greedy_sampled.zip
[2026-04-16 21:14:17] synced 1138_bus_entropyscore_forget_svd_aux_random_uniform_3_size_115_ssize_30_k_85_sr_1_reservoir_greedy to /scratch/ttran02/output22/1138_bus_entropyscore_forget_svd_aux_random_uniform_3_size_115_ssize_30_k_85_sr_1_reservoir_greedy, zipped to /scratch/ttran02/output22_sampled_zips, and removed /home/ttran02/pj/computational-methods/output22/1138_bus_entropyscore_forget_svd_aux_random_uniform_3_size_115_ssize_30_k_85_sr_1_reservoir_greedy
[2026-04-16 21:14:18] zip created for 1138_bus_entropyscore_forget_svd_aux_random_uniform_3_size_115_ssize_30_k_85_sr_8_reservoir_greedy: 362 files -> /scratch/ttran02/output22_sampled_zips/1138_bus_entropyscore_forget_svd_aux_random_uniform_3_size_115_ssize_30_k_85_sr_8_reservoir_greedy_sampled.zip
[2026-04-16 21:14:18] synced 1138_bus_entropyscore_forget_svd_aux_random_uniform_3_size_115_ssize_30_k_85_sr_8_reservoir_greedy to /scratch/ttran02/output22/1138_bus_entropyscore_forget_svd_aux_random_uniform_3_size_115_ssize_30_k_85_sr_8_reservoir_greedy, zipped to /scratch/ttran02/output22_sampled_zips, and removed /home/ttran02/pj/computational-methods/output22/1138_bus_entropyscore_forget_svd_aux_random_uniform_3_size_115_ssize_30_k_85_sr_8_reservoir_greedy
[2026-04-16 21:14:19] zip created for 1138_bus_entropyscore_forget_svd_aux_random_uniform_3_size_12_ssize_11_k_1_sr_1_reservoir_greedy: 502 files -> /scratch/ttran02/output22_sampled_zips/1138_bus_entropyscore_forget_svd_aux_random_uniform_3_size_12_ssize_11_k_1_sr_1_reservoir_greedy_sampled.zip
[2026-04-16 21:14:20] synced 1138_bus_entropyscore_forget_svd_aux_random_uniform_3_size_12_ssize_11_k_1_sr_1_reservoir_greedy to /scratch/ttran02/output22/1138_bus_entropyscore_forget_svd_aux_random_uniform_3_size_12_ssize_11_k_1_sr_1_reservoir_greedy, zipped to /scratch/ttran02/output22_sampled_zips, and removed /home/ttran02/pj/computational-methods/output22/1138_bus_entropyscore_forget_svd_aux_random_uniform_3_size_12_ssize_11_k_1_sr_1_reservoir_greedy
[2026-04-16 21:14:20] zip created for 1138_bus_entropyscore_forget_svd_aux_random_uniform_3_size_13_ssize_11_k_2_sr_1_reservoir_greedy: 502 files -> /scratch/ttran02/output22_sampled_zips/1138_bus_entropyscore_forget_svd_aux_random_uniform_3_size_13_ssize_11_k_2_sr_1_reservoir_greedy_sampled.zip
[2026-04-16 21:14:21] synced 1138_bus_entropyscore_forget_svd_aux_random_uniform_3_size_13_ssize_11_k_2_sr_1_reservoir_greedy to /scratch/ttran02/output22/1138_bus_entropyscore_forget_svd_aux_random_uniform_3_size_13_ssize_11_k_2_sr_1_reservoir_greedy, zipped to /scratch/ttran02/output22_sampled_zips, and removed /home/ttran02/pj/computational-methods/output22/1138_bus_entropyscore_forget_svd_aux_random_uniform_3_size_13_ssize_11_k_2_sr_1_reservoir_greedy
[2026-04-16 21:14:22] zip created for 1138_bus_entropyscore_forget_svd_aux_random_uniform_3_size_13_ssize_11_k_2_sr_2_reservoir_greedy: 502 files -> /scratch/ttran02/output22_sampled_zips/1138_bus_entropyscore_forget_svd_aux_random_uniform_3_size_13_ssize_11_k_2_sr_2_reservoir_greedy_sampled.zip
[2026-04-16 21:14:22] synced 1138_bus_entropyscore_forget_svd_aux_random_uniform_3_size_13_ssize_11_k_2_sr_2_reservoir_greedy to /scratch/ttran02/output22/1138_bus_entropyscore_forget_svd_aux_random_uniform_3_size_13_ssize_11_k_2_sr_2_reservoir_greedy, zipped to /scratch/ttran02/output22_sampled_zips, and removed /home/ttran02/pj/computational-methods/output22/1138_bus_entropyscore_forget_svd_aux_random_uniform_3_size_13_ssize_11_k_2_sr_2_reservoir_greedy
[2026-04-16 21:14:23] zip created for 1138_bus_entropyscore_forget_svd_aux_random_uniform_3_size_17_ssize_11_k_6_sr_1_reservoir_greedy: 502 files -> /scratch/ttran02/output22_sampled_zips/1138_bus_entropyscore_forget_svd_aux_random_uniform_3_size_17_ssize_11_k_6_sr_1_reservoir_greedy_sampled.zip
[2026-04-16 21:14:24] synced 1138_bus_entropyscore_forget_svd_aux_random_uniform_3_size_17_ssize_11_k_6_sr_1_reservoir_greedy to /scratch/ttran02/output22/1138_bus_entropyscore_forget_svd_aux_random_uniform_3_size_17_ssize_11_k_6_sr_1_reservoir_greedy, zipped to /scratch/ttran02/output22_sampled_zips, and removed /home/ttran02/pj/computational-methods/output22/1138_bus_entropyscore_forget_svd_aux_random_uniform_3_size_17_ssize_11_k_6_sr_1_reservoir_greedy
[2026-04-16 21:14:25] zip created for 1138_bus_entropyscore_forget_svd_aux_random_uniform_3_size_17_ssize_11_k_6_sr_2_reservoir_greedy: 502 files -> /scratch/ttran02/output22_sampled_zips/1138_bus_entropyscore_forget_svd_aux_random_uniform_3_size_17_ssize_11_k_6_sr_2_reservoir_greedy_sampled.zip
[2026-04-16 21:14:25] synced 1138_bus_entropyscore_forget_svd_aux_random_uniform_3_size_17_ssize_11_k_6_sr_2_reservoir_greedy to /scratch/ttran02/output22/1138_bus_entropyscore_forget_svd_aux_random_uniform_3_size_17_ssize_11_k_6_sr_2_reservoir_greedy, zipped to /scratch/ttran02/output22_sampled_zips, and removed /home/ttran02/pj/computational-methods/output22/1138_bus_entropyscore_forget_svd_aux_random_uniform_3_size_17_ssize_11_k_6_sr_2_reservoir_greedy
[2026-04-16 21:14:26] zip created for 1138_bus_entropyscore_forget_svd_aux_random_uniform_3_size_17_ssize_11_k_6_sr_4_reservoir_greedy: 502 files -> /scratch/ttran02/output22_sampled_zips/1138_bus_entropyscore_forget_svd_aux_random_uniform_3_size_17_ssize_11_k_6_sr_4_reservoir_greedy_sampled.zip
[2026-04-16 21:14:27] synced 1138_bus_entropyscore_forget_svd_aux_random_uniform_3_size_17_ssize_11_k_6_sr_4_reservoir_greedy to /scratch/ttran02/output22/1138_bus_entropyscore_forget_svd_aux_random_uniform_3_size_17_ssize_11_k_6_sr_4_reservoir_greedy, zipped to /scratch/ttran02/output22_sampled_zips, and removed /home/ttran02/pj/computational-methods/output22/1138_bus_entropyscore_forget_svd_aux_random_uniform_3_size_17_ssize_11_k_6_sr_4_reservoir_greedy
[2026-04-16 21:14:27] zip created for 1138_bus_entropyscore_forget_svd_aux_random_uniform_3_size_17_ssize_11_k_6_sr_6_reservoir_greedy: 502 files -> /scratch/ttran02/output22_sampled_zips/1138_bus_entropyscore_forget_svd_aux_random_uniform_3_size_17_ssize_11_k_6_sr_6_reservoir_greedy_sampled.zip
[2026-04-16 21:14:28] synced 1138_bus_entropyscore_forget_svd_aux_random_uniform_3_size_17_ssize_11_k_6_sr_6_reservoir_greedy to /scratch/ttran02/output22/1138_bus_entropyscore_forget_svd_aux_random_uniform_3_size_17_ssize_11_k_6_sr_6_reservoir_greedy, zipped to /scratch/ttran02/output22_sampled_zips, and removed /home/ttran02/pj/computational-methods/output22/1138_bus_entropyscore_forget_svd_aux_random_uniform_3_size_17_ssize_11_k_6_sr_6_reservoir_greedy
[2026-04-16 21:14:28] candidate 1138_bus_entropyscore_forget_svd_aux_random_uniform_3_size_217_ssize_11_k_206_sr_12_reservoir_greedy matched end_idx=1138; monitoring for 60s of stability
[2026-04-16 21:14:28] candidate 1138_bus_entropyscore_forget_svd_aux_random_uniform_3_size_217_ssize_11_k_206_sr_16_reservoir_greedy matched end_idx=1138; monitoring for 60s of stability
[2026-04-16 21:14:33] zip created for 1138_bus_entropyscore_forget_svd_aux_random_uniform_3_size_217_ssize_11_k_206_sr_1_reservoir_greedy: 502 files -> /scratch/ttran02/output22_sampled_zips/1138_bus_entropyscore_forget_svd_aux_random_uniform_3_size_217_ssize_11_k_206_sr_1_reservoir_greedy_sampled.zip
[2026-04-16 21:14:33] synced 1138_bus_entropyscore_forget_svd_aux_random_uniform_3_size_217_ssize_11_k_206_sr_1_reservoir_greedy to /scratch/ttran02/output22/1138_bus_entropyscore_forget_svd_aux_random_uniform_3_size_217_ssize_11_k_206_sr_1_reservoir_greedy, zipped to /scratch/ttran02/output22_sampled_zips, and removed /home/ttran02/pj/computational-methods/output22/1138_bus_entropyscore_forget_svd_aux_random_uniform_3_size_217_ssize_11_k_206_sr_1_reservoir_greedy
[2026-04-16 21:14:38] zip created for 1138_bus_entropyscore_forget_svd_aux_random_uniform_3_size_217_ssize_11_k_206_sr_2_reservoir_greedy: 502 files -> /scratch/ttran02/output22_sampled_zips/1138_bus_entropyscore_forget_svd_aux_random_uniform_3_size_217_ssize_11_k_206_sr_2_reservoir_greedy_sampled.zip
[2026-04-16 21:14:39] synced 1138_bus_entropyscore_forget_svd_aux_random_uniform_3_size_217_ssize_11_k_206_sr_2_reservoir_greedy to /scratch/ttran02/output22/1138_bus_entropyscore_forget_svd_aux_random_uniform_3_size_217_ssize_11_k_206_sr_2_reservoir_greedy, zipped to /scratch/ttran02/output22_sampled_zips, and removed /home/ttran02/pj/computational-methods/output22/1138_bus_entropyscore_forget_svd_aux_random_uniform_3_size_217_ssize_11_k_206_sr_2_reservoir_greedy
[2026-04-16 21:14:41] zip created for 1138_bus_entropyscore_forget_svd_aux_random_uniform_3_size_236_ssize_30_k_206_sr_1_reservoir_greedy: 322 files -> /scratch/ttran02/output22_sampled_zips/1138_bus_entropyscore_forget_svd_aux_random_uniform_3_size_236_ssize_30_k_206_sr_1_reservoir_greedy_sampled.zip
[2026-04-16 21:14:41] synced 1138_bus_entropyscore_forget_svd_aux_random_uniform_3_size_236_ssize_30_k_206_sr_1_reservoir_greedy to /scratch/ttran02/output22/1138_bus_entropyscore_forget_svd_aux_random_uniform_3_size_236_ssize_30_k_206_sr_1_reservoir_greedy, zipped to /scratch/ttran02/output22_sampled_zips, and removed /home/ttran02/pj/computational-methods/output22/1138_bus_entropyscore_forget_svd_aux_random_uniform_3_size_236_ssize_30_k_206_sr_1_reservoir_greedy
[2026-04-16 21:14:41] candidate 1138_bus_entropyscore_forget_svd_aux_random_uniform_3_size_236_ssize_30_k_206_sr_8_reservoir_greedy matched end_idx=1138; monitoring for 60s of stability
[2026-04-16 21:14:42] zip created for 1138_bus_entropyscore_forget_svd_aux_random_uniform_3_size_25_ssize_11_k_14_sr_14_reservoir_greedy: 502 files -> /scratch/ttran02/output22_sampled_zips/1138_bus_entropyscore_forget_svd_aux_random_uniform_3_size_25_ssize_11_k_14_sr_14_reservoir_greedy_sampled.zip
[2026-04-16 21:14:43] synced 1138_bus_entropyscore_forget_svd_aux_random_uniform_3_size_25_ssize_11_k_14_sr_14_reservoir_greedy to /scratch/ttran02/output22/1138_bus_entropyscore_forget_svd_aux_random_uniform_3_size_25_ssize_11_k_14_sr_14_reservoir_greedy, zipped to /scratch/ttran02/output22_sampled_zips, and removed /home/ttran02/pj/computational-methods/output22/1138_bus_entropyscore_forget_svd_aux_random_uniform_3_size_25_ssize_11_k_14_sr_14_reservoir_greedy
[2026-04-16 21:14:44] zip created for 1138_bus_entropyscore_forget_svd_aux_random_uniform_3_size_25_ssize_11_k_14_sr_1_reservoir_greedy: 502 files -> /scratch/ttran02/output22_sampled_zips/1138_bus_entropyscore_forget_svd_aux_random_uniform_3_size_25_ssize_11_k_14_sr_1_reservoir_greedy_sampled.zip
[2026-04-16 21:14:44] synced 1138_bus_entropyscore_forget_svd_aux_random_uniform_3_size_25_ssize_11_k_14_sr_1_reservoir_greedy to /scratch/ttran02/output22/1138_bus_entropyscore_forget_svd_aux_random_uniform_3_size_25_ssize_11_k_14_sr_1_reservoir_greedy, zipped to /scratch/ttran02/output22_sampled_zips, and removed /home/ttran02/pj/computational-methods/output22/1138_bus_entropyscore_forget_svd_aux_random_uniform_3_size_25_ssize_11_k_14_sr_1_reservoir_greedy
[2026-04-16 21:14:45] zip created for 1138_bus_entropyscore_forget_svd_aux_random_uniform_3_size_25_ssize_11_k_14_sr_2_reservoir_greedy: 502 files -> /scratch/ttran02/output22_sampled_zips/1138_bus_entropyscore_forget_svd_aux_random_uniform_3_size_25_ssize_11_k_14_sr_2_reservoir_greedy_sampled.zip
[2026-04-16 21:14:46] synced 1138_bus_entropyscore_forget_svd_aux_random_uniform_3_size_25_ssize_11_k_14_sr_2_reservoir_greedy to /scratch/ttran02/output22/1138_bus_entropyscore_forget_svd_aux_random_uniform_3_size_25_ssize_11_k_14_sr_2_reservoir_greedy, zipped to /scratch/ttran02/output22_sampled_zips, and removed /home/ttran02/pj/computational-methods/output22/1138_bus_entropyscore_forget_svd_aux_random_uniform_3_size_25_ssize_11_k_14_sr_2_reservoir_greedy
[2026-04-16 21:14:47] zip created for 1138_bus_entropyscore_forget_svd_aux_random_uniform_3_size_25_ssize_11_k_14_sr_4_reservoir_greedy: 502 files -> /scratch/ttran02/output22_sampled_zips/1138_bus_entropyscore_forget_svd_aux_random_uniform_3_size_25_ssize_11_k_14_sr_4_reservoir_greedy_sampled.zip
[2026-04-16 21:14:47] synced 1138_bus_entropyscore_forget_svd_aux_random_uniform_3_size_25_ssize_11_k_14_sr_4_reservoir_greedy to /scratch/ttran02/output22/1138_bus_entropyscore_forget_svd_aux_random_uniform_3_size_25_ssize_11_k_14_sr_4_reservoir_greedy, zipped to /scratch/ttran02/output22_sampled_zips, and removed /home/ttran02/pj/computational-methods/output22/1138_bus_entropyscore_forget_svd_aux_random_uniform_3_size_25_ssize_11_k_14_sr_4_reservoir_greedy
[2026-04-16 21:14:48] zip created for 1138_bus_entropyscore_forget_svd_aux_random_uniform_3_size_25_ssize_11_k_14_sr_8_reservoir_greedy: 502 files -> /scratch/ttran02/output22_sampled_zips/1138_bus_entropyscore_forget_svd_aux_random_uniform_3_size_25_ssize_11_k_14_sr_8_reservoir_greedy_sampled.zip
[2026-04-16 21:14:49] synced 1138_bus_entropyscore_forget_svd_aux_random_uniform_3_size_25_ssize_11_k_14_sr_8_reservoir_greedy to /scratch/ttran02/output22/1138_bus_entropyscore_forget_svd_aux_random_uniform_3_size_25_ssize_11_k_14_sr_8_reservoir_greedy, zipped to /scratch/ttran02/output22_sampled_zips, and removed /home/ttran02/pj/computational-methods/output22/1138_bus_entropyscore_forget_svd_aux_random_uniform_3_size_25_ssize_11_k_14_sr_8_reservoir_greedy
[2026-04-16 21:14:49] zip created for 1138_bus_entropyscore_forget_svd_aux_random_uniform_3_size_31_ssize_30_k_1_sr_1_reservoir_greedy: 382 files -> /scratch/ttran02/output22_sampled_zips/1138_bus_entropyscore_forget_svd_aux_random_uniform_3_size_31_ssize_30_k_1_sr_1_reservoir_greedy_sampled.zip
[2026-04-16 21:14:50] synced 1138_bus_entropyscore_forget_svd_aux_random_uniform_3_size_31_ssize_30_k_1_sr_1_reservoir_greedy to /scratch/ttran02/output22/1138_bus_entropyscore_forget_svd_aux_random_uniform_3_size_31_ssize_30_k_1_sr_1_reservoir_greedy, zipped to /scratch/ttran02/output22_sampled_zips, and removed /home/ttran02/pj/computational-methods/output22/1138_bus_entropyscore_forget_svd_aux_random_uniform_3_size_31_ssize_30_k_1_sr_1_reservoir_greedy
[2026-04-16 21:14:50] candidate 1138_bus_entropyscore_forget_svd_aux_random_uniform_3_size_36_ssize_30_k_6_sr_4_reservoir_greedy matched end_idx=1138; monitoring for 60s of stability
[2026-04-16 21:14:51] zip created for 1138_bus_entropyscore_forget_svd_aux_random_uniform_3_size_46_ssize_11_k_35_sr_12_reservoir_greedy: 502 files -> /scratch/ttran02/output22_sampled_zips/1138_bus_entropyscore_forget_svd_aux_random_uniform_3_size_46_ssize_11_k_35_sr_12_reservoir_greedy_sampled.zip
[2026-04-16 21:14:51] synced 1138_bus_entropyscore_forget_svd_aux_random_uniform_3_size_46_ssize_11_k_35_sr_12_reservoir_greedy to /scratch/ttran02/output22/1138_bus_entropyscore_forget_svd_aux_random_uniform_3_size_46_ssize_11_k_35_sr_12_reservoir_greedy, zipped to /scratch/ttran02/output22_sampled_zips, and removed /home/ttran02/pj/computational-methods/output22/1138_bus_entropyscore_forget_svd_aux_random_uniform_3_size_46_ssize_11_k_35_sr_12_reservoir_greedy
[2026-04-16 21:14:51] candidate 1138_bus_entropyscore_forget_svd_aux_random_uniform_3_size_46_ssize_11_k_35_sr_16_reservoir_greedy matched end_idx=1138; monitoring for 60s of stability
[2026-04-16 21:14:52] zip created for 1138_bus_entropyscore_forget_svd_aux_random_uniform_3_size_46_ssize_11_k_35_sr_1_reservoir_greedy: 502 files -> /scratch/ttran02/output22_sampled_zips/1138_bus_entropyscore_forget_svd_aux_random_uniform_3_size_46_ssize_11_k_35_sr_1_reservoir_greedy_sampled.zip
[2026-04-16 21:14:53] synced 1138_bus_entropyscore_forget_svd_aux_random_uniform_3_size_46_ssize_11_k_35_sr_1_reservoir_greedy to /scratch/ttran02/output22/1138_bus_entropyscore_forget_svd_aux_random_uniform_3_size_46_ssize_11_k_35_sr_1_reservoir_greedy, zipped to /scratch/ttran02/output22_sampled_zips, and removed /home/ttran02/pj/computational-methods/output22/1138_bus_entropyscore_forget_svd_aux_random_uniform_3_size_46_ssize_11_k_35_sr_1_reservoir_greedy
[2026-04-16 21:14:54] zip created for 1138_bus_entropyscore_forget_svd_aux_random_uniform_3_size_46_ssize_11_k_35_sr_2_reservoir_greedy: 502 files -> /scratch/ttran02/output22_sampled_zips/1138_bus_entropyscore_forget_svd_aux_random_uniform_3_size_46_ssize_11_k_35_sr_2_reservoir_greedy_sampled.zip
[2026-04-16 21:14:54] synced 1138_bus_entropyscore_forget_svd_aux_random_uniform_3_size_46_ssize_11_k_35_sr_2_reservoir_greedy to /scratch/ttran02/output22/1138_bus_entropyscore_forget_svd_aux_random_uniform_3_size_46_ssize_11_k_35_sr_2_reservoir_greedy, zipped to /scratch/ttran02/output22_sampled_zips, and removed /home/ttran02/pj/computational-methods/output22/1138_bus_entropyscore_forget_svd_aux_random_uniform_3_size_46_ssize_11_k_35_sr_2_reservoir_greedy
[2026-04-16 21:14:55] zip created for 1138_bus_entropyscore_forget_svd_aux_random_uniform_3_size_46_ssize_11_k_35_sr_4_reservoir_greedy: 502 files -> /scratch/ttran02/output22_sampled_zips/1138_bus_entropyscore_forget_svd_aux_random_uniform_3_size_46_ssize_11_k_35_sr_4_reservoir_greedy_sampled.zip
[2026-04-16 21:14:56] synced 1138_bus_entropyscore_forget_svd_aux_random_uniform_3_size_46_ssize_11_k_35_sr_4_reservoir_greedy to /scratch/ttran02/output22/1138_bus_entropyscore_forget_svd_aux_random_uniform_3_size_46_ssize_11_k_35_sr_4_reservoir_greedy, zipped to /scratch/ttran02/output22_sampled_zips, and removed /home/ttran02/pj/computational-methods/output22/1138_bus_entropyscore_forget_svd_aux_random_uniform_3_size_46_ssize_11_k_35_sr_4_reservoir_greedy
[2026-04-16 21:14:56] zip created for 1138_bus_entropyscore_forget_svd_aux_random_uniform_3_size_46_ssize_11_k_35_sr_8_reservoir_greedy: 502 files -> /scratch/ttran02/output22_sampled_zips/1138_bus_entropyscore_forget_svd_aux_random_uniform_3_size_46_ssize_11_k_35_sr_8_reservoir_greedy_sampled.zip
[2026-04-16 21:14:57] synced 1138_bus_entropyscore_forget_svd_aux_random_uniform_3_size_46_ssize_11_k_35_sr_8_reservoir_greedy to /scratch/ttran02/output22/1138_bus_entropyscore_forget_svd_aux_random_uniform_3_size_46_ssize_11_k_35_sr_8_reservoir_greedy, zipped to /scratch/ttran02/output22_sampled_zips, and removed /home/ttran02/pj/computational-methods/output22/1138_bus_entropyscore_forget_svd_aux_random_uniform_3_size_46_ssize_11_k_35_sr_8_reservoir_greedy
[2026-04-16 21:15:16] zip created for 1138_bus_entropyscore_forget_svd_aux_random_uniform_3_size_511_ssize_11_k_500_sr_1_reservoir_greedy: 492 files -> /scratch/ttran02/output22_sampled_zips/1138_bus_entropyscore_forget_svd_aux_random_uniform_3_size_511_ssize_11_k_500_sr_1_reservoir_greedy_sampled.zip
[2026-04-16 21:15:16] synced 1138_bus_entropyscore_forget_svd_aux_random_uniform_3_size_511_ssize_11_k_500_sr_1_reservoir_greedy to /scratch/ttran02/output22/1138_bus_entropyscore_forget_svd_aux_random_uniform_3_size_511_ssize_11_k_500_sr_1_reservoir_greedy, zipped to /scratch/ttran02/output22_sampled_zips, and removed /home/ttran02/pj/computational-methods/output22/1138_bus_entropyscore_forget_svd_aux_random_uniform_3_size_511_ssize_11_k_500_sr_1_reservoir_greedy
[2026-04-16 21:15:16] candidate 1138_bus_entropyscore_forget_svd_aux_random_uniform_3_size_511_ssize_11_k_500_sr_4_reservoir_greedy matched end_idx=1138; monitoring for 60s of stability
[2026-04-16 21:15:16] candidate 1138_bus_entropyscore_forget_svd_aux_random_uniform_3_size_530_ssize_30_k_500_sr_4_reservoir_greedy matched end_idx=1138; monitoring for 60s of stability
[2026-04-16 21:15:16] candidate 1138_bus_entropyscore_forget_svd_aux_random_uniform_3_size_583_ssize_83_k_500_sr_1_reservoir_greedy matched end_idx=1138; monitoring for 60s of stability
[2026-04-16 21:15:17] zip created for 1138_bus_entropyscore_forget_svd_aux_random_uniform_3_size_65_ssize_30_k_35_sr_1_reservoir_greedy: 372 files -> /scratch/ttran02/output22_sampled_zips/1138_bus_entropyscore_forget_svd_aux_random_uniform_3_size_65_ssize_30_k_35_sr_1_reservoir_greedy_sampled.zip
[2026-04-16 21:15:17] synced 1138_bus_entropyscore_forget_svd_aux_random_uniform_3_size_65_ssize_30_k_35_sr_1_reservoir_greedy to /scratch/ttran02/output22/1138_bus_entropyscore_forget_svd_aux_random_uniform_3_size_65_ssize_30_k_35_sr_1_reservoir_greedy, zipped to /scratch/ttran02/output22_sampled_zips, and removed /home/ttran02/pj/computational-methods/output22/1138_bus_entropyscore_forget_svd_aux_random_uniform_3_size_65_ssize_30_k_35_sr_1_reservoir_greedy
[2026-04-16 21:15:17] candidate 1138_bus_entropyscore_forget_svd_aux_random_uniform_3_size_65_ssize_30_k_35_sr_2_reservoir_greedy matched end_idx=1138; monitoring for 60s of stability
[2026-04-16 21:15:19] zip created for 1138_bus_entropyscore_forget_svd_aux_random_uniform_3_size_96_ssize_11_k_85_sr_12_reservoir_greedy: 502 files -> /scratch/ttran02/output22_sampled_zips/1138_bus_entropyscore_forget_svd_aux_random_uniform_3_size_96_ssize_11_k_85_sr_12_reservoir_greedy_sampled.zip
[2026-04-16 21:15:19] synced 1138_bus_entropyscore_forget_svd_aux_random_uniform_3_size_96_ssize_11_k_85_sr_12_reservoir_greedy to /scratch/ttran02/output22/1138_bus_entropyscore_forget_svd_aux_random_uniform_3_size_96_ssize_11_k_85_sr_12_reservoir_greedy, zipped to /scratch/ttran02/output22_sampled_zips, and removed /home/ttran02/pj/computational-methods/output22/1138_bus_entropyscore_forget_svd_aux_random_uniform_3_size_96_ssize_11_k_85_sr_12_reservoir_greedy
[2026-04-16 21:15:21] zip created for 1138_bus_entropyscore_forget_svd_aux_random_uniform_3_size_96_ssize_11_k_85_sr_2_reservoir_greedy: 502 files -> /scratch/ttran02/output22_sampled_zips/1138_bus_entropyscore_forget_svd_aux_random_uniform_3_size_96_ssize_11_k_85_sr_2_reservoir_greedy_sampled.zip
[2026-04-16 21:15:22] synced 1138_bus_entropyscore_forget_svd_aux_random_uniform_3_size_96_ssize_11_k_85_sr_2_reservoir_greedy to /scratch/ttran02/output22/1138_bus_entropyscore_forget_svd_aux_random_uniform_3_size_96_ssize_11_k_85_sr_2_reservoir_greedy, zipped to /scratch/ttran02/output22_sampled_zips, and removed /home/ttran02/pj/computational-methods/output22/1138_bus_entropyscore_forget_svd_aux_random_uniform_3_size_96_ssize_11_k_85_sr_2_reservoir_greedy
[2026-04-16 21:15:23] zip created for 1138_bus_entropyscore_forget_svd_aux_random_uniform_3_size_96_ssize_11_k_85_sr_8_reservoir_greedy: 502 files -> /scratch/ttran02/output22_sampled_zips/1138_bus_entropyscore_forget_svd_aux_random_uniform_3_size_96_ssize_11_k_85_sr_8_reservoir_greedy_sampled.zip
[2026-04-16 21:15:24] synced 1138_bus_entropyscore_forget_svd_aux_random_uniform_3_size_96_ssize_11_k_85_sr_8_reservoir_greedy to /scratch/ttran02/output22/1138_bus_entropyscore_forget_svd_aux_random_uniform_3_size_96_ssize_11_k_85_sr_8_reservoir_greedy, zipped to /scratch/ttran02/output22_sampled_zips, and removed /home/ttran02/pj/computational-methods/output22/1138_bus_entropyscore_forget_svd_aux_random_uniform_3_size_96_ssize_11_k_85_sr_8_reservoir_greedy
[2026-04-16 21:15:24] candidate 1138_bus_entropyscore_forget_svd_aux_random_uniform_3_size_97_ssize_83_k_14_sr_12_reservoir_greedy matched end_idx=1138; monitoring for 60s of stability
[2026-04-16 21:15:25] zip created for 1138_bus_entropyscore_forget_svd_aux_random_uniform_4_size_115_ssize_30_k_85_sr_1_reservoir_greedy: 362 files -> /scratch/ttran02/output22_sampled_zips/1138_bus_entropyscore_forget_svd_aux_random_uniform_4_size_115_ssize_30_k_85_sr_1_reservoir_greedy_sampled.zip
[2026-04-16 21:15:25] synced 1138_bus_entropyscore_forget_svd_aux_random_uniform_4_size_115_ssize_30_k_85_sr_1_reservoir_greedy to /scratch/ttran02/output22/1138_bus_entropyscore_forget_svd_aux_random_uniform_4_size_115_ssize_30_k_85_sr_1_reservoir_greedy, zipped to /scratch/ttran02/output22_sampled_zips, and removed /home/ttran02/pj/computational-methods/output22/1138_bus_entropyscore_forget_svd_aux_random_uniform_4_size_115_ssize_30_k_85_sr_1_reservoir_greedy
[2026-04-16 21:15:26] zip created for 1138_bus_entropyscore_forget_svd_aux_random_uniform_4_size_115_ssize_30_k_85_sr_8_reservoir_greedy: 362 files -> /scratch/ttran02/output22_sampled_zips/1138_bus_entropyscore_forget_svd_aux_random_uniform_4_size_115_ssize_30_k_85_sr_8_reservoir_greedy_sampled.zip
[2026-04-16 21:15:27] synced 1138_bus_entropyscore_forget_svd_aux_random_uniform_4_size_115_ssize_30_k_85_sr_8_reservoir_greedy to /scratch/ttran02/output22/1138_bus_entropyscore_forget_svd_aux_random_uniform_4_size_115_ssize_30_k_85_sr_8_reservoir_greedy, zipped to /scratch/ttran02/output22_sampled_zips, and removed /home/ttran02/pj/computational-methods/output22/1138_bus_entropyscore_forget_svd_aux_random_uniform_4_size_115_ssize_30_k_85_sr_8_reservoir_greedy
[2026-04-16 21:15:28] zip created for 1138_bus_entropyscore_forget_svd_aux_random_uniform_4_size_12_ssize_11_k_1_sr_1_reservoir_greedy: 502 files -> /scratch/ttran02/output22_sampled_zips/1138_bus_entropyscore_forget_svd_aux_random_uniform_4_size_12_ssize_11_k_1_sr_1_reservoir_greedy_sampled.zip
[2026-04-16 21:15:28] synced 1138_bus_entropyscore_forget_svd_aux_random_uniform_4_size_12_ssize_11_k_1_sr_1_reservoir_greedy to /scratch/ttran02/output22/1138_bus_entropyscore_forget_svd_aux_random_uniform_4_size_12_ssize_11_k_1_sr_1_reservoir_greedy, zipped to /scratch/ttran02/output22_sampled_zips, and removed /home/ttran02/pj/computational-methods/output22/1138_bus_entropyscore_forget_svd_aux_random_uniform_4_size_12_ssize_11_k_1_sr_1_reservoir_greedy
[2026-04-16 21:15:29] zip created for 1138_bus_entropyscore_forget_svd_aux_random_uniform_4_size_13_ssize_11_k_2_sr_1_reservoir_greedy: 502 files -> /scratch/ttran02/output22_sampled_zips/1138_bus_entropyscore_forget_svd_aux_random_uniform_4_size_13_ssize_11_k_2_sr_1_reservoir_greedy_sampled.zip
[2026-04-16 21:15:29] synced 1138_bus_entropyscore_forget_svd_aux_random_uniform_4_size_13_ssize_11_k_2_sr_1_reservoir_greedy to /scratch/ttran02/output22/1138_bus_entropyscore_forget_svd_aux_random_uniform_4_size_13_ssize_11_k_2_sr_1_reservoir_greedy, zipped to /scratch/ttran02/output22_sampled_zips, and removed /home/ttran02/pj/computational-methods/output22/1138_bus_entropyscore_forget_svd_aux_random_uniform_4_size_13_ssize_11_k_2_sr_1_reservoir_greedy
[2026-04-16 21:15:30] zip created for 1138_bus_entropyscore_forget_svd_aux_random_uniform_4_size_13_ssize_11_k_2_sr_2_reservoir_greedy: 502 files -> /scratch/ttran02/output22_sampled_zips/1138_bus_entropyscore_forget_svd_aux_random_uniform_4_size_13_ssize_11_k_2_sr_2_reservoir_greedy_sampled.zip
[2026-04-16 21:15:31] synced 1138_bus_entropyscore_forget_svd_aux_random_uniform_4_size_13_ssize_11_k_2_sr_2_reservoir_greedy to /scratch/ttran02/output22/1138_bus_entropyscore_forget_svd_aux_random_uniform_4_size_13_ssize_11_k_2_sr_2_reservoir_greedy, zipped to /scratch/ttran02/output22_sampled_zips, and removed /home/ttran02/pj/computational-methods/output22/1138_bus_entropyscore_forget_svd_aux_random_uniform_4_size_13_ssize_11_k_2_sr_2_reservoir_greedy
[2026-04-16 21:15:32] zip created for 1138_bus_entropyscore_forget_svd_aux_random_uniform_4_size_17_ssize_11_k_6_sr_1_reservoir_greedy: 502 files -> /scratch/ttran02/output22_sampled_zips/1138_bus_entropyscore_forget_svd_aux_random_uniform_4_size_17_ssize_11_k_6_sr_1_reservoir_greedy_sampled.zip
[2026-04-16 21:15:32] synced 1138_bus_entropyscore_forget_svd_aux_random_uniform_4_size_17_ssize_11_k_6_sr_1_reservoir_greedy to /scratch/ttran02/output22/1138_bus_entropyscore_forget_svd_aux_random_uniform_4_size_17_ssize_11_k_6_sr_1_reservoir_greedy, zipped to /scratch/ttran02/output22_sampled_zips, and removed /home/ttran02/pj/computational-methods/output22/1138_bus_entropyscore_forget_svd_aux_random_uniform_4_size_17_ssize_11_k_6_sr_1_reservoir_greedy
[2026-04-16 21:15:33] zip created for 1138_bus_entropyscore_forget_svd_aux_random_uniform_4_size_17_ssize_11_k_6_sr_2_reservoir_greedy: 502 files -> /scratch/ttran02/output22_sampled_zips/1138_bus_entropyscore_forget_svd_aux_random_uniform_4_size_17_ssize_11_k_6_sr_2_reservoir_greedy_sampled.zip
[2026-04-16 21:15:34] synced 1138_bus_entropyscore_forget_svd_aux_random_uniform_4_size_17_ssize_11_k_6_sr_2_reservoir_greedy to /scratch/ttran02/output22/1138_bus_entropyscore_forget_svd_aux_random_uniform_4_size_17_ssize_11_k_6_sr_2_reservoir_greedy, zipped to /scratch/ttran02/output22_sampled_zips, and removed /home/ttran02/pj/computational-methods/output22/1138_bus_entropyscore_forget_svd_aux_random_uniform_4_size_17_ssize_11_k_6_sr_2_reservoir_greedy
[2026-04-16 21:15:35] zip created for 1138_bus_entropyscore_forget_svd_aux_random_uniform_4_size_17_ssize_11_k_6_sr_4_reservoir_greedy: 502 files -> /scratch/ttran02/output22_sampled_zips/1138_bus_entropyscore_forget_svd_aux_random_uniform_4_size_17_ssize_11_k_6_sr_4_reservoir_greedy_sampled.zip
[2026-04-16 21:15:35] synced 1138_bus_entropyscore_forget_svd_aux_random_uniform_4_size_17_ssize_11_k_6_sr_4_reservoir_greedy to /scratch/ttran02/output22/1138_bus_entropyscore_forget_svd_aux_random_uniform_4_size_17_ssize_11_k_6_sr_4_reservoir_greedy, zipped to /scratch/ttran02/output22_sampled_zips, and removed /home/ttran02/pj/computational-methods/output22/1138_bus_entropyscore_forget_svd_aux_random_uniform_4_size_17_ssize_11_k_6_sr_4_reservoir_greedy
[2026-04-16 21:15:36] zip created for 1138_bus_entropyscore_forget_svd_aux_random_uniform_4_size_17_ssize_11_k_6_sr_6_reservoir_greedy: 502 files -> /scratch/ttran02/output22_sampled_zips/1138_bus_entropyscore_forget_svd_aux_random_uniform_4_size_17_ssize_11_k_6_sr_6_reservoir_greedy_sampled.zip
[2026-04-16 21:15:37] synced 1138_bus_entropyscore_forget_svd_aux_random_uniform_4_size_17_ssize_11_k_6_sr_6_reservoir_greedy to /scratch/ttran02/output22/1138_bus_entropyscore_forget_svd_aux_random_uniform_4_size_17_ssize_11_k_6_sr_6_reservoir_greedy, zipped to /scratch/ttran02/output22_sampled_zips, and removed /home/ttran02/pj/computational-methods/output22/1138_bus_entropyscore_forget_svd_aux_random_uniform_4_size_17_ssize_11_k_6_sr_6_reservoir_greedy
[2026-04-16 21:15:41] zip created for 1138_bus_entropyscore_forget_svd_aux_random_uniform_4_size_217_ssize_11_k_206_sr_1_reservoir_greedy: 502 files -> /scratch/ttran02/output22_sampled_zips/1138_bus_entropyscore_forget_svd_aux_random_uniform_4_size_217_ssize_11_k_206_sr_1_reservoir_greedy_sampled.zip
[2026-04-16 21:15:42] synced 1138_bus_entropyscore_forget_svd_aux_random_uniform_4_size_217_ssize_11_k_206_sr_1_reservoir_greedy to /scratch/ttran02/output22/1138_bus_entropyscore_forget_svd_aux_random_uniform_4_size_217_ssize_11_k_206_sr_1_reservoir_greedy, zipped to /scratch/ttran02/output22_sampled_zips, and removed /home/ttran02/pj/computational-methods/output22/1138_bus_entropyscore_forget_svd_aux_random_uniform_4_size_217_ssize_11_k_206_sr_1_reservoir_greedy
[2026-04-16 21:15:46] zip created for 1138_bus_entropyscore_forget_svd_aux_random_uniform_4_size_217_ssize_11_k_206_sr_2_reservoir_greedy: 502 files -> /scratch/ttran02/output22_sampled_zips/1138_bus_entropyscore_forget_svd_aux_random_uniform_4_size_217_ssize_11_k_206_sr_2_reservoir_greedy_sampled.zip
[2026-04-16 21:15:46] synced 1138_bus_entropyscore_forget_svd_aux_random_uniform_4_size_217_ssize_11_k_206_sr_2_reservoir_greedy to /scratch/ttran02/output22/1138_bus_entropyscore_forget_svd_aux_random_uniform_4_size_217_ssize_11_k_206_sr_2_reservoir_greedy, zipped to /scratch/ttran02/output22_sampled_zips, and removed /home/ttran02/pj/computational-methods/output22/1138_bus_entropyscore_forget_svd_aux_random_uniform_4_size_217_ssize_11_k_206_sr_2_reservoir_greedy
[2026-04-16 21:15:46] candidate 1138_bus_entropyscore_forget_svd_aux_random_uniform_4_size_236_ssize_30_k_206_sr_1_reservoir_greedy matched end_idx=1138; monitoring for 60s of stability
[2026-04-16 21:15:47] candidate 1138_bus_entropyscore_forget_svd_aux_random_uniform_4_size_236_ssize_30_k_206_sr_8_reservoir_greedy matched end_idx=1138; monitoring for 60s of stability
[2026-04-16 21:15:47] candidate 1138_bus_entropyscore_forget_svd_aux_random_uniform_4_size_25_ssize_11_k_14_sr_14_reservoir_greedy matched end_idx=1138; monitoring for 60s of stability
[2026-04-16 21:15:47] zip created for 1138_bus_entropyscore_forget_svd_aux_random_uniform_4_size_25_ssize_11_k_14_sr_1_reservoir_greedy: 502 files -> /scratch/ttran02/output22_sampled_zips/1138_bus_entropyscore_forget_svd_aux_random_uniform_4_size_25_ssize_11_k_14_sr_1_reservoir_greedy_sampled.zip
[2026-04-16 21:15:48] synced 1138_bus_entropyscore_forget_svd_aux_random_uniform_4_size_25_ssize_11_k_14_sr_1_reservoir_greedy to /scratch/ttran02/output22/1138_bus_entropyscore_forget_svd_aux_random_uniform_4_size_25_ssize_11_k_14_sr_1_reservoir_greedy, zipped to /scratch/ttran02/output22_sampled_zips, and removed /home/ttran02/pj/computational-methods/output22/1138_bus_entropyscore_forget_svd_aux_random_uniform_4_size_25_ssize_11_k_14_sr_1_reservoir_greedy
[2026-04-16 21:15:49] zip created for 1138_bus_entropyscore_forget_svd_aux_random_uniform_4_size_25_ssize_11_k_14_sr_2_reservoir_greedy: 502 files -> /scratch/ttran02/output22_sampled_zips/1138_bus_entropyscore_forget_svd_aux_random_uniform_4_size_25_ssize_11_k_14_sr_2_reservoir_greedy_sampled.zip
[2026-04-16 21:15:49] synced 1138_bus_entropyscore_forget_svd_aux_random_uniform_4_size_25_ssize_11_k_14_sr_2_reservoir_greedy to /scratch/ttran02/output22/1138_bus_entropyscore_forget_svd_aux_random_uniform_4_size_25_ssize_11_k_14_sr_2_reservoir_greedy, zipped to /scratch/ttran02/output22_sampled_zips, and removed /home/ttran02/pj/computational-methods/output22/1138_bus_entropyscore_forget_svd_aux_random_uniform_4_size_25_ssize_11_k_14_sr_2_reservoir_greedy
[2026-04-16 21:15:50] zip created for 1138_bus_entropyscore_forget_svd_aux_random_uniform_4_size_25_ssize_11_k_14_sr_4_reservoir_greedy: 502 files -> /scratch/ttran02/output22_sampled_zips/1138_bus_entropyscore_forget_svd_aux_random_uniform_4_size_25_ssize_11_k_14_sr_4_reservoir_greedy_sampled.zip
[2026-04-16 21:15:51] synced 1138_bus_entropyscore_forget_svd_aux_random_uniform_4_size_25_ssize_11_k_14_sr_4_reservoir_greedy to /scratch/ttran02/output22/1138_bus_entropyscore_forget_svd_aux_random_uniform_4_size_25_ssize_11_k_14_sr_4_reservoir_greedy, zipped to /scratch/ttran02/output22_sampled_zips, and removed /home/ttran02/pj/computational-methods/output22/1138_bus_entropyscore_forget_svd_aux_random_uniform_4_size_25_ssize_11_k_14_sr_4_reservoir_greedy
[2026-04-16 21:15:52] zip created for 1138_bus_entropyscore_forget_svd_aux_random_uniform_4_size_25_ssize_11_k_14_sr_8_reservoir_greedy: 502 files -> /scratch/ttran02/output22_sampled_zips/1138_bus_entropyscore_forget_svd_aux_random_uniform_4_size_25_ssize_11_k_14_sr_8_reservoir_greedy_sampled.zip
[2026-04-16 21:15:52] synced 1138_bus_entropyscore_forget_svd_aux_random_uniform_4_size_25_ssize_11_k_14_sr_8_reservoir_greedy to /scratch/ttran02/output22/1138_bus_entropyscore_forget_svd_aux_random_uniform_4_size_25_ssize_11_k_14_sr_8_reservoir_greedy, zipped to /scratch/ttran02/output22_sampled_zips, and removed /home/ttran02/pj/computational-methods/output22/1138_bus_entropyscore_forget_svd_aux_random_uniform_4_size_25_ssize_11_k_14_sr_8_reservoir_greedy
[2026-04-16 21:15:53] zip created for 1138_bus_entropyscore_forget_svd_aux_random_uniform_4_size_31_ssize_30_k_1_sr_1_reservoir_greedy: 382 files -> /scratch/ttran02/output22_sampled_zips/1138_bus_entropyscore_forget_svd_aux_random_uniform_4_size_31_ssize_30_k_1_sr_1_reservoir_greedy_sampled.zip
[2026-04-16 21:15:53] synced 1138_bus_entropyscore_forget_svd_aux_random_uniform_4_size_31_ssize_30_k_1_sr_1_reservoir_greedy to /scratch/ttran02/output22/1138_bus_entropyscore_forget_svd_aux_random_uniform_4_size_31_ssize_30_k_1_sr_1_reservoir_greedy, zipped to /scratch/ttran02/output22_sampled_zips, and removed /home/ttran02/pj/computational-methods/output22/1138_bus_entropyscore_forget_svd_aux_random_uniform_4_size_31_ssize_30_k_1_sr_1_reservoir_greedy
[2026-04-16 21:15:53] candidate 1138_bus_entropyscore_forget_svd_aux_random_uniform_4_size_36_ssize_30_k_6_sr_4_reservoir_greedy matched end_idx=1138; monitoring for 60s of stability
[2026-04-16 21:15:54] zip created for 1138_bus_entropyscore_forget_svd_aux_random_uniform_4_size_46_ssize_11_k_35_sr_12_reservoir_greedy: 502 files -> /scratch/ttran02/output22_sampled_zips/1138_bus_entropyscore_forget_svd_aux_random_uniform_4_size_46_ssize_11_k_35_sr_12_reservoir_greedy_sampled.zip
[2026-04-16 21:15:55] synced 1138_bus_entropyscore_forget_svd_aux_random_uniform_4_size_46_ssize_11_k_35_sr_12_reservoir_greedy to /scratch/ttran02/output22/1138_bus_entropyscore_forget_svd_aux_random_uniform_4_size_46_ssize_11_k_35_sr_12_reservoir_greedy, zipped to /scratch/ttran02/output22_sampled_zips, and removed /home/ttran02/pj/computational-methods/output22/1138_bus_entropyscore_forget_svd_aux_random_uniform_4_size_46_ssize_11_k_35_sr_12_reservoir_greedy
[2026-04-16 21:15:56] zip created for 1138_bus_entropyscore_forget_svd_aux_random_uniform_4_size_46_ssize_11_k_35_sr_1_reservoir_greedy: 502 files -> /scratch/ttran02/output22_sampled_zips/1138_bus_entropyscore_forget_svd_aux_random_uniform_4_size_46_ssize_11_k_35_sr_1_reservoir_greedy_sampled.zip
[2026-04-16 21:15:56] synced 1138_bus_entropyscore_forget_svd_aux_random_uniform_4_size_46_ssize_11_k_35_sr_1_reservoir_greedy to /scratch/ttran02/output22/1138_bus_entropyscore_forget_svd_aux_random_uniform_4_size_46_ssize_11_k_35_sr_1_reservoir_greedy, zipped to /scratch/ttran02/output22_sampled_zips, and removed /home/ttran02/pj/computational-methods/output22/1138_bus_entropyscore_forget_svd_aux_random_uniform_4_size_46_ssize_11_k_35_sr_1_reservoir_greedy
[2026-04-16 21:15:57] zip created for 1138_bus_entropyscore_forget_svd_aux_random_uniform_4_size_46_ssize_11_k_35_sr_2_reservoir_greedy: 502 files -> /scratch/ttran02/output22_sampled_zips/1138_bus_entropyscore_forget_svd_aux_random_uniform_4_size_46_ssize_11_k_35_sr_2_reservoir_greedy_sampled.zip
[2026-04-16 21:15:58] synced 1138_bus_entropyscore_forget_svd_aux_random_uniform_4_size_46_ssize_11_k_35_sr_2_reservoir_greedy to /scratch/ttran02/output22/1138_bus_entropyscore_forget_svd_aux_random_uniform_4_size_46_ssize_11_k_35_sr_2_reservoir_greedy, zipped to /scratch/ttran02/output22_sampled_zips, and removed /home/ttran02/pj/computational-methods/output22/1138_bus_entropyscore_forget_svd_aux_random_uniform_4_size_46_ssize_11_k_35_sr_2_reservoir_greedy
[2026-04-16 21:15:59] zip created for 1138_bus_entropyscore_forget_svd_aux_random_uniform_4_size_46_ssize_11_k_35_sr_4_reservoir_greedy: 502 files -> /scratch/ttran02/output22_sampled_zips/1138_bus_entropyscore_forget_svd_aux_random_uniform_4_size_46_ssize_11_k_35_sr_4_reservoir_greedy_sampled.zip
[2026-04-16 21:15:59] synced 1138_bus_entropyscore_forget_svd_aux_random_uniform_4_size_46_ssize_11_k_35_sr_4_reservoir_greedy to /scratch/ttran02/output22/1138_bus_entropyscore_forget_svd_aux_random_uniform_4_size_46_ssize_11_k_35_sr_4_reservoir_greedy, zipped to /scratch/ttran02/output22_sampled_zips, and removed /home/ttran02/pj/computational-methods/output22/1138_bus_entropyscore_forget_svd_aux_random_uniform_4_size_46_ssize_11_k_35_sr_4_reservoir_greedy
[2026-04-16 21:16:00] zip created for 1138_bus_entropyscore_forget_svd_aux_random_uniform_4_size_46_ssize_11_k_35_sr_8_reservoir_greedy: 502 files -> /scratch/ttran02/output22_sampled_zips/1138_bus_entropyscore_forget_svd_aux_random_uniform_4_size_46_ssize_11_k_35_sr_8_reservoir_greedy_sampled.zip
[2026-04-16 21:16:01] synced 1138_bus_entropyscore_forget_svd_aux_random_uniform_4_size_46_ssize_11_k_35_sr_8_reservoir_greedy to /scratch/ttran02/output22/1138_bus_entropyscore_forget_svd_aux_random_uniform_4_size_46_ssize_11_k_35_sr_8_reservoir_greedy, zipped to /scratch/ttran02/output22_sampled_zips, and removed /home/ttran02/pj/computational-methods/output22/1138_bus_entropyscore_forget_svd_aux_random_uniform_4_size_46_ssize_11_k_35_sr_8_reservoir_greedy
[2026-04-16 21:16:01] candidate 1138_bus_entropyscore_forget_svd_aux_random_uniform_4_size_511_ssize_11_k_500_sr_1_reservoir_greedy matched end_idx=1138; monitoring for 60s of stability
[2026-04-16 21:16:01] candidate 1138_bus_entropyscore_forget_svd_aux_random_uniform_4_size_530_ssize_30_k_500_sr_4_reservoir_greedy matched end_idx=1138; monitoring for 60s of stability
[2026-04-16 21:16:01] candidate 1138_bus_entropyscore_forget_svd_aux_random_uniform_4_size_583_ssize_83_k_500_sr_1_reservoir_greedy matched end_idx=1138; monitoring for 60s of stability
[2026-04-16 21:16:01] zip created for 1138_bus_entropyscore_forget_svd_aux_random_uniform_4_size_65_ssize_30_k_35_sr_1_reservoir_greedy: 372 files -> /scratch/ttran02/output22_sampled_zips/1138_bus_entropyscore_forget_svd_aux_random_uniform_4_size_65_ssize_30_k_35_sr_1_reservoir_greedy_sampled.zip
[2026-04-16 21:16:02] synced 1138_bus_entropyscore_forget_svd_aux_random_uniform_4_size_65_ssize_30_k_35_sr_1_reservoir_greedy to /scratch/ttran02/output22/1138_bus_entropyscore_forget_svd_aux_random_uniform_4_size_65_ssize_30_k_35_sr_1_reservoir_greedy, zipped to /scratch/ttran02/output22_sampled_zips, and removed /home/ttran02/pj/computational-methods/output22/1138_bus_entropyscore_forget_svd_aux_random_uniform_4_size_65_ssize_30_k_35_sr_1_reservoir_greedy
[2026-04-16 21:16:02] candidate 1138_bus_entropyscore_forget_svd_aux_random_uniform_4_size_65_ssize_30_k_35_sr_2_reservoir_greedy matched end_idx=1138; monitoring for 60s of stability
[2026-04-16 21:16:02] candidate 1138_bus_entropyscore_forget_svd_aux_random_uniform_4_size_96_ssize_11_k_85_sr_12_reservoir_greedy matched end_idx=1138; monitoring for 60s of stability
[2026-04-16 21:16:03] zip created for 1138_bus_entropyscore_forget_svd_aux_random_uniform_4_size_96_ssize_11_k_85_sr_2_reservoir_greedy: 502 files -> /scratch/ttran02/output22_sampled_zips/1138_bus_entropyscore_forget_svd_aux_random_uniform_4_size_96_ssize_11_k_85_sr_2_reservoir_greedy_sampled.zip
[2026-04-16 21:16:04] synced 1138_bus_entropyscore_forget_svd_aux_random_uniform_4_size_96_ssize_11_k_85_sr_2_reservoir_greedy to /scratch/ttran02/output22/1138_bus_entropyscore_forget_svd_aux_random_uniform_4_size_96_ssize_11_k_85_sr_2_reservoir_greedy, zipped to /scratch/ttran02/output22_sampled_zips, and removed /home/ttran02/pj/computational-methods/output22/1138_bus_entropyscore_forget_svd_aux_random_uniform_4_size_96_ssize_11_k_85_sr_2_reservoir_greedy
[2026-04-16 21:16:06] zip created for 1138_bus_entropyscore_forget_svd_aux_random_uniform_4_size_96_ssize_11_k_85_sr_8_reservoir_greedy: 502 files -> /scratch/ttran02/output22_sampled_zips/1138_bus_entropyscore_forget_svd_aux_random_uniform_4_size_96_ssize_11_k_85_sr_8_reservoir_greedy_sampled.zip
[2026-04-16 21:16:06] synced 1138_bus_entropyscore_forget_svd_aux_random_uniform_4_size_96_ssize_11_k_85_sr_8_reservoir_greedy to /scratch/ttran02/output22/1138_bus_entropyscore_forget_svd_aux_random_uniform_4_size_96_ssize_11_k_85_sr_8_reservoir_greedy, zipped to /scratch/ttran02/output22_sampled_zips, and removed /home/ttran02/pj/computational-methods/output22/1138_bus_entropyscore_forget_svd_aux_random_uniform_4_size_96_ssize_11_k_85_sr_8_reservoir_greedy
[2026-04-16 21:16:06] candidate 1138_bus_entropyscore_forget_svd_aux_random_uniform_4_size_97_ssize_83_k_14_sr_12_reservoir_greedy matched end_idx=1138; monitoring for 60s of stability
[2026-04-16 21:16:07] zip created for 1138_bus_entropyscore_forget_svd_aux_random_uniform_5_size_115_ssize_30_k_85_sr_1_reservoir_greedy: 362 files -> /scratch/ttran02/output22_sampled_zips/1138_bus_entropyscore_forget_svd_aux_random_uniform_5_size_115_ssize_30_k_85_sr_1_reservoir_greedy_sampled.zip
[2026-04-16 21:16:08] synced 1138_bus_entropyscore_forget_svd_aux_random_uniform_5_size_115_ssize_30_k_85_sr_1_reservoir_greedy to /scratch/ttran02/output22/1138_bus_entropyscore_forget_svd_aux_random_uniform_5_size_115_ssize_30_k_85_sr_1_reservoir_greedy, zipped to /scratch/ttran02/output22_sampled_zips, and removed /home/ttran02/pj/computational-methods/output22/1138_bus_entropyscore_forget_svd_aux_random_uniform_5_size_115_ssize_30_k_85_sr_1_reservoir_greedy
[2026-04-16 21:16:09] zip created for 1138_bus_entropyscore_forget_svd_aux_random_uniform_5_size_115_ssize_30_k_85_sr_8_reservoir_greedy: 362 files -> /scratch/ttran02/output22_sampled_zips/1138_bus_entropyscore_forget_svd_aux_random_uniform_5_size_115_ssize_30_k_85_sr_8_reservoir_greedy_sampled.zip
[2026-04-16 21:16:09] synced 1138_bus_entropyscore_forget_svd_aux_random_uniform_5_size_115_ssize_30_k_85_sr_8_reservoir_greedy to /scratch/ttran02/output22/1138_bus_entropyscore_forget_svd_aux_random_uniform_5_size_115_ssize_30_k_85_sr_8_reservoir_greedy, zipped to /scratch/ttran02/output22_sampled_zips, and removed /home/ttran02/pj/computational-methods/output22/1138_bus_entropyscore_forget_svd_aux_random_uniform_5_size_115_ssize_30_k_85_sr_8_reservoir_greedy
[2026-04-16 21:16:10] zip created for 1138_bus_entropyscore_forget_svd_aux_random_uniform_5_size_12_ssize_11_k_1_sr_1_reservoir_greedy: 502 files -> /scratch/ttran02/output22_sampled_zips/1138_bus_entropyscore_forget_svd_aux_random_uniform_5_size_12_ssize_11_k_1_sr_1_reservoir_greedy_sampled.zip
[2026-04-16 21:16:11] synced 1138_bus_entropyscore_forget_svd_aux_random_uniform_5_size_12_ssize_11_k_1_sr_1_reservoir_greedy to /scratch/ttran02/output22/1138_bus_entropyscore_forget_svd_aux_random_uniform_5_size_12_ssize_11_k_1_sr_1_reservoir_greedy, zipped to /scratch/ttran02/output22_sampled_zips, and removed /home/ttran02/pj/computational-methods/output22/1138_bus_entropyscore_forget_svd_aux_random_uniform_5_size_12_ssize_11_k_1_sr_1_reservoir_greedy
[2026-04-16 21:16:11] zip created for 1138_bus_entropyscore_forget_svd_aux_random_uniform_5_size_13_ssize_11_k_2_sr_1_reservoir_greedy: 502 files -> /scratch/ttran02/output22_sampled_zips/1138_bus_entropyscore_forget_svd_aux_random_uniform_5_size_13_ssize_11_k_2_sr_1_reservoir_greedy_sampled.zip
[2026-04-16 21:16:12] synced 1138_bus_entropyscore_forget_svd_aux_random_uniform_5_size_13_ssize_11_k_2_sr_1_reservoir_greedy to /scratch/ttran02/output22/1138_bus_entropyscore_forget_svd_aux_random_uniform_5_size_13_ssize_11_k_2_sr_1_reservoir_greedy, zipped to /scratch/ttran02/output22_sampled_zips, and removed /home/ttran02/pj/computational-methods/output22/1138_bus_entropyscore_forget_svd_aux_random_uniform_5_size_13_ssize_11_k_2_sr_1_reservoir_greedy
[2026-04-16 21:16:13] zip created for 1138_bus_entropyscore_forget_svd_aux_random_uniform_5_size_13_ssize_11_k_2_sr_2_reservoir_greedy: 502 files -> /scratch/ttran02/output22_sampled_zips/1138_bus_entropyscore_forget_svd_aux_random_uniform_5_size_13_ssize_11_k_2_sr_2_reservoir_greedy_sampled.zip
[2026-04-16 21:16:13] synced 1138_bus_entropyscore_forget_svd_aux_random_uniform_5_size_13_ssize_11_k_2_sr_2_reservoir_greedy to /scratch/ttran02/output22/1138_bus_entropyscore_forget_svd_aux_random_uniform_5_size_13_ssize_11_k_2_sr_2_reservoir_greedy, zipped to /scratch/ttran02/output22_sampled_zips, and removed /home/ttran02/pj/computational-methods/output22/1138_bus_entropyscore_forget_svd_aux_random_uniform_5_size_13_ssize_11_k_2_sr_2_reservoir_greedy
[2026-04-16 21:16:14] zip created for 1138_bus_entropyscore_forget_svd_aux_random_uniform_5_size_17_ssize_11_k_6_sr_1_reservoir_greedy: 502 files -> /scratch/ttran02/output22_sampled_zips/1138_bus_entropyscore_forget_svd_aux_random_uniform_5_size_17_ssize_11_k_6_sr_1_reservoir_greedy_sampled.zip
[2026-04-16 21:16:15] synced 1138_bus_entropyscore_forget_svd_aux_random_uniform_5_size_17_ssize_11_k_6_sr_1_reservoir_greedy to /scratch/ttran02/output22/1138_bus_entropyscore_forget_svd_aux_random_uniform_5_size_17_ssize_11_k_6_sr_1_reservoir_greedy, zipped to /scratch/ttran02/output22_sampled_zips, and removed /home/ttran02/pj/computational-methods/output22/1138_bus_entropyscore_forget_svd_aux_random_uniform_5_size_17_ssize_11_k_6_sr_1_reservoir_greedy
[2026-04-16 21:16:16] zip created for 1138_bus_entropyscore_forget_svd_aux_random_uniform_5_size_17_ssize_11_k_6_sr_2_reservoir_greedy: 502 files -> /scratch/ttran02/output22_sampled_zips/1138_bus_entropyscore_forget_svd_aux_random_uniform_5_size_17_ssize_11_k_6_sr_2_reservoir_greedy_sampled.zip
[2026-04-16 21:16:16] synced 1138_bus_entropyscore_forget_svd_aux_random_uniform_5_size_17_ssize_11_k_6_sr_2_reservoir_greedy to /scratch/ttran02/output22/1138_bus_entropyscore_forget_svd_aux_random_uniform_5_size_17_ssize_11_k_6_sr_2_reservoir_greedy, zipped to /scratch/ttran02/output22_sampled_zips, and removed /home/ttran02/pj/computational-methods/output22/1138_bus_entropyscore_forget_svd_aux_random_uniform_5_size_17_ssize_11_k_6_sr_2_reservoir_greedy
[2026-04-16 21:16:17] zip created for 1138_bus_entropyscore_forget_svd_aux_random_uniform_5_size_17_ssize_11_k_6_sr_4_reservoir_greedy: 502 files -> /scratch/ttran02/output22_sampled_zips/1138_bus_entropyscore_forget_svd_aux_random_uniform_5_size_17_ssize_11_k_6_sr_4_reservoir_greedy_sampled.zip
[2026-04-16 21:16:18] synced 1138_bus_entropyscore_forget_svd_aux_random_uniform_5_size_17_ssize_11_k_6_sr_4_reservoir_greedy to /scratch/ttran02/output22/1138_bus_entropyscore_forget_svd_aux_random_uniform_5_size_17_ssize_11_k_6_sr_4_reservoir_greedy, zipped to /scratch/ttran02/output22_sampled_zips, and removed /home/ttran02/pj/computational-methods/output22/1138_bus_entropyscore_forget_svd_aux_random_uniform_5_size_17_ssize_11_k_6_sr_4_reservoir_greedy
[2026-04-16 21:16:19] zip created for 1138_bus_entropyscore_forget_svd_aux_random_uniform_5_size_17_ssize_11_k_6_sr_6_reservoir_greedy: 502 files -> /scratch/ttran02/output22_sampled_zips/1138_bus_entropyscore_forget_svd_aux_random_uniform_5_size_17_ssize_11_k_6_sr_6_reservoir_greedy_sampled.zip
[2026-04-16 21:16:19] synced 1138_bus_entropyscore_forget_svd_aux_random_uniform_5_size_17_ssize_11_k_6_sr_6_reservoir_greedy to /scratch/ttran02/output22/1138_bus_entropyscore_forget_svd_aux_random_uniform_5_size_17_ssize_11_k_6_sr_6_reservoir_greedy, zipped to /scratch/ttran02/output22_sampled_zips, and removed /home/ttran02/pj/computational-methods/output22/1138_bus_entropyscore_forget_svd_aux_random_uniform_5_size_17_ssize_11_k_6_sr_6_reservoir_greedy
[2026-04-16 21:16:24] zip created for 1138_bus_entropyscore_forget_svd_aux_random_uniform_5_size_217_ssize_11_k_206_sr_1_reservoir_greedy: 502 files -> /scratch/ttran02/output22_sampled_zips/1138_bus_entropyscore_forget_svd_aux_random_uniform_5_size_217_ssize_11_k_206_sr_1_reservoir_greedy_sampled.zip
[2026-04-16 21:16:25] synced 1138_bus_entropyscore_forget_svd_aux_random_uniform_5_size_217_ssize_11_k_206_sr_1_reservoir_greedy to /scratch/ttran02/output22/1138_bus_entropyscore_forget_svd_aux_random_uniform_5_size_217_ssize_11_k_206_sr_1_reservoir_greedy, zipped to /scratch/ttran02/output22_sampled_zips, and removed /home/ttran02/pj/computational-methods/output22/1138_bus_entropyscore_forget_svd_aux_random_uniform_5_size_217_ssize_11_k_206_sr_1_reservoir_greedy
[2026-04-16 21:16:29] zip created for 1138_bus_entropyscore_forget_svd_aux_random_uniform_5_size_217_ssize_11_k_206_sr_2_reservoir_greedy: 502 files -> /scratch/ttran02/output22_sampled_zips/1138_bus_entropyscore_forget_svd_aux_random_uniform_5_size_217_ssize_11_k_206_sr_2_reservoir_greedy_sampled.zip
[2026-04-16 21:16:30] synced 1138_bus_entropyscore_forget_svd_aux_random_uniform_5_size_217_ssize_11_k_206_sr_2_reservoir_greedy to /scratch/ttran02/output22/1138_bus_entropyscore_forget_svd_aux_random_uniform_5_size_217_ssize_11_k_206_sr_2_reservoir_greedy, zipped to /scratch/ttran02/output22_sampled_zips, and removed /home/ttran02/pj/computational-methods/output22/1138_bus_entropyscore_forget_svd_aux_random_uniform_5_size_217_ssize_11_k_206_sr_2_reservoir_greedy
[2026-04-16 21:16:30] candidate 1138_bus_entropyscore_forget_svd_aux_random_uniform_5_size_236_ssize_30_k_206_sr_1_reservoir_greedy matched end_idx=1138; monitoring for 60s of stability
[2026-04-16 21:16:30] candidate 1138_bus_entropyscore_forget_svd_aux_random_uniform_5_size_25_ssize_11_k_14_sr_14_reservoir_greedy matched end_idx=1138; monitoring for 60s of stability
[2026-04-16 21:16:31] zip created for 1138_bus_entropyscore_forget_svd_aux_random_uniform_5_size_25_ssize_11_k_14_sr_1_reservoir_greedy: 502 files -> /scratch/ttran02/output22_sampled_zips/1138_bus_entropyscore_forget_svd_aux_random_uniform_5_size_25_ssize_11_k_14_sr_1_reservoir_greedy_sampled.zip
[2026-04-16 21:16:31] synced 1138_bus_entropyscore_forget_svd_aux_random_uniform_5_size_25_ssize_11_k_14_sr_1_reservoir_greedy to /scratch/ttran02/output22/1138_bus_entropyscore_forget_svd_aux_random_uniform_5_size_25_ssize_11_k_14_sr_1_reservoir_greedy, zipped to /scratch/ttran02/output22_sampled_zips, and removed /home/ttran02/pj/computational-methods/output22/1138_bus_entropyscore_forget_svd_aux_random_uniform_5_size_25_ssize_11_k_14_sr_1_reservoir_greedy
[2026-04-16 21:16:32] zip created for 1138_bus_entropyscore_forget_svd_aux_random_uniform_5_size_25_ssize_11_k_14_sr_2_reservoir_greedy: 502 files -> /scratch/ttran02/output22_sampled_zips/1138_bus_entropyscore_forget_svd_aux_random_uniform_5_size_25_ssize_11_k_14_sr_2_reservoir_greedy_sampled.zip
[2026-04-16 21:16:33] synced 1138_bus_entropyscore_forget_svd_aux_random_uniform_5_size_25_ssize_11_k_14_sr_2_reservoir_greedy to /scratch/ttran02/output22/1138_bus_entropyscore_forget_svd_aux_random_uniform_5_size_25_ssize_11_k_14_sr_2_reservoir_greedy, zipped to /scratch/ttran02/output22_sampled_zips, and removed /home/ttran02/pj/computational-methods/output22/1138_bus_entropyscore_forget_svd_aux_random_uniform_5_size_25_ssize_11_k_14_sr_2_reservoir_greedy
[2026-04-16 21:16:33] zip created for 1138_bus_entropyscore_forget_svd_aux_random_uniform_5_size_25_ssize_11_k_14_sr_4_reservoir_greedy: 502 files -> /scratch/ttran02/output22_sampled_zips/1138_bus_entropyscore_forget_svd_aux_random_uniform_5_size_25_ssize_11_k_14_sr_4_reservoir_greedy_sampled.zip
[2026-04-16 21:16:34] synced 1138_bus_entropyscore_forget_svd_aux_random_uniform_5_size_25_ssize_11_k_14_sr_4_reservoir_greedy to /scratch/ttran02/output22/1138_bus_entropyscore_forget_svd_aux_random_uniform_5_size_25_ssize_11_k_14_sr_4_reservoir_greedy, zipped to /scratch/ttran02/output22_sampled_zips, and removed /home/ttran02/pj/computational-methods/output22/1138_bus_entropyscore_forget_svd_aux_random_uniform_5_size_25_ssize_11_k_14_sr_4_reservoir_greedy
[2026-04-16 21:16:35] zip created for 1138_bus_entropyscore_forget_svd_aux_random_uniform_5_size_25_ssize_11_k_14_sr_8_reservoir_greedy: 502 files -> /scratch/ttran02/output22_sampled_zips/1138_bus_entropyscore_forget_svd_aux_random_uniform_5_size_25_ssize_11_k_14_sr_8_reservoir_greedy_sampled.zip
[2026-04-16 21:16:35] synced 1138_bus_entropyscore_forget_svd_aux_random_uniform_5_size_25_ssize_11_k_14_sr_8_reservoir_greedy to /scratch/ttran02/output22/1138_bus_entropyscore_forget_svd_aux_random_uniform_5_size_25_ssize_11_k_14_sr_8_reservoir_greedy, zipped to /scratch/ttran02/output22_sampled_zips, and removed /home/ttran02/pj/computational-methods/output22/1138_bus_entropyscore_forget_svd_aux_random_uniform_5_size_25_ssize_11_k_14_sr_8_reservoir_greedy
[2026-04-16 21:16:36] zip created for 1138_bus_entropyscore_forget_svd_aux_random_uniform_5_size_31_ssize_30_k_1_sr_1_reservoir_greedy: 382 files -> /scratch/ttran02/output22_sampled_zips/1138_bus_entropyscore_forget_svd_aux_random_uniform_5_size_31_ssize_30_k_1_sr_1_reservoir_greedy_sampled.zip
[2026-04-16 21:16:36] synced 1138_bus_entropyscore_forget_svd_aux_random_uniform_5_size_31_ssize_30_k_1_sr_1_reservoir_greedy to /scratch/ttran02/output22/1138_bus_entropyscore_forget_svd_aux_random_uniform_5_size_31_ssize_30_k_1_sr_1_reservoir_greedy, zipped to /scratch/ttran02/output22_sampled_zips, and removed /home/ttran02/pj/computational-methods/output22/1138_bus_entropyscore_forget_svd_aux_random_uniform_5_size_31_ssize_30_k_1_sr_1_reservoir_greedy
[2026-04-16 21:16:36] candidate 1138_bus_entropyscore_forget_svd_aux_random_uniform_5_size_36_ssize_30_k_6_sr_4_reservoir_greedy matched end_idx=1138; monitoring for 60s of stability
[2026-04-16 21:16:36] candidate 1138_bus_entropyscore_forget_svd_aux_random_uniform_5_size_46_ssize_11_k_35_sr_12_reservoir_greedy matched end_idx=1138; monitoring for 60s of stability
[2026-04-16 21:16:37] zip created for 1138_bus_entropyscore_forget_svd_aux_random_uniform_5_size_46_ssize_11_k_35_sr_1_reservoir_greedy: 502 files -> /scratch/ttran02/output22_sampled_zips/1138_bus_entropyscore_forget_svd_aux_random_uniform_5_size_46_ssize_11_k_35_sr_1_reservoir_greedy_sampled.zip
[2026-04-16 21:16:38] synced 1138_bus_entropyscore_forget_svd_aux_random_uniform_5_size_46_ssize_11_k_35_sr_1_reservoir_greedy to /scratch/ttran02/output22/1138_bus_entropyscore_forget_svd_aux_random_uniform_5_size_46_ssize_11_k_35_sr_1_reservoir_greedy, zipped to /scratch/ttran02/output22_sampled_zips, and removed /home/ttran02/pj/computational-methods/output22/1138_bus_entropyscore_forget_svd_aux_random_uniform_5_size_46_ssize_11_k_35_sr_1_reservoir_greedy
[2026-04-16 21:16:39] zip created for 1138_bus_entropyscore_forget_svd_aux_random_uniform_5_size_46_ssize_11_k_35_sr_2_reservoir_greedy: 502 files -> /scratch/ttran02/output22_sampled_zips/1138_bus_entropyscore_forget_svd_aux_random_uniform_5_size_46_ssize_11_k_35_sr_2_reservoir_greedy_sampled.zip
[2026-04-16 21:16:40] synced 1138_bus_entropyscore_forget_svd_aux_random_uniform_5_size_46_ssize_11_k_35_sr_2_reservoir_greedy to /scratch/ttran02/output22/1138_bus_entropyscore_forget_svd_aux_random_uniform_5_size_46_ssize_11_k_35_sr_2_reservoir_greedy, zipped to /scratch/ttran02/output22_sampled_zips, and removed /home/ttran02/pj/computational-methods/output22/1138_bus_entropyscore_forget_svd_aux_random_uniform_5_size_46_ssize_11_k_35_sr_2_reservoir_greedy
[2026-04-16 21:16:41] zip created for 1138_bus_entropyscore_forget_svd_aux_random_uniform_5_size_46_ssize_11_k_35_sr_4_reservoir_greedy: 502 files -> /scratch/ttran02/output22_sampled_zips/1138_bus_entropyscore_forget_svd_aux_random_uniform_5_size_46_ssize_11_k_35_sr_4_reservoir_greedy_sampled.zip
[2026-04-16 21:16:41] synced 1138_bus_entropyscore_forget_svd_aux_random_uniform_5_size_46_ssize_11_k_35_sr_4_reservoir_greedy to /scratch/ttran02/output22/1138_bus_entropyscore_forget_svd_aux_random_uniform_5_size_46_ssize_11_k_35_sr_4_reservoir_greedy, zipped to /scratch/ttran02/output22_sampled_zips, and removed /home/ttran02/pj/computational-methods/output22/1138_bus_entropyscore_forget_svd_aux_random_uniform_5_size_46_ssize_11_k_35_sr_4_reservoir_greedy
[2026-04-16 21:16:42] zip created for 1138_bus_entropyscore_forget_svd_aux_random_uniform_5_size_46_ssize_11_k_35_sr_8_reservoir_greedy: 502 files -> /scratch/ttran02/output22_sampled_zips/1138_bus_entropyscore_forget_svd_aux_random_uniform_5_size_46_ssize_11_k_35_sr_8_reservoir_greedy_sampled.zip
[2026-04-16 21:16:43] synced 1138_bus_entropyscore_forget_svd_aux_random_uniform_5_size_46_ssize_11_k_35_sr_8_reservoir_greedy to /scratch/ttran02/output22/1138_bus_entropyscore_forget_svd_aux_random_uniform_5_size_46_ssize_11_k_35_sr_8_reservoir_greedy, zipped to /scratch/ttran02/output22_sampled_zips, and removed /home/ttran02/pj/computational-methods/output22/1138_bus_entropyscore_forget_svd_aux_random_uniform_5_size_46_ssize_11_k_35_sr_8_reservoir_greedy
[2026-04-16 21:16:43] candidate 1138_bus_entropyscore_forget_svd_aux_random_uniform_5_size_511_ssize_11_k_500_sr_1_reservoir_greedy matched end_idx=1138; monitoring for 60s of stability
[2026-04-16 21:16:43] candidate 1138_bus_entropyscore_forget_svd_aux_random_uniform_5_size_530_ssize_30_k_500_sr_4_reservoir_greedy matched end_idx=1138; monitoring for 60s of stability
[2026-04-16 21:16:43] candidate 1138_bus_entropyscore_forget_svd_aux_random_uniform_5_size_583_ssize_83_k_500_sr_1_reservoir_greedy matched end_idx=1138; monitoring for 60s of stability
[2026-04-16 21:16:43] zip created for 1138_bus_entropyscore_forget_svd_aux_random_uniform_5_size_65_ssize_30_k_35_sr_1_reservoir_greedy: 372 files -> /scratch/ttran02/output22_sampled_zips/1138_bus_entropyscore_forget_svd_aux_random_uniform_5_size_65_ssize_30_k_35_sr_1_reservoir_greedy_sampled.zip
[2026-04-16 21:16:44] synced 1138_bus_entropyscore_forget_svd_aux_random_uniform_5_size_65_ssize_30_k_35_sr_1_reservoir_greedy to /scratch/ttran02/output22/1138_bus_entropyscore_forget_svd_aux_random_uniform_5_size_65_ssize_30_k_35_sr_1_reservoir_greedy, zipped to /scratch/ttran02/output22_sampled_zips, and removed /home/ttran02/pj/computational-methods/output22/1138_bus_entropyscore_forget_svd_aux_random_uniform_5_size_65_ssize_30_k_35_sr_1_reservoir_greedy
[2026-04-16 21:16:44] candidate 1138_bus_entropyscore_forget_svd_aux_random_uniform_5_size_65_ssize_30_k_35_sr_2_reservoir_greedy matched end_idx=1138; monitoring for 60s of stability
[2026-04-16 21:16:44] candidate 1138_bus_entropyscore_forget_svd_aux_random_uniform_5_size_96_ssize_11_k_85_sr_12_reservoir_greedy matched end_idx=1138; monitoring for 60s of stability
[2026-04-16 21:16:45] zip created for 1138_bus_entropyscore_forget_svd_aux_random_uniform_5_size_96_ssize_11_k_85_sr_2_reservoir_greedy: 502 files -> /scratch/ttran02/output22_sampled_zips/1138_bus_entropyscore_forget_svd_aux_random_uniform_5_size_96_ssize_11_k_85_sr_2_reservoir_greedy_sampled.zip
[2026-04-16 21:16:46] synced 1138_bus_entropyscore_forget_svd_aux_random_uniform_5_size_96_ssize_11_k_85_sr_2_reservoir_greedy to /scratch/ttran02/output22/1138_bus_entropyscore_forget_svd_aux_random_uniform_5_size_96_ssize_11_k_85_sr_2_reservoir_greedy, zipped to /scratch/ttran02/output22_sampled_zips, and removed /home/ttran02/pj/computational-methods/output22/1138_bus_entropyscore_forget_svd_aux_random_uniform_5_size_96_ssize_11_k_85_sr_2_reservoir_greedy
[2026-04-16 21:16:46] candidate 1138_bus_entropyscore_forget_svd_aux_random_uniform_5_size_96_ssize_11_k_85_sr_8_reservoir_greedy matched end_idx=1138; monitoring for 60s of stability
[2026-04-16 21:16:47] zip created for 1138_bus_entropyscore_forget_svd_aux_random_uniform_size_115_ssize_30_k_85_sr_1_reservoir_greedy: 362 files -> /scratch/ttran02/output22_sampled_zips/1138_bus_entropyscore_forget_svd_aux_random_uniform_size_115_ssize_30_k_85_sr_1_reservoir_greedy_sampled.zip
[2026-04-16 21:16:47] synced 1138_bus_entropyscore_forget_svd_aux_random_uniform_size_115_ssize_30_k_85_sr_1_reservoir_greedy to /scratch/ttran02/output22/1138_bus_entropyscore_forget_svd_aux_random_uniform_size_115_ssize_30_k_85_sr_1_reservoir_greedy, zipped to /scratch/ttran02/output22_sampled_zips, and removed /home/ttran02/pj/computational-methods/output22/1138_bus_entropyscore_forget_svd_aux_random_uniform_size_115_ssize_30_k_85_sr_1_reservoir_greedy
[2026-04-16 21:16:49] zip created for 1138_bus_entropyscore_forget_svd_aux_random_uniform_size_115_ssize_30_k_85_sr_8_reservoir_greedy: 362 files -> /scratch/ttran02/output22_sampled_zips/1138_bus_entropyscore_forget_svd_aux_random_uniform_size_115_ssize_30_k_85_sr_8_reservoir_greedy_sampled.zip
[2026-04-16 21:16:49] synced 1138_bus_entropyscore_forget_svd_aux_random_uniform_size_115_ssize_30_k_85_sr_8_reservoir_greedy to /scratch/ttran02/output22/1138_bus_entropyscore_forget_svd_aux_random_uniform_size_115_ssize_30_k_85_sr_8_reservoir_greedy, zipped to /scratch/ttran02/output22_sampled_zips, and removed /home/ttran02/pj/computational-methods/output22/1138_bus_entropyscore_forget_svd_aux_random_uniform_size_115_ssize_30_k_85_sr_8_reservoir_greedy
[2026-04-16 21:16:50] zip created for 1138_bus_entropyscore_forget_svd_aux_random_uniform_size_12_ssize_11_k_1_sr_1_reservoir_greedy: 502 files -> /scratch/ttran02/output22_sampled_zips/1138_bus_entropyscore_forget_svd_aux_random_uniform_size_12_ssize_11_k_1_sr_1_reservoir_greedy_sampled.zip
[2026-04-16 21:16:50] synced 1138_bus_entropyscore_forget_svd_aux_random_uniform_size_12_ssize_11_k_1_sr_1_reservoir_greedy to /scratch/ttran02/output22/1138_bus_entropyscore_forget_svd_aux_random_uniform_size_12_ssize_11_k_1_sr_1_reservoir_greedy, zipped to /scratch/ttran02/output22_sampled_zips, and removed /home/ttran02/pj/computational-methods/output22/1138_bus_entropyscore_forget_svd_aux_random_uniform_size_12_ssize_11_k_1_sr_1_reservoir_greedy
[2026-04-16 21:16:51] zip created for 1138_bus_entropyscore_forget_svd_aux_random_uniform_size_13_ssize_11_k_2_sr_1_reservoir_greedy: 502 files -> /scratch/ttran02/output22_sampled_zips/1138_bus_entropyscore_forget_svd_aux_random_uniform_size_13_ssize_11_k_2_sr_1_reservoir_greedy_sampled.zip
[2026-04-16 21:16:52] synced 1138_bus_entropyscore_forget_svd_aux_random_uniform_size_13_ssize_11_k_2_sr_1_reservoir_greedy to /scratch/ttran02/output22/1138_bus_entropyscore_forget_svd_aux_random_uniform_size_13_ssize_11_k_2_sr_1_reservoir_greedy, zipped to /scratch/ttran02/output22_sampled_zips, and removed /home/ttran02/pj/computational-methods/output22/1138_bus_entropyscore_forget_svd_aux_random_uniform_size_13_ssize_11_k_2_sr_1_reservoir_greedy
[2026-04-16 21:16:52] zip created for 1138_bus_entropyscore_forget_svd_aux_random_uniform_size_13_ssize_11_k_2_sr_2_reservoir_greedy: 502 files -> /scratch/ttran02/output22_sampled_zips/1138_bus_entropyscore_forget_svd_aux_random_uniform_size_13_ssize_11_k_2_sr_2_reservoir_greedy_sampled.zip
[2026-04-16 21:16:53] synced 1138_bus_entropyscore_forget_svd_aux_random_uniform_size_13_ssize_11_k_2_sr_2_reservoir_greedy to /scratch/ttran02/output22/1138_bus_entropyscore_forget_svd_aux_random_uniform_size_13_ssize_11_k_2_sr_2_reservoir_greedy, zipped to /scratch/ttran02/output22_sampled_zips, and removed /home/ttran02/pj/computational-methods/output22/1138_bus_entropyscore_forget_svd_aux_random_uniform_size_13_ssize_11_k_2_sr_2_reservoir_greedy
[2026-04-16 21:16:54] zip created for 1138_bus_entropyscore_forget_svd_aux_random_uniform_size_17_ssize_11_k_6_sr_1_reservoir_greedy: 502 files -> /scratch/ttran02/output22_sampled_zips/1138_bus_entropyscore_forget_svd_aux_random_uniform_size_17_ssize_11_k_6_sr_1_reservoir_greedy_sampled.zip
[2026-04-16 21:16:54] synced 1138_bus_entropyscore_forget_svd_aux_random_uniform_size_17_ssize_11_k_6_sr_1_reservoir_greedy to /scratch/ttran02/output22/1138_bus_entropyscore_forget_svd_aux_random_uniform_size_17_ssize_11_k_6_sr_1_reservoir_greedy, zipped to /scratch/ttran02/output22_sampled_zips, and removed /home/ttran02/pj/computational-methods/output22/1138_bus_entropyscore_forget_svd_aux_random_uniform_size_17_ssize_11_k_6_sr_1_reservoir_greedy
[2026-04-16 21:16:55] zip created for 1138_bus_entropyscore_forget_svd_aux_random_uniform_size_17_ssize_11_k_6_sr_2_reservoir_greedy: 502 files -> /scratch/ttran02/output22_sampled_zips/1138_bus_entropyscore_forget_svd_aux_random_uniform_size_17_ssize_11_k_6_sr_2_reservoir_greedy_sampled.zip
[2026-04-16 21:16:56] synced 1138_bus_entropyscore_forget_svd_aux_random_uniform_size_17_ssize_11_k_6_sr_2_reservoir_greedy to /scratch/ttran02/output22/1138_bus_entropyscore_forget_svd_aux_random_uniform_size_17_ssize_11_k_6_sr_2_reservoir_greedy, zipped to /scratch/ttran02/output22_sampled_zips, and removed /home/ttran02/pj/computational-methods/output22/1138_bus_entropyscore_forget_svd_aux_random_uniform_size_17_ssize_11_k_6_sr_2_reservoir_greedy
[2026-04-16 21:16:57] zip created for 1138_bus_entropyscore_forget_svd_aux_random_uniform_size_17_ssize_11_k_6_sr_4_reservoir_greedy: 502 files -> /scratch/ttran02/output22_sampled_zips/1138_bus_entropyscore_forget_svd_aux_random_uniform_size_17_ssize_11_k_6_sr_4_reservoir_greedy_sampled.zip
[2026-04-16 21:16:57] synced 1138_bus_entropyscore_forget_svd_aux_random_uniform_size_17_ssize_11_k_6_sr_4_reservoir_greedy to /scratch/ttran02/output22/1138_bus_entropyscore_forget_svd_aux_random_uniform_size_17_ssize_11_k_6_sr_4_reservoir_greedy, zipped to /scratch/ttran02/output22_sampled_zips, and removed /home/ttran02/pj/computational-methods/output22/1138_bus_entropyscore_forget_svd_aux_random_uniform_size_17_ssize_11_k_6_sr_4_reservoir_greedy
[2026-04-16 21:16:58] zip created for 1138_bus_entropyscore_forget_svd_aux_random_uniform_size_17_ssize_11_k_6_sr_6_reservoir_greedy: 502 files -> /scratch/ttran02/output22_sampled_zips/1138_bus_entropyscore_forget_svd_aux_random_uniform_size_17_ssize_11_k_6_sr_6_reservoir_greedy_sampled.zip
[2026-04-16 21:16:59] synced 1138_bus_entropyscore_forget_svd_aux_random_uniform_size_17_ssize_11_k_6_sr_6_reservoir_greedy to /scratch/ttran02/output22/1138_bus_entropyscore_forget_svd_aux_random_uniform_size_17_ssize_11_k_6_sr_6_reservoir_greedy, zipped to /scratch/ttran02/output22_sampled_zips, and removed /home/ttran02/pj/computational-methods/output22/1138_bus_entropyscore_forget_svd_aux_random_uniform_size_17_ssize_11_k_6_sr_6_reservoir_greedy
[2026-04-16 21:17:03] zip created for 1138_bus_entropyscore_forget_svd_aux_random_uniform_size_217_ssize_11_k_206_sr_12_reservoir_greedy: 502 files -> /scratch/ttran02/output22_sampled_zips/1138_bus_entropyscore_forget_svd_aux_random_uniform_size_217_ssize_11_k_206_sr_12_reservoir_greedy_sampled.zip
[2026-04-16 21:17:04] synced 1138_bus_entropyscore_forget_svd_aux_random_uniform_size_217_ssize_11_k_206_sr_12_reservoir_greedy to /scratch/ttran02/output22/1138_bus_entropyscore_forget_svd_aux_random_uniform_size_217_ssize_11_k_206_sr_12_reservoir_greedy, zipped to /scratch/ttran02/output22_sampled_zips, and removed /home/ttran02/pj/computational-methods/output22/1138_bus_entropyscore_forget_svd_aux_random_uniform_size_217_ssize_11_k_206_sr_12_reservoir_greedy
[2026-04-16 21:17:09] zip created for 1138_bus_entropyscore_forget_svd_aux_random_uniform_size_217_ssize_11_k_206_sr_16_reservoir_greedy: 502 files -> /scratch/ttran02/output22_sampled_zips/1138_bus_entropyscore_forget_svd_aux_random_uniform_size_217_ssize_11_k_206_sr_16_reservoir_greedy_sampled.zip
[2026-04-16 21:17:10] synced 1138_bus_entropyscore_forget_svd_aux_random_uniform_size_217_ssize_11_k_206_sr_16_reservoir_greedy to /scratch/ttran02/output22/1138_bus_entropyscore_forget_svd_aux_random_uniform_size_217_ssize_11_k_206_sr_16_reservoir_greedy, zipped to /scratch/ttran02/output22_sampled_zips, and removed /home/ttran02/pj/computational-methods/output22/1138_bus_entropyscore_forget_svd_aux_random_uniform_size_217_ssize_11_k_206_sr_16_reservoir_greedy
[2026-04-16 21:17:15] zip created for 1138_bus_entropyscore_forget_svd_aux_random_uniform_size_217_ssize_11_k_206_sr_1_reservoir_greedy: 502 files -> /scratch/ttran02/output22_sampled_zips/1138_bus_entropyscore_forget_svd_aux_random_uniform_size_217_ssize_11_k_206_sr_1_reservoir_greedy_sampled.zip
[2026-04-16 21:17:16] synced 1138_bus_entropyscore_forget_svd_aux_random_uniform_size_217_ssize_11_k_206_sr_1_reservoir_greedy to /scratch/ttran02/output22/1138_bus_entropyscore_forget_svd_aux_random_uniform_size_217_ssize_11_k_206_sr_1_reservoir_greedy, zipped to /scratch/ttran02/output22_sampled_zips, and removed /home/ttran02/pj/computational-methods/output22/1138_bus_entropyscore_forget_svd_aux_random_uniform_size_217_ssize_11_k_206_sr_1_reservoir_greedy
[2026-04-16 21:17:20] zip created for 1138_bus_entropyscore_forget_svd_aux_random_uniform_size_217_ssize_11_k_206_sr_2_reservoir_greedy: 502 files -> /scratch/ttran02/output22_sampled_zips/1138_bus_entropyscore_forget_svd_aux_random_uniform_size_217_ssize_11_k_206_sr_2_reservoir_greedy_sampled.zip
[2026-04-16 21:17:20] synced 1138_bus_entropyscore_forget_svd_aux_random_uniform_size_217_ssize_11_k_206_sr_2_reservoir_greedy to /scratch/ttran02/output22/1138_bus_entropyscore_forget_svd_aux_random_uniform_size_217_ssize_11_k_206_sr_2_reservoir_greedy, zipped to /scratch/ttran02/output22_sampled_zips, and removed /home/ttran02/pj/computational-methods/output22/1138_bus_entropyscore_forget_svd_aux_random_uniform_size_217_ssize_11_k_206_sr_2_reservoir_greedy
[2026-04-16 21:17:20] candidate 1138_bus_entropyscore_forget_svd_aux_random_uniform_size_236_ssize_30_k_206_sr_16_reservoir_greedy matched end_idx=1138; monitoring for 60s of stability
[2026-04-16 21:17:23] zip created for 1138_bus_entropyscore_forget_svd_aux_random_uniform_size_236_ssize_30_k_206_sr_1_reservoir_greedy: 322 files -> /scratch/ttran02/output22_sampled_zips/1138_bus_entropyscore_forget_svd_aux_random_uniform_size_236_ssize_30_k_206_sr_1_reservoir_greedy_sampled.zip
[2026-04-16 21:17:23] synced 1138_bus_entropyscore_forget_svd_aux_random_uniform_size_236_ssize_30_k_206_sr_1_reservoir_greedy to /scratch/ttran02/output22/1138_bus_entropyscore_forget_svd_aux_random_uniform_size_236_ssize_30_k_206_sr_1_reservoir_greedy, zipped to /scratch/ttran02/output22_sampled_zips, and removed /home/ttran02/pj/computational-methods/output22/1138_bus_entropyscore_forget_svd_aux_random_uniform_size_236_ssize_30_k_206_sr_1_reservoir_greedy
[2026-04-16 21:17:26] zip created for 1138_bus_entropyscore_forget_svd_aux_random_uniform_size_236_ssize_30_k_206_sr_8_reservoir_greedy: 322 files -> /scratch/ttran02/output22_sampled_zips/1138_bus_entropyscore_forget_svd_aux_random_uniform_size_236_ssize_30_k_206_sr_8_reservoir_greedy_sampled.zip
[2026-04-16 21:17:26] synced 1138_bus_entropyscore_forget_svd_aux_random_uniform_size_236_ssize_30_k_206_sr_8_reservoir_greedy to /scratch/ttran02/output22/1138_bus_entropyscore_forget_svd_aux_random_uniform_size_236_ssize_30_k_206_sr_8_reservoir_greedy, zipped to /scratch/ttran02/output22_sampled_zips, and removed /home/ttran02/pj/computational-methods/output22/1138_bus_entropyscore_forget_svd_aux_random_uniform_size_236_ssize_30_k_206_sr_8_reservoir_greedy
[2026-04-16 21:17:27] zip created for 1138_bus_entropyscore_forget_svd_aux_random_uniform_size_25_ssize_11_k_14_sr_14_reservoir_greedy: 502 files -> /scratch/ttran02/output22_sampled_zips/1138_bus_entropyscore_forget_svd_aux_random_uniform_size_25_ssize_11_k_14_sr_14_reservoir_greedy_sampled.zip
[2026-04-16 21:17:28] synced 1138_bus_entropyscore_forget_svd_aux_random_uniform_size_25_ssize_11_k_14_sr_14_reservoir_greedy to /scratch/ttran02/output22/1138_bus_entropyscore_forget_svd_aux_random_uniform_size_25_ssize_11_k_14_sr_14_reservoir_greedy, zipped to /scratch/ttran02/output22_sampled_zips, and removed /home/ttran02/pj/computational-methods/output22/1138_bus_entropyscore_forget_svd_aux_random_uniform_size_25_ssize_11_k_14_sr_14_reservoir_greedy
[2026-04-16 21:17:28] zip created for 1138_bus_entropyscore_forget_svd_aux_random_uniform_size_25_ssize_11_k_14_sr_1_reservoir_greedy: 502 files -> /scratch/ttran02/output22_sampled_zips/1138_bus_entropyscore_forget_svd_aux_random_uniform_size_25_ssize_11_k_14_sr_1_reservoir_greedy_sampled.zip
[2026-04-16 21:17:29] synced 1138_bus_entropyscore_forget_svd_aux_random_uniform_size_25_ssize_11_k_14_sr_1_reservoir_greedy to /scratch/ttran02/output22/1138_bus_entropyscore_forget_svd_aux_random_uniform_size_25_ssize_11_k_14_sr_1_reservoir_greedy, zipped to /scratch/ttran02/output22_sampled_zips, and removed /home/ttran02/pj/computational-methods/output22/1138_bus_entropyscore_forget_svd_aux_random_uniform_size_25_ssize_11_k_14_sr_1_reservoir_greedy
[2026-04-16 21:17:30] zip created for 1138_bus_entropyscore_forget_svd_aux_random_uniform_size_25_ssize_11_k_14_sr_2_reservoir_greedy: 502 files -> /scratch/ttran02/output22_sampled_zips/1138_bus_entropyscore_forget_svd_aux_random_uniform_size_25_ssize_11_k_14_sr_2_reservoir_greedy_sampled.zip
[2026-04-16 21:17:30] synced 1138_bus_entropyscore_forget_svd_aux_random_uniform_size_25_ssize_11_k_14_sr_2_reservoir_greedy to /scratch/ttran02/output22/1138_bus_entropyscore_forget_svd_aux_random_uniform_size_25_ssize_11_k_14_sr_2_reservoir_greedy, zipped to /scratch/ttran02/output22_sampled_zips, and removed /home/ttran02/pj/computational-methods/output22/1138_bus_entropyscore_forget_svd_aux_random_uniform_size_25_ssize_11_k_14_sr_2_reservoir_greedy
[2026-04-16 21:17:31] zip created for 1138_bus_entropyscore_forget_svd_aux_random_uniform_size_25_ssize_11_k_14_sr_4_reservoir_greedy: 502 files -> /scratch/ttran02/output22_sampled_zips/1138_bus_entropyscore_forget_svd_aux_random_uniform_size_25_ssize_11_k_14_sr_4_reservoir_greedy_sampled.zip
[2026-04-16 21:17:32] synced 1138_bus_entropyscore_forget_svd_aux_random_uniform_size_25_ssize_11_k_14_sr_4_reservoir_greedy to /scratch/ttran02/output22/1138_bus_entropyscore_forget_svd_aux_random_uniform_size_25_ssize_11_k_14_sr_4_reservoir_greedy, zipped to /scratch/ttran02/output22_sampled_zips, and removed /home/ttran02/pj/computational-methods/output22/1138_bus_entropyscore_forget_svd_aux_random_uniform_size_25_ssize_11_k_14_sr_4_reservoir_greedy
[2026-04-16 21:17:33] zip created for 1138_bus_entropyscore_forget_svd_aux_random_uniform_size_25_ssize_11_k_14_sr_8_reservoir_greedy: 502 files -> /scratch/ttran02/output22_sampled_zips/1138_bus_entropyscore_forget_svd_aux_random_uniform_size_25_ssize_11_k_14_sr_8_reservoir_greedy_sampled.zip
[2026-04-16 21:17:33] synced 1138_bus_entropyscore_forget_svd_aux_random_uniform_size_25_ssize_11_k_14_sr_8_reservoir_greedy to /scratch/ttran02/output22/1138_bus_entropyscore_forget_svd_aux_random_uniform_size_25_ssize_11_k_14_sr_8_reservoir_greedy, zipped to /scratch/ttran02/output22_sampled_zips, and removed /home/ttran02/pj/computational-methods/output22/1138_bus_entropyscore_forget_svd_aux_random_uniform_size_25_ssize_11_k_14_sr_8_reservoir_greedy
[2026-04-16 21:17:34] zip created for 1138_bus_entropyscore_forget_svd_aux_random_uniform_size_31_ssize_30_k_1_sr_1_reservoir_greedy: 382 files -> /scratch/ttran02/output22_sampled_zips/1138_bus_entropyscore_forget_svd_aux_random_uniform_size_31_ssize_30_k_1_sr_1_reservoir_greedy_sampled.zip
[2026-04-16 21:17:34] synced 1138_bus_entropyscore_forget_svd_aux_random_uniform_size_31_ssize_30_k_1_sr_1_reservoir_greedy to /scratch/ttran02/output22/1138_bus_entropyscore_forget_svd_aux_random_uniform_size_31_ssize_30_k_1_sr_1_reservoir_greedy, zipped to /scratch/ttran02/output22_sampled_zips, and removed /home/ttran02/pj/computational-methods/output22/1138_bus_entropyscore_forget_svd_aux_random_uniform_size_31_ssize_30_k_1_sr_1_reservoir_greedy
[2026-04-16 21:17:34] candidate 1138_bus_entropyscore_forget_svd_aux_random_uniform_size_36_ssize_30_k_6_sr_4_reservoir_greedy matched end_idx=1138; monitoring for 60s of stability
[2026-04-16 21:17:35] zip created for 1138_bus_entropyscore_forget_svd_aux_random_uniform_size_46_ssize_11_k_35_sr_12_reservoir_greedy: 502 files -> /scratch/ttran02/output22_sampled_zips/1138_bus_entropyscore_forget_svd_aux_random_uniform_size_46_ssize_11_k_35_sr_12_reservoir_greedy_sampled.zip
[2026-04-16 21:17:36] synced 1138_bus_entropyscore_forget_svd_aux_random_uniform_size_46_ssize_11_k_35_sr_12_reservoir_greedy to /scratch/ttran02/output22/1138_bus_entropyscore_forget_svd_aux_random_uniform_size_46_ssize_11_k_35_sr_12_reservoir_greedy, zipped to /scratch/ttran02/output22_sampled_zips, and removed /home/ttran02/pj/computational-methods/output22/1138_bus_entropyscore_forget_svd_aux_random_uniform_size_46_ssize_11_k_35_sr_12_reservoir_greedy
[2026-04-16 21:17:36] candidate 1138_bus_entropyscore_forget_svd_aux_random_uniform_size_46_ssize_11_k_35_sr_16_reservoir_greedy matched end_idx=1138; monitoring for 60s of stability
[2026-04-16 21:17:37] zip created for 1138_bus_entropyscore_forget_svd_aux_random_uniform_size_46_ssize_11_k_35_sr_1_reservoir_greedy: 502 files -> /scratch/ttran02/output22_sampled_zips/1138_bus_entropyscore_forget_svd_aux_random_uniform_size_46_ssize_11_k_35_sr_1_reservoir_greedy_sampled.zip
[2026-04-16 21:17:37] synced 1138_bus_entropyscore_forget_svd_aux_random_uniform_size_46_ssize_11_k_35_sr_1_reservoir_greedy to /scratch/ttran02/output22/1138_bus_entropyscore_forget_svd_aux_random_uniform_size_46_ssize_11_k_35_sr_1_reservoir_greedy, zipped to /scratch/ttran02/output22_sampled_zips, and removed /home/ttran02/pj/computational-methods/output22/1138_bus_entropyscore_forget_svd_aux_random_uniform_size_46_ssize_11_k_35_sr_1_reservoir_greedy
[2026-04-16 21:17:38] zip created for 1138_bus_entropyscore_forget_svd_aux_random_uniform_size_46_ssize_11_k_35_sr_2_reservoir_greedy: 502 files -> /scratch/ttran02/output22_sampled_zips/1138_bus_entropyscore_forget_svd_aux_random_uniform_size_46_ssize_11_k_35_sr_2_reservoir_greedy_sampled.zip
[2026-04-16 21:17:39] synced 1138_bus_entropyscore_forget_svd_aux_random_uniform_size_46_ssize_11_k_35_sr_2_reservoir_greedy to /scratch/ttran02/output22/1138_bus_entropyscore_forget_svd_aux_random_uniform_size_46_ssize_11_k_35_sr_2_reservoir_greedy, zipped to /scratch/ttran02/output22_sampled_zips, and removed /home/ttran02/pj/computational-methods/output22/1138_bus_entropyscore_forget_svd_aux_random_uniform_size_46_ssize_11_k_35_sr_2_reservoir_greedy
[2026-04-16 21:17:40] zip created for 1138_bus_entropyscore_forget_svd_aux_random_uniform_size_46_ssize_11_k_35_sr_4_reservoir_greedy: 502 files -> /scratch/ttran02/output22_sampled_zips/1138_bus_entropyscore_forget_svd_aux_random_uniform_size_46_ssize_11_k_35_sr_4_reservoir_greedy_sampled.zip
[2026-04-16 21:17:40] synced 1138_bus_entropyscore_forget_svd_aux_random_uniform_size_46_ssize_11_k_35_sr_4_reservoir_greedy to /scratch/ttran02/output22/1138_bus_entropyscore_forget_svd_aux_random_uniform_size_46_ssize_11_k_35_sr_4_reservoir_greedy, zipped to /scratch/ttran02/output22_sampled_zips, and removed /home/ttran02/pj/computational-methods/output22/1138_bus_entropyscore_forget_svd_aux_random_uniform_size_46_ssize_11_k_35_sr_4_reservoir_greedy
[2026-04-16 21:17:41] zip created for 1138_bus_entropyscore_forget_svd_aux_random_uniform_size_46_ssize_11_k_35_sr_8_reservoir_greedy: 502 files -> /scratch/ttran02/output22_sampled_zips/1138_bus_entropyscore_forget_svd_aux_random_uniform_size_46_ssize_11_k_35_sr_8_reservoir_greedy_sampled.zip
[2026-04-16 21:17:42] synced 1138_bus_entropyscore_forget_svd_aux_random_uniform_size_46_ssize_11_k_35_sr_8_reservoir_greedy to /scratch/ttran02/output22/1138_bus_entropyscore_forget_svd_aux_random_uniform_size_46_ssize_11_k_35_sr_8_reservoir_greedy, zipped to /scratch/ttran02/output22_sampled_zips, and removed /home/ttran02/pj/computational-methods/output22/1138_bus_entropyscore_forget_svd_aux_random_uniform_size_46_ssize_11_k_35_sr_8_reservoir_greedy
[2026-04-16 21:17:42] candidate 1138_bus_entropyscore_forget_svd_aux_random_uniform_size_511_ssize_11_k_500_sr_12_reservoir_greedy matched end_idx=1138; monitoring for 60s of stability
[2026-04-16 21:17:42] candidate 1138_bus_entropyscore_forget_svd_aux_random_uniform_size_511_ssize_11_k_500_sr_16_reservoir_greedy matched end_idx=1138; monitoring for 60s of stability
[2026-04-16 21:18:01] zip created for 1138_bus_entropyscore_forget_svd_aux_random_uniform_size_511_ssize_11_k_500_sr_1_reservoir_greedy: 492 files -> /scratch/ttran02/output22_sampled_zips/1138_bus_entropyscore_forget_svd_aux_random_uniform_size_511_ssize_11_k_500_sr_1_reservoir_greedy_sampled.zip
[2026-04-16 21:18:02] synced 1138_bus_entropyscore_forget_svd_aux_random_uniform_size_511_ssize_11_k_500_sr_1_reservoir_greedy to /scratch/ttran02/output22/1138_bus_entropyscore_forget_svd_aux_random_uniform_size_511_ssize_11_k_500_sr_1_reservoir_greedy, zipped to /scratch/ttran02/output22_sampled_zips, and removed /home/ttran02/pj/computational-methods/output22/1138_bus_entropyscore_forget_svd_aux_random_uniform_size_511_ssize_11_k_500_sr_1_reservoir_greedy
[2026-04-16 21:18:02] candidate 1138_bus_entropyscore_forget_svd_aux_random_uniform_size_511_ssize_11_k_500_sr_2_reservoir_greedy matched end_idx=1138; monitoring for 60s of stability
[2026-04-16 21:18:20] zip created for 1138_bus_entropyscore_forget_svd_aux_random_uniform_size_511_ssize_11_k_500_sr_4_reservoir_greedy: 492 files -> /scratch/ttran02/output22_sampled_zips/1138_bus_entropyscore_forget_svd_aux_random_uniform_size_511_ssize_11_k_500_sr_4_reservoir_greedy_sampled.zip
[2026-04-16 21:18:21] synced 1138_bus_entropyscore_forget_svd_aux_random_uniform_size_511_ssize_11_k_500_sr_4_reservoir_greedy to /scratch/ttran02/output22/1138_bus_entropyscore_forget_svd_aux_random_uniform_size_511_ssize_11_k_500_sr_4_reservoir_greedy, zipped to /scratch/ttran02/output22_sampled_zips, and removed /home/ttran02/pj/computational-methods/output22/1138_bus_entropyscore_forget_svd_aux_random_uniform_size_511_ssize_11_k_500_sr_4_reservoir_greedy
[2026-04-16 21:18:21] candidate 1138_bus_entropyscore_forget_svd_aux_random_uniform_size_511_ssize_11_k_500_sr_8_reservoir_greedy matched end_idx=1138; monitoring for 60s of stability
[2026-04-16 21:18:21] candidate 1138_bus_entropyscore_forget_svd_aux_random_uniform_size_530_ssize_30_k_500_sr_12_reservoir_greedy matched end_idx=1138; monitoring for 60s of stability
[2026-04-16 21:18:21] candidate 1138_bus_entropyscore_forget_svd_aux_random_uniform_size_530_ssize_30_k_500_sr_1_reservoir_greedy matched end_idx=1138; monitoring for 60s of stability
[2026-04-16 21:18:29] zip created for 1138_bus_entropyscore_forget_svd_aux_random_uniform_size_530_ssize_30_k_500_sr_4_reservoir_greedy: 222 files -> /scratch/ttran02/output22_sampled_zips/1138_bus_entropyscore_forget_svd_aux_random_uniform_size_530_ssize_30_k_500_sr_4_reservoir_greedy_sampled.zip
[2026-04-16 21:18:29] synced 1138_bus_entropyscore_forget_svd_aux_random_uniform_size_530_ssize_30_k_500_sr_4_reservoir_greedy to /scratch/ttran02/output22/1138_bus_entropyscore_forget_svd_aux_random_uniform_size_530_ssize_30_k_500_sr_4_reservoir_greedy, zipped to /scratch/ttran02/output22_sampled_zips, and removed /home/ttran02/pj/computational-methods/output22/1138_bus_entropyscore_forget_svd_aux_random_uniform_size_530_ssize_30_k_500_sr_4_reservoir_greedy
[2026-04-16 21:18:29] candidate 1138_bus_entropyscore_forget_svd_aux_random_uniform_size_530_ssize_30_k_500_sr_8_reservoir_greedy matched end_idx=1138; monitoring for 60s of stability
[2026-04-16 21:18:29] candidate 1138_bus_entropyscore_forget_svd_aux_random_uniform_size_583_ssize_83_k_500_sr_1_reservoir_greedy matched end_idx=1138; monitoring for 60s of stability
[2026-04-16 21:18:30] zip created for 1138_bus_entropyscore_forget_svd_aux_random_uniform_size_65_ssize_30_k_35_sr_1_reservoir_greedy: 372 files -> /scratch/ttran02/output22_sampled_zips/1138_bus_entropyscore_forget_svd_aux_random_uniform_size_65_ssize_30_k_35_sr_1_reservoir_greedy_sampled.zip
[2026-04-16 21:18:30] synced 1138_bus_entropyscore_forget_svd_aux_random_uniform_size_65_ssize_30_k_35_sr_1_reservoir_greedy to /scratch/ttran02/output22/1138_bus_entropyscore_forget_svd_aux_random_uniform_size_65_ssize_30_k_35_sr_1_reservoir_greedy, zipped to /scratch/ttran02/output22_sampled_zips, and removed /home/ttran02/pj/computational-methods/output22/1138_bus_entropyscore_forget_svd_aux_random_uniform_size_65_ssize_30_k_35_sr_1_reservoir_greedy
[2026-04-16 21:18:30] candidate 1138_bus_entropyscore_forget_svd_aux_random_uniform_size_65_ssize_30_k_35_sr_2_reservoir_greedy matched end_idx=1138; monitoring for 60s of stability
[2026-04-16 21:18:32] zip created for 1138_bus_entropyscore_forget_svd_aux_random_uniform_size_96_ssize_11_k_85_sr_12_reservoir_greedy: 502 files -> /scratch/ttran02/output22_sampled_zips/1138_bus_entropyscore_forget_svd_aux_random_uniform_size_96_ssize_11_k_85_sr_12_reservoir_greedy_sampled.zip
[2026-04-16 21:18:32] synced 1138_bus_entropyscore_forget_svd_aux_random_uniform_size_96_ssize_11_k_85_sr_12_reservoir_greedy to /scratch/ttran02/output22/1138_bus_entropyscore_forget_svd_aux_random_uniform_size_96_ssize_11_k_85_sr_12_reservoir_greedy, zipped to /scratch/ttran02/output22_sampled_zips, and removed /home/ttran02/pj/computational-methods/output22/1138_bus_entropyscore_forget_svd_aux_random_uniform_size_96_ssize_11_k_85_sr_12_reservoir_greedy
[2026-04-16 21:18:32] candidate 1138_bus_entropyscore_forget_svd_aux_random_uniform_size_96_ssize_11_k_85_sr_1_reservoir_greedy matched end_idx=1138; monitoring for 60s of stability
[2026-04-16 21:18:34] zip created for 1138_bus_entropyscore_forget_svd_aux_random_uniform_size_96_ssize_11_k_85_sr_2_reservoir_greedy: 502 files -> /scratch/ttran02/output22_sampled_zips/1138_bus_entropyscore_forget_svd_aux_random_uniform_size_96_ssize_11_k_85_sr_2_reservoir_greedy_sampled.zip
[2026-04-16 21:18:34] synced 1138_bus_entropyscore_forget_svd_aux_random_uniform_size_96_ssize_11_k_85_sr_2_reservoir_greedy to /scratch/ttran02/output22/1138_bus_entropyscore_forget_svd_aux_random_uniform_size_96_ssize_11_k_85_sr_2_reservoir_greedy, zipped to /scratch/ttran02/output22_sampled_zips, and removed /home/ttran02/pj/computational-methods/output22/1138_bus_entropyscore_forget_svd_aux_random_uniform_size_96_ssize_11_k_85_sr_2_reservoir_greedy
[2026-04-16 21:18:36] zip created for 1138_bus_entropyscore_forget_svd_aux_random_uniform_size_96_ssize_11_k_85_sr_8_reservoir_greedy: 502 files -> /scratch/ttran02/output22_sampled_zips/1138_bus_entropyscore_forget_svd_aux_random_uniform_size_96_ssize_11_k_85_sr_8_reservoir_greedy_sampled.zip
[2026-04-16 21:18:36] synced 1138_bus_entropyscore_forget_svd_aux_random_uniform_size_96_ssize_11_k_85_sr_8_reservoir_greedy to /scratch/ttran02/output22/1138_bus_entropyscore_forget_svd_aux_random_uniform_size_96_ssize_11_k_85_sr_8_reservoir_greedy, zipped to /scratch/ttran02/output22_sampled_zips, and removed /home/ttran02/pj/computational-methods/output22/1138_bus_entropyscore_forget_svd_aux_random_uniform_size_96_ssize_11_k_85_sr_8_reservoir_greedy
[2026-04-16 21:18:36] candidate 1138_bus_entropyscore_forget_svd_aux_random_uniform_size_97_ssize_83_k_14_sr_12_reservoir_greedy matched end_idx=1138; monitoring for 60s of stability
[2026-04-16 21:19:36] candidate 1138_bus_entropyscore_forget_svd_aux_random_uniform_2_size_115_ssize_30_k_85_sr_2_reservoir_greedy matched end_idx=1138; monitoring for 60s of stability
[2026-04-16 21:19:36] candidate 1138_bus_entropyscore_forget_svd_aux_random_uniform_2_size_115_ssize_30_k_85_sr_4_reservoir_greedy matched end_idx=1138; monitoring for 60s of stability
[2026-04-16 21:19:36] candidate 1138_bus_entropyscore_forget_svd_aux_random_uniform_2_size_118_ssize_83_k_35_sr_12_reservoir_greedy matched end_idx=1138; monitoring for 60s of stability
[2026-04-16 21:19:36] candidate 1138_bus_entropyscore_forget_svd_aux_random_uniform_2_size_118_ssize_83_k_35_sr_16_reservoir_greedy matched end_idx=1138; monitoring for 60s of stability
[2026-04-16 21:19:36] candidate 1138_bus_entropyscore_forget_svd_aux_random_uniform_2_size_118_ssize_83_k_35_sr_8_reservoir_greedy matched end_idx=1138; monitoring for 60s of stability
[2026-04-16 21:19:36] candidate 1138_bus_entropyscore_forget_svd_aux_random_uniform_2_size_168_ssize_83_k_85_sr_12_reservoir_greedy matched end_idx=1138; monitoring for 60s of stability
[2026-04-16 21:19:36] candidate 1138_bus_entropyscore_forget_svd_aux_random_uniform_2_size_168_ssize_83_k_85_sr_16_reservoir_greedy matched end_idx=1138; monitoring for 60s of stability
[2026-04-16 21:19:36] candidate 1138_bus_entropyscore_forget_svd_aux_random_uniform_2_size_168_ssize_83_k_85_sr_4_reservoir_greedy matched end_idx=1138; monitoring for 60s of stability
[2026-04-16 21:19:41] zip created for 1138_bus_entropyscore_forget_svd_aux_random_uniform_2_size_217_ssize_11_k_206_sr_12_reservoir_greedy: 502 files -> /scratch/ttran02/output22_sampled_zips/1138_bus_entropyscore_forget_svd_aux_random_uniform_2_size_217_ssize_11_k_206_sr_12_reservoir_greedy_sampled.zip
[2026-04-16 21:19:41] synced 1138_bus_entropyscore_forget_svd_aux_random_uniform_2_size_217_ssize_11_k_206_sr_12_reservoir_greedy to /scratch/ttran02/output22/1138_bus_entropyscore_forget_svd_aux_random_uniform_2_size_217_ssize_11_k_206_sr_12_reservoir_greedy, zipped to /scratch/ttran02/output22_sampled_zips, and removed /home/ttran02/pj/computational-methods/output22/1138_bus_entropyscore_forget_svd_aux_random_uniform_2_size_217_ssize_11_k_206_sr_12_reservoir_greedy
[2026-04-16 21:19:45] zip created for 1138_bus_entropyscore_forget_svd_aux_random_uniform_2_size_217_ssize_11_k_206_sr_16_reservoir_greedy: 502 files -> /scratch/ttran02/output22_sampled_zips/1138_bus_entropyscore_forget_svd_aux_random_uniform_2_size_217_ssize_11_k_206_sr_16_reservoir_greedy_sampled.zip
[2026-04-16 21:19:46] synced 1138_bus_entropyscore_forget_svd_aux_random_uniform_2_size_217_ssize_11_k_206_sr_16_reservoir_greedy to /scratch/ttran02/output22/1138_bus_entropyscore_forget_svd_aux_random_uniform_2_size_217_ssize_11_k_206_sr_16_reservoir_greedy, zipped to /scratch/ttran02/output22_sampled_zips, and removed /home/ttran02/pj/computational-methods/output22/1138_bus_entropyscore_forget_svd_aux_random_uniform_2_size_217_ssize_11_k_206_sr_16_reservoir_greedy
[2026-04-16 21:19:46] candidate 1138_bus_entropyscore_forget_svd_aux_random_uniform_2_size_228_ssize_226_k_2_sr_1_reservoir_greedy matched end_idx=1138; monitoring for 60s of stability
[2026-04-16 21:19:46] candidate 1138_bus_entropyscore_forget_svd_aux_random_uniform_2_size_232_ssize_226_k_6_sr_2_reservoir_greedy matched end_idx=1138; monitoring for 60s of stability
[2026-04-16 21:19:46] candidate 1138_bus_entropyscore_forget_svd_aux_random_uniform_2_size_232_ssize_226_k_6_sr_6_reservoir_greedy matched end_idx=1138; monitoring for 60s of stability
[2026-04-16 21:19:46] candidate 1138_bus_entropyscore_forget_svd_aux_random_uniform_2_size_236_ssize_30_k_206_sr_12_reservoir_greedy matched end_idx=1138; monitoring for 60s of stability
[2026-04-16 21:19:46] candidate 1138_bus_entropyscore_forget_svd_aux_random_uniform_2_size_236_ssize_30_k_206_sr_16_reservoir_greedy matched end_idx=1138; monitoring for 60s of stability
[2026-04-16 21:19:46] candidate 1138_bus_entropyscore_forget_svd_aux_random_uniform_2_size_236_ssize_30_k_206_sr_2_reservoir_greedy matched end_idx=1138; monitoring for 60s of stability
[2026-04-16 21:19:49] zip created for 1138_bus_entropyscore_forget_svd_aux_random_uniform_2_size_236_ssize_30_k_206_sr_8_reservoir_greedy: 322 files -> /scratch/ttran02/output22_sampled_zips/1138_bus_entropyscore_forget_svd_aux_random_uniform_2_size_236_ssize_30_k_206_sr_8_reservoir_greedy_sampled.zip
[2026-04-16 21:19:49] synced 1138_bus_entropyscore_forget_svd_aux_random_uniform_2_size_236_ssize_30_k_206_sr_8_reservoir_greedy to /scratch/ttran02/output22/1138_bus_entropyscore_forget_svd_aux_random_uniform_2_size_236_ssize_30_k_206_sr_8_reservoir_greedy, zipped to /scratch/ttran02/output22_sampled_zips, and removed /home/ttran02/pj/computational-methods/output22/1138_bus_entropyscore_forget_svd_aux_random_uniform_2_size_236_ssize_30_k_206_sr_8_reservoir_greedy
[2026-04-16 21:19:49] candidate 1138_bus_entropyscore_forget_svd_aux_random_uniform_2_size_240_ssize_226_k_14_sr_14_reservoir_greedy matched end_idx=1138; monitoring for 60s of stability
[2026-04-16 21:19:49] candidate 1138_bus_entropyscore_forget_svd_aux_random_uniform_2_size_240_ssize_226_k_14_sr_2_reservoir_greedy matched end_idx=1138; monitoring for 60s of stability
[2026-04-16 21:19:49] candidate 1138_bus_entropyscore_forget_svd_aux_random_uniform_2_size_25_ssize_11_k_14_sr_12_reservoir_greedy matched end_idx=1138; monitoring for 60s of stability
[2026-04-16 21:19:49] candidate 1138_bus_entropyscore_forget_svd_aux_random_uniform_2_size_261_ssize_226_k_35_sr_16_reservoir_greedy matched end_idx=1138; monitoring for 60s of stability
[2026-04-16 21:19:49] candidate 1138_bus_entropyscore_forget_svd_aux_random_uniform_2_size_261_ssize_226_k_35_sr_1_reservoir_greedy matched end_idx=1138; monitoring for 60s of stability
[2026-04-16 21:19:49] candidate 1138_bus_entropyscore_forget_svd_aux_random_uniform_2_size_261_ssize_226_k_35_sr_2_reservoir_greedy matched end_idx=1138; monitoring for 60s of stability
[2026-04-16 21:19:49] candidate 1138_bus_entropyscore_forget_svd_aux_random_uniform_2_size_289_ssize_83_k_206_sr_12_reservoir_greedy matched end_idx=1138; monitoring for 60s of stability
[2026-04-16 21:19:49] candidate 1138_bus_entropyscore_forget_svd_aux_random_uniform_2_size_289_ssize_83_k_206_sr_16_reservoir_greedy matched end_idx=1138; monitoring for 60s of stability
[2026-04-16 21:19:50] candidate 1138_bus_entropyscore_forget_svd_aux_random_uniform_2_size_289_ssize_83_k_206_sr_1_reservoir_greedy matched end_idx=1138; monitoring for 60s of stability
[2026-04-16 21:19:50] candidate 1138_bus_entropyscore_forget_svd_aux_random_uniform_2_size_289_ssize_83_k_206_sr_2_reservoir_greedy matched end_idx=1138; monitoring for 60s of stability
[2026-04-16 21:19:50] candidate 1138_bus_entropyscore_forget_svd_aux_random_uniform_2_size_311_ssize_226_k_85_sr_12_reservoir_greedy matched end_idx=1138; monitoring for 60s of stability
[2026-04-16 21:19:50] candidate 1138_bus_entropyscore_forget_svd_aux_random_uniform_2_size_311_ssize_226_k_85_sr_2_reservoir_greedy matched end_idx=1138; monitoring for 60s of stability
[2026-04-16 21:19:50] candidate 1138_bus_entropyscore_forget_svd_aux_random_uniform_2_size_311_ssize_226_k_85_sr_4_reservoir_greedy matched end_idx=1138; monitoring for 60s of stability
[2026-04-16 21:19:50] candidate 1138_bus_entropyscore_forget_svd_aux_random_uniform_2_size_311_ssize_226_k_85_sr_8_reservoir_greedy matched end_idx=1138; monitoring for 60s of stability
[2026-04-16 21:19:50] zip created for 1138_bus_entropyscore_forget_svd_aux_random_uniform_2_size_36_ssize_30_k_6_sr_4_reservoir_greedy: 382 files -> /scratch/ttran02/output22_sampled_zips/1138_bus_entropyscore_forget_svd_aux_random_uniform_2_size_36_ssize_30_k_6_sr_4_reservoir_greedy_sampled.zip
[2026-04-16 21:19:50] synced 1138_bus_entropyscore_forget_svd_aux_random_uniform_2_size_36_ssize_30_k_6_sr_4_reservoir_greedy to /scratch/ttran02/output22/1138_bus_entropyscore_forget_svd_aux_random_uniform_2_size_36_ssize_30_k_6_sr_4_reservoir_greedy, zipped to /scratch/ttran02/output22_sampled_zips, and removed /home/ttran02/pj/computational-methods/output22/1138_bus_entropyscore_forget_svd_aux_random_uniform_2_size_36_ssize_30_k_6_sr_4_reservoir_greedy
[2026-04-16 21:19:51] candidate 1138_bus_entropyscore_forget_svd_aux_random_uniform_2_size_432_ssize_226_k_206_sr_12_reservoir_greedy matched end_idx=1138; monitoring for 60s of stability
[2026-04-16 21:19:51] candidate 1138_bus_entropyscore_forget_svd_aux_random_uniform_2_size_432_ssize_226_k_206_sr_1_reservoir_greedy matched end_idx=1138; monitoring for 60s of stability
[2026-04-16 21:19:51] candidate 1138_bus_entropyscore_forget_svd_aux_random_uniform_2_size_432_ssize_226_k_206_sr_2_reservoir_greedy matched end_idx=1138; monitoring for 60s of stability
[2026-04-16 21:19:51] candidate 1138_bus_entropyscore_forget_svd_aux_random_uniform_2_size_44_ssize_30_k_14_sr_12_reservoir_greedy matched end_idx=1138; monitoring for 60s of stability
[2026-04-16 21:19:51] candidate 1138_bus_entropyscore_forget_svd_aux_random_uniform_2_size_44_ssize_30_k_14_sr_14_reservoir_greedy matched end_idx=1138; monitoring for 60s of stability
[2026-04-16 21:19:51] candidate 1138_bus_entropyscore_forget_svd_aux_random_uniform_2_size_44_ssize_30_k_14_sr_1_reservoir_greedy matched end_idx=1138; monitoring for 60s of stability
[2026-04-16 21:19:51] candidate 1138_bus_entropyscore_forget_svd_aux_random_uniform_2_size_44_ssize_30_k_14_sr_2_reservoir_greedy matched end_idx=1138; monitoring for 60s of stability
[2026-04-16 21:19:51] candidate 1138_bus_entropyscore_forget_svd_aux_random_uniform_2_size_44_ssize_30_k_14_sr_4_reservoir_greedy matched end_idx=1138; monitoring for 60s of stability
[2026-04-16 21:19:52] zip created for 1138_bus_entropyscore_forget_svd_aux_random_uniform_2_size_46_ssize_11_k_35_sr_16_reservoir_greedy: 502 files -> /scratch/ttran02/output22_sampled_zips/1138_bus_entropyscore_forget_svd_aux_random_uniform_2_size_46_ssize_11_k_35_sr_16_reservoir_greedy_sampled.zip
[2026-04-16 21:19:52] synced 1138_bus_entropyscore_forget_svd_aux_random_uniform_2_size_46_ssize_11_k_35_sr_16_reservoir_greedy to /scratch/ttran02/output22/1138_bus_entropyscore_forget_svd_aux_random_uniform_2_size_46_ssize_11_k_35_sr_16_reservoir_greedy, zipped to /scratch/ttran02/output22_sampled_zips, and removed /home/ttran02/pj/computational-methods/output22/1138_bus_entropyscore_forget_svd_aux_random_uniform_2_size_46_ssize_11_k_35_sr_16_reservoir_greedy
[2026-04-16 21:19:52] candidate 1138_bus_entropyscore_forget_svd_aux_random_uniform_2_size_511_ssize_11_k_500_sr_12_reservoir_greedy matched end_idx=1138; monitoring for 60s of stability
[2026-04-16 21:19:52] candidate 1138_bus_entropyscore_forget_svd_aux_random_uniform_2_size_511_ssize_11_k_500_sr_16_reservoir_greedy matched end_idx=1138; monitoring for 60s of stability
[2026-04-16 21:19:52] candidate 1138_bus_entropyscore_forget_svd_aux_random_uniform_2_size_511_ssize_11_k_500_sr_2_reservoir_greedy matched end_idx=1138; monitoring for 60s of stability
[2026-04-16 21:19:52] candidate 1138_bus_entropyscore_forget_svd_aux_random_uniform_2_size_511_ssize_11_k_500_sr_8_reservoir_greedy matched end_idx=1138; monitoring for 60s of stability
[2026-04-16 21:19:52] candidate 1138_bus_entropyscore_forget_svd_aux_random_uniform_2_size_530_ssize_30_k_500_sr_12_reservoir_greedy matched end_idx=1138; monitoring for 60s of stability
[2026-04-16 21:19:52] candidate 1138_bus_entropyscore_forget_svd_aux_random_uniform_2_size_530_ssize_30_k_500_sr_16_reservoir_greedy matched end_idx=1138; monitoring for 60s of stability
[2026-04-16 21:20:01] zip created for 1138_bus_entropyscore_forget_svd_aux_random_uniform_2_size_530_ssize_30_k_500_sr_1_reservoir_greedy: 222 files -> /scratch/ttran02/output22_sampled_zips/1138_bus_entropyscore_forget_svd_aux_random_uniform_2_size_530_ssize_30_k_500_sr_1_reservoir_greedy_sampled.zip
[2026-04-16 21:20:01] synced 1138_bus_entropyscore_forget_svd_aux_random_uniform_2_size_530_ssize_30_k_500_sr_1_reservoir_greedy to /scratch/ttran02/output22/1138_bus_entropyscore_forget_svd_aux_random_uniform_2_size_530_ssize_30_k_500_sr_1_reservoir_greedy, zipped to /scratch/ttran02/output22_sampled_zips, and removed /home/ttran02/pj/computational-methods/output22/1138_bus_entropyscore_forget_svd_aux_random_uniform_2_size_530_ssize_30_k_500_sr_1_reservoir_greedy
[2026-04-16 21:20:01] candidate 1138_bus_entropyscore_forget_svd_aux_random_uniform_2_size_530_ssize_30_k_500_sr_8_reservoir_greedy matched end_idx=1138; monitoring for 60s of stability
[2026-04-16 21:20:01] candidate 1138_bus_entropyscore_forget_svd_aux_random_uniform_2_size_583_ssize_83_k_500_sr_16_reservoir_greedy matched end_idx=1138; monitoring for 60s of stability
[2026-04-16 21:20:04] zip created for 1138_bus_entropyscore_forget_svd_aux_random_uniform_2_size_583_ssize_83_k_500_sr_1_reservoir_greedy: 82 files -> /scratch/ttran02/output22_sampled_zips/1138_bus_entropyscore_forget_svd_aux_random_uniform_2_size_583_ssize_83_k_500_sr_1_reservoir_greedy_sampled.zip
[2026-04-16 21:20:05] synced 1138_bus_entropyscore_forget_svd_aux_random_uniform_2_size_583_ssize_83_k_500_sr_1_reservoir_greedy to /scratch/ttran02/output22/1138_bus_entropyscore_forget_svd_aux_random_uniform_2_size_583_ssize_83_k_500_sr_1_reservoir_greedy, zipped to /scratch/ttran02/output22_sampled_zips, and removed /home/ttran02/pj/computational-methods/output22/1138_bus_entropyscore_forget_svd_aux_random_uniform_2_size_583_ssize_83_k_500_sr_1_reservoir_greedy
[2026-04-16 21:20:05] candidate 1138_bus_entropyscore_forget_svd_aux_random_uniform_2_size_583_ssize_83_k_500_sr_2_reservoir_greedy matched end_idx=1138; monitoring for 60s of stability
[2026-04-16 21:20:05] candidate 1138_bus_entropyscore_forget_svd_aux_random_uniform_2_size_583_ssize_83_k_500_sr_8_reservoir_greedy matched end_idx=1138; monitoring for 60s of stability
[2026-04-16 21:20:05] candidate 1138_bus_entropyscore_forget_svd_aux_random_uniform_2_size_65_ssize_30_k_35_sr_16_reservoir_greedy matched end_idx=1138; monitoring for 60s of stability
[2026-04-16 21:20:05] zip created for 1138_bus_entropyscore_forget_svd_aux_random_uniform_2_size_65_ssize_30_k_35_sr_2_reservoir_greedy: 372 files -> /scratch/ttran02/output22_sampled_zips/1138_bus_entropyscore_forget_svd_aux_random_uniform_2_size_65_ssize_30_k_35_sr_2_reservoir_greedy_sampled.zip
[2026-04-16 21:20:06] synced 1138_bus_entropyscore_forget_svd_aux_random_uniform_2_size_65_ssize_30_k_35_sr_2_reservoir_greedy to /scratch/ttran02/output22/1138_bus_entropyscore_forget_svd_aux_random_uniform_2_size_65_ssize_30_k_35_sr_2_reservoir_greedy, zipped to /scratch/ttran02/output22_sampled_zips, and removed /home/ttran02/pj/computational-methods/output22/1138_bus_entropyscore_forget_svd_aux_random_uniform_2_size_65_ssize_30_k_35_sr_2_reservoir_greedy
[2026-04-16 21:20:06] candidate 1138_bus_entropyscore_forget_svd_aux_random_uniform_2_size_65_ssize_30_k_35_sr_8_reservoir_greedy matched end_idx=1138; monitoring for 60s of stability
[2026-04-16 21:20:06] candidate 1138_bus_entropyscore_forget_svd_aux_random_uniform_2_size_726_ssize_226_k_500_sr_12_reservoir_greedy matched end_idx=1138; monitoring for 60s of stability
[2026-04-16 21:20:06] candidate 1138_bus_entropyscore_forget_svd_aux_random_uniform_2_size_726_ssize_226_k_500_sr_8_reservoir_greedy matched end_idx=1138; monitoring for 60s of stability
[2026-04-16 21:20:06] candidate 1138_bus_entropyscore_forget_svd_aux_random_uniform_2_size_85_ssize_83_k_2_sr_1_reservoir_greedy matched end_idx=1138; monitoring for 60s of stability
[2026-04-16 21:20:06] candidate 1138_bus_entropyscore_forget_svd_aux_random_uniform_2_size_85_ssize_83_k_2_sr_2_reservoir_greedy matched end_idx=1138; monitoring for 60s of stability
[2026-04-16 21:20:06] candidate 1138_bus_entropyscore_forget_svd_aux_random_uniform_2_size_89_ssize_83_k_6_sr_2_reservoir_greedy matched end_idx=1138; monitoring for 60s of stability
[2026-04-16 21:20:06] candidate 1138_bus_entropyscore_forget_svd_aux_random_uniform_2_size_89_ssize_83_k_6_sr_4_reservoir_greedy matched end_idx=1138; monitoring for 60s of stability
[2026-04-16 21:20:06] candidate 1138_bus_entropyscore_forget_svd_aux_random_uniform_2_size_89_ssize_83_k_6_sr_6_reservoir_greedy matched end_idx=1138; monitoring for 60s of stability
[2026-04-16 21:20:07] zip created for 1138_bus_entropyscore_forget_svd_aux_random_uniform_2_size_96_ssize_11_k_85_sr_1_reservoir_greedy: 502 files -> /scratch/ttran02/output22_sampled_zips/1138_bus_entropyscore_forget_svd_aux_random_uniform_2_size_96_ssize_11_k_85_sr_1_reservoir_greedy_sampled.zip
[2026-04-16 21:20:08] synced 1138_bus_entropyscore_forget_svd_aux_random_uniform_2_size_96_ssize_11_k_85_sr_1_reservoir_greedy to /scratch/ttran02/output22/1138_bus_entropyscore_forget_svd_aux_random_uniform_2_size_96_ssize_11_k_85_sr_1_reservoir_greedy, zipped to /scratch/ttran02/output22_sampled_zips, and removed /home/ttran02/pj/computational-methods/output22/1138_bus_entropyscore_forget_svd_aux_random_uniform_2_size_96_ssize_11_k_85_sr_1_reservoir_greedy
[2026-04-16 21:20:08] zip created for 1138_bus_entropyscore_forget_svd_aux_random_uniform_2_size_97_ssize_83_k_14_sr_12_reservoir_greedy: 142 files -> /scratch/ttran02/output22_sampled_zips/1138_bus_entropyscore_forget_svd_aux_random_uniform_2_size_97_ssize_83_k_14_sr_12_reservoir_greedy_sampled.zip
[2026-04-16 21:20:08] synced 1138_bus_entropyscore_forget_svd_aux_random_uniform_2_size_97_ssize_83_k_14_sr_12_reservoir_greedy to /scratch/ttran02/output22/1138_bus_entropyscore_forget_svd_aux_random_uniform_2_size_97_ssize_83_k_14_sr_12_reservoir_greedy, zipped to /scratch/ttran02/output22_sampled_zips, and removed /home/ttran02/pj/computational-methods/output22/1138_bus_entropyscore_forget_svd_aux_random_uniform_2_size_97_ssize_83_k_14_sr_12_reservoir_greedy
[2026-04-16 21:20:08] candidate 1138_bus_entropyscore_forget_svd_aux_random_uniform_2_size_97_ssize_83_k_14_sr_1_reservoir_greedy matched end_idx=1138; monitoring for 60s of stability
[2026-04-16 21:20:08] candidate 1138_bus_entropyscore_forget_svd_aux_random_uniform_2_size_97_ssize_83_k_14_sr_2_reservoir_greedy matched end_idx=1138; monitoring for 60s of stability
[2026-04-16 21:20:08] candidate 1138_bus_entropyscore_forget_svd_aux_random_uniform_2_size_97_ssize_83_k_14_sr_4_reservoir_greedy matched end_idx=1138; monitoring for 60s of stability
[2026-04-16 21:20:08] candidate 1138_bus_entropyscore_forget_svd_aux_random_uniform_3_size_115_ssize_30_k_85_sr_2_reservoir_greedy matched end_idx=1138; monitoring for 60s of stability
[2026-04-16 21:20:08] candidate 1138_bus_entropyscore_forget_svd_aux_random_uniform_3_size_115_ssize_30_k_85_sr_4_reservoir_greedy matched end_idx=1138; monitoring for 60s of stability
[2026-04-16 21:20:08] candidate 1138_bus_entropyscore_forget_svd_aux_random_uniform_3_size_118_ssize_83_k_35_sr_12_reservoir_greedy matched end_idx=1138; monitoring for 60s of stability
[2026-04-16 21:20:08] candidate 1138_bus_entropyscore_forget_svd_aux_random_uniform_3_size_118_ssize_83_k_35_sr_16_reservoir_greedy matched end_idx=1138; monitoring for 60s of stability
[2026-04-16 21:20:08] candidate 1138_bus_entropyscore_forget_svd_aux_random_uniform_3_size_118_ssize_83_k_35_sr_8_reservoir_greedy matched end_idx=1138; monitoring for 60s of stability
[2026-04-16 21:20:08] candidate 1138_bus_entropyscore_forget_svd_aux_random_uniform_3_size_168_ssize_83_k_85_sr_12_reservoir_greedy matched end_idx=1138; monitoring for 60s of stability
[2026-04-16 21:20:08] candidate 1138_bus_entropyscore_forget_svd_aux_random_uniform_3_size_168_ssize_83_k_85_sr_16_reservoir_greedy matched end_idx=1138; monitoring for 60s of stability
[2026-04-16 21:20:08] candidate 1138_bus_entropyscore_forget_svd_aux_random_uniform_3_size_168_ssize_83_k_85_sr_4_reservoir_greedy matched end_idx=1138; monitoring for 60s of stability
[2026-04-16 21:20:13] zip created for 1138_bus_entropyscore_forget_svd_aux_random_uniform_3_size_217_ssize_11_k_206_sr_12_reservoir_greedy: 502 files -> /scratch/ttran02/output22_sampled_zips/1138_bus_entropyscore_forget_svd_aux_random_uniform_3_size_217_ssize_11_k_206_sr_12_reservoir_greedy_sampled.zip
[2026-04-16 21:20:14] synced 1138_bus_entropyscore_forget_svd_aux_random_uniform_3_size_217_ssize_11_k_206_sr_12_reservoir_greedy to /scratch/ttran02/output22/1138_bus_entropyscore_forget_svd_aux_random_uniform_3_size_217_ssize_11_k_206_sr_12_reservoir_greedy, zipped to /scratch/ttran02/output22_sampled_zips, and removed /home/ttran02/pj/computational-methods/output22/1138_bus_entropyscore_forget_svd_aux_random_uniform_3_size_217_ssize_11_k_206_sr_12_reservoir_greedy
[2026-04-16 21:20:18] zip created for 1138_bus_entropyscore_forget_svd_aux_random_uniform_3_size_217_ssize_11_k_206_sr_16_reservoir_greedy: 502 files -> /scratch/ttran02/output22_sampled_zips/1138_bus_entropyscore_forget_svd_aux_random_uniform_3_size_217_ssize_11_k_206_sr_16_reservoir_greedy_sampled.zip
[2026-04-16 21:20:19] synced 1138_bus_entropyscore_forget_svd_aux_random_uniform_3_size_217_ssize_11_k_206_sr_16_reservoir_greedy to /scratch/ttran02/output22/1138_bus_entropyscore_forget_svd_aux_random_uniform_3_size_217_ssize_11_k_206_sr_16_reservoir_greedy, zipped to /scratch/ttran02/output22_sampled_zips, and removed /home/ttran02/pj/computational-methods/output22/1138_bus_entropyscore_forget_svd_aux_random_uniform_3_size_217_ssize_11_k_206_sr_16_reservoir_greedy
[2026-04-16 21:20:19] candidate 1138_bus_entropyscore_forget_svd_aux_random_uniform_3_size_228_ssize_226_k_2_sr_1_reservoir_greedy matched end_idx=1138; monitoring for 60s of stability
[2026-04-16 21:20:19] candidate 1138_bus_entropyscore_forget_svd_aux_random_uniform_3_size_232_ssize_226_k_6_sr_2_reservoir_greedy matched end_idx=1138; monitoring for 60s of stability
[2026-04-16 21:20:19] candidate 1138_bus_entropyscore_forget_svd_aux_random_uniform_3_size_232_ssize_226_k_6_sr_6_reservoir_greedy matched end_idx=1138; monitoring for 60s of stability
[2026-04-16 21:20:19] candidate 1138_bus_entropyscore_forget_svd_aux_random_uniform_3_size_236_ssize_30_k_206_sr_12_reservoir_greedy matched end_idx=1138; monitoring for 60s of stability
[2026-04-16 21:20:19] candidate 1138_bus_entropyscore_forget_svd_aux_random_uniform_3_size_236_ssize_30_k_206_sr_16_reservoir_greedy matched end_idx=1138; monitoring for 60s of stability
[2026-04-16 21:20:19] candidate 1138_bus_entropyscore_forget_svd_aux_random_uniform_3_size_236_ssize_30_k_206_sr_2_reservoir_greedy matched end_idx=1138; monitoring for 60s of stability
[2026-04-16 21:20:22] zip created for 1138_bus_entropyscore_forget_svd_aux_random_uniform_3_size_236_ssize_30_k_206_sr_8_reservoir_greedy: 322 files -> /scratch/ttran02/output22_sampled_zips/1138_bus_entropyscore_forget_svd_aux_random_uniform_3_size_236_ssize_30_k_206_sr_8_reservoir_greedy_sampled.zip
[2026-04-16 21:20:22] synced 1138_bus_entropyscore_forget_svd_aux_random_uniform_3_size_236_ssize_30_k_206_sr_8_reservoir_greedy to /scratch/ttran02/output22/1138_bus_entropyscore_forget_svd_aux_random_uniform_3_size_236_ssize_30_k_206_sr_8_reservoir_greedy, zipped to /scratch/ttran02/output22_sampled_zips, and removed /home/ttran02/pj/computational-methods/output22/1138_bus_entropyscore_forget_svd_aux_random_uniform_3_size_236_ssize_30_k_206_sr_8_reservoir_greedy
[2026-04-16 21:20:22] candidate 1138_bus_entropyscore_forget_svd_aux_random_uniform_3_size_240_ssize_226_k_14_sr_14_reservoir_greedy matched end_idx=1138; monitoring for 60s of stability
[2026-04-16 21:20:22] candidate 1138_bus_entropyscore_forget_svd_aux_random_uniform_3_size_240_ssize_226_k_14_sr_2_reservoir_greedy matched end_idx=1138; monitoring for 60s of stability
[2026-04-16 21:20:22] candidate 1138_bus_entropyscore_forget_svd_aux_random_uniform_3_size_25_ssize_11_k_14_sr_12_reservoir_greedy matched end_idx=1138; monitoring for 60s of stability
[2026-04-16 21:20:23] candidate 1138_bus_entropyscore_forget_svd_aux_random_uniform_3_size_261_ssize_226_k_35_sr_16_reservoir_greedy matched end_idx=1138; monitoring for 60s of stability
[2026-04-16 21:20:23] candidate 1138_bus_entropyscore_forget_svd_aux_random_uniform_3_size_261_ssize_226_k_35_sr_1_reservoir_greedy matched end_idx=1138; monitoring for 60s of stability
[2026-04-16 21:20:23] candidate 1138_bus_entropyscore_forget_svd_aux_random_uniform_3_size_261_ssize_226_k_35_sr_2_reservoir_greedy matched end_idx=1138; monitoring for 60s of stability
[2026-04-16 21:20:23] candidate 1138_bus_entropyscore_forget_svd_aux_random_uniform_3_size_289_ssize_83_k_206_sr_12_reservoir_greedy matched end_idx=1138; monitoring for 60s of stability
[2026-04-16 21:20:23] candidate 1138_bus_entropyscore_forget_svd_aux_random_uniform_3_size_289_ssize_83_k_206_sr_16_reservoir_greedy matched end_idx=1138; monitoring for 60s of stability
[2026-04-16 21:20:23] candidate 1138_bus_entropyscore_forget_svd_aux_random_uniform_3_size_289_ssize_83_k_206_sr_1_reservoir_greedy matched end_idx=1138; monitoring for 60s of stability
[2026-04-16 21:20:23] candidate 1138_bus_entropyscore_forget_svd_aux_random_uniform_3_size_289_ssize_83_k_206_sr_2_reservoir_greedy matched end_idx=1138; monitoring for 60s of stability
[2026-04-16 21:20:23] candidate 1138_bus_entropyscore_forget_svd_aux_random_uniform_3_size_311_ssize_226_k_85_sr_12_reservoir_greedy matched end_idx=1138; monitoring for 60s of stability
[2026-04-16 21:20:23] candidate 1138_bus_entropyscore_forget_svd_aux_random_uniform_3_size_311_ssize_226_k_85_sr_2_reservoir_greedy matched end_idx=1138; monitoring for 60s of stability
[2026-04-16 21:20:23] candidate 1138_bus_entropyscore_forget_svd_aux_random_uniform_3_size_311_ssize_226_k_85_sr_4_reservoir_greedy matched end_idx=1138; monitoring for 60s of stability
[2026-04-16 21:20:23] candidate 1138_bus_entropyscore_forget_svd_aux_random_uniform_3_size_311_ssize_226_k_85_sr_8_reservoir_greedy matched end_idx=1138; monitoring for 60s of stability
[2026-04-16 21:20:23] zip created for 1138_bus_entropyscore_forget_svd_aux_random_uniform_3_size_36_ssize_30_k_6_sr_4_reservoir_greedy: 382 files -> /scratch/ttran02/output22_sampled_zips/1138_bus_entropyscore_forget_svd_aux_random_uniform_3_size_36_ssize_30_k_6_sr_4_reservoir_greedy_sampled.zip
[2026-04-16 21:20:24] synced 1138_bus_entropyscore_forget_svd_aux_random_uniform_3_size_36_ssize_30_k_6_sr_4_reservoir_greedy to /scratch/ttran02/output22/1138_bus_entropyscore_forget_svd_aux_random_uniform_3_size_36_ssize_30_k_6_sr_4_reservoir_greedy, zipped to /scratch/ttran02/output22_sampled_zips, and removed /home/ttran02/pj/computational-methods/output22/1138_bus_entropyscore_forget_svd_aux_random_uniform_3_size_36_ssize_30_k_6_sr_4_reservoir_greedy
[2026-04-16 21:20:24] candidate 1138_bus_entropyscore_forget_svd_aux_random_uniform_3_size_432_ssize_226_k_206_sr_12_reservoir_greedy matched end_idx=1138; monitoring for 60s of stability
[2026-04-16 21:20:24] candidate 1138_bus_entropyscore_forget_svd_aux_random_uniform_3_size_432_ssize_226_k_206_sr_1_reservoir_greedy matched end_idx=1138; monitoring for 60s of stability
[2026-04-16 21:20:24] candidate 1138_bus_entropyscore_forget_svd_aux_random_uniform_3_size_432_ssize_226_k_206_sr_2_reservoir_greedy matched end_idx=1138; monitoring for 60s of stability
[2026-04-16 21:20:24] candidate 1138_bus_entropyscore_forget_svd_aux_random_uniform_3_size_44_ssize_30_k_14_sr_12_reservoir_greedy matched end_idx=1138; monitoring for 60s of stability
[2026-04-16 21:20:24] candidate 1138_bus_entropyscore_forget_svd_aux_random_uniform_3_size_44_ssize_30_k_14_sr_14_reservoir_greedy matched end_idx=1138; monitoring for 60s of stability
[2026-04-16 21:20:24] candidate 1138_bus_entropyscore_forget_svd_aux_random_uniform_3_size_44_ssize_30_k_14_sr_1_reservoir_greedy matched end_idx=1138; monitoring for 60s of stability
[2026-04-16 21:20:24] candidate 1138_bus_entropyscore_forget_svd_aux_random_uniform_3_size_44_ssize_30_k_14_sr_2_reservoir_greedy matched end_idx=1138; monitoring for 60s of stability
[2026-04-16 21:20:24] candidate 1138_bus_entropyscore_forget_svd_aux_random_uniform_3_size_44_ssize_30_k_14_sr_4_reservoir_greedy matched end_idx=1138; monitoring for 60s of stability
[2026-04-16 21:20:25] zip created for 1138_bus_entropyscore_forget_svd_aux_random_uniform_3_size_46_ssize_11_k_35_sr_16_reservoir_greedy: 502 files -> /scratch/ttran02/output22_sampled_zips/1138_bus_entropyscore_forget_svd_aux_random_uniform_3_size_46_ssize_11_k_35_sr_16_reservoir_greedy_sampled.zip
[2026-04-16 21:20:25] synced 1138_bus_entropyscore_forget_svd_aux_random_uniform_3_size_46_ssize_11_k_35_sr_16_reservoir_greedy to /scratch/ttran02/output22/1138_bus_entropyscore_forget_svd_aux_random_uniform_3_size_46_ssize_11_k_35_sr_16_reservoir_greedy, zipped to /scratch/ttran02/output22_sampled_zips, and removed /home/ttran02/pj/computational-methods/output22/1138_bus_entropyscore_forget_svd_aux_random_uniform_3_size_46_ssize_11_k_35_sr_16_reservoir_greedy
[2026-04-16 21:20:25] candidate 1138_bus_entropyscore_forget_svd_aux_random_uniform_3_size_511_ssize_11_k_500_sr_12_reservoir_greedy matched end_idx=1138; monitoring for 60s of stability
[2026-04-16 21:20:25] candidate 1138_bus_entropyscore_forget_svd_aux_random_uniform_3_size_511_ssize_11_k_500_sr_16_reservoir_greedy matched end_idx=1138; monitoring for 60s of stability
[2026-04-16 21:20:25] candidate 1138_bus_entropyscore_forget_svd_aux_random_uniform_3_size_511_ssize_11_k_500_sr_2_reservoir_greedy matched end_idx=1138; monitoring for 60s of stability
[2026-04-16 21:20:44] zip created for 1138_bus_entropyscore_forget_svd_aux_random_uniform_3_size_511_ssize_11_k_500_sr_4_reservoir_greedy: 492 files -> /scratch/ttran02/output22_sampled_zips/1138_bus_entropyscore_forget_svd_aux_random_uniform_3_size_511_ssize_11_k_500_sr_4_reservoir_greedy_sampled.zip
[2026-04-16 21:20:44] synced 1138_bus_entropyscore_forget_svd_aux_random_uniform_3_size_511_ssize_11_k_500_sr_4_reservoir_greedy to /scratch/ttran02/output22/1138_bus_entropyscore_forget_svd_aux_random_uniform_3_size_511_ssize_11_k_500_sr_4_reservoir_greedy, zipped to /scratch/ttran02/output22_sampled_zips, and removed /home/ttran02/pj/computational-methods/output22/1138_bus_entropyscore_forget_svd_aux_random_uniform_3_size_511_ssize_11_k_500_sr_4_reservoir_greedy
[2026-04-16 21:20:44] candidate 1138_bus_entropyscore_forget_svd_aux_random_uniform_3_size_511_ssize_11_k_500_sr_8_reservoir_greedy matched end_idx=1138; monitoring for 60s of stability
[2026-04-16 21:20:44] candidate 1138_bus_entropyscore_forget_svd_aux_random_uniform_3_size_530_ssize_30_k_500_sr_12_reservoir_greedy matched end_idx=1138; monitoring for 60s of stability
[2026-04-16 21:20:44] candidate 1138_bus_entropyscore_forget_svd_aux_random_uniform_3_size_530_ssize_30_k_500_sr_16_reservoir_greedy matched end_idx=1138; monitoring for 60s of stability
[2026-04-16 21:20:44] candidate 1138_bus_entropyscore_forget_svd_aux_random_uniform_3_size_530_ssize_30_k_500_sr_1_reservoir_greedy matched end_idx=1138; monitoring for 60s of stability
[2026-04-16 21:20:53] zip created for 1138_bus_entropyscore_forget_svd_aux_random_uniform_3_size_530_ssize_30_k_500_sr_4_reservoir_greedy: 222 files -> /scratch/ttran02/output22_sampled_zips/1138_bus_entropyscore_forget_svd_aux_random_uniform_3_size_530_ssize_30_k_500_sr_4_reservoir_greedy_sampled.zip
[2026-04-16 21:20:53] synced 1138_bus_entropyscore_forget_svd_aux_random_uniform_3_size_530_ssize_30_k_500_sr_4_reservoir_greedy to /scratch/ttran02/output22/1138_bus_entropyscore_forget_svd_aux_random_uniform_3_size_530_ssize_30_k_500_sr_4_reservoir_greedy, zipped to /scratch/ttran02/output22_sampled_zips, and removed /home/ttran02/pj/computational-methods/output22/1138_bus_entropyscore_forget_svd_aux_random_uniform_3_size_530_ssize_30_k_500_sr_4_reservoir_greedy
[2026-04-16 21:20:53] candidate 1138_bus_entropyscore_forget_svd_aux_random_uniform_3_size_530_ssize_30_k_500_sr_8_reservoir_greedy matched end_idx=1138; monitoring for 60s of stability
[2026-04-16 21:20:56] zip created for 1138_bus_entropyscore_forget_svd_aux_random_uniform_3_size_583_ssize_83_k_500_sr_1_reservoir_greedy: 82 files -> /scratch/ttran02/output22_sampled_zips/1138_bus_entropyscore_forget_svd_aux_random_uniform_3_size_583_ssize_83_k_500_sr_1_reservoir_greedy_sampled.zip
[2026-04-16 21:20:56] synced 1138_bus_entropyscore_forget_svd_aux_random_uniform_3_size_583_ssize_83_k_500_sr_1_reservoir_greedy to /scratch/ttran02/output22/1138_bus_entropyscore_forget_svd_aux_random_uniform_3_size_583_ssize_83_k_500_sr_1_reservoir_greedy, zipped to /scratch/ttran02/output22_sampled_zips, and removed /home/ttran02/pj/computational-methods/output22/1138_bus_entropyscore_forget_svd_aux_random_uniform_3_size_583_ssize_83_k_500_sr_1_reservoir_greedy
[2026-04-16 21:20:56] candidate 1138_bus_entropyscore_forget_svd_aux_random_uniform_3_size_583_ssize_83_k_500_sr_2_reservoir_greedy matched end_idx=1138; monitoring for 60s of stability
[2026-04-16 21:20:56] candidate 1138_bus_entropyscore_forget_svd_aux_random_uniform_3_size_583_ssize_83_k_500_sr_8_reservoir_greedy matched end_idx=1138; monitoring for 60s of stability
[2026-04-16 21:20:56] candidate 1138_bus_entropyscore_forget_svd_aux_random_uniform_3_size_65_ssize_30_k_35_sr_16_reservoir_greedy matched end_idx=1138; monitoring for 60s of stability
[2026-04-16 21:20:57] zip created for 1138_bus_entropyscore_forget_svd_aux_random_uniform_3_size_65_ssize_30_k_35_sr_2_reservoir_greedy: 372 files -> /scratch/ttran02/output22_sampled_zips/1138_bus_entropyscore_forget_svd_aux_random_uniform_3_size_65_ssize_30_k_35_sr_2_reservoir_greedy_sampled.zip
[2026-04-16 21:20:57] synced 1138_bus_entropyscore_forget_svd_aux_random_uniform_3_size_65_ssize_30_k_35_sr_2_reservoir_greedy to /scratch/ttran02/output22/1138_bus_entropyscore_forget_svd_aux_random_uniform_3_size_65_ssize_30_k_35_sr_2_reservoir_greedy, zipped to /scratch/ttran02/output22_sampled_zips, and removed /home/ttran02/pj/computational-methods/output22/1138_bus_entropyscore_forget_svd_aux_random_uniform_3_size_65_ssize_30_k_35_sr_2_reservoir_greedy
[2026-04-16 21:20:57] candidate 1138_bus_entropyscore_forget_svd_aux_random_uniform_3_size_65_ssize_30_k_35_sr_8_reservoir_greedy matched end_idx=1138; monitoring for 60s of stability
[2026-04-16 21:20:57] candidate 1138_bus_entropyscore_forget_svd_aux_random_uniform_3_size_726_ssize_226_k_500_sr_12_reservoir_greedy matched end_idx=1138; monitoring for 60s of stability
[2026-04-16 21:20:57] candidate 1138_bus_entropyscore_forget_svd_aux_random_uniform_3_size_726_ssize_226_k_500_sr_8_reservoir_greedy matched end_idx=1138; monitoring for 60s of stability
[2026-04-16 21:20:57] candidate 1138_bus_entropyscore_forget_svd_aux_random_uniform_3_size_85_ssize_83_k_2_sr_1_reservoir_greedy matched end_idx=1138; monitoring for 60s of stability
[2026-04-16 21:20:57] candidate 1138_bus_entropyscore_forget_svd_aux_random_uniform_3_size_85_ssize_83_k_2_sr_2_reservoir_greedy matched end_idx=1138; monitoring for 60s of stability
[2026-04-16 21:20:57] candidate 1138_bus_entropyscore_forget_svd_aux_random_uniform_3_size_89_ssize_83_k_6_sr_2_reservoir_greedy matched end_idx=1138; monitoring for 60s of stability
[2026-04-16 21:20:57] candidate 1138_bus_entropyscore_forget_svd_aux_random_uniform_3_size_89_ssize_83_k_6_sr_4_reservoir_greedy matched end_idx=1138; monitoring for 60s of stability
[2026-04-16 21:20:57] candidate 1138_bus_entropyscore_forget_svd_aux_random_uniform_3_size_89_ssize_83_k_6_sr_6_reservoir_greedy matched end_idx=1138; monitoring for 60s of stability
[2026-04-16 21:20:57] candidate 1138_bus_entropyscore_forget_svd_aux_random_uniform_3_size_96_ssize_11_k_85_sr_1_reservoir_greedy matched end_idx=1138; monitoring for 60s of stability
[2026-04-16 21:20:57] zip created for 1138_bus_entropyscore_forget_svd_aux_random_uniform_3_size_97_ssize_83_k_14_sr_12_reservoir_greedy: 142 files -> /scratch/ttran02/output22_sampled_zips/1138_bus_entropyscore_forget_svd_aux_random_uniform_3_size_97_ssize_83_k_14_sr_12_reservoir_greedy_sampled.zip
[2026-04-16 21:20:58] synced 1138_bus_entropyscore_forget_svd_aux_random_uniform_3_size_97_ssize_83_k_14_sr_12_reservoir_greedy to /scratch/ttran02/output22/1138_bus_entropyscore_forget_svd_aux_random_uniform_3_size_97_ssize_83_k_14_sr_12_reservoir_greedy, zipped to /scratch/ttran02/output22_sampled_zips, and removed /home/ttran02/pj/computational-methods/output22/1138_bus_entropyscore_forget_svd_aux_random_uniform_3_size_97_ssize_83_k_14_sr_12_reservoir_greedy
[2026-04-16 21:20:58] candidate 1138_bus_entropyscore_forget_svd_aux_random_uniform_3_size_97_ssize_83_k_14_sr_1_reservoir_greedy matched end_idx=1138; monitoring for 60s of stability
[2026-04-16 21:20:58] candidate 1138_bus_entropyscore_forget_svd_aux_random_uniform_3_size_97_ssize_83_k_14_sr_2_reservoir_greedy matched end_idx=1138; monitoring for 60s of stability
[2026-04-16 21:20:58] candidate 1138_bus_entropyscore_forget_svd_aux_random_uniform_3_size_97_ssize_83_k_14_sr_4_reservoir_greedy matched end_idx=1138; monitoring for 60s of stability
[2026-04-16 21:20:58] candidate 1138_bus_entropyscore_forget_svd_aux_random_uniform_4_size_115_ssize_30_k_85_sr_2_reservoir_greedy matched end_idx=1138; monitoring for 60s of stability
[2026-04-16 21:20:58] candidate 1138_bus_entropyscore_forget_svd_aux_random_uniform_4_size_115_ssize_30_k_85_sr_4_reservoir_greedy matched end_idx=1138; monitoring for 60s of stability
[2026-04-16 21:20:58] candidate 1138_bus_entropyscore_forget_svd_aux_random_uniform_4_size_118_ssize_83_k_35_sr_12_reservoir_greedy matched end_idx=1138; monitoring for 60s of stability
[2026-04-16 21:20:58] candidate 1138_bus_entropyscore_forget_svd_aux_random_uniform_4_size_118_ssize_83_k_35_sr_16_reservoir_greedy matched end_idx=1138; monitoring for 60s of stability
[2026-04-16 21:20:58] candidate 1138_bus_entropyscore_forget_svd_aux_random_uniform_4_size_118_ssize_83_k_35_sr_8_reservoir_greedy matched end_idx=1138; monitoring for 60s of stability
[2026-04-16 21:20:58] candidate 1138_bus_entropyscore_forget_svd_aux_random_uniform_4_size_168_ssize_83_k_85_sr_12_reservoir_greedy matched end_idx=1138; monitoring for 60s of stability
[2026-04-16 21:20:58] candidate 1138_bus_entropyscore_forget_svd_aux_random_uniform_4_size_168_ssize_83_k_85_sr_16_reservoir_greedy matched end_idx=1138; monitoring for 60s of stability
[2026-04-16 21:20:58] candidate 1138_bus_entropyscore_forget_svd_aux_random_uniform_4_size_168_ssize_83_k_85_sr_4_reservoir_greedy matched end_idx=1138; monitoring for 60s of stability
[2026-04-16 21:20:58] candidate 1138_bus_entropyscore_forget_svd_aux_random_uniform_4_size_217_ssize_11_k_206_sr_12_reservoir_greedy matched end_idx=1138; monitoring for 60s of stability
[2026-04-16 21:20:58] candidate 1138_bus_entropyscore_forget_svd_aux_random_uniform_4_size_217_ssize_11_k_206_sr_16_reservoir_greedy matched end_idx=1138; monitoring for 60s of stability
[2026-04-16 21:20:58] candidate 1138_bus_entropyscore_forget_svd_aux_random_uniform_4_size_228_ssize_226_k_2_sr_1_reservoir_greedy matched end_idx=1138; monitoring for 60s of stability
[2026-04-16 21:20:58] candidate 1138_bus_entropyscore_forget_svd_aux_random_uniform_4_size_232_ssize_226_k_6_sr_2_reservoir_greedy matched end_idx=1138; monitoring for 60s of stability
[2026-04-16 21:20:58] candidate 1138_bus_entropyscore_forget_svd_aux_random_uniform_4_size_232_ssize_226_k_6_sr_6_reservoir_greedy matched end_idx=1138; monitoring for 60s of stability
[2026-04-16 21:20:58] candidate 1138_bus_entropyscore_forget_svd_aux_random_uniform_4_size_236_ssize_30_k_206_sr_12_reservoir_greedy matched end_idx=1138; monitoring for 60s of stability
[2026-04-16 21:20:58] candidate 1138_bus_entropyscore_forget_svd_aux_random_uniform_4_size_236_ssize_30_k_206_sr_16_reservoir_greedy matched end_idx=1138; monitoring for 60s of stability
[2026-04-16 21:21:01] zip created for 1138_bus_entropyscore_forget_svd_aux_random_uniform_4_size_236_ssize_30_k_206_sr_1_reservoir_greedy: 322 files -> /scratch/ttran02/output22_sampled_zips/1138_bus_entropyscore_forget_svd_aux_random_uniform_4_size_236_ssize_30_k_206_sr_1_reservoir_greedy_sampled.zip
[2026-04-16 21:21:01] synced 1138_bus_entropyscore_forget_svd_aux_random_uniform_4_size_236_ssize_30_k_206_sr_1_reservoir_greedy to /scratch/ttran02/output22/1138_bus_entropyscore_forget_svd_aux_random_uniform_4_size_236_ssize_30_k_206_sr_1_reservoir_greedy, zipped to /scratch/ttran02/output22_sampled_zips, and removed /home/ttran02/pj/computational-methods/output22/1138_bus_entropyscore_forget_svd_aux_random_uniform_4_size_236_ssize_30_k_206_sr_1_reservoir_greedy
[2026-04-16 21:21:01] candidate 1138_bus_entropyscore_forget_svd_aux_random_uniform_4_size_236_ssize_30_k_206_sr_2_reservoir_greedy matched end_idx=1138; monitoring for 60s of stability
[2026-04-16 21:21:04] zip created for 1138_bus_entropyscore_forget_svd_aux_random_uniform_4_size_236_ssize_30_k_206_sr_8_reservoir_greedy: 322 files -> /scratch/ttran02/output22_sampled_zips/1138_bus_entropyscore_forget_svd_aux_random_uniform_4_size_236_ssize_30_k_206_sr_8_reservoir_greedy_sampled.zip
[2026-04-16 21:21:04] synced 1138_bus_entropyscore_forget_svd_aux_random_uniform_4_size_236_ssize_30_k_206_sr_8_reservoir_greedy to /scratch/ttran02/output22/1138_bus_entropyscore_forget_svd_aux_random_uniform_4_size_236_ssize_30_k_206_sr_8_reservoir_greedy, zipped to /scratch/ttran02/output22_sampled_zips, and removed /home/ttran02/pj/computational-methods/output22/1138_bus_entropyscore_forget_svd_aux_random_uniform_4_size_236_ssize_30_k_206_sr_8_reservoir_greedy
[2026-04-16 21:21:04] candidate 1138_bus_entropyscore_forget_svd_aux_random_uniform_4_size_240_ssize_226_k_14_sr_14_reservoir_greedy matched end_idx=1138; monitoring for 60s of stability
[2026-04-16 21:21:04] candidate 1138_bus_entropyscore_forget_svd_aux_random_uniform_4_size_240_ssize_226_k_14_sr_2_reservoir_greedy matched end_idx=1138; monitoring for 60s of stability
[2026-04-16 21:21:04] candidate 1138_bus_entropyscore_forget_svd_aux_random_uniform_4_size_25_ssize_11_k_14_sr_12_reservoir_greedy matched end_idx=1138; monitoring for 60s of stability
[2026-04-16 21:21:05] zip created for 1138_bus_entropyscore_forget_svd_aux_random_uniform_4_size_25_ssize_11_k_14_sr_14_reservoir_greedy: 502 files -> /scratch/ttran02/output22_sampled_zips/1138_bus_entropyscore_forget_svd_aux_random_uniform_4_size_25_ssize_11_k_14_sr_14_reservoir_greedy_sampled.zip
[2026-04-16 21:21:06] synced 1138_bus_entropyscore_forget_svd_aux_random_uniform_4_size_25_ssize_11_k_14_sr_14_reservoir_greedy to /scratch/ttran02/output22/1138_bus_entropyscore_forget_svd_aux_random_uniform_4_size_25_ssize_11_k_14_sr_14_reservoir_greedy, zipped to /scratch/ttran02/output22_sampled_zips, and removed /home/ttran02/pj/computational-methods/output22/1138_bus_entropyscore_forget_svd_aux_random_uniform_4_size_25_ssize_11_k_14_sr_14_reservoir_greedy
[2026-04-16 21:21:06] candidate 1138_bus_entropyscore_forget_svd_aux_random_uniform_4_size_261_ssize_226_k_35_sr_16_reservoir_greedy matched end_idx=1138; monitoring for 60s of stability
[2026-04-16 21:21:06] candidate 1138_bus_entropyscore_forget_svd_aux_random_uniform_4_size_261_ssize_226_k_35_sr_1_reservoir_greedy matched end_idx=1138; monitoring for 60s of stability
[2026-04-16 21:21:06] candidate 1138_bus_entropyscore_forget_svd_aux_random_uniform_4_size_261_ssize_226_k_35_sr_2_reservoir_greedy matched end_idx=1138; monitoring for 60s of stability
[2026-04-16 21:21:06] candidate 1138_bus_entropyscore_forget_svd_aux_random_uniform_4_size_289_ssize_83_k_206_sr_12_reservoir_greedy matched end_idx=1138; monitoring for 60s of stability
[2026-04-16 21:21:06] candidate 1138_bus_entropyscore_forget_svd_aux_random_uniform_4_size_289_ssize_83_k_206_sr_16_reservoir_greedy matched end_idx=1138; monitoring for 60s of stability
[2026-04-16 21:21:06] candidate 1138_bus_entropyscore_forget_svd_aux_random_uniform_4_size_289_ssize_83_k_206_sr_1_reservoir_greedy matched end_idx=1138; monitoring for 60s of stability
[2026-04-16 21:21:06] candidate 1138_bus_entropyscore_forget_svd_aux_random_uniform_4_size_289_ssize_83_k_206_sr_2_reservoir_greedy matched end_idx=1138; monitoring for 60s of stability
[2026-04-16 21:21:06] candidate 1138_bus_entropyscore_forget_svd_aux_random_uniform_4_size_311_ssize_226_k_85_sr_12_reservoir_greedy matched end_idx=1138; monitoring for 60s of stability
[2026-04-16 21:21:06] candidate 1138_bus_entropyscore_forget_svd_aux_random_uniform_4_size_311_ssize_226_k_85_sr_2_reservoir_greedy matched end_idx=1138; monitoring for 60s of stability
[2026-04-16 21:21:06] candidate 1138_bus_entropyscore_forget_svd_aux_random_uniform_4_size_311_ssize_226_k_85_sr_4_reservoir_greedy matched end_idx=1138; monitoring for 60s of stability
[2026-04-16 21:21:06] candidate 1138_bus_entropyscore_forget_svd_aux_random_uniform_4_size_311_ssize_226_k_85_sr_8_reservoir_greedy matched end_idx=1138; monitoring for 60s of stability
[2026-04-16 21:21:07] zip created for 1138_bus_entropyscore_forget_svd_aux_random_uniform_4_size_36_ssize_30_k_6_sr_4_reservoir_greedy: 382 files -> /scratch/ttran02/output22_sampled_zips/1138_bus_entropyscore_forget_svd_aux_random_uniform_4_size_36_ssize_30_k_6_sr_4_reservoir_greedy_sampled.zip
[2026-04-16 21:21:07] synced 1138_bus_entropyscore_forget_svd_aux_random_uniform_4_size_36_ssize_30_k_6_sr_4_reservoir_greedy to /scratch/ttran02/output22/1138_bus_entropyscore_forget_svd_aux_random_uniform_4_size_36_ssize_30_k_6_sr_4_reservoir_greedy, zipped to /scratch/ttran02/output22_sampled_zips, and removed /home/ttran02/pj/computational-methods/output22/1138_bus_entropyscore_forget_svd_aux_random_uniform_4_size_36_ssize_30_k_6_sr_4_reservoir_greedy
[2026-04-16 21:21:07] candidate 1138_bus_entropyscore_forget_svd_aux_random_uniform_4_size_432_ssize_226_k_206_sr_12_reservoir_greedy matched end_idx=1138; monitoring for 60s of stability
[2026-04-16 21:21:07] candidate 1138_bus_entropyscore_forget_svd_aux_random_uniform_4_size_432_ssize_226_k_206_sr_1_reservoir_greedy matched end_idx=1138; monitoring for 60s of stability
[2026-04-16 21:21:07] candidate 1138_bus_entropyscore_forget_svd_aux_random_uniform_4_size_432_ssize_226_k_206_sr_2_reservoir_greedy matched end_idx=1138; monitoring for 60s of stability
[2026-04-16 21:21:07] candidate 1138_bus_entropyscore_forget_svd_aux_random_uniform_4_size_44_ssize_30_k_14_sr_12_reservoir_greedy matched end_idx=1138; monitoring for 60s of stability
[2026-04-16 21:21:07] candidate 1138_bus_entropyscore_forget_svd_aux_random_uniform_4_size_44_ssize_30_k_14_sr_14_reservoir_greedy matched end_idx=1138; monitoring for 60s of stability
[2026-04-16 21:21:07] candidate 1138_bus_entropyscore_forget_svd_aux_random_uniform_4_size_44_ssize_30_k_14_sr_1_reservoir_greedy matched end_idx=1138; monitoring for 60s of stability
[2026-04-16 21:21:07] candidate 1138_bus_entropyscore_forget_svd_aux_random_uniform_4_size_44_ssize_30_k_14_sr_2_reservoir_greedy matched end_idx=1138; monitoring for 60s of stability
[2026-04-16 21:21:07] candidate 1138_bus_entropyscore_forget_svd_aux_random_uniform_4_size_44_ssize_30_k_14_sr_4_reservoir_greedy matched end_idx=1138; monitoring for 60s of stability
[2026-04-16 21:21:07] candidate 1138_bus_entropyscore_forget_svd_aux_random_uniform_4_size_46_ssize_11_k_35_sr_16_reservoir_greedy matched end_idx=1138; monitoring for 60s of stability
[2026-04-16 21:21:07] candidate 1138_bus_entropyscore_forget_svd_aux_random_uniform_4_size_511_ssize_11_k_500_sr_12_reservoir_greedy matched end_idx=1138; monitoring for 60s of stability
[2026-04-16 21:21:26] zip created for 1138_bus_entropyscore_forget_svd_aux_random_uniform_4_size_511_ssize_11_k_500_sr_1_reservoir_greedy: 492 files -> /scratch/ttran02/output22_sampled_zips/1138_bus_entropyscore_forget_svd_aux_random_uniform_4_size_511_ssize_11_k_500_sr_1_reservoir_greedy_sampled.zip
[2026-04-16 21:21:26] synced 1138_bus_entropyscore_forget_svd_aux_random_uniform_4_size_511_ssize_11_k_500_sr_1_reservoir_greedy to /scratch/ttran02/output22/1138_bus_entropyscore_forget_svd_aux_random_uniform_4_size_511_ssize_11_k_500_sr_1_reservoir_greedy, zipped to /scratch/ttran02/output22_sampled_zips, and removed /home/ttran02/pj/computational-methods/output22/1138_bus_entropyscore_forget_svd_aux_random_uniform_4_size_511_ssize_11_k_500_sr_1_reservoir_greedy
[2026-04-16 21:21:26] candidate 1138_bus_entropyscore_forget_svd_aux_random_uniform_4_size_511_ssize_11_k_500_sr_2_reservoir_greedy matched end_idx=1138; monitoring for 60s of stability
[2026-04-16 21:21:26] candidate 1138_bus_entropyscore_forget_svd_aux_random_uniform_4_size_511_ssize_11_k_500_sr_4_reservoir_greedy matched end_idx=1138; monitoring for 60s of stability
[2026-04-16 21:21:26] candidate 1138_bus_entropyscore_forget_svd_aux_random_uniform_4_size_511_ssize_11_k_500_sr_8_reservoir_greedy matched end_idx=1138; monitoring for 60s of stability
[2026-04-16 21:21:26] candidate 1138_bus_entropyscore_forget_svd_aux_random_uniform_4_size_530_ssize_30_k_500_sr_12_reservoir_greedy matched end_idx=1138; monitoring for 60s of stability
[2026-04-16 21:21:26] candidate 1138_bus_entropyscore_forget_svd_aux_random_uniform_4_size_530_ssize_30_k_500_sr_16_reservoir_greedy matched end_idx=1138; monitoring for 60s of stability
[2026-04-16 21:21:26] candidate 1138_bus_entropyscore_forget_svd_aux_random_uniform_4_size_530_ssize_30_k_500_sr_1_reservoir_greedy matched end_idx=1138; monitoring for 60s of stability
[2026-04-16 21:21:35] zip created for 1138_bus_entropyscore_forget_svd_aux_random_uniform_4_size_530_ssize_30_k_500_sr_4_reservoir_greedy: 222 files -> /scratch/ttran02/output22_sampled_zips/1138_bus_entropyscore_forget_svd_aux_random_uniform_4_size_530_ssize_30_k_500_sr_4_reservoir_greedy_sampled.zip
[2026-04-16 21:21:35] synced 1138_bus_entropyscore_forget_svd_aux_random_uniform_4_size_530_ssize_30_k_500_sr_4_reservoir_greedy to /scratch/ttran02/output22/1138_bus_entropyscore_forget_svd_aux_random_uniform_4_size_530_ssize_30_k_500_sr_4_reservoir_greedy, zipped to /scratch/ttran02/output22_sampled_zips, and removed /home/ttran02/pj/computational-methods/output22/1138_bus_entropyscore_forget_svd_aux_random_uniform_4_size_530_ssize_30_k_500_sr_4_reservoir_greedy
[2026-04-16 21:21:35] candidate 1138_bus_entropyscore_forget_svd_aux_random_uniform_4_size_530_ssize_30_k_500_sr_8_reservoir_greedy matched end_idx=1138; monitoring for 60s of stability
[2026-04-16 21:21:38] zip created for 1138_bus_entropyscore_forget_svd_aux_random_uniform_4_size_583_ssize_83_k_500_sr_1_reservoir_greedy: 82 files -> /scratch/ttran02/output22_sampled_zips/1138_bus_entropyscore_forget_svd_aux_random_uniform_4_size_583_ssize_83_k_500_sr_1_reservoir_greedy_sampled.zip
[2026-04-16 21:21:38] synced 1138_bus_entropyscore_forget_svd_aux_random_uniform_4_size_583_ssize_83_k_500_sr_1_reservoir_greedy to /scratch/ttran02/output22/1138_bus_entropyscore_forget_svd_aux_random_uniform_4_size_583_ssize_83_k_500_sr_1_reservoir_greedy, zipped to /scratch/ttran02/output22_sampled_zips, and removed /home/ttran02/pj/computational-methods/output22/1138_bus_entropyscore_forget_svd_aux_random_uniform_4_size_583_ssize_83_k_500_sr_1_reservoir_greedy
[2026-04-16 21:21:38] candidate 1138_bus_entropyscore_forget_svd_aux_random_uniform_4_size_583_ssize_83_k_500_sr_2_reservoir_greedy matched end_idx=1138; monitoring for 60s of stability
[2026-04-16 21:21:38] candidate 1138_bus_entropyscore_forget_svd_aux_random_uniform_4_size_583_ssize_83_k_500_sr_8_reservoir_greedy matched end_idx=1138; monitoring for 60s of stability
[2026-04-16 21:21:38] candidate 1138_bus_entropyscore_forget_svd_aux_random_uniform_4_size_65_ssize_30_k_35_sr_16_reservoir_greedy matched end_idx=1138; monitoring for 60s of stability
[2026-04-16 21:21:39] zip created for 1138_bus_entropyscore_forget_svd_aux_random_uniform_4_size_65_ssize_30_k_35_sr_2_reservoir_greedy: 372 files -> /scratch/ttran02/output22_sampled_zips/1138_bus_entropyscore_forget_svd_aux_random_uniform_4_size_65_ssize_30_k_35_sr_2_reservoir_greedy_sampled.zip
[2026-04-16 21:21:39] synced 1138_bus_entropyscore_forget_svd_aux_random_uniform_4_size_65_ssize_30_k_35_sr_2_reservoir_greedy to /scratch/ttran02/output22/1138_bus_entropyscore_forget_svd_aux_random_uniform_4_size_65_ssize_30_k_35_sr_2_reservoir_greedy, zipped to /scratch/ttran02/output22_sampled_zips, and removed /home/ttran02/pj/computational-methods/output22/1138_bus_entropyscore_forget_svd_aux_random_uniform_4_size_65_ssize_30_k_35_sr_2_reservoir_greedy
[2026-04-16 21:21:39] candidate 1138_bus_entropyscore_forget_svd_aux_random_uniform_4_size_65_ssize_30_k_35_sr_8_reservoir_greedy matched end_idx=1138; monitoring for 60s of stability
[2026-04-16 21:21:39] candidate 1138_bus_entropyscore_forget_svd_aux_random_uniform_4_size_726_ssize_226_k_500_sr_12_reservoir_greedy matched end_idx=1138; monitoring for 60s of stability
[2026-04-16 21:21:39] candidate 1138_bus_entropyscore_forget_svd_aux_random_uniform_4_size_726_ssize_226_k_500_sr_8_reservoir_greedy matched end_idx=1138; monitoring for 60s of stability
[2026-04-16 21:21:39] candidate 1138_bus_entropyscore_forget_svd_aux_random_uniform_4_size_85_ssize_83_k_2_sr_1_reservoir_greedy matched end_idx=1138; monitoring for 60s of stability
[2026-04-16 21:21:39] candidate 1138_bus_entropyscore_forget_svd_aux_random_uniform_4_size_85_ssize_83_k_2_sr_2_reservoir_greedy matched end_idx=1138; monitoring for 60s of stability
[2026-04-16 21:21:40] candidate 1138_bus_entropyscore_forget_svd_aux_random_uniform_4_size_89_ssize_83_k_6_sr_2_reservoir_greedy matched end_idx=1138; monitoring for 60s of stability
[2026-04-16 21:21:40] candidate 1138_bus_entropyscore_forget_svd_aux_random_uniform_4_size_89_ssize_83_k_6_sr_4_reservoir_greedy matched end_idx=1138; monitoring for 60s of stability
[2026-04-16 21:21:40] candidate 1138_bus_entropyscore_forget_svd_aux_random_uniform_4_size_89_ssize_83_k_6_sr_6_reservoir_greedy matched end_idx=1138; monitoring for 60s of stability
[2026-04-16 21:21:41] zip created for 1138_bus_entropyscore_forget_svd_aux_random_uniform_4_size_96_ssize_11_k_85_sr_12_reservoir_greedy: 502 files -> /scratch/ttran02/output22_sampled_zips/1138_bus_entropyscore_forget_svd_aux_random_uniform_4_size_96_ssize_11_k_85_sr_12_reservoir_greedy_sampled.zip
[2026-04-16 21:21:41] synced 1138_bus_entropyscore_forget_svd_aux_random_uniform_4_size_96_ssize_11_k_85_sr_12_reservoir_greedy to /scratch/ttran02/output22/1138_bus_entropyscore_forget_svd_aux_random_uniform_4_size_96_ssize_11_k_85_sr_12_reservoir_greedy, zipped to /scratch/ttran02/output22_sampled_zips, and removed /home/ttran02/pj/computational-methods/output22/1138_bus_entropyscore_forget_svd_aux_random_uniform_4_size_96_ssize_11_k_85_sr_12_reservoir_greedy
[2026-04-16 21:21:41] candidate 1138_bus_entropyscore_forget_svd_aux_random_uniform_4_size_96_ssize_11_k_85_sr_1_reservoir_greedy matched end_idx=1138; monitoring for 60s of stability
[2026-04-16 21:21:42] zip created for 1138_bus_entropyscore_forget_svd_aux_random_uniform_4_size_97_ssize_83_k_14_sr_12_reservoir_greedy: 142 files -> /scratch/ttran02/output22_sampled_zips/1138_bus_entropyscore_forget_svd_aux_random_uniform_4_size_97_ssize_83_k_14_sr_12_reservoir_greedy_sampled.zip
[2026-04-16 21:21:42] synced 1138_bus_entropyscore_forget_svd_aux_random_uniform_4_size_97_ssize_83_k_14_sr_12_reservoir_greedy to /scratch/ttran02/output22/1138_bus_entropyscore_forget_svd_aux_random_uniform_4_size_97_ssize_83_k_14_sr_12_reservoir_greedy, zipped to /scratch/ttran02/output22_sampled_zips, and removed /home/ttran02/pj/computational-methods/output22/1138_bus_entropyscore_forget_svd_aux_random_uniform_4_size_97_ssize_83_k_14_sr_12_reservoir_greedy
[2026-04-16 21:21:42] candidate 1138_bus_entropyscore_forget_svd_aux_random_uniform_4_size_97_ssize_83_k_14_sr_1_reservoir_greedy matched end_idx=1138; monitoring for 60s of stability
[2026-04-16 21:21:42] candidate 1138_bus_entropyscore_forget_svd_aux_random_uniform_4_size_97_ssize_83_k_14_sr_2_reservoir_greedy matched end_idx=1138; monitoring for 60s of stability
[2026-04-16 21:21:42] candidate 1138_bus_entropyscore_forget_svd_aux_random_uniform_4_size_97_ssize_83_k_14_sr_4_reservoir_greedy matched end_idx=1138; monitoring for 60s of stability
[2026-04-16 21:21:42] candidate 1138_bus_entropyscore_forget_svd_aux_random_uniform_5_size_115_ssize_30_k_85_sr_2_reservoir_greedy matched end_idx=1138; monitoring for 60s of stability
[2026-04-16 21:21:42] candidate 1138_bus_entropyscore_forget_svd_aux_random_uniform_5_size_115_ssize_30_k_85_sr_4_reservoir_greedy matched end_idx=1138; monitoring for 60s of stability
[2026-04-16 21:21:42] candidate 1138_bus_entropyscore_forget_svd_aux_random_uniform_5_size_118_ssize_83_k_35_sr_12_reservoir_greedy matched end_idx=1138; monitoring for 60s of stability
[2026-04-16 21:21:42] candidate 1138_bus_entropyscore_forget_svd_aux_random_uniform_5_size_118_ssize_83_k_35_sr_16_reservoir_greedy matched end_idx=1138; monitoring for 60s of stability
[2026-04-16 21:21:42] candidate 1138_bus_entropyscore_forget_svd_aux_random_uniform_5_size_118_ssize_83_k_35_sr_8_reservoir_greedy matched end_idx=1138; monitoring for 60s of stability
[2026-04-16 21:21:42] candidate 1138_bus_entropyscore_forget_svd_aux_random_uniform_5_size_168_ssize_83_k_85_sr_12_reservoir_greedy matched end_idx=1138; monitoring for 60s of stability
[2026-04-16 21:21:42] candidate 1138_bus_entropyscore_forget_svd_aux_random_uniform_5_size_168_ssize_83_k_85_sr_16_reservoir_greedy matched end_idx=1138; monitoring for 60s of stability
[2026-04-16 21:21:42] candidate 1138_bus_entropyscore_forget_svd_aux_random_uniform_5_size_168_ssize_83_k_85_sr_4_reservoir_greedy matched end_idx=1138; monitoring for 60s of stability
[2026-04-16 21:21:42] candidate 1138_bus_entropyscore_forget_svd_aux_random_uniform_5_size_217_ssize_11_k_206_sr_12_reservoir_greedy matched end_idx=1138; monitoring for 60s of stability
[2026-04-16 21:21:42] candidate 1138_bus_entropyscore_forget_svd_aux_random_uniform_5_size_217_ssize_11_k_206_sr_16_reservoir_greedy matched end_idx=1138; monitoring for 60s of stability
[2026-04-16 21:21:42] candidate 1138_bus_entropyscore_forget_svd_aux_random_uniform_5_size_228_ssize_226_k_2_sr_1_reservoir_greedy matched end_idx=1138; monitoring for 60s of stability
[2026-04-16 21:21:42] candidate 1138_bus_entropyscore_forget_svd_aux_random_uniform_5_size_232_ssize_226_k_6_sr_2_reservoir_greedy matched end_idx=1138; monitoring for 60s of stability
[2026-04-16 21:21:42] candidate 1138_bus_entropyscore_forget_svd_aux_random_uniform_5_size_232_ssize_226_k_6_sr_6_reservoir_greedy matched end_idx=1138; monitoring for 60s of stability
[2026-04-16 21:21:42] candidate 1138_bus_entropyscore_forget_svd_aux_random_uniform_5_size_236_ssize_30_k_206_sr_12_reservoir_greedy matched end_idx=1138; monitoring for 60s of stability
[2026-04-16 21:21:42] candidate 1138_bus_entropyscore_forget_svd_aux_random_uniform_5_size_236_ssize_30_k_206_sr_16_reservoir_greedy matched end_idx=1138; monitoring for 60s of stability
[2026-04-16 21:21:45] zip created for 1138_bus_entropyscore_forget_svd_aux_random_uniform_5_size_236_ssize_30_k_206_sr_1_reservoir_greedy: 322 files -> /scratch/ttran02/output22_sampled_zips/1138_bus_entropyscore_forget_svd_aux_random_uniform_5_size_236_ssize_30_k_206_sr_1_reservoir_greedy_sampled.zip
[2026-04-16 21:21:45] synced 1138_bus_entropyscore_forget_svd_aux_random_uniform_5_size_236_ssize_30_k_206_sr_1_reservoir_greedy to /scratch/ttran02/output22/1138_bus_entropyscore_forget_svd_aux_random_uniform_5_size_236_ssize_30_k_206_sr_1_reservoir_greedy, zipped to /scratch/ttran02/output22_sampled_zips, and removed /home/ttran02/pj/computational-methods/output22/1138_bus_entropyscore_forget_svd_aux_random_uniform_5_size_236_ssize_30_k_206_sr_1_reservoir_greedy
[2026-04-16 21:21:45] candidate 1138_bus_entropyscore_forget_svd_aux_random_uniform_5_size_236_ssize_30_k_206_sr_2_reservoir_greedy matched end_idx=1138; monitoring for 60s of stability
[2026-04-16 21:21:45] candidate 1138_bus_entropyscore_forget_svd_aux_random_uniform_5_size_236_ssize_30_k_206_sr_8_reservoir_greedy matched end_idx=1138; monitoring for 60s of stability
[2026-04-16 21:21:45] candidate 1138_bus_entropyscore_forget_svd_aux_random_uniform_5_size_240_ssize_226_k_14_sr_14_reservoir_greedy matched end_idx=1138; monitoring for 60s of stability
[2026-04-16 21:21:45] candidate 1138_bus_entropyscore_forget_svd_aux_random_uniform_5_size_240_ssize_226_k_14_sr_2_reservoir_greedy matched end_idx=1138; monitoring for 60s of stability
[2026-04-16 21:21:45] candidate 1138_bus_entropyscore_forget_svd_aux_random_uniform_5_size_25_ssize_11_k_14_sr_12_reservoir_greedy matched end_idx=1138; monitoring for 60s of stability
[2026-04-16 21:21:46] zip created for 1138_bus_entropyscore_forget_svd_aux_random_uniform_5_size_25_ssize_11_k_14_sr_14_reservoir_greedy: 502 files -> /scratch/ttran02/output22_sampled_zips/1138_bus_entropyscore_forget_svd_aux_random_uniform_5_size_25_ssize_11_k_14_sr_14_reservoir_greedy_sampled.zip
[2026-04-16 21:21:47] synced 1138_bus_entropyscore_forget_svd_aux_random_uniform_5_size_25_ssize_11_k_14_sr_14_reservoir_greedy to /scratch/ttran02/output22/1138_bus_entropyscore_forget_svd_aux_random_uniform_5_size_25_ssize_11_k_14_sr_14_reservoir_greedy, zipped to /scratch/ttran02/output22_sampled_zips, and removed /home/ttran02/pj/computational-methods/output22/1138_bus_entropyscore_forget_svd_aux_random_uniform_5_size_25_ssize_11_k_14_sr_14_reservoir_greedy
[2026-04-16 21:21:47] candidate 1138_bus_entropyscore_forget_svd_aux_random_uniform_5_size_261_ssize_226_k_35_sr_16_reservoir_greedy matched end_idx=1138; monitoring for 60s of stability
[2026-04-16 21:21:47] candidate 1138_bus_entropyscore_forget_svd_aux_random_uniform_5_size_261_ssize_226_k_35_sr_1_reservoir_greedy matched end_idx=1138; monitoring for 60s of stability
[2026-04-16 21:21:47] candidate 1138_bus_entropyscore_forget_svd_aux_random_uniform_5_size_261_ssize_226_k_35_sr_2_reservoir_greedy matched end_idx=1138; monitoring for 60s of stability
[2026-04-16 21:21:47] candidate 1138_bus_entropyscore_forget_svd_aux_random_uniform_5_size_289_ssize_83_k_206_sr_12_reservoir_greedy matched end_idx=1138; monitoring for 60s of stability
[2026-04-16 21:21:47] candidate 1138_bus_entropyscore_forget_svd_aux_random_uniform_5_size_289_ssize_83_k_206_sr_16_reservoir_greedy matched end_idx=1138; monitoring for 60s of stability
[2026-04-16 21:21:47] candidate 1138_bus_entropyscore_forget_svd_aux_random_uniform_5_size_289_ssize_83_k_206_sr_1_reservoir_greedy matched end_idx=1138; monitoring for 60s of stability
[2026-04-16 21:21:47] candidate 1138_bus_entropyscore_forget_svd_aux_random_uniform_5_size_289_ssize_83_k_206_sr_2_reservoir_greedy matched end_idx=1138; monitoring for 60s of stability
[2026-04-16 21:21:47] candidate 1138_bus_entropyscore_forget_svd_aux_random_uniform_5_size_311_ssize_226_k_85_sr_12_reservoir_greedy matched end_idx=1138; monitoring for 60s of stability
[2026-04-16 21:21:47] candidate 1138_bus_entropyscore_forget_svd_aux_random_uniform_5_size_311_ssize_226_k_85_sr_2_reservoir_greedy matched end_idx=1138; monitoring for 60s of stability
[2026-04-16 21:21:47] candidate 1138_bus_entropyscore_forget_svd_aux_random_uniform_5_size_311_ssize_226_k_85_sr_4_reservoir_greedy matched end_idx=1138; monitoring for 60s of stability
[2026-04-16 21:21:47] candidate 1138_bus_entropyscore_forget_svd_aux_random_uniform_5_size_311_ssize_226_k_85_sr_8_reservoir_greedy matched end_idx=1138; monitoring for 60s of stability
[2026-04-16 21:21:47] zip created for 1138_bus_entropyscore_forget_svd_aux_random_uniform_5_size_36_ssize_30_k_6_sr_4_reservoir_greedy: 382 files -> /scratch/ttran02/output22_sampled_zips/1138_bus_entropyscore_forget_svd_aux_random_uniform_5_size_36_ssize_30_k_6_sr_4_reservoir_greedy_sampled.zip
[2026-04-16 21:21:48] synced 1138_bus_entropyscore_forget_svd_aux_random_uniform_5_size_36_ssize_30_k_6_sr_4_reservoir_greedy to /scratch/ttran02/output22/1138_bus_entropyscore_forget_svd_aux_random_uniform_5_size_36_ssize_30_k_6_sr_4_reservoir_greedy, zipped to /scratch/ttran02/output22_sampled_zips, and removed /home/ttran02/pj/computational-methods/output22/1138_bus_entropyscore_forget_svd_aux_random_uniform_5_size_36_ssize_30_k_6_sr_4_reservoir_greedy
[2026-04-16 21:21:48] candidate 1138_bus_entropyscore_forget_svd_aux_random_uniform_5_size_432_ssize_226_k_206_sr_12_reservoir_greedy matched end_idx=1138; monitoring for 60s of stability
[2026-04-16 21:21:48] candidate 1138_bus_entropyscore_forget_svd_aux_random_uniform_5_size_432_ssize_226_k_206_sr_1_reservoir_greedy matched end_idx=1138; monitoring for 60s of stability
[2026-04-16 21:21:48] candidate 1138_bus_entropyscore_forget_svd_aux_random_uniform_5_size_432_ssize_226_k_206_sr_2_reservoir_greedy matched end_idx=1138; monitoring for 60s of stability
[2026-04-16 21:21:48] candidate 1138_bus_entropyscore_forget_svd_aux_random_uniform_5_size_44_ssize_30_k_14_sr_12_reservoir_greedy matched end_idx=1138; monitoring for 60s of stability
[2026-04-16 21:21:48] candidate 1138_bus_entropyscore_forget_svd_aux_random_uniform_5_size_44_ssize_30_k_14_sr_14_reservoir_greedy matched end_idx=1138; monitoring for 60s of stability
[2026-04-16 21:21:48] candidate 1138_bus_entropyscore_forget_svd_aux_random_uniform_5_size_44_ssize_30_k_14_sr_1_reservoir_greedy matched end_idx=1138; monitoring for 60s of stability
[2026-04-16 21:21:48] candidate 1138_bus_entropyscore_forget_svd_aux_random_uniform_5_size_44_ssize_30_k_14_sr_2_reservoir_greedy matched end_idx=1138; monitoring for 60s of stability
[2026-04-16 21:21:48] candidate 1138_bus_entropyscore_forget_svd_aux_random_uniform_5_size_44_ssize_30_k_14_sr_4_reservoir_greedy matched end_idx=1138; monitoring for 60s of stability
[2026-04-16 21:21:49] zip created for 1138_bus_entropyscore_forget_svd_aux_random_uniform_5_size_46_ssize_11_k_35_sr_12_reservoir_greedy: 502 files -> /scratch/ttran02/output22_sampled_zips/1138_bus_entropyscore_forget_svd_aux_random_uniform_5_size_46_ssize_11_k_35_sr_12_reservoir_greedy_sampled.zip
[2026-04-16 21:21:49] synced 1138_bus_entropyscore_forget_svd_aux_random_uniform_5_size_46_ssize_11_k_35_sr_12_reservoir_greedy to /scratch/ttran02/output22/1138_bus_entropyscore_forget_svd_aux_random_uniform_5_size_46_ssize_11_k_35_sr_12_reservoir_greedy, zipped to /scratch/ttran02/output22_sampled_zips, and removed /home/ttran02/pj/computational-methods/output22/1138_bus_entropyscore_forget_svd_aux_random_uniform_5_size_46_ssize_11_k_35_sr_12_reservoir_greedy
[2026-04-16 21:21:49] candidate 1138_bus_entropyscore_forget_svd_aux_random_uniform_5_size_46_ssize_11_k_35_sr_16_reservoir_greedy matched end_idx=1138; monitoring for 60s of stability
[2026-04-16 21:22:08] zip created for 1138_bus_entropyscore_forget_svd_aux_random_uniform_5_size_511_ssize_11_k_500_sr_1_reservoir_greedy: 492 files -> /scratch/ttran02/output22_sampled_zips/1138_bus_entropyscore_forget_svd_aux_random_uniform_5_size_511_ssize_11_k_500_sr_1_reservoir_greedy_sampled.zip
[2026-04-16 21:22:09] synced 1138_bus_entropyscore_forget_svd_aux_random_uniform_5_size_511_ssize_11_k_500_sr_1_reservoir_greedy to /scratch/ttran02/output22/1138_bus_entropyscore_forget_svd_aux_random_uniform_5_size_511_ssize_11_k_500_sr_1_reservoir_greedy, zipped to /scratch/ttran02/output22_sampled_zips, and removed /home/ttran02/pj/computational-methods/output22/1138_bus_entropyscore_forget_svd_aux_random_uniform_5_size_511_ssize_11_k_500_sr_1_reservoir_greedy
[2026-04-16 21:22:09] candidate 1138_bus_entropyscore_forget_svd_aux_random_uniform_5_size_511_ssize_11_k_500_sr_2_reservoir_greedy matched end_idx=1138; monitoring for 60s of stability
[2026-04-16 21:22:09] candidate 1138_bus_entropyscore_forget_svd_aux_random_uniform_5_size_511_ssize_11_k_500_sr_4_reservoir_greedy matched end_idx=1138; monitoring for 60s of stability
[2026-04-16 21:22:09] candidate 1138_bus_entropyscore_forget_svd_aux_random_uniform_5_size_511_ssize_11_k_500_sr_8_reservoir_greedy matched end_idx=1138; monitoring for 60s of stability
[2026-04-16 21:22:09] candidate 1138_bus_entropyscore_forget_svd_aux_random_uniform_5_size_530_ssize_30_k_500_sr_12_reservoir_greedy matched end_idx=1138; monitoring for 60s of stability
[2026-04-16 21:22:09] candidate 1138_bus_entropyscore_forget_svd_aux_random_uniform_5_size_530_ssize_30_k_500_sr_16_reservoir_greedy matched end_idx=1138; monitoring for 60s of stability
[2026-04-16 21:22:09] candidate 1138_bus_entropyscore_forget_svd_aux_random_uniform_5_size_530_ssize_30_k_500_sr_1_reservoir_greedy matched end_idx=1138; monitoring for 60s of stability
[2026-04-16 21:22:17] zip created for 1138_bus_entropyscore_forget_svd_aux_random_uniform_5_size_530_ssize_30_k_500_sr_4_reservoir_greedy: 222 files -> /scratch/ttran02/output22_sampled_zips/1138_bus_entropyscore_forget_svd_aux_random_uniform_5_size_530_ssize_30_k_500_sr_4_reservoir_greedy_sampled.zip
[2026-04-16 21:22:18] synced 1138_bus_entropyscore_forget_svd_aux_random_uniform_5_size_530_ssize_30_k_500_sr_4_reservoir_greedy to /scratch/ttran02/output22/1138_bus_entropyscore_forget_svd_aux_random_uniform_5_size_530_ssize_30_k_500_sr_4_reservoir_greedy, zipped to /scratch/ttran02/output22_sampled_zips, and removed /home/ttran02/pj/computational-methods/output22/1138_bus_entropyscore_forget_svd_aux_random_uniform_5_size_530_ssize_30_k_500_sr_4_reservoir_greedy
[2026-04-16 21:22:18] candidate 1138_bus_entropyscore_forget_svd_aux_random_uniform_5_size_530_ssize_30_k_500_sr_8_reservoir_greedy matched end_idx=1138; monitoring for 60s of stability
[2026-04-16 21:22:21] zip created for 1138_bus_entropyscore_forget_svd_aux_random_uniform_5_size_583_ssize_83_k_500_sr_1_reservoir_greedy: 82 files -> /scratch/ttran02/output22_sampled_zips/1138_bus_entropyscore_forget_svd_aux_random_uniform_5_size_583_ssize_83_k_500_sr_1_reservoir_greedy_sampled.zip
[2026-04-16 21:22:21] synced 1138_bus_entropyscore_forget_svd_aux_random_uniform_5_size_583_ssize_83_k_500_sr_1_reservoir_greedy to /scratch/ttran02/output22/1138_bus_entropyscore_forget_svd_aux_random_uniform_5_size_583_ssize_83_k_500_sr_1_reservoir_greedy, zipped to /scratch/ttran02/output22_sampled_zips, and removed /home/ttran02/pj/computational-methods/output22/1138_bus_entropyscore_forget_svd_aux_random_uniform_5_size_583_ssize_83_k_500_sr_1_reservoir_greedy
[2026-04-16 21:22:21] candidate 1138_bus_entropyscore_forget_svd_aux_random_uniform_5_size_583_ssize_83_k_500_sr_2_reservoir_greedy matched end_idx=1138; monitoring for 60s of stability
[2026-04-16 21:22:21] candidate 1138_bus_entropyscore_forget_svd_aux_random_uniform_5_size_583_ssize_83_k_500_sr_8_reservoir_greedy matched end_idx=1138; monitoring for 60s of stability
[2026-04-16 21:22:21] candidate 1138_bus_entropyscore_forget_svd_aux_random_uniform_5_size_65_ssize_30_k_35_sr_16_reservoir_greedy matched end_idx=1138; monitoring for 60s of stability
[2026-04-16 21:22:21] zip created for 1138_bus_entropyscore_forget_svd_aux_random_uniform_5_size_65_ssize_30_k_35_sr_2_reservoir_greedy: 372 files -> /scratch/ttran02/output22_sampled_zips/1138_bus_entropyscore_forget_svd_aux_random_uniform_5_size_65_ssize_30_k_35_sr_2_reservoir_greedy_sampled.zip
[2026-04-16 21:22:22] synced 1138_bus_entropyscore_forget_svd_aux_random_uniform_5_size_65_ssize_30_k_35_sr_2_reservoir_greedy to /scratch/ttran02/output22/1138_bus_entropyscore_forget_svd_aux_random_uniform_5_size_65_ssize_30_k_35_sr_2_reservoir_greedy, zipped to /scratch/ttran02/output22_sampled_zips, and removed /home/ttran02/pj/computational-methods/output22/1138_bus_entropyscore_forget_svd_aux_random_uniform_5_size_65_ssize_30_k_35_sr_2_reservoir_greedy
[2026-04-16 21:22:22] candidate 1138_bus_entropyscore_forget_svd_aux_random_uniform_5_size_65_ssize_30_k_35_sr_8_reservoir_greedy matched end_idx=1138; monitoring for 60s of stability
[2026-04-16 21:22:22] candidate 1138_bus_entropyscore_forget_svd_aux_random_uniform_5_size_726_ssize_226_k_500_sr_12_reservoir_greedy matched end_idx=1138; monitoring for 60s of stability
[2026-04-16 21:22:22] candidate 1138_bus_entropyscore_forget_svd_aux_random_uniform_5_size_726_ssize_226_k_500_sr_8_reservoir_greedy matched end_idx=1138; monitoring for 60s of stability
[2026-04-16 21:22:22] candidate 1138_bus_entropyscore_forget_svd_aux_random_uniform_5_size_85_ssize_83_k_2_sr_1_reservoir_greedy matched end_idx=1138; monitoring for 60s of stability
[2026-04-16 21:22:22] candidate 1138_bus_entropyscore_forget_svd_aux_random_uniform_5_size_85_ssize_83_k_2_sr_2_reservoir_greedy matched end_idx=1138; monitoring for 60s of stability
[2026-04-16 21:22:22] candidate 1138_bus_entropyscore_forget_svd_aux_random_uniform_5_size_89_ssize_83_k_6_sr_2_reservoir_greedy matched end_idx=1138; monitoring for 60s of stability
[2026-04-16 21:22:22] candidate 1138_bus_entropyscore_forget_svd_aux_random_uniform_5_size_89_ssize_83_k_6_sr_4_reservoir_greedy matched end_idx=1138; monitoring for 60s of stability
[2026-04-16 21:22:22] candidate 1138_bus_entropyscore_forget_svd_aux_random_uniform_5_size_89_ssize_83_k_6_sr_6_reservoir_greedy matched end_idx=1138; monitoring for 60s of stability
[2026-04-16 21:22:24] zip created for 1138_bus_entropyscore_forget_svd_aux_random_uniform_5_size_96_ssize_11_k_85_sr_12_reservoir_greedy: 502 files -> /scratch/ttran02/output22_sampled_zips/1138_bus_entropyscore_forget_svd_aux_random_uniform_5_size_96_ssize_11_k_85_sr_12_reservoir_greedy_sampled.zip
[2026-04-16 21:22:24] synced 1138_bus_entropyscore_forget_svd_aux_random_uniform_5_size_96_ssize_11_k_85_sr_12_reservoir_greedy to /scratch/ttran02/output22/1138_bus_entropyscore_forget_svd_aux_random_uniform_5_size_96_ssize_11_k_85_sr_12_reservoir_greedy, zipped to /scratch/ttran02/output22_sampled_zips, and removed /home/ttran02/pj/computational-methods/output22/1138_bus_entropyscore_forget_svd_aux_random_uniform_5_size_96_ssize_11_k_85_sr_12_reservoir_greedy
[2026-04-16 21:22:24] candidate 1138_bus_entropyscore_forget_svd_aux_random_uniform_5_size_96_ssize_11_k_85_sr_1_reservoir_greedy matched end_idx=1138; monitoring for 60s of stability
[2026-04-16 21:22:25] zip created for 1138_bus_entropyscore_forget_svd_aux_random_uniform_5_size_96_ssize_11_k_85_sr_8_reservoir_greedy: 502 files -> /scratch/ttran02/output22_sampled_zips/1138_bus_entropyscore_forget_svd_aux_random_uniform_5_size_96_ssize_11_k_85_sr_8_reservoir_greedy_sampled.zip
[2026-04-16 21:22:26] synced 1138_bus_entropyscore_forget_svd_aux_random_uniform_5_size_96_ssize_11_k_85_sr_8_reservoir_greedy to /scratch/ttran02/output22/1138_bus_entropyscore_forget_svd_aux_random_uniform_5_size_96_ssize_11_k_85_sr_8_reservoir_greedy, zipped to /scratch/ttran02/output22_sampled_zips, and removed /home/ttran02/pj/computational-methods/output22/1138_bus_entropyscore_forget_svd_aux_random_uniform_5_size_96_ssize_11_k_85_sr_8_reservoir_greedy
[2026-04-16 21:22:26] candidate 1138_bus_entropyscore_forget_svd_aux_random_uniform_5_size_97_ssize_83_k_14_sr_12_reservoir_greedy matched end_idx=1138; monitoring for 60s of stability
[2026-04-16 21:22:26] candidate 1138_bus_entropyscore_forget_svd_aux_random_uniform_5_size_97_ssize_83_k_14_sr_1_reservoir_greedy matched end_idx=1138; monitoring for 60s of stability
[2026-04-16 21:22:26] candidate 1138_bus_entropyscore_forget_svd_aux_random_uniform_5_size_97_ssize_83_k_14_sr_2_reservoir_greedy matched end_idx=1138; monitoring for 60s of stability
[2026-04-16 21:22:26] candidate 1138_bus_entropyscore_forget_svd_aux_random_uniform_5_size_97_ssize_83_k_14_sr_4_reservoir_greedy matched end_idx=1138; monitoring for 60s of stability
[2026-04-16 21:22:26] candidate 1138_bus_entropyscore_forget_svd_aux_random_uniform_size_115_ssize_30_k_85_sr_2_reservoir_greedy matched end_idx=1138; monitoring for 60s of stability
[2026-04-16 21:22:26] candidate 1138_bus_entropyscore_forget_svd_aux_random_uniform_size_115_ssize_30_k_85_sr_4_reservoir_greedy matched end_idx=1138; monitoring for 60s of stability
[2026-04-16 21:22:26] candidate 1138_bus_entropyscore_forget_svd_aux_random_uniform_size_118_ssize_83_k_35_sr_12_reservoir_greedy matched end_idx=1138; monitoring for 60s of stability
[2026-04-16 21:22:26] candidate 1138_bus_entropyscore_forget_svd_aux_random_uniform_size_118_ssize_83_k_35_sr_16_reservoir_greedy matched end_idx=1138; monitoring for 60s of stability
[2026-04-16 21:22:26] candidate 1138_bus_entropyscore_forget_svd_aux_random_uniform_size_118_ssize_83_k_35_sr_8_reservoir_greedy matched end_idx=1138; monitoring for 60s of stability
[2026-04-16 21:22:26] candidate 1138_bus_entropyscore_forget_svd_aux_random_uniform_size_168_ssize_83_k_85_sr_12_reservoir_greedy matched end_idx=1138; monitoring for 60s of stability
[2026-04-16 21:22:26] candidate 1138_bus_entropyscore_forget_svd_aux_random_uniform_size_168_ssize_83_k_85_sr_16_reservoir_greedy matched end_idx=1138; monitoring for 60s of stability
[2026-04-16 21:22:26] candidate 1138_bus_entropyscore_forget_svd_aux_random_uniform_size_168_ssize_83_k_85_sr_4_reservoir_greedy matched end_idx=1138; monitoring for 60s of stability
[2026-04-16 21:22:26] candidate 1138_bus_entropyscore_forget_svd_aux_random_uniform_size_217_ssize_11_k_206_sr_8_reservoir_greedy matched end_idx=1138; monitoring for 60s of stability
[2026-04-16 21:22:26] candidate 1138_bus_entropyscore_forget_svd_aux_random_uniform_size_228_ssize_226_k_2_sr_1_reservoir_greedy matched end_idx=1138; monitoring for 60s of stability
[2026-04-16 21:22:26] candidate 1138_bus_entropyscore_forget_svd_aux_random_uniform_size_232_ssize_226_k_6_sr_2_reservoir_greedy matched end_idx=1138; monitoring for 60s of stability
[2026-04-16 21:22:26] candidate 1138_bus_entropyscore_forget_svd_aux_random_uniform_size_232_ssize_226_k_6_sr_6_reservoir_greedy matched end_idx=1138; monitoring for 60s of stability
[2026-04-16 21:22:26] candidate 1138_bus_entropyscore_forget_svd_aux_random_uniform_size_236_ssize_30_k_206_sr_12_reservoir_greedy matched end_idx=1138; monitoring for 60s of stability
[2026-04-16 21:22:30] zip created for 1138_bus_entropyscore_forget_svd_aux_random_uniform_size_236_ssize_30_k_206_sr_16_reservoir_greedy: 322 files -> /scratch/ttran02/output22_sampled_zips/1138_bus_entropyscore_forget_svd_aux_random_uniform_size_236_ssize_30_k_206_sr_16_reservoir_greedy_sampled.zip
[2026-04-16 21:22:30] synced 1138_bus_entropyscore_forget_svd_aux_random_uniform_size_236_ssize_30_k_206_sr_16_reservoir_greedy to /scratch/ttran02/output22/1138_bus_entropyscore_forget_svd_aux_random_uniform_size_236_ssize_30_k_206_sr_16_reservoir_greedy, zipped to /scratch/ttran02/output22_sampled_zips, and removed /home/ttran02/pj/computational-methods/output22/1138_bus_entropyscore_forget_svd_aux_random_uniform_size_236_ssize_30_k_206_sr_16_reservoir_greedy
[2026-04-16 21:22:30] candidate 1138_bus_entropyscore_forget_svd_aux_random_uniform_size_236_ssize_30_k_206_sr_2_reservoir_greedy matched end_idx=1138; monitoring for 60s of stability
[2026-04-16 21:22:30] candidate 1138_bus_entropyscore_forget_svd_aux_random_uniform_size_240_ssize_226_k_14_sr_14_reservoir_greedy matched end_idx=1138; monitoring for 60s of stability
[2026-04-16 21:22:30] candidate 1138_bus_entropyscore_forget_svd_aux_random_uniform_size_240_ssize_226_k_14_sr_2_reservoir_greedy matched end_idx=1138; monitoring for 60s of stability
[2026-04-16 21:22:30] candidate 1138_bus_entropyscore_forget_svd_aux_random_uniform_size_25_ssize_11_k_14_sr_12_reservoir_greedy matched end_idx=1138; monitoring for 60s of stability
[2026-04-16 21:22:30] candidate 1138_bus_entropyscore_forget_svd_aux_random_uniform_size_261_ssize_226_k_35_sr_16_reservoir_greedy matched end_idx=1138; monitoring for 60s of stability
[2026-04-16 21:22:30] candidate 1138_bus_entropyscore_forget_svd_aux_random_uniform_size_261_ssize_226_k_35_sr_1_reservoir_greedy matched end_idx=1138; monitoring for 60s of stability
[2026-04-16 21:22:30] candidate 1138_bus_entropyscore_forget_svd_aux_random_uniform_size_261_ssize_226_k_35_sr_2_reservoir_greedy matched end_idx=1138; monitoring for 60s of stability
[2026-04-16 21:22:30] candidate 1138_bus_entropyscore_forget_svd_aux_random_uniform_size_289_ssize_83_k_206_sr_12_reservoir_greedy matched end_idx=1138; monitoring for 60s of stability
[2026-04-16 21:22:30] candidate 1138_bus_entropyscore_forget_svd_aux_random_uniform_size_289_ssize_83_k_206_sr_16_reservoir_greedy matched end_idx=1138; monitoring for 60s of stability
[2026-04-16 21:22:30] candidate 1138_bus_entropyscore_forget_svd_aux_random_uniform_size_289_ssize_83_k_206_sr_1_reservoir_greedy matched end_idx=1138; monitoring for 60s of stability
[2026-04-16 21:22:30] candidate 1138_bus_entropyscore_forget_svd_aux_random_uniform_size_289_ssize_83_k_206_sr_2_reservoir_greedy matched end_idx=1138; monitoring for 60s of stability
[2026-04-16 21:22:30] candidate 1138_bus_entropyscore_forget_svd_aux_random_uniform_size_311_ssize_226_k_85_sr_12_reservoir_greedy matched end_idx=1138; monitoring for 60s of stability
[2026-04-16 21:22:30] candidate 1138_bus_entropyscore_forget_svd_aux_random_uniform_size_311_ssize_226_k_85_sr_2_reservoir_greedy matched end_idx=1138; monitoring for 60s of stability
[2026-04-16 21:22:30] candidate 1138_bus_entropyscore_forget_svd_aux_random_uniform_size_311_ssize_226_k_85_sr_4_reservoir_greedy matched end_idx=1138; monitoring for 60s of stability
[2026-04-16 21:22:30] candidate 1138_bus_entropyscore_forget_svd_aux_random_uniform_size_311_ssize_226_k_85_sr_8_reservoir_greedy matched end_idx=1138; monitoring for 60s of stability
[2026-04-16 21:22:31] zip created for 1138_bus_entropyscore_forget_svd_aux_random_uniform_size_36_ssize_30_k_6_sr_4_reservoir_greedy: 382 files -> /scratch/ttran02/output22_sampled_zips/1138_bus_entropyscore_forget_svd_aux_random_uniform_size_36_ssize_30_k_6_sr_4_reservoir_greedy_sampled.zip
[2026-04-16 21:22:31] synced 1138_bus_entropyscore_forget_svd_aux_random_uniform_size_36_ssize_30_k_6_sr_4_reservoir_greedy to /scratch/ttran02/output22/1138_bus_entropyscore_forget_svd_aux_random_uniform_size_36_ssize_30_k_6_sr_4_reservoir_greedy, zipped to /scratch/ttran02/output22_sampled_zips, and removed /home/ttran02/pj/computational-methods/output22/1138_bus_entropyscore_forget_svd_aux_random_uniform_size_36_ssize_30_k_6_sr_4_reservoir_greedy
[2026-04-16 21:22:31] candidate 1138_bus_entropyscore_forget_svd_aux_random_uniform_size_432_ssize_226_k_206_sr_12_reservoir_greedy matched end_idx=1138; monitoring for 60s of stability
[2026-04-16 21:22:31] candidate 1138_bus_entropyscore_forget_svd_aux_random_uniform_size_432_ssize_226_k_206_sr_1_reservoir_greedy matched end_idx=1138; monitoring for 60s of stability
[2026-04-16 21:22:31] candidate 1138_bus_entropyscore_forget_svd_aux_random_uniform_size_432_ssize_226_k_206_sr_2_reservoir_greedy matched end_idx=1138; monitoring for 60s of stability
[2026-04-16 21:22:31] candidate 1138_bus_entropyscore_forget_svd_aux_random_uniform_size_44_ssize_30_k_14_sr_12_reservoir_greedy matched end_idx=1138; monitoring for 60s of stability
[2026-04-16 21:22:31] candidate 1138_bus_entropyscore_forget_svd_aux_random_uniform_size_44_ssize_30_k_14_sr_14_reservoir_greedy matched end_idx=1138; monitoring for 60s of stability
[2026-04-16 21:22:31] candidate 1138_bus_entropyscore_forget_svd_aux_random_uniform_size_44_ssize_30_k_14_sr_1_reservoir_greedy matched end_idx=1138; monitoring for 60s of stability
[2026-04-16 21:22:31] candidate 1138_bus_entropyscore_forget_svd_aux_random_uniform_size_44_ssize_30_k_14_sr_2_reservoir_greedy matched end_idx=1138; monitoring for 60s of stability
[2026-04-16 21:22:31] candidate 1138_bus_entropyscore_forget_svd_aux_random_uniform_size_44_ssize_30_k_14_sr_4_reservoir_greedy matched end_idx=1138; monitoring for 60s of stability
[2026-04-16 21:22:32] zip created for 1138_bus_entropyscore_forget_svd_aux_random_uniform_size_46_ssize_11_k_35_sr_16_reservoir_greedy: 502 files -> /scratch/ttran02/output22_sampled_zips/1138_bus_entropyscore_forget_svd_aux_random_uniform_size_46_ssize_11_k_35_sr_16_reservoir_greedy_sampled.zip
[2026-04-16 21:22:33] synced 1138_bus_entropyscore_forget_svd_aux_random_uniform_size_46_ssize_11_k_35_sr_16_reservoir_greedy to /scratch/ttran02/output22/1138_bus_entropyscore_forget_svd_aux_random_uniform_size_46_ssize_11_k_35_sr_16_reservoir_greedy, zipped to /scratch/ttran02/output22_sampled_zips, and removed /home/ttran02/pj/computational-methods/output22/1138_bus_entropyscore_forget_svd_aux_random_uniform_size_46_ssize_11_k_35_sr_16_reservoir_greedy
[2026-04-16 21:22:52] zip created for 1138_bus_entropyscore_forget_svd_aux_random_uniform_size_511_ssize_11_k_500_sr_12_reservoir_greedy: 492 files -> /scratch/ttran02/output22_sampled_zips/1138_bus_entropyscore_forget_svd_aux_random_uniform_size_511_ssize_11_k_500_sr_12_reservoir_greedy_sampled.zip
[2026-04-16 21:22:52] synced 1138_bus_entropyscore_forget_svd_aux_random_uniform_size_511_ssize_11_k_500_sr_12_reservoir_greedy to /scratch/ttran02/output22/1138_bus_entropyscore_forget_svd_aux_random_uniform_size_511_ssize_11_k_500_sr_12_reservoir_greedy, zipped to /scratch/ttran02/output22_sampled_zips, and removed /home/ttran02/pj/computational-methods/output22/1138_bus_entropyscore_forget_svd_aux_random_uniform_size_511_ssize_11_k_500_sr_12_reservoir_greedy
[2026-04-16 21:23:11] zip created for 1138_bus_entropyscore_forget_svd_aux_random_uniform_size_511_ssize_11_k_500_sr_16_reservoir_greedy: 492 files -> /scratch/ttran02/output22_sampled_zips/1138_bus_entropyscore_forget_svd_aux_random_uniform_size_511_ssize_11_k_500_sr_16_reservoir_greedy_sampled.zip
[2026-04-16 21:23:12] synced 1138_bus_entropyscore_forget_svd_aux_random_uniform_size_511_ssize_11_k_500_sr_16_reservoir_greedy to /scratch/ttran02/output22/1138_bus_entropyscore_forget_svd_aux_random_uniform_size_511_ssize_11_k_500_sr_16_reservoir_greedy, zipped to /scratch/ttran02/output22_sampled_zips, and removed /home/ttran02/pj/computational-methods/output22/1138_bus_entropyscore_forget_svd_aux_random_uniform_size_511_ssize_11_k_500_sr_16_reservoir_greedy
[2026-04-16 21:23:30] zip created for 1138_bus_entropyscore_forget_svd_aux_random_uniform_size_511_ssize_11_k_500_sr_2_reservoir_greedy: 492 files -> /scratch/ttran02/output22_sampled_zips/1138_bus_entropyscore_forget_svd_aux_random_uniform_size_511_ssize_11_k_500_sr_2_reservoir_greedy_sampled.zip
[2026-04-16 21:23:31] synced 1138_bus_entropyscore_forget_svd_aux_random_uniform_size_511_ssize_11_k_500_sr_2_reservoir_greedy to /scratch/ttran02/output22/1138_bus_entropyscore_forget_svd_aux_random_uniform_size_511_ssize_11_k_500_sr_2_reservoir_greedy, zipped to /scratch/ttran02/output22_sampled_zips, and removed /home/ttran02/pj/computational-methods/output22/1138_bus_entropyscore_forget_svd_aux_random_uniform_size_511_ssize_11_k_500_sr_2_reservoir_greedy
[2026-04-16 21:23:49] zip created for 1138_bus_entropyscore_forget_svd_aux_random_uniform_size_511_ssize_11_k_500_sr_8_reservoir_greedy: 492 files -> /scratch/ttran02/output22_sampled_zips/1138_bus_entropyscore_forget_svd_aux_random_uniform_size_511_ssize_11_k_500_sr_8_reservoir_greedy_sampled.zip
[2026-04-16 21:23:50] synced 1138_bus_entropyscore_forget_svd_aux_random_uniform_size_511_ssize_11_k_500_sr_8_reservoir_greedy to /scratch/ttran02/output22/1138_bus_entropyscore_forget_svd_aux_random_uniform_size_511_ssize_11_k_500_sr_8_reservoir_greedy, zipped to /scratch/ttran02/output22_sampled_zips, and removed /home/ttran02/pj/computational-methods/output22/1138_bus_entropyscore_forget_svd_aux_random_uniform_size_511_ssize_11_k_500_sr_8_reservoir_greedy
[2026-04-16 21:23:58] zip created for 1138_bus_entropyscore_forget_svd_aux_random_uniform_size_530_ssize_30_k_500_sr_12_reservoir_greedy: 222 files -> /scratch/ttran02/output22_sampled_zips/1138_bus_entropyscore_forget_svd_aux_random_uniform_size_530_ssize_30_k_500_sr_12_reservoir_greedy_sampled.zip
[2026-04-16 21:23:59] synced 1138_bus_entropyscore_forget_svd_aux_random_uniform_size_530_ssize_30_k_500_sr_12_reservoir_greedy to /scratch/ttran02/output22/1138_bus_entropyscore_forget_svd_aux_random_uniform_size_530_ssize_30_k_500_sr_12_reservoir_greedy, zipped to /scratch/ttran02/output22_sampled_zips, and removed /home/ttran02/pj/computational-methods/output22/1138_bus_entropyscore_forget_svd_aux_random_uniform_size_530_ssize_30_k_500_sr_12_reservoir_greedy
[2026-04-16 21:23:59] candidate 1138_bus_entropyscore_forget_svd_aux_random_uniform_size_530_ssize_30_k_500_sr_16_reservoir_greedy matched end_idx=1138; monitoring for 60s of stability
[2026-04-16 21:24:08] zip created for 1138_bus_entropyscore_forget_svd_aux_random_uniform_size_530_ssize_30_k_500_sr_1_reservoir_greedy: 222 files -> /scratch/ttran02/output22_sampled_zips/1138_bus_entropyscore_forget_svd_aux_random_uniform_size_530_ssize_30_k_500_sr_1_reservoir_greedy_sampled.zip
[2026-04-16 21:24:08] synced 1138_bus_entropyscore_forget_svd_aux_random_uniform_size_530_ssize_30_k_500_sr_1_reservoir_greedy to /scratch/ttran02/output22/1138_bus_entropyscore_forget_svd_aux_random_uniform_size_530_ssize_30_k_500_sr_1_reservoir_greedy, zipped to /scratch/ttran02/output22_sampled_zips, and removed /home/ttran02/pj/computational-methods/output22/1138_bus_entropyscore_forget_svd_aux_random_uniform_size_530_ssize_30_k_500_sr_1_reservoir_greedy
[2026-04-16 21:24:16] zip created for 1138_bus_entropyscore_forget_svd_aux_random_uniform_size_530_ssize_30_k_500_sr_8_reservoir_greedy: 222 files -> /scratch/ttran02/output22_sampled_zips/1138_bus_entropyscore_forget_svd_aux_random_uniform_size_530_ssize_30_k_500_sr_8_reservoir_greedy_sampled.zip
[2026-04-16 21:24:16] synced 1138_bus_entropyscore_forget_svd_aux_random_uniform_size_530_ssize_30_k_500_sr_8_reservoir_greedy to /scratch/ttran02/output22/1138_bus_entropyscore_forget_svd_aux_random_uniform_size_530_ssize_30_k_500_sr_8_reservoir_greedy, zipped to /scratch/ttran02/output22_sampled_zips, and removed /home/ttran02/pj/computational-methods/output22/1138_bus_entropyscore_forget_svd_aux_random_uniform_size_530_ssize_30_k_500_sr_8_reservoir_greedy
[2026-04-16 21:24:16] candidate 1138_bus_entropyscore_forget_svd_aux_random_uniform_size_583_ssize_83_k_500_sr_16_reservoir_greedy matched end_idx=1138; monitoring for 60s of stability
[2026-04-16 21:24:20] zip created for 1138_bus_entropyscore_forget_svd_aux_random_uniform_size_583_ssize_83_k_500_sr_1_reservoir_greedy: 82 files -> /scratch/ttran02/output22_sampled_zips/1138_bus_entropyscore_forget_svd_aux_random_uniform_size_583_ssize_83_k_500_sr_1_reservoir_greedy_sampled.zip
[2026-04-16 21:24:20] synced 1138_bus_entropyscore_forget_svd_aux_random_uniform_size_583_ssize_83_k_500_sr_1_reservoir_greedy to /scratch/ttran02/output22/1138_bus_entropyscore_forget_svd_aux_random_uniform_size_583_ssize_83_k_500_sr_1_reservoir_greedy, zipped to /scratch/ttran02/output22_sampled_zips, and removed /home/ttran02/pj/computational-methods/output22/1138_bus_entropyscore_forget_svd_aux_random_uniform_size_583_ssize_83_k_500_sr_1_reservoir_greedy
[2026-04-16 21:24:20] candidate 1138_bus_entropyscore_forget_svd_aux_random_uniform_size_583_ssize_83_k_500_sr_2_reservoir_greedy matched end_idx=1138; monitoring for 60s of stability
[2026-04-16 21:24:20] candidate 1138_bus_entropyscore_forget_svd_aux_random_uniform_size_583_ssize_83_k_500_sr_8_reservoir_greedy matched end_idx=1138; monitoring for 60s of stability
[2026-04-16 21:24:20] candidate 1138_bus_entropyscore_forget_svd_aux_random_uniform_size_65_ssize_30_k_35_sr_16_reservoir_greedy matched end_idx=1138; monitoring for 60s of stability
[2026-04-16 21:24:21] zip created for 1138_bus_entropyscore_forget_svd_aux_random_uniform_size_65_ssize_30_k_35_sr_2_reservoir_greedy: 372 files -> /scratch/ttran02/output22_sampled_zips/1138_bus_entropyscore_forget_svd_aux_random_uniform_size_65_ssize_30_k_35_sr_2_reservoir_greedy_sampled.zip
[2026-04-16 21:24:21] synced 1138_bus_entropyscore_forget_svd_aux_random_uniform_size_65_ssize_30_k_35_sr_2_reservoir_greedy to /scratch/ttran02/output22/1138_bus_entropyscore_forget_svd_aux_random_uniform_size_65_ssize_30_k_35_sr_2_reservoir_greedy, zipped to /scratch/ttran02/output22_sampled_zips, and removed /home/ttran02/pj/computational-methods/output22/1138_bus_entropyscore_forget_svd_aux_random_uniform_size_65_ssize_30_k_35_sr_2_reservoir_greedy
[2026-04-16 21:24:21] candidate 1138_bus_entropyscore_forget_svd_aux_random_uniform_size_65_ssize_30_k_35_sr_8_reservoir_greedy matched end_idx=1138; monitoring for 60s of stability
[2026-04-16 21:24:21] candidate 1138_bus_entropyscore_forget_svd_aux_random_uniform_size_726_ssize_226_k_500_sr_12_reservoir_greedy matched end_idx=1138; monitoring for 60s of stability
[2026-04-16 21:24:21] candidate 1138_bus_entropyscore_forget_svd_aux_random_uniform_size_726_ssize_226_k_500_sr_8_reservoir_greedy matched end_idx=1138; monitoring for 60s of stability
[2026-04-16 21:24:21] candidate 1138_bus_entropyscore_forget_svd_aux_random_uniform_size_85_ssize_83_k_2_sr_1_reservoir_greedy matched end_idx=1138; monitoring for 60s of stability
[2026-04-16 21:24:21] candidate 1138_bus_entropyscore_forget_svd_aux_random_uniform_size_85_ssize_83_k_2_sr_2_reservoir_greedy matched end_idx=1138; monitoring for 60s of stability
[2026-04-16 21:24:21] candidate 1138_bus_entropyscore_forget_svd_aux_random_uniform_size_89_ssize_83_k_6_sr_2_reservoir_greedy matched end_idx=1138; monitoring for 60s of stability
[2026-04-16 21:24:21] candidate 1138_bus_entropyscore_forget_svd_aux_random_uniform_size_89_ssize_83_k_6_sr_4_reservoir_greedy matched end_idx=1138; monitoring for 60s of stability
[2026-04-16 21:24:21] candidate 1138_bus_entropyscore_forget_svd_aux_random_uniform_size_89_ssize_83_k_6_sr_6_reservoir_greedy matched end_idx=1138; monitoring for 60s of stability
[2026-04-16 21:24:23] zip created for 1138_bus_entropyscore_forget_svd_aux_random_uniform_size_96_ssize_11_k_85_sr_1_reservoir_greedy: 502 files -> /scratch/ttran02/output22_sampled_zips/1138_bus_entropyscore_forget_svd_aux_random_uniform_size_96_ssize_11_k_85_sr_1_reservoir_greedy_sampled.zip
[2026-04-16 21:24:23] synced 1138_bus_entropyscore_forget_svd_aux_random_uniform_size_96_ssize_11_k_85_sr_1_reservoir_greedy to /scratch/ttran02/output22/1138_bus_entropyscore_forget_svd_aux_random_uniform_size_96_ssize_11_k_85_sr_1_reservoir_greedy, zipped to /scratch/ttran02/output22_sampled_zips, and removed /home/ttran02/pj/computational-methods/output22/1138_bus_entropyscore_forget_svd_aux_random_uniform_size_96_ssize_11_k_85_sr_1_reservoir_greedy
[2026-04-16 21:24:24] zip created for 1138_bus_entropyscore_forget_svd_aux_random_uniform_size_97_ssize_83_k_14_sr_12_reservoir_greedy: 142 files -> /scratch/ttran02/output22_sampled_zips/1138_bus_entropyscore_forget_svd_aux_random_uniform_size_97_ssize_83_k_14_sr_12_reservoir_greedy_sampled.zip
[2026-04-16 21:24:24] synced 1138_bus_entropyscore_forget_svd_aux_random_uniform_size_97_ssize_83_k_14_sr_12_reservoir_greedy to /scratch/ttran02/output22/1138_bus_entropyscore_forget_svd_aux_random_uniform_size_97_ssize_83_k_14_sr_12_reservoir_greedy, zipped to /scratch/ttran02/output22_sampled_zips, and removed /home/ttran02/pj/computational-methods/output22/1138_bus_entropyscore_forget_svd_aux_random_uniform_size_97_ssize_83_k_14_sr_12_reservoir_greedy
[2026-04-16 21:24:24] candidate 1138_bus_entropyscore_forget_svd_aux_random_uniform_size_97_ssize_83_k_14_sr_1_reservoir_greedy matched end_idx=1138; monitoring for 60s of stability
[2026-04-16 21:24:24] candidate 1138_bus_entropyscore_forget_svd_aux_random_uniform_size_97_ssize_83_k_14_sr_2_reservoir_greedy matched end_idx=1138; monitoring for 60s of stability
[2026-04-16 21:24:24] candidate 1138_bus_entropyscore_forget_svd_aux_random_uniform_size_97_ssize_83_k_14_sr_4_reservoir_greedy matched end_idx=1138; monitoring for 60s of stability
[2026-04-16 21:25:24] candidate 1138_bus_entropyscore_forget_svd_aux_random_uniform_2_size_115_ssize_30_k_85_sr_12_reservoir_greedy matched end_idx=1138; monitoring for 60s of stability
[2026-04-16 21:25:24] candidate 1138_bus_entropyscore_forget_svd_aux_random_uniform_2_size_115_ssize_30_k_85_sr_16_reservoir_greedy matched end_idx=1138; monitoring for 60s of stability
[2026-04-16 21:25:25] zip created for 1138_bus_entropyscore_forget_svd_aux_random_uniform_2_size_115_ssize_30_k_85_sr_2_reservoir_greedy: 362 files -> /scratch/ttran02/output22_sampled_zips/1138_bus_entropyscore_forget_svd_aux_random_uniform_2_size_115_ssize_30_k_85_sr_2_reservoir_greedy_sampled.zip
[2026-04-16 21:25:25] synced 1138_bus_entropyscore_forget_svd_aux_random_uniform_2_size_115_ssize_30_k_85_sr_2_reservoir_greedy to /scratch/ttran02/output22/1138_bus_entropyscore_forget_svd_aux_random_uniform_2_size_115_ssize_30_k_85_sr_2_reservoir_greedy, zipped to /scratch/ttran02/output22_sampled_zips, and removed /home/ttran02/pj/computational-methods/output22/1138_bus_entropyscore_forget_svd_aux_random_uniform_2_size_115_ssize_30_k_85_sr_2_reservoir_greedy
[2026-04-16 21:25:26] zip created for 1138_bus_entropyscore_forget_svd_aux_random_uniform_2_size_115_ssize_30_k_85_sr_4_reservoir_greedy: 362 files -> /scratch/ttran02/output22_sampled_zips/1138_bus_entropyscore_forget_svd_aux_random_uniform_2_size_115_ssize_30_k_85_sr_4_reservoir_greedy_sampled.zip
[2026-04-16 21:25:27] synced 1138_bus_entropyscore_forget_svd_aux_random_uniform_2_size_115_ssize_30_k_85_sr_4_reservoir_greedy to /scratch/ttran02/output22/1138_bus_entropyscore_forget_svd_aux_random_uniform_2_size_115_ssize_30_k_85_sr_4_reservoir_greedy, zipped to /scratch/ttran02/output22_sampled_zips, and removed /home/ttran02/pj/computational-methods/output22/1138_bus_entropyscore_forget_svd_aux_random_uniform_2_size_115_ssize_30_k_85_sr_4_reservoir_greedy
[2026-04-16 21:25:27] zip created for 1138_bus_entropyscore_forget_svd_aux_random_uniform_2_size_118_ssize_83_k_35_sr_12_reservoir_greedy: 142 files -> /scratch/ttran02/output22_sampled_zips/1138_bus_entropyscore_forget_svd_aux_random_uniform_2_size_118_ssize_83_k_35_sr_12_reservoir_greedy_sampled.zip
[2026-04-16 21:25:27] synced 1138_bus_entropyscore_forget_svd_aux_random_uniform_2_size_118_ssize_83_k_35_sr_12_reservoir_greedy to /scratch/ttran02/output22/1138_bus_entropyscore_forget_svd_aux_random_uniform_2_size_118_ssize_83_k_35_sr_12_reservoir_greedy, zipped to /scratch/ttran02/output22_sampled_zips, and removed /home/ttran02/pj/computational-methods/output22/1138_bus_entropyscore_forget_svd_aux_random_uniform_2_size_118_ssize_83_k_35_sr_12_reservoir_greedy
[2026-04-16 21:25:27] zip created for 1138_bus_entropyscore_forget_svd_aux_random_uniform_2_size_118_ssize_83_k_35_sr_16_reservoir_greedy: 142 files -> /scratch/ttran02/output22_sampled_zips/1138_bus_entropyscore_forget_svd_aux_random_uniform_2_size_118_ssize_83_k_35_sr_16_reservoir_greedy_sampled.zip
[2026-04-16 21:25:28] synced 1138_bus_entropyscore_forget_svd_aux_random_uniform_2_size_118_ssize_83_k_35_sr_16_reservoir_greedy to /scratch/ttran02/output22/1138_bus_entropyscore_forget_svd_aux_random_uniform_2_size_118_ssize_83_k_35_sr_16_reservoir_greedy, zipped to /scratch/ttran02/output22_sampled_zips, and removed /home/ttran02/pj/computational-methods/output22/1138_bus_entropyscore_forget_svd_aux_random_uniform_2_size_118_ssize_83_k_35_sr_16_reservoir_greedy
[2026-04-16 21:25:28] zip created for 1138_bus_entropyscore_forget_svd_aux_random_uniform_2_size_118_ssize_83_k_35_sr_8_reservoir_greedy: 142 files -> /scratch/ttran02/output22_sampled_zips/1138_bus_entropyscore_forget_svd_aux_random_uniform_2_size_118_ssize_83_k_35_sr_8_reservoir_greedy_sampled.zip
[2026-04-16 21:25:28] synced 1138_bus_entropyscore_forget_svd_aux_random_uniform_2_size_118_ssize_83_k_35_sr_8_reservoir_greedy to /scratch/ttran02/output22/1138_bus_entropyscore_forget_svd_aux_random_uniform_2_size_118_ssize_83_k_35_sr_8_reservoir_greedy, zipped to /scratch/ttran02/output22_sampled_zips, and removed /home/ttran02/pj/computational-methods/output22/1138_bus_entropyscore_forget_svd_aux_random_uniform_2_size_118_ssize_83_k_35_sr_8_reservoir_greedy
[2026-04-16 21:25:28] zip created for 1138_bus_entropyscore_forget_svd_aux_random_uniform_2_size_168_ssize_83_k_85_sr_12_reservoir_greedy: 132 files -> /scratch/ttran02/output22_sampled_zips/1138_bus_entropyscore_forget_svd_aux_random_uniform_2_size_168_ssize_83_k_85_sr_12_reservoir_greedy_sampled.zip
[2026-04-16 21:25:29] synced 1138_bus_entropyscore_forget_svd_aux_random_uniform_2_size_168_ssize_83_k_85_sr_12_reservoir_greedy to /scratch/ttran02/output22/1138_bus_entropyscore_forget_svd_aux_random_uniform_2_size_168_ssize_83_k_85_sr_12_reservoir_greedy, zipped to /scratch/ttran02/output22_sampled_zips, and removed /home/ttran02/pj/computational-methods/output22/1138_bus_entropyscore_forget_svd_aux_random_uniform_2_size_168_ssize_83_k_85_sr_12_reservoir_greedy
[2026-04-16 21:25:29] zip created for 1138_bus_entropyscore_forget_svd_aux_random_uniform_2_size_168_ssize_83_k_85_sr_16_reservoir_greedy: 132 files -> /scratch/ttran02/output22_sampled_zips/1138_bus_entropyscore_forget_svd_aux_random_uniform_2_size_168_ssize_83_k_85_sr_16_reservoir_greedy_sampled.zip
[2026-04-16 21:25:29] synced 1138_bus_entropyscore_forget_svd_aux_random_uniform_2_size_168_ssize_83_k_85_sr_16_reservoir_greedy to /scratch/ttran02/output22/1138_bus_entropyscore_forget_svd_aux_random_uniform_2_size_168_ssize_83_k_85_sr_16_reservoir_greedy, zipped to /scratch/ttran02/output22_sampled_zips, and removed /home/ttran02/pj/computational-methods/output22/1138_bus_entropyscore_forget_svd_aux_random_uniform_2_size_168_ssize_83_k_85_sr_16_reservoir_greedy
[2026-04-16 21:25:29] candidate 1138_bus_entropyscore_forget_svd_aux_random_uniform_2_size_168_ssize_83_k_85_sr_2_reservoir_greedy matched end_idx=1138; monitoring for 60s of stability
[2026-04-16 21:25:30] zip created for 1138_bus_entropyscore_forget_svd_aux_random_uniform_2_size_168_ssize_83_k_85_sr_4_reservoir_greedy: 132 files -> /scratch/ttran02/output22_sampled_zips/1138_bus_entropyscore_forget_svd_aux_random_uniform_2_size_168_ssize_83_k_85_sr_4_reservoir_greedy_sampled.zip
[2026-04-16 21:25:30] synced 1138_bus_entropyscore_forget_svd_aux_random_uniform_2_size_168_ssize_83_k_85_sr_4_reservoir_greedy to /scratch/ttran02/output22/1138_bus_entropyscore_forget_svd_aux_random_uniform_2_size_168_ssize_83_k_85_sr_4_reservoir_greedy, zipped to /scratch/ttran02/output22_sampled_zips, and removed /home/ttran02/pj/computational-methods/output22/1138_bus_entropyscore_forget_svd_aux_random_uniform_2_size_168_ssize_83_k_85_sr_4_reservoir_greedy
[2026-04-16 21:25:30] candidate 1138_bus_entropyscore_forget_svd_aux_random_uniform_2_size_217_ssize_11_k_206_sr_8_reservoir_greedy matched end_idx=1138; monitoring for 60s of stability
[2026-04-16 21:25:30] zip created for 1138_bus_entropyscore_forget_svd_aux_random_uniform_2_size_228_ssize_226_k_2_sr_1_reservoir_greedy: 62 files -> /scratch/ttran02/output22_sampled_zips/1138_bus_entropyscore_forget_svd_aux_random_uniform_2_size_228_ssize_226_k_2_sr_1_reservoir_greedy_sampled.zip
[2026-04-16 21:25:30] synced 1138_bus_entropyscore_forget_svd_aux_random_uniform_2_size_228_ssize_226_k_2_sr_1_reservoir_greedy to /scratch/ttran02/output22/1138_bus_entropyscore_forget_svd_aux_random_uniform_2_size_228_ssize_226_k_2_sr_1_reservoir_greedy, zipped to /scratch/ttran02/output22_sampled_zips, and removed /home/ttran02/pj/computational-methods/output22/1138_bus_entropyscore_forget_svd_aux_random_uniform_2_size_228_ssize_226_k_2_sr_1_reservoir_greedy
[2026-04-16 21:25:30] candidate 1138_bus_entropyscore_forget_svd_aux_random_uniform_2_size_232_ssize_226_k_6_sr_1_reservoir_greedy matched end_idx=1138; monitoring for 60s of stability
[2026-04-16 21:25:30] zip created for 1138_bus_entropyscore_forget_svd_aux_random_uniform_2_size_232_ssize_226_k_6_sr_2_reservoir_greedy: 62 files -> /scratch/ttran02/output22_sampled_zips/1138_bus_entropyscore_forget_svd_aux_random_uniform_2_size_232_ssize_226_k_6_sr_2_reservoir_greedy_sampled.zip
[2026-04-16 21:25:30] synced 1138_bus_entropyscore_forget_svd_aux_random_uniform_2_size_232_ssize_226_k_6_sr_2_reservoir_greedy to /scratch/ttran02/output22/1138_bus_entropyscore_forget_svd_aux_random_uniform_2_size_232_ssize_226_k_6_sr_2_reservoir_greedy, zipped to /scratch/ttran02/output22_sampled_zips, and removed /home/ttran02/pj/computational-methods/output22/1138_bus_entropyscore_forget_svd_aux_random_uniform_2_size_232_ssize_226_k_6_sr_2_reservoir_greedy
[2026-04-16 21:25:30] candidate 1138_bus_entropyscore_forget_svd_aux_random_uniform_2_size_232_ssize_226_k_6_sr_4_reservoir_greedy matched end_idx=1138; monitoring for 60s of stability
[2026-04-16 21:25:31] zip created for 1138_bus_entropyscore_forget_svd_aux_random_uniform_2_size_232_ssize_226_k_6_sr_6_reservoir_greedy: 62 files -> /scratch/ttran02/output22_sampled_zips/1138_bus_entropyscore_forget_svd_aux_random_uniform_2_size_232_ssize_226_k_6_sr_6_reservoir_greedy_sampled.zip
[2026-04-16 21:25:31] synced 1138_bus_entropyscore_forget_svd_aux_random_uniform_2_size_232_ssize_226_k_6_sr_6_reservoir_greedy to /scratch/ttran02/output22/1138_bus_entropyscore_forget_svd_aux_random_uniform_2_size_232_ssize_226_k_6_sr_6_reservoir_greedy, zipped to /scratch/ttran02/output22_sampled_zips, and removed /home/ttran02/pj/computational-methods/output22/1138_bus_entropyscore_forget_svd_aux_random_uniform_2_size_232_ssize_226_k_6_sr_6_reservoir_greedy
[2026-04-16 21:25:34] zip created for 1138_bus_entropyscore_forget_svd_aux_random_uniform_2_size_236_ssize_30_k_206_sr_12_reservoir_greedy: 322 files -> /scratch/ttran02/output22_sampled_zips/1138_bus_entropyscore_forget_svd_aux_random_uniform_2_size_236_ssize_30_k_206_sr_12_reservoir_greedy_sampled.zip
[2026-04-16 21:25:34] synced 1138_bus_entropyscore_forget_svd_aux_random_uniform_2_size_236_ssize_30_k_206_sr_12_reservoir_greedy to /scratch/ttran02/output22/1138_bus_entropyscore_forget_svd_aux_random_uniform_2_size_236_ssize_30_k_206_sr_12_reservoir_greedy, zipped to /scratch/ttran02/output22_sampled_zips, and removed /home/ttran02/pj/computational-methods/output22/1138_bus_entropyscore_forget_svd_aux_random_uniform_2_size_236_ssize_30_k_206_sr_12_reservoir_greedy
[2026-04-16 21:25:37] zip created for 1138_bus_entropyscore_forget_svd_aux_random_uniform_2_size_236_ssize_30_k_206_sr_16_reservoir_greedy: 322 files -> /scratch/ttran02/output22_sampled_zips/1138_bus_entropyscore_forget_svd_aux_random_uniform_2_size_236_ssize_30_k_206_sr_16_reservoir_greedy_sampled.zip
[2026-04-16 21:25:38] synced 1138_bus_entropyscore_forget_svd_aux_random_uniform_2_size_236_ssize_30_k_206_sr_16_reservoir_greedy to /scratch/ttran02/output22/1138_bus_entropyscore_forget_svd_aux_random_uniform_2_size_236_ssize_30_k_206_sr_16_reservoir_greedy, zipped to /scratch/ttran02/output22_sampled_zips, and removed /home/ttran02/pj/computational-methods/output22/1138_bus_entropyscore_forget_svd_aux_random_uniform_2_size_236_ssize_30_k_206_sr_16_reservoir_greedy
[2026-04-16 21:25:40] zip created for 1138_bus_entropyscore_forget_svd_aux_random_uniform_2_size_236_ssize_30_k_206_sr_2_reservoir_greedy: 322 files -> /scratch/ttran02/output22_sampled_zips/1138_bus_entropyscore_forget_svd_aux_random_uniform_2_size_236_ssize_30_k_206_sr_2_reservoir_greedy_sampled.zip
[2026-04-16 21:25:41] synced 1138_bus_entropyscore_forget_svd_aux_random_uniform_2_size_236_ssize_30_k_206_sr_2_reservoir_greedy to /scratch/ttran02/output22/1138_bus_entropyscore_forget_svd_aux_random_uniform_2_size_236_ssize_30_k_206_sr_2_reservoir_greedy, zipped to /scratch/ttran02/output22_sampled_zips, and removed /home/ttran02/pj/computational-methods/output22/1138_bus_entropyscore_forget_svd_aux_random_uniform_2_size_236_ssize_30_k_206_sr_2_reservoir_greedy
[2026-04-16 21:25:41] candidate 1138_bus_entropyscore_forget_svd_aux_random_uniform_2_size_236_ssize_30_k_206_sr_4_reservoir_greedy matched end_idx=1138; monitoring for 60s of stability
[2026-04-16 21:25:41] zip created for 1138_bus_entropyscore_forget_svd_aux_random_uniform_2_size_240_ssize_226_k_14_sr_14_reservoir_greedy: 52 files -> /scratch/ttran02/output22_sampled_zips/1138_bus_entropyscore_forget_svd_aux_random_uniform_2_size_240_ssize_226_k_14_sr_14_reservoir_greedy_sampled.zip
[2026-04-16 21:25:41] synced 1138_bus_entropyscore_forget_svd_aux_random_uniform_2_size_240_ssize_226_k_14_sr_14_reservoir_greedy to /scratch/ttran02/output22/1138_bus_entropyscore_forget_svd_aux_random_uniform_2_size_240_ssize_226_k_14_sr_14_reservoir_greedy, zipped to /scratch/ttran02/output22_sampled_zips, and removed /home/ttran02/pj/computational-methods/output22/1138_bus_entropyscore_forget_svd_aux_random_uniform_2_size_240_ssize_226_k_14_sr_14_reservoir_greedy
[2026-04-16 21:25:41] zip created for 1138_bus_entropyscore_forget_svd_aux_random_uniform_2_size_240_ssize_226_k_14_sr_2_reservoir_greedy: 52 files -> /scratch/ttran02/output22_sampled_zips/1138_bus_entropyscore_forget_svd_aux_random_uniform_2_size_240_ssize_226_k_14_sr_2_reservoir_greedy_sampled.zip
[2026-04-16 21:25:41] synced 1138_bus_entropyscore_forget_svd_aux_random_uniform_2_size_240_ssize_226_k_14_sr_2_reservoir_greedy to /scratch/ttran02/output22/1138_bus_entropyscore_forget_svd_aux_random_uniform_2_size_240_ssize_226_k_14_sr_2_reservoir_greedy, zipped to /scratch/ttran02/output22_sampled_zips, and removed /home/ttran02/pj/computational-methods/output22/1138_bus_entropyscore_forget_svd_aux_random_uniform_2_size_240_ssize_226_k_14_sr_2_reservoir_greedy
[2026-04-16 21:25:41] candidate 1138_bus_entropyscore_forget_svd_aux_random_uniform_2_size_240_ssize_226_k_14_sr_4_reservoir_greedy matched end_idx=1138; monitoring for 60s of stability
[2026-04-16 21:25:41] candidate 1138_bus_entropyscore_forget_svd_aux_random_uniform_2_size_240_ssize_226_k_14_sr_8_reservoir_greedy matched end_idx=1138; monitoring for 60s of stability
[2026-04-16 21:25:42] zip created for 1138_bus_entropyscore_forget_svd_aux_random_uniform_2_size_25_ssize_11_k_14_sr_12_reservoir_greedy: 502 files -> /scratch/ttran02/output22_sampled_zips/1138_bus_entropyscore_forget_svd_aux_random_uniform_2_size_25_ssize_11_k_14_sr_12_reservoir_greedy_sampled.zip
[2026-04-16 21:25:42] synced 1138_bus_entropyscore_forget_svd_aux_random_uniform_2_size_25_ssize_11_k_14_sr_12_reservoir_greedy to /scratch/ttran02/output22/1138_bus_entropyscore_forget_svd_aux_random_uniform_2_size_25_ssize_11_k_14_sr_12_reservoir_greedy, zipped to /scratch/ttran02/output22_sampled_zips, and removed /home/ttran02/pj/computational-methods/output22/1138_bus_entropyscore_forget_svd_aux_random_uniform_2_size_25_ssize_11_k_14_sr_12_reservoir_greedy
[2026-04-16 21:25:43] zip created for 1138_bus_entropyscore_forget_svd_aux_random_uniform_2_size_261_ssize_226_k_35_sr_16_reservoir_greedy: 52 files -> /scratch/ttran02/output22_sampled_zips/1138_bus_entropyscore_forget_svd_aux_random_uniform_2_size_261_ssize_226_k_35_sr_16_reservoir_greedy_sampled.zip
[2026-04-16 21:25:43] synced 1138_bus_entropyscore_forget_svd_aux_random_uniform_2_size_261_ssize_226_k_35_sr_16_reservoir_greedy to /scratch/ttran02/output22/1138_bus_entropyscore_forget_svd_aux_random_uniform_2_size_261_ssize_226_k_35_sr_16_reservoir_greedy, zipped to /scratch/ttran02/output22_sampled_zips, and removed /home/ttran02/pj/computational-methods/output22/1138_bus_entropyscore_forget_svd_aux_random_uniform_2_size_261_ssize_226_k_35_sr_16_reservoir_greedy
[2026-04-16 21:25:43] zip created for 1138_bus_entropyscore_forget_svd_aux_random_uniform_2_size_261_ssize_226_k_35_sr_1_reservoir_greedy: 52 files -> /scratch/ttran02/output22_sampled_zips/1138_bus_entropyscore_forget_svd_aux_random_uniform_2_size_261_ssize_226_k_35_sr_1_reservoir_greedy_sampled.zip
[2026-04-16 21:25:43] synced 1138_bus_entropyscore_forget_svd_aux_random_uniform_2_size_261_ssize_226_k_35_sr_1_reservoir_greedy to /scratch/ttran02/output22/1138_bus_entropyscore_forget_svd_aux_random_uniform_2_size_261_ssize_226_k_35_sr_1_reservoir_greedy, zipped to /scratch/ttran02/output22_sampled_zips, and removed /home/ttran02/pj/computational-methods/output22/1138_bus_entropyscore_forget_svd_aux_random_uniform_2_size_261_ssize_226_k_35_sr_1_reservoir_greedy
[2026-04-16 21:25:43] zip created for 1138_bus_entropyscore_forget_svd_aux_random_uniform_2_size_261_ssize_226_k_35_sr_2_reservoir_greedy: 52 files -> /scratch/ttran02/output22_sampled_zips/1138_bus_entropyscore_forget_svd_aux_random_uniform_2_size_261_ssize_226_k_35_sr_2_reservoir_greedy_sampled.zip
[2026-04-16 21:25:43] synced 1138_bus_entropyscore_forget_svd_aux_random_uniform_2_size_261_ssize_226_k_35_sr_2_reservoir_greedy to /scratch/ttran02/output22/1138_bus_entropyscore_forget_svd_aux_random_uniform_2_size_261_ssize_226_k_35_sr_2_reservoir_greedy, zipped to /scratch/ttran02/output22_sampled_zips, and removed /home/ttran02/pj/computational-methods/output22/1138_bus_entropyscore_forget_svd_aux_random_uniform_2_size_261_ssize_226_k_35_sr_2_reservoir_greedy
[2026-04-16 21:25:43] candidate 1138_bus_entropyscore_forget_svd_aux_random_uniform_2_size_261_ssize_226_k_35_sr_4_reservoir_greedy matched end_idx=1138; monitoring for 60s of stability
[2026-04-16 21:25:44] zip created for 1138_bus_entropyscore_forget_svd_aux_random_uniform_2_size_289_ssize_83_k_206_sr_12_reservoir_greedy: 122 files -> /scratch/ttran02/output22_sampled_zips/1138_bus_entropyscore_forget_svd_aux_random_uniform_2_size_289_ssize_83_k_206_sr_12_reservoir_greedy_sampled.zip
[2026-04-16 21:25:45] synced 1138_bus_entropyscore_forget_svd_aux_random_uniform_2_size_289_ssize_83_k_206_sr_12_reservoir_greedy to /scratch/ttran02/output22/1138_bus_entropyscore_forget_svd_aux_random_uniform_2_size_289_ssize_83_k_206_sr_12_reservoir_greedy, zipped to /scratch/ttran02/output22_sampled_zips, and removed /home/ttran02/pj/computational-methods/output22/1138_bus_entropyscore_forget_svd_aux_random_uniform_2_size_289_ssize_83_k_206_sr_12_reservoir_greedy
[2026-04-16 21:25:46] zip created for 1138_bus_entropyscore_forget_svd_aux_random_uniform_2_size_289_ssize_83_k_206_sr_16_reservoir_greedy: 122 files -> /scratch/ttran02/output22_sampled_zips/1138_bus_entropyscore_forget_svd_aux_random_uniform_2_size_289_ssize_83_k_206_sr_16_reservoir_greedy_sampled.zip
[2026-04-16 21:25:46] synced 1138_bus_entropyscore_forget_svd_aux_random_uniform_2_size_289_ssize_83_k_206_sr_16_reservoir_greedy to /scratch/ttran02/output22/1138_bus_entropyscore_forget_svd_aux_random_uniform_2_size_289_ssize_83_k_206_sr_16_reservoir_greedy, zipped to /scratch/ttran02/output22_sampled_zips, and removed /home/ttran02/pj/computational-methods/output22/1138_bus_entropyscore_forget_svd_aux_random_uniform_2_size_289_ssize_83_k_206_sr_16_reservoir_greedy
[2026-04-16 21:25:47] zip created for 1138_bus_entropyscore_forget_svd_aux_random_uniform_2_size_289_ssize_83_k_206_sr_1_reservoir_greedy: 122 files -> /scratch/ttran02/output22_sampled_zips/1138_bus_entropyscore_forget_svd_aux_random_uniform_2_size_289_ssize_83_k_206_sr_1_reservoir_greedy_sampled.zip
[2026-04-16 21:25:47] synced 1138_bus_entropyscore_forget_svd_aux_random_uniform_2_size_289_ssize_83_k_206_sr_1_reservoir_greedy to /scratch/ttran02/output22/1138_bus_entropyscore_forget_svd_aux_random_uniform_2_size_289_ssize_83_k_206_sr_1_reservoir_greedy, zipped to /scratch/ttran02/output22_sampled_zips, and removed /home/ttran02/pj/computational-methods/output22/1138_bus_entropyscore_forget_svd_aux_random_uniform_2_size_289_ssize_83_k_206_sr_1_reservoir_greedy
[2026-04-16 21:25:48] zip created for 1138_bus_entropyscore_forget_svd_aux_random_uniform_2_size_289_ssize_83_k_206_sr_2_reservoir_greedy: 122 files -> /scratch/ttran02/output22_sampled_zips/1138_bus_entropyscore_forget_svd_aux_random_uniform_2_size_289_ssize_83_k_206_sr_2_reservoir_greedy_sampled.zip
[2026-04-16 21:25:48] synced 1138_bus_entropyscore_forget_svd_aux_random_uniform_2_size_289_ssize_83_k_206_sr_2_reservoir_greedy to /scratch/ttran02/output22/1138_bus_entropyscore_forget_svd_aux_random_uniform_2_size_289_ssize_83_k_206_sr_2_reservoir_greedy, zipped to /scratch/ttran02/output22_sampled_zips, and removed /home/ttran02/pj/computational-methods/output22/1138_bus_entropyscore_forget_svd_aux_random_uniform_2_size_289_ssize_83_k_206_sr_2_reservoir_greedy
[2026-04-16 21:25:48] candidate 1138_bus_entropyscore_forget_svd_aux_random_uniform_2_size_289_ssize_83_k_206_sr_4_reservoir_greedy matched end_idx=1138; monitoring for 60s of stability
[2026-04-16 21:25:48] zip created for 1138_bus_entropyscore_forget_svd_aux_random_uniform_2_size_311_ssize_226_k_85_sr_12_reservoir_greedy: 52 files -> /scratch/ttran02/output22_sampled_zips/1138_bus_entropyscore_forget_svd_aux_random_uniform_2_size_311_ssize_226_k_85_sr_12_reservoir_greedy_sampled.zip
[2026-04-16 21:25:48] synced 1138_bus_entropyscore_forget_svd_aux_random_uniform_2_size_311_ssize_226_k_85_sr_12_reservoir_greedy to /scratch/ttran02/output22/1138_bus_entropyscore_forget_svd_aux_random_uniform_2_size_311_ssize_226_k_85_sr_12_reservoir_greedy, zipped to /scratch/ttran02/output22_sampled_zips, and removed /home/ttran02/pj/computational-methods/output22/1138_bus_entropyscore_forget_svd_aux_random_uniform_2_size_311_ssize_226_k_85_sr_12_reservoir_greedy
[2026-04-16 21:25:49] zip created for 1138_bus_entropyscore_forget_svd_aux_random_uniform_2_size_311_ssize_226_k_85_sr_2_reservoir_greedy: 52 files -> /scratch/ttran02/output22_sampled_zips/1138_bus_entropyscore_forget_svd_aux_random_uniform_2_size_311_ssize_226_k_85_sr_2_reservoir_greedy_sampled.zip
[2026-04-16 21:25:49] synced 1138_bus_entropyscore_forget_svd_aux_random_uniform_2_size_311_ssize_226_k_85_sr_2_reservoir_greedy to /scratch/ttran02/output22/1138_bus_entropyscore_forget_svd_aux_random_uniform_2_size_311_ssize_226_k_85_sr_2_reservoir_greedy, zipped to /scratch/ttran02/output22_sampled_zips, and removed /home/ttran02/pj/computational-methods/output22/1138_bus_entropyscore_forget_svd_aux_random_uniform_2_size_311_ssize_226_k_85_sr_2_reservoir_greedy
[2026-04-16 21:25:49] zip created for 1138_bus_entropyscore_forget_svd_aux_random_uniform_2_size_311_ssize_226_k_85_sr_4_reservoir_greedy: 52 files -> /scratch/ttran02/output22_sampled_zips/1138_bus_entropyscore_forget_svd_aux_random_uniform_2_size_311_ssize_226_k_85_sr_4_reservoir_greedy_sampled.zip
[2026-04-16 21:25:49] synced 1138_bus_entropyscore_forget_svd_aux_random_uniform_2_size_311_ssize_226_k_85_sr_4_reservoir_greedy to /scratch/ttran02/output22/1138_bus_entropyscore_forget_svd_aux_random_uniform_2_size_311_ssize_226_k_85_sr_4_reservoir_greedy, zipped to /scratch/ttran02/output22_sampled_zips, and removed /home/ttran02/pj/computational-methods/output22/1138_bus_entropyscore_forget_svd_aux_random_uniform_2_size_311_ssize_226_k_85_sr_4_reservoir_greedy
[2026-04-16 21:25:49] zip created for 1138_bus_entropyscore_forget_svd_aux_random_uniform_2_size_311_ssize_226_k_85_sr_8_reservoir_greedy: 52 files -> /scratch/ttran02/output22_sampled_zips/1138_bus_entropyscore_forget_svd_aux_random_uniform_2_size_311_ssize_226_k_85_sr_8_reservoir_greedy_sampled.zip
[2026-04-16 21:25:49] synced 1138_bus_entropyscore_forget_svd_aux_random_uniform_2_size_311_ssize_226_k_85_sr_8_reservoir_greedy to /scratch/ttran02/output22/1138_bus_entropyscore_forget_svd_aux_random_uniform_2_size_311_ssize_226_k_85_sr_8_reservoir_greedy, zipped to /scratch/ttran02/output22_sampled_zips, and removed /home/ttran02/pj/computational-methods/output22/1138_bus_entropyscore_forget_svd_aux_random_uniform_2_size_311_ssize_226_k_85_sr_8_reservoir_greedy
[2026-04-16 21:25:49] candidate 1138_bus_entropyscore_forget_svd_aux_random_uniform_2_size_36_ssize_30_k_6_sr_2_reservoir_greedy matched end_idx=1138; monitoring for 60s of stability
[2026-04-16 21:25:50] zip created for 1138_bus_entropyscore_forget_svd_aux_random_uniform_2_size_432_ssize_226_k_206_sr_12_reservoir_greedy: 52 files -> /scratch/ttran02/output22_sampled_zips/1138_bus_entropyscore_forget_svd_aux_random_uniform_2_size_432_ssize_226_k_206_sr_12_reservoir_greedy_sampled.zip
[2026-04-16 21:25:50] synced 1138_bus_entropyscore_forget_svd_aux_random_uniform_2_size_432_ssize_226_k_206_sr_12_reservoir_greedy to /scratch/ttran02/output22/1138_bus_entropyscore_forget_svd_aux_random_uniform_2_size_432_ssize_226_k_206_sr_12_reservoir_greedy, zipped to /scratch/ttran02/output22_sampled_zips, and removed /home/ttran02/pj/computational-methods/output22/1138_bus_entropyscore_forget_svd_aux_random_uniform_2_size_432_ssize_226_k_206_sr_12_reservoir_greedy
[2026-04-16 21:25:50] candidate 1138_bus_entropyscore_forget_svd_aux_random_uniform_2_size_432_ssize_226_k_206_sr_16_reservoir_greedy matched end_idx=1138; monitoring for 60s of stability
[2026-04-16 21:25:51] zip created for 1138_bus_entropyscore_forget_svd_aux_random_uniform_2_size_432_ssize_226_k_206_sr_1_reservoir_greedy: 52 files -> /scratch/ttran02/output22_sampled_zips/1138_bus_entropyscore_forget_svd_aux_random_uniform_2_size_432_ssize_226_k_206_sr_1_reservoir_greedy_sampled.zip
[2026-04-16 21:25:51] synced 1138_bus_entropyscore_forget_svd_aux_random_uniform_2_size_432_ssize_226_k_206_sr_1_reservoir_greedy to /scratch/ttran02/output22/1138_bus_entropyscore_forget_svd_aux_random_uniform_2_size_432_ssize_226_k_206_sr_1_reservoir_greedy, zipped to /scratch/ttran02/output22_sampled_zips, and removed /home/ttran02/pj/computational-methods/output22/1138_bus_entropyscore_forget_svd_aux_random_uniform_2_size_432_ssize_226_k_206_sr_1_reservoir_greedy
[2026-04-16 21:25:51] zip created for 1138_bus_entropyscore_forget_svd_aux_random_uniform_2_size_432_ssize_226_k_206_sr_2_reservoir_greedy: 52 files -> /scratch/ttran02/output22_sampled_zips/1138_bus_entropyscore_forget_svd_aux_random_uniform_2_size_432_ssize_226_k_206_sr_2_reservoir_greedy_sampled.zip
[2026-04-16 21:25:51] synced 1138_bus_entropyscore_forget_svd_aux_random_uniform_2_size_432_ssize_226_k_206_sr_2_reservoir_greedy to /scratch/ttran02/output22/1138_bus_entropyscore_forget_svd_aux_random_uniform_2_size_432_ssize_226_k_206_sr_2_reservoir_greedy, zipped to /scratch/ttran02/output22_sampled_zips, and removed /home/ttran02/pj/computational-methods/output22/1138_bus_entropyscore_forget_svd_aux_random_uniform_2_size_432_ssize_226_k_206_sr_2_reservoir_greedy
[2026-04-16 21:25:51] candidate 1138_bus_entropyscore_forget_svd_aux_random_uniform_2_size_432_ssize_226_k_206_sr_4_reservoir_greedy matched end_idx=1138; monitoring for 60s of stability
[2026-04-16 21:25:52] zip created for 1138_bus_entropyscore_forget_svd_aux_random_uniform_2_size_44_ssize_30_k_14_sr_12_reservoir_greedy: 382 files -> /scratch/ttran02/output22_sampled_zips/1138_bus_entropyscore_forget_svd_aux_random_uniform_2_size_44_ssize_30_k_14_sr_12_reservoir_greedy_sampled.zip
[2026-04-16 21:25:52] synced 1138_bus_entropyscore_forget_svd_aux_random_uniform_2_size_44_ssize_30_k_14_sr_12_reservoir_greedy to /scratch/ttran02/output22/1138_bus_entropyscore_forget_svd_aux_random_uniform_2_size_44_ssize_30_k_14_sr_12_reservoir_greedy, zipped to /scratch/ttran02/output22_sampled_zips, and removed /home/ttran02/pj/computational-methods/output22/1138_bus_entropyscore_forget_svd_aux_random_uniform_2_size_44_ssize_30_k_14_sr_12_reservoir_greedy
[2026-04-16 21:25:53] zip created for 1138_bus_entropyscore_forget_svd_aux_random_uniform_2_size_44_ssize_30_k_14_sr_14_reservoir_greedy: 382 files -> /scratch/ttran02/output22_sampled_zips/1138_bus_entropyscore_forget_svd_aux_random_uniform_2_size_44_ssize_30_k_14_sr_14_reservoir_greedy_sampled.zip
[2026-04-16 21:25:53] synced 1138_bus_entropyscore_forget_svd_aux_random_uniform_2_size_44_ssize_30_k_14_sr_14_reservoir_greedy to /scratch/ttran02/output22/1138_bus_entropyscore_forget_svd_aux_random_uniform_2_size_44_ssize_30_k_14_sr_14_reservoir_greedy, zipped to /scratch/ttran02/output22_sampled_zips, and removed /home/ttran02/pj/computational-methods/output22/1138_bus_entropyscore_forget_svd_aux_random_uniform_2_size_44_ssize_30_k_14_sr_14_reservoir_greedy
[2026-04-16 21:25:54] zip created for 1138_bus_entropyscore_forget_svd_aux_random_uniform_2_size_44_ssize_30_k_14_sr_1_reservoir_greedy: 382 files -> /scratch/ttran02/output22_sampled_zips/1138_bus_entropyscore_forget_svd_aux_random_uniform_2_size_44_ssize_30_k_14_sr_1_reservoir_greedy_sampled.zip
[2026-04-16 21:25:54] synced 1138_bus_entropyscore_forget_svd_aux_random_uniform_2_size_44_ssize_30_k_14_sr_1_reservoir_greedy to /scratch/ttran02/output22/1138_bus_entropyscore_forget_svd_aux_random_uniform_2_size_44_ssize_30_k_14_sr_1_reservoir_greedy, zipped to /scratch/ttran02/output22_sampled_zips, and removed /home/ttran02/pj/computational-methods/output22/1138_bus_entropyscore_forget_svd_aux_random_uniform_2_size_44_ssize_30_k_14_sr_1_reservoir_greedy
[2026-04-16 21:25:54] zip created for 1138_bus_entropyscore_forget_svd_aux_random_uniform_2_size_44_ssize_30_k_14_sr_2_reservoir_greedy: 382 files -> /scratch/ttran02/output22_sampled_zips/1138_bus_entropyscore_forget_svd_aux_random_uniform_2_size_44_ssize_30_k_14_sr_2_reservoir_greedy_sampled.zip
[2026-04-16 21:25:55] synced 1138_bus_entropyscore_forget_svd_aux_random_uniform_2_size_44_ssize_30_k_14_sr_2_reservoir_greedy to /scratch/ttran02/output22/1138_bus_entropyscore_forget_svd_aux_random_uniform_2_size_44_ssize_30_k_14_sr_2_reservoir_greedy, zipped to /scratch/ttran02/output22_sampled_zips, and removed /home/ttran02/pj/computational-methods/output22/1138_bus_entropyscore_forget_svd_aux_random_uniform_2_size_44_ssize_30_k_14_sr_2_reservoir_greedy
[2026-04-16 21:25:55] zip created for 1138_bus_entropyscore_forget_svd_aux_random_uniform_2_size_44_ssize_30_k_14_sr_4_reservoir_greedy: 382 files -> /scratch/ttran02/output22_sampled_zips/1138_bus_entropyscore_forget_svd_aux_random_uniform_2_size_44_ssize_30_k_14_sr_4_reservoir_greedy_sampled.zip
[2026-04-16 21:25:56] synced 1138_bus_entropyscore_forget_svd_aux_random_uniform_2_size_44_ssize_30_k_14_sr_4_reservoir_greedy to /scratch/ttran02/output22/1138_bus_entropyscore_forget_svd_aux_random_uniform_2_size_44_ssize_30_k_14_sr_4_reservoir_greedy, zipped to /scratch/ttran02/output22_sampled_zips, and removed /home/ttran02/pj/computational-methods/output22/1138_bus_entropyscore_forget_svd_aux_random_uniform_2_size_44_ssize_30_k_14_sr_4_reservoir_greedy
[2026-04-16 21:26:15] zip created for 1138_bus_entropyscore_forget_svd_aux_random_uniform_2_size_511_ssize_11_k_500_sr_12_reservoir_greedy: 492 files -> /scratch/ttran02/output22_sampled_zips/1138_bus_entropyscore_forget_svd_aux_random_uniform_2_size_511_ssize_11_k_500_sr_12_reservoir_greedy_sampled.zip
[2026-04-16 21:26:15] synced 1138_bus_entropyscore_forget_svd_aux_random_uniform_2_size_511_ssize_11_k_500_sr_12_reservoir_greedy to /scratch/ttran02/output22/1138_bus_entropyscore_forget_svd_aux_random_uniform_2_size_511_ssize_11_k_500_sr_12_reservoir_greedy, zipped to /scratch/ttran02/output22_sampled_zips, and removed /home/ttran02/pj/computational-methods/output22/1138_bus_entropyscore_forget_svd_aux_random_uniform_2_size_511_ssize_11_k_500_sr_12_reservoir_greedy
[2026-04-16 21:26:34] zip created for 1138_bus_entropyscore_forget_svd_aux_random_uniform_2_size_511_ssize_11_k_500_sr_16_reservoir_greedy: 492 files -> /scratch/ttran02/output22_sampled_zips/1138_bus_entropyscore_forget_svd_aux_random_uniform_2_size_511_ssize_11_k_500_sr_16_reservoir_greedy_sampled.zip
[2026-04-16 21:26:35] synced 1138_bus_entropyscore_forget_svd_aux_random_uniform_2_size_511_ssize_11_k_500_sr_16_reservoir_greedy to /scratch/ttran02/output22/1138_bus_entropyscore_forget_svd_aux_random_uniform_2_size_511_ssize_11_k_500_sr_16_reservoir_greedy, zipped to /scratch/ttran02/output22_sampled_zips, and removed /home/ttran02/pj/computational-methods/output22/1138_bus_entropyscore_forget_svd_aux_random_uniform_2_size_511_ssize_11_k_500_sr_16_reservoir_greedy
[2026-04-16 21:26:54] zip created for 1138_bus_entropyscore_forget_svd_aux_random_uniform_2_size_511_ssize_11_k_500_sr_2_reservoir_greedy: 492 files -> /scratch/ttran02/output22_sampled_zips/1138_bus_entropyscore_forget_svd_aux_random_uniform_2_size_511_ssize_11_k_500_sr_2_reservoir_greedy_sampled.zip
[2026-04-16 21:26:54] synced 1138_bus_entropyscore_forget_svd_aux_random_uniform_2_size_511_ssize_11_k_500_sr_2_reservoir_greedy to /scratch/ttran02/output22/1138_bus_entropyscore_forget_svd_aux_random_uniform_2_size_511_ssize_11_k_500_sr_2_reservoir_greedy, zipped to /scratch/ttran02/output22_sampled_zips, and removed /home/ttran02/pj/computational-methods/output22/1138_bus_entropyscore_forget_svd_aux_random_uniform_2_size_511_ssize_11_k_500_sr_2_reservoir_greedy
[2026-04-16 21:27:13] zip created for 1138_bus_entropyscore_forget_svd_aux_random_uniform_2_size_511_ssize_11_k_500_sr_8_reservoir_greedy: 492 files -> /scratch/ttran02/output22_sampled_zips/1138_bus_entropyscore_forget_svd_aux_random_uniform_2_size_511_ssize_11_k_500_sr_8_reservoir_greedy_sampled.zip
[2026-04-16 21:27:13] synced 1138_bus_entropyscore_forget_svd_aux_random_uniform_2_size_511_ssize_11_k_500_sr_8_reservoir_greedy to /scratch/ttran02/output22/1138_bus_entropyscore_forget_svd_aux_random_uniform_2_size_511_ssize_11_k_500_sr_8_reservoir_greedy, zipped to /scratch/ttran02/output22_sampled_zips, and removed /home/ttran02/pj/computational-methods/output22/1138_bus_entropyscore_forget_svd_aux_random_uniform_2_size_511_ssize_11_k_500_sr_8_reservoir_greedy
[2026-04-16 21:27:21] zip created for 1138_bus_entropyscore_forget_svd_aux_random_uniform_2_size_530_ssize_30_k_500_sr_12_reservoir_greedy: 222 files -> /scratch/ttran02/output22_sampled_zips/1138_bus_entropyscore_forget_svd_aux_random_uniform_2_size_530_ssize_30_k_500_sr_12_reservoir_greedy_sampled.zip
[2026-04-16 21:27:22] synced 1138_bus_entropyscore_forget_svd_aux_random_uniform_2_size_530_ssize_30_k_500_sr_12_reservoir_greedy to /scratch/ttran02/output22/1138_bus_entropyscore_forget_svd_aux_random_uniform_2_size_530_ssize_30_k_500_sr_12_reservoir_greedy, zipped to /scratch/ttran02/output22_sampled_zips, and removed /home/ttran02/pj/computational-methods/output22/1138_bus_entropyscore_forget_svd_aux_random_uniform_2_size_530_ssize_30_k_500_sr_12_reservoir_greedy
[2026-04-16 21:27:30] zip created for 1138_bus_entropyscore_forget_svd_aux_random_uniform_2_size_530_ssize_30_k_500_sr_16_reservoir_greedy: 222 files -> /scratch/ttran02/output22_sampled_zips/1138_bus_entropyscore_forget_svd_aux_random_uniform_2_size_530_ssize_30_k_500_sr_16_reservoir_greedy_sampled.zip
[2026-04-16 21:27:30] synced 1138_bus_entropyscore_forget_svd_aux_random_uniform_2_size_530_ssize_30_k_500_sr_16_reservoir_greedy to /scratch/ttran02/output22/1138_bus_entropyscore_forget_svd_aux_random_uniform_2_size_530_ssize_30_k_500_sr_16_reservoir_greedy, zipped to /scratch/ttran02/output22_sampled_zips, and removed /home/ttran02/pj/computational-methods/output22/1138_bus_entropyscore_forget_svd_aux_random_uniform_2_size_530_ssize_30_k_500_sr_16_reservoir_greedy
[2026-04-16 21:27:30] candidate 1138_bus_entropyscore_forget_svd_aux_random_uniform_2_size_530_ssize_30_k_500_sr_2_reservoir_greedy matched end_idx=1138; monitoring for 60s of stability
[2026-04-16 21:27:39] zip created for 1138_bus_entropyscore_forget_svd_aux_random_uniform_2_size_530_ssize_30_k_500_sr_8_reservoir_greedy: 222 files -> /scratch/ttran02/output22_sampled_zips/1138_bus_entropyscore_forget_svd_aux_random_uniform_2_size_530_ssize_30_k_500_sr_8_reservoir_greedy_sampled.zip
[2026-04-16 21:27:39] synced 1138_bus_entropyscore_forget_svd_aux_random_uniform_2_size_530_ssize_30_k_500_sr_8_reservoir_greedy to /scratch/ttran02/output22/1138_bus_entropyscore_forget_svd_aux_random_uniform_2_size_530_ssize_30_k_500_sr_8_reservoir_greedy, zipped to /scratch/ttran02/output22_sampled_zips, and removed /home/ttran02/pj/computational-methods/output22/1138_bus_entropyscore_forget_svd_aux_random_uniform_2_size_530_ssize_30_k_500_sr_8_reservoir_greedy
[2026-04-16 21:27:42] zip created for 1138_bus_entropyscore_forget_svd_aux_random_uniform_2_size_583_ssize_83_k_500_sr_16_reservoir_greedy: 82 files -> /scratch/ttran02/output22_sampled_zips/1138_bus_entropyscore_forget_svd_aux_random_uniform_2_size_583_ssize_83_k_500_sr_16_reservoir_greedy_sampled.zip
[2026-04-16 21:27:42] synced 1138_bus_entropyscore_forget_svd_aux_random_uniform_2_size_583_ssize_83_k_500_sr_16_reservoir_greedy to /scratch/ttran02/output22/1138_bus_entropyscore_forget_svd_aux_random_uniform_2_size_583_ssize_83_k_500_sr_16_reservoir_greedy, zipped to /scratch/ttran02/output22_sampled_zips, and removed /home/ttran02/pj/computational-methods/output22/1138_bus_entropyscore_forget_svd_aux_random_uniform_2_size_583_ssize_83_k_500_sr_16_reservoir_greedy
[2026-04-16 21:27:45] zip created for 1138_bus_entropyscore_forget_svd_aux_random_uniform_2_size_583_ssize_83_k_500_sr_2_reservoir_greedy: 82 files -> /scratch/ttran02/output22_sampled_zips/1138_bus_entropyscore_forget_svd_aux_random_uniform_2_size_583_ssize_83_k_500_sr_2_reservoir_greedy_sampled.zip
[2026-04-16 21:27:45] synced 1138_bus_entropyscore_forget_svd_aux_random_uniform_2_size_583_ssize_83_k_500_sr_2_reservoir_greedy to /scratch/ttran02/output22/1138_bus_entropyscore_forget_svd_aux_random_uniform_2_size_583_ssize_83_k_500_sr_2_reservoir_greedy, zipped to /scratch/ttran02/output22_sampled_zips, and removed /home/ttran02/pj/computational-methods/output22/1138_bus_entropyscore_forget_svd_aux_random_uniform_2_size_583_ssize_83_k_500_sr_2_reservoir_greedy
[2026-04-16 21:27:49] zip created for 1138_bus_entropyscore_forget_svd_aux_random_uniform_2_size_583_ssize_83_k_500_sr_8_reservoir_greedy: 82 files -> /scratch/ttran02/output22_sampled_zips/1138_bus_entropyscore_forget_svd_aux_random_uniform_2_size_583_ssize_83_k_500_sr_8_reservoir_greedy_sampled.zip
[2026-04-16 21:27:49] synced 1138_bus_entropyscore_forget_svd_aux_random_uniform_2_size_583_ssize_83_k_500_sr_8_reservoir_greedy to /scratch/ttran02/output22/1138_bus_entropyscore_forget_svd_aux_random_uniform_2_size_583_ssize_83_k_500_sr_8_reservoir_greedy, zipped to /scratch/ttran02/output22_sampled_zips, and removed /home/ttran02/pj/computational-methods/output22/1138_bus_entropyscore_forget_svd_aux_random_uniform_2_size_583_ssize_83_k_500_sr_8_reservoir_greedy
[2026-04-16 21:27:49] zip created for 1138_bus_entropyscore_forget_svd_aux_random_uniform_2_size_65_ssize_30_k_35_sr_16_reservoir_greedy: 372 files -> /scratch/ttran02/output22_sampled_zips/1138_bus_entropyscore_forget_svd_aux_random_uniform_2_size_65_ssize_30_k_35_sr_16_reservoir_greedy_sampled.zip
[2026-04-16 21:27:50] synced 1138_bus_entropyscore_forget_svd_aux_random_uniform_2_size_65_ssize_30_k_35_sr_16_reservoir_greedy to /scratch/ttran02/output22/1138_bus_entropyscore_forget_svd_aux_random_uniform_2_size_65_ssize_30_k_35_sr_16_reservoir_greedy, zipped to /scratch/ttran02/output22_sampled_zips, and removed /home/ttran02/pj/computational-methods/output22/1138_bus_entropyscore_forget_svd_aux_random_uniform_2_size_65_ssize_30_k_35_sr_16_reservoir_greedy
[2026-04-16 21:27:50] zip created for 1138_bus_entropyscore_forget_svd_aux_random_uniform_2_size_65_ssize_30_k_35_sr_8_reservoir_greedy: 372 files -> /scratch/ttran02/output22_sampled_zips/1138_bus_entropyscore_forget_svd_aux_random_uniform_2_size_65_ssize_30_k_35_sr_8_reservoir_greedy_sampled.zip
[2026-04-16 21:27:51] synced 1138_bus_entropyscore_forget_svd_aux_random_uniform_2_size_65_ssize_30_k_35_sr_8_reservoir_greedy to /scratch/ttran02/output22/1138_bus_entropyscore_forget_svd_aux_random_uniform_2_size_65_ssize_30_k_35_sr_8_reservoir_greedy, zipped to /scratch/ttran02/output22_sampled_zips, and removed /home/ttran02/pj/computational-methods/output22/1138_bus_entropyscore_forget_svd_aux_random_uniform_2_size_65_ssize_30_k_35_sr_8_reservoir_greedy
[2026-04-16 21:27:52] zip created for 1138_bus_entropyscore_forget_svd_aux_random_uniform_2_size_726_ssize_226_k_500_sr_12_reservoir_greedy: 32 files -> /scratch/ttran02/output22_sampled_zips/1138_bus_entropyscore_forget_svd_aux_random_uniform_2_size_726_ssize_226_k_500_sr_12_reservoir_greedy_sampled.zip
[2026-04-16 21:27:52] synced 1138_bus_entropyscore_forget_svd_aux_random_uniform_2_size_726_ssize_226_k_500_sr_12_reservoir_greedy to /scratch/ttran02/output22/1138_bus_entropyscore_forget_svd_aux_random_uniform_2_size_726_ssize_226_k_500_sr_12_reservoir_greedy, zipped to /scratch/ttran02/output22_sampled_zips, and removed /home/ttran02/pj/computational-methods/output22/1138_bus_entropyscore_forget_svd_aux_random_uniform_2_size_726_ssize_226_k_500_sr_12_reservoir_greedy
[2026-04-16 21:27:52] candidate 1138_bus_entropyscore_forget_svd_aux_random_uniform_2_size_726_ssize_226_k_500_sr_16_reservoir_greedy matched end_idx=1138; monitoring for 60s of stability
[2026-04-16 21:27:54] zip created for 1138_bus_entropyscore_forget_svd_aux_random_uniform_2_size_726_ssize_226_k_500_sr_8_reservoir_greedy: 32 files -> /scratch/ttran02/output22_sampled_zips/1138_bus_entropyscore_forget_svd_aux_random_uniform_2_size_726_ssize_226_k_500_sr_8_reservoir_greedy_sampled.zip
[2026-04-16 21:27:54] synced 1138_bus_entropyscore_forget_svd_aux_random_uniform_2_size_726_ssize_226_k_500_sr_8_reservoir_greedy to /scratch/ttran02/output22/1138_bus_entropyscore_forget_svd_aux_random_uniform_2_size_726_ssize_226_k_500_sr_8_reservoir_greedy, zipped to /scratch/ttran02/output22_sampled_zips, and removed /home/ttran02/pj/computational-methods/output22/1138_bus_entropyscore_forget_svd_aux_random_uniform_2_size_726_ssize_226_k_500_sr_8_reservoir_greedy
[2026-04-16 21:27:54] zip created for 1138_bus_entropyscore_forget_svd_aux_random_uniform_2_size_85_ssize_83_k_2_sr_1_reservoir_greedy: 142 files -> /scratch/ttran02/output22_sampled_zips/1138_bus_entropyscore_forget_svd_aux_random_uniform_2_size_85_ssize_83_k_2_sr_1_reservoir_greedy_sampled.zip
[2026-04-16 21:27:54] synced 1138_bus_entropyscore_forget_svd_aux_random_uniform_2_size_85_ssize_83_k_2_sr_1_reservoir_greedy to /scratch/ttran02/output22/1138_bus_entropyscore_forget_svd_aux_random_uniform_2_size_85_ssize_83_k_2_sr_1_reservoir_greedy, zipped to /scratch/ttran02/output22_sampled_zips, and removed /home/ttran02/pj/computational-methods/output22/1138_bus_entropyscore_forget_svd_aux_random_uniform_2_size_85_ssize_83_k_2_sr_1_reservoir_greedy
[2026-04-16 21:27:55] zip created for 1138_bus_entropyscore_forget_svd_aux_random_uniform_2_size_85_ssize_83_k_2_sr_2_reservoir_greedy: 142 files -> /scratch/ttran02/output22_sampled_zips/1138_bus_entropyscore_forget_svd_aux_random_uniform_2_size_85_ssize_83_k_2_sr_2_reservoir_greedy_sampled.zip
[2026-04-16 21:27:55] synced 1138_bus_entropyscore_forget_svd_aux_random_uniform_2_size_85_ssize_83_k_2_sr_2_reservoir_greedy to /scratch/ttran02/output22/1138_bus_entropyscore_forget_svd_aux_random_uniform_2_size_85_ssize_83_k_2_sr_2_reservoir_greedy, zipped to /scratch/ttran02/output22_sampled_zips, and removed /home/ttran02/pj/computational-methods/output22/1138_bus_entropyscore_forget_svd_aux_random_uniform_2_size_85_ssize_83_k_2_sr_2_reservoir_greedy
[2026-04-16 21:27:55] zip created for 1138_bus_entropyscore_forget_svd_aux_random_uniform_2_size_89_ssize_83_k_6_sr_2_reservoir_greedy: 142 files -> /scratch/ttran02/output22_sampled_zips/1138_bus_entropyscore_forget_svd_aux_random_uniform_2_size_89_ssize_83_k_6_sr_2_reservoir_greedy_sampled.zip
[2026-04-16 21:27:55] synced 1138_bus_entropyscore_forget_svd_aux_random_uniform_2_size_89_ssize_83_k_6_sr_2_reservoir_greedy to /scratch/ttran02/output22/1138_bus_entropyscore_forget_svd_aux_random_uniform_2_size_89_ssize_83_k_6_sr_2_reservoir_greedy, zipped to /scratch/ttran02/output22_sampled_zips, and removed /home/ttran02/pj/computational-methods/output22/1138_bus_entropyscore_forget_svd_aux_random_uniform_2_size_89_ssize_83_k_6_sr_2_reservoir_greedy
[2026-04-16 21:27:55] zip created for 1138_bus_entropyscore_forget_svd_aux_random_uniform_2_size_89_ssize_83_k_6_sr_4_reservoir_greedy: 142 files -> /scratch/ttran02/output22_sampled_zips/1138_bus_entropyscore_forget_svd_aux_random_uniform_2_size_89_ssize_83_k_6_sr_4_reservoir_greedy_sampled.zip
[2026-04-16 21:27:55] synced 1138_bus_entropyscore_forget_svd_aux_random_uniform_2_size_89_ssize_83_k_6_sr_4_reservoir_greedy to /scratch/ttran02/output22/1138_bus_entropyscore_forget_svd_aux_random_uniform_2_size_89_ssize_83_k_6_sr_4_reservoir_greedy, zipped to /scratch/ttran02/output22_sampled_zips, and removed /home/ttran02/pj/computational-methods/output22/1138_bus_entropyscore_forget_svd_aux_random_uniform_2_size_89_ssize_83_k_6_sr_4_reservoir_greedy
[2026-04-16 21:27:56] zip created for 1138_bus_entropyscore_forget_svd_aux_random_uniform_2_size_89_ssize_83_k_6_sr_6_reservoir_greedy: 142 files -> /scratch/ttran02/output22_sampled_zips/1138_bus_entropyscore_forget_svd_aux_random_uniform_2_size_89_ssize_83_k_6_sr_6_reservoir_greedy_sampled.zip
[2026-04-16 21:27:56] synced 1138_bus_entropyscore_forget_svd_aux_random_uniform_2_size_89_ssize_83_k_6_sr_6_reservoir_greedy to /scratch/ttran02/output22/1138_bus_entropyscore_forget_svd_aux_random_uniform_2_size_89_ssize_83_k_6_sr_6_reservoir_greedy, zipped to /scratch/ttran02/output22_sampled_zips, and removed /home/ttran02/pj/computational-methods/output22/1138_bus_entropyscore_forget_svd_aux_random_uniform_2_size_89_ssize_83_k_6_sr_6_reservoir_greedy
[2026-04-16 21:27:56] candidate 1138_bus_entropyscore_forget_svd_aux_random_uniform_2_size_96_ssize_11_k_85_sr_16_reservoir_greedy matched end_idx=1138; monitoring for 60s of stability
[2026-04-16 21:27:56] candidate 1138_bus_entropyscore_forget_svd_aux_random_uniform_2_size_97_ssize_83_k_14_sr_14_reservoir_greedy matched end_idx=1138; monitoring for 60s of stability
[2026-04-16 21:27:56] zip created for 1138_bus_entropyscore_forget_svd_aux_random_uniform_2_size_97_ssize_83_k_14_sr_1_reservoir_greedy: 142 files -> /scratch/ttran02/output22_sampled_zips/1138_bus_entropyscore_forget_svd_aux_random_uniform_2_size_97_ssize_83_k_14_sr_1_reservoir_greedy_sampled.zip
[2026-04-16 21:27:56] synced 1138_bus_entropyscore_forget_svd_aux_random_uniform_2_size_97_ssize_83_k_14_sr_1_reservoir_greedy to /scratch/ttran02/output22/1138_bus_entropyscore_forget_svd_aux_random_uniform_2_size_97_ssize_83_k_14_sr_1_reservoir_greedy, zipped to /scratch/ttran02/output22_sampled_zips, and removed /home/ttran02/pj/computational-methods/output22/1138_bus_entropyscore_forget_svd_aux_random_uniform_2_size_97_ssize_83_k_14_sr_1_reservoir_greedy
[2026-04-16 21:27:57] zip created for 1138_bus_entropyscore_forget_svd_aux_random_uniform_2_size_97_ssize_83_k_14_sr_2_reservoir_greedy: 142 files -> /scratch/ttran02/output22_sampled_zips/1138_bus_entropyscore_forget_svd_aux_random_uniform_2_size_97_ssize_83_k_14_sr_2_reservoir_greedy_sampled.zip
[2026-04-16 21:27:57] synced 1138_bus_entropyscore_forget_svd_aux_random_uniform_2_size_97_ssize_83_k_14_sr_2_reservoir_greedy to /scratch/ttran02/output22/1138_bus_entropyscore_forget_svd_aux_random_uniform_2_size_97_ssize_83_k_14_sr_2_reservoir_greedy, zipped to /scratch/ttran02/output22_sampled_zips, and removed /home/ttran02/pj/computational-methods/output22/1138_bus_entropyscore_forget_svd_aux_random_uniform_2_size_97_ssize_83_k_14_sr_2_reservoir_greedy
[2026-04-16 21:27:57] zip created for 1138_bus_entropyscore_forget_svd_aux_random_uniform_2_size_97_ssize_83_k_14_sr_4_reservoir_greedy: 142 files -> /scratch/ttran02/output22_sampled_zips/1138_bus_entropyscore_forget_svd_aux_random_uniform_2_size_97_ssize_83_k_14_sr_4_reservoir_greedy_sampled.zip
[2026-04-16 21:27:57] synced 1138_bus_entropyscore_forget_svd_aux_random_uniform_2_size_97_ssize_83_k_14_sr_4_reservoir_greedy to /scratch/ttran02/output22/1138_bus_entropyscore_forget_svd_aux_random_uniform_2_size_97_ssize_83_k_14_sr_4_reservoir_greedy, zipped to /scratch/ttran02/output22_sampled_zips, and removed /home/ttran02/pj/computational-methods/output22/1138_bus_entropyscore_forget_svd_aux_random_uniform_2_size_97_ssize_83_k_14_sr_4_reservoir_greedy
[2026-04-16 21:27:57] candidate 1138_bus_entropyscore_forget_svd_aux_random_uniform_3_size_115_ssize_30_k_85_sr_12_reservoir_greedy matched end_idx=1138; monitoring for 60s of stability
[2026-04-16 21:27:57] candidate 1138_bus_entropyscore_forget_svd_aux_random_uniform_3_size_115_ssize_30_k_85_sr_16_reservoir_greedy matched end_idx=1138; monitoring for 60s of stability
[2026-04-16 21:27:58] zip created for 1138_bus_entropyscore_forget_svd_aux_random_uniform_3_size_115_ssize_30_k_85_sr_2_reservoir_greedy: 362 files -> /scratch/ttran02/output22_sampled_zips/1138_bus_entropyscore_forget_svd_aux_random_uniform_3_size_115_ssize_30_k_85_sr_2_reservoir_greedy_sampled.zip
[2026-04-16 21:27:59] synced 1138_bus_entropyscore_forget_svd_aux_random_uniform_3_size_115_ssize_30_k_85_sr_2_reservoir_greedy to /scratch/ttran02/output22/1138_bus_entropyscore_forget_svd_aux_random_uniform_3_size_115_ssize_30_k_85_sr_2_reservoir_greedy, zipped to /scratch/ttran02/output22_sampled_zips, and removed /home/ttran02/pj/computational-methods/output22/1138_bus_entropyscore_forget_svd_aux_random_uniform_3_size_115_ssize_30_k_85_sr_2_reservoir_greedy
[2026-04-16 21:28:00] zip created for 1138_bus_entropyscore_forget_svd_aux_random_uniform_3_size_115_ssize_30_k_85_sr_4_reservoir_greedy: 362 files -> /scratch/ttran02/output22_sampled_zips/1138_bus_entropyscore_forget_svd_aux_random_uniform_3_size_115_ssize_30_k_85_sr_4_reservoir_greedy_sampled.zip
[2026-04-16 21:28:00] synced 1138_bus_entropyscore_forget_svd_aux_random_uniform_3_size_115_ssize_30_k_85_sr_4_reservoir_greedy to /scratch/ttran02/output22/1138_bus_entropyscore_forget_svd_aux_random_uniform_3_size_115_ssize_30_k_85_sr_4_reservoir_greedy, zipped to /scratch/ttran02/output22_sampled_zips, and removed /home/ttran02/pj/computational-methods/output22/1138_bus_entropyscore_forget_svd_aux_random_uniform_3_size_115_ssize_30_k_85_sr_4_reservoir_greedy
[2026-04-16 21:28:00] zip created for 1138_bus_entropyscore_forget_svd_aux_random_uniform_3_size_118_ssize_83_k_35_sr_12_reservoir_greedy: 142 files -> /scratch/ttran02/output22_sampled_zips/1138_bus_entropyscore_forget_svd_aux_random_uniform_3_size_118_ssize_83_k_35_sr_12_reservoir_greedy_sampled.zip
[2026-04-16 21:28:01] synced 1138_bus_entropyscore_forget_svd_aux_random_uniform_3_size_118_ssize_83_k_35_sr_12_reservoir_greedy to /scratch/ttran02/output22/1138_bus_entropyscore_forget_svd_aux_random_uniform_3_size_118_ssize_83_k_35_sr_12_reservoir_greedy, zipped to /scratch/ttran02/output22_sampled_zips, and removed /home/ttran02/pj/computational-methods/output22/1138_bus_entropyscore_forget_svd_aux_random_uniform_3_size_118_ssize_83_k_35_sr_12_reservoir_greedy
[2026-04-16 21:28:01] zip created for 1138_bus_entropyscore_forget_svd_aux_random_uniform_3_size_118_ssize_83_k_35_sr_16_reservoir_greedy: 142 files -> /scratch/ttran02/output22_sampled_zips/1138_bus_entropyscore_forget_svd_aux_random_uniform_3_size_118_ssize_83_k_35_sr_16_reservoir_greedy_sampled.zip
[2026-04-16 21:28:01] synced 1138_bus_entropyscore_forget_svd_aux_random_uniform_3_size_118_ssize_83_k_35_sr_16_reservoir_greedy to /scratch/ttran02/output22/1138_bus_entropyscore_forget_svd_aux_random_uniform_3_size_118_ssize_83_k_35_sr_16_reservoir_greedy, zipped to /scratch/ttran02/output22_sampled_zips, and removed /home/ttran02/pj/computational-methods/output22/1138_bus_entropyscore_forget_svd_aux_random_uniform_3_size_118_ssize_83_k_35_sr_16_reservoir_greedy
[2026-04-16 21:28:01] zip created for 1138_bus_entropyscore_forget_svd_aux_random_uniform_3_size_118_ssize_83_k_35_sr_8_reservoir_greedy: 142 files -> /scratch/ttran02/output22_sampled_zips/1138_bus_entropyscore_forget_svd_aux_random_uniform_3_size_118_ssize_83_k_35_sr_8_reservoir_greedy_sampled.zip
[2026-04-16 21:28:01] synced 1138_bus_entropyscore_forget_svd_aux_random_uniform_3_size_118_ssize_83_k_35_sr_8_reservoir_greedy to /scratch/ttran02/output22/1138_bus_entropyscore_forget_svd_aux_random_uniform_3_size_118_ssize_83_k_35_sr_8_reservoir_greedy, zipped to /scratch/ttran02/output22_sampled_zips, and removed /home/ttran02/pj/computational-methods/output22/1138_bus_entropyscore_forget_svd_aux_random_uniform_3_size_118_ssize_83_k_35_sr_8_reservoir_greedy
[2026-04-16 21:28:02] zip created for 1138_bus_entropyscore_forget_svd_aux_random_uniform_3_size_168_ssize_83_k_85_sr_12_reservoir_greedy: 132 files -> /scratch/ttran02/output22_sampled_zips/1138_bus_entropyscore_forget_svd_aux_random_uniform_3_size_168_ssize_83_k_85_sr_12_reservoir_greedy_sampled.zip
[2026-04-16 21:28:02] synced 1138_bus_entropyscore_forget_svd_aux_random_uniform_3_size_168_ssize_83_k_85_sr_12_reservoir_greedy to /scratch/ttran02/output22/1138_bus_entropyscore_forget_svd_aux_random_uniform_3_size_168_ssize_83_k_85_sr_12_reservoir_greedy, zipped to /scratch/ttran02/output22_sampled_zips, and removed /home/ttran02/pj/computational-methods/output22/1138_bus_entropyscore_forget_svd_aux_random_uniform_3_size_168_ssize_83_k_85_sr_12_reservoir_greedy
[2026-04-16 21:28:03] zip created for 1138_bus_entropyscore_forget_svd_aux_random_uniform_3_size_168_ssize_83_k_85_sr_16_reservoir_greedy: 132 files -> /scratch/ttran02/output22_sampled_zips/1138_bus_entropyscore_forget_svd_aux_random_uniform_3_size_168_ssize_83_k_85_sr_16_reservoir_greedy_sampled.zip
[2026-04-16 21:28:03] synced 1138_bus_entropyscore_forget_svd_aux_random_uniform_3_size_168_ssize_83_k_85_sr_16_reservoir_greedy to /scratch/ttran02/output22/1138_bus_entropyscore_forget_svd_aux_random_uniform_3_size_168_ssize_83_k_85_sr_16_reservoir_greedy, zipped to /scratch/ttran02/output22_sampled_zips, and removed /home/ttran02/pj/computational-methods/output22/1138_bus_entropyscore_forget_svd_aux_random_uniform_3_size_168_ssize_83_k_85_sr_16_reservoir_greedy
[2026-04-16 21:28:03] candidate 1138_bus_entropyscore_forget_svd_aux_random_uniform_3_size_168_ssize_83_k_85_sr_2_reservoir_greedy matched end_idx=1138; monitoring for 60s of stability
[2026-04-16 21:28:03] zip created for 1138_bus_entropyscore_forget_svd_aux_random_uniform_3_size_168_ssize_83_k_85_sr_4_reservoir_greedy: 132 files -> /scratch/ttran02/output22_sampled_zips/1138_bus_entropyscore_forget_svd_aux_random_uniform_3_size_168_ssize_83_k_85_sr_4_reservoir_greedy_sampled.zip
[2026-04-16 21:28:03] synced 1138_bus_entropyscore_forget_svd_aux_random_uniform_3_size_168_ssize_83_k_85_sr_4_reservoir_greedy to /scratch/ttran02/output22/1138_bus_entropyscore_forget_svd_aux_random_uniform_3_size_168_ssize_83_k_85_sr_4_reservoir_greedy, zipped to /scratch/ttran02/output22_sampled_zips, and removed /home/ttran02/pj/computational-methods/output22/1138_bus_entropyscore_forget_svd_aux_random_uniform_3_size_168_ssize_83_k_85_sr_4_reservoir_greedy
[2026-04-16 21:28:03] candidate 1138_bus_entropyscore_forget_svd_aux_random_uniform_3_size_217_ssize_11_k_206_sr_8_reservoir_greedy matched end_idx=1138; monitoring for 60s of stability
[2026-04-16 21:28:03] zip created for 1138_bus_entropyscore_forget_svd_aux_random_uniform_3_size_228_ssize_226_k_2_sr_1_reservoir_greedy: 62 files -> /scratch/ttran02/output22_sampled_zips/1138_bus_entropyscore_forget_svd_aux_random_uniform_3_size_228_ssize_226_k_2_sr_1_reservoir_greedy_sampled.zip
[2026-04-16 21:28:04] synced 1138_bus_entropyscore_forget_svd_aux_random_uniform_3_size_228_ssize_226_k_2_sr_1_reservoir_greedy to /scratch/ttran02/output22/1138_bus_entropyscore_forget_svd_aux_random_uniform_3_size_228_ssize_226_k_2_sr_1_reservoir_greedy, zipped to /scratch/ttran02/output22_sampled_zips, and removed /home/ttran02/pj/computational-methods/output22/1138_bus_entropyscore_forget_svd_aux_random_uniform_3_size_228_ssize_226_k_2_sr_1_reservoir_greedy
[2026-04-16 21:28:04] candidate 1138_bus_entropyscore_forget_svd_aux_random_uniform_3_size_232_ssize_226_k_6_sr_1_reservoir_greedy matched end_idx=1138; monitoring for 60s of stability
[2026-04-16 21:28:04] zip created for 1138_bus_entropyscore_forget_svd_aux_random_uniform_3_size_232_ssize_226_k_6_sr_2_reservoir_greedy: 62 files -> /scratch/ttran02/output22_sampled_zips/1138_bus_entropyscore_forget_svd_aux_random_uniform_3_size_232_ssize_226_k_6_sr_2_reservoir_greedy_sampled.zip
[2026-04-16 21:28:04] synced 1138_bus_entropyscore_forget_svd_aux_random_uniform_3_size_232_ssize_226_k_6_sr_2_reservoir_greedy to /scratch/ttran02/output22/1138_bus_entropyscore_forget_svd_aux_random_uniform_3_size_232_ssize_226_k_6_sr_2_reservoir_greedy, zipped to /scratch/ttran02/output22_sampled_zips, and removed /home/ttran02/pj/computational-methods/output22/1138_bus_entropyscore_forget_svd_aux_random_uniform_3_size_232_ssize_226_k_6_sr_2_reservoir_greedy
[2026-04-16 21:28:04] candidate 1138_bus_entropyscore_forget_svd_aux_random_uniform_3_size_232_ssize_226_k_6_sr_4_reservoir_greedy matched end_idx=1138; monitoring for 60s of stability
[2026-04-16 21:28:04] zip created for 1138_bus_entropyscore_forget_svd_aux_random_uniform_3_size_232_ssize_226_k_6_sr_6_reservoir_greedy: 62 files -> /scratch/ttran02/output22_sampled_zips/1138_bus_entropyscore_forget_svd_aux_random_uniform_3_size_232_ssize_226_k_6_sr_6_reservoir_greedy_sampled.zip
[2026-04-16 21:28:04] synced 1138_bus_entropyscore_forget_svd_aux_random_uniform_3_size_232_ssize_226_k_6_sr_6_reservoir_greedy to /scratch/ttran02/output22/1138_bus_entropyscore_forget_svd_aux_random_uniform_3_size_232_ssize_226_k_6_sr_6_reservoir_greedy, zipped to /scratch/ttran02/output22_sampled_zips, and removed /home/ttran02/pj/computational-methods/output22/1138_bus_entropyscore_forget_svd_aux_random_uniform_3_size_232_ssize_226_k_6_sr_6_reservoir_greedy
[2026-04-16 21:28:07] zip created for 1138_bus_entropyscore_forget_svd_aux_random_uniform_3_size_236_ssize_30_k_206_sr_12_reservoir_greedy: 322 files -> /scratch/ttran02/output22_sampled_zips/1138_bus_entropyscore_forget_svd_aux_random_uniform_3_size_236_ssize_30_k_206_sr_12_reservoir_greedy_sampled.zip
[2026-04-16 21:28:08] synced 1138_bus_entropyscore_forget_svd_aux_random_uniform_3_size_236_ssize_30_k_206_sr_12_reservoir_greedy to /scratch/ttran02/output22/1138_bus_entropyscore_forget_svd_aux_random_uniform_3_size_236_ssize_30_k_206_sr_12_reservoir_greedy, zipped to /scratch/ttran02/output22_sampled_zips, and removed /home/ttran02/pj/computational-methods/output22/1138_bus_entropyscore_forget_svd_aux_random_uniform_3_size_236_ssize_30_k_206_sr_12_reservoir_greedy
[2026-04-16 21:28:10] zip created for 1138_bus_entropyscore_forget_svd_aux_random_uniform_3_size_236_ssize_30_k_206_sr_16_reservoir_greedy: 322 files -> /scratch/ttran02/output22_sampled_zips/1138_bus_entropyscore_forget_svd_aux_random_uniform_3_size_236_ssize_30_k_206_sr_16_reservoir_greedy_sampled.zip
[2026-04-16 21:28:11] synced 1138_bus_entropyscore_forget_svd_aux_random_uniform_3_size_236_ssize_30_k_206_sr_16_reservoir_greedy to /scratch/ttran02/output22/1138_bus_entropyscore_forget_svd_aux_random_uniform_3_size_236_ssize_30_k_206_sr_16_reservoir_greedy, zipped to /scratch/ttran02/output22_sampled_zips, and removed /home/ttran02/pj/computational-methods/output22/1138_bus_entropyscore_forget_svd_aux_random_uniform_3_size_236_ssize_30_k_206_sr_16_reservoir_greedy
[2026-04-16 21:28:13] zip created for 1138_bus_entropyscore_forget_svd_aux_random_uniform_3_size_236_ssize_30_k_206_sr_2_reservoir_greedy: 322 files -> /scratch/ttran02/output22_sampled_zips/1138_bus_entropyscore_forget_svd_aux_random_uniform_3_size_236_ssize_30_k_206_sr_2_reservoir_greedy_sampled.zip
[2026-04-16 21:28:13] synced 1138_bus_entropyscore_forget_svd_aux_random_uniform_3_size_236_ssize_30_k_206_sr_2_reservoir_greedy to /scratch/ttran02/output22/1138_bus_entropyscore_forget_svd_aux_random_uniform_3_size_236_ssize_30_k_206_sr_2_reservoir_greedy, zipped to /scratch/ttran02/output22_sampled_zips, and removed /home/ttran02/pj/computational-methods/output22/1138_bus_entropyscore_forget_svd_aux_random_uniform_3_size_236_ssize_30_k_206_sr_2_reservoir_greedy
[2026-04-16 21:28:13] candidate 1138_bus_entropyscore_forget_svd_aux_random_uniform_3_size_236_ssize_30_k_206_sr_4_reservoir_greedy matched end_idx=1138; monitoring for 60s of stability
[2026-04-16 21:28:14] zip created for 1138_bus_entropyscore_forget_svd_aux_random_uniform_3_size_240_ssize_226_k_14_sr_14_reservoir_greedy: 52 files -> /scratch/ttran02/output22_sampled_zips/1138_bus_entropyscore_forget_svd_aux_random_uniform_3_size_240_ssize_226_k_14_sr_14_reservoir_greedy_sampled.zip
[2026-04-16 21:28:14] synced 1138_bus_entropyscore_forget_svd_aux_random_uniform_3_size_240_ssize_226_k_14_sr_14_reservoir_greedy to /scratch/ttran02/output22/1138_bus_entropyscore_forget_svd_aux_random_uniform_3_size_240_ssize_226_k_14_sr_14_reservoir_greedy, zipped to /scratch/ttran02/output22_sampled_zips, and removed /home/ttran02/pj/computational-methods/output22/1138_bus_entropyscore_forget_svd_aux_random_uniform_3_size_240_ssize_226_k_14_sr_14_reservoir_greedy
[2026-04-16 21:28:14] zip created for 1138_bus_entropyscore_forget_svd_aux_random_uniform_3_size_240_ssize_226_k_14_sr_2_reservoir_greedy: 52 files -> /scratch/ttran02/output22_sampled_zips/1138_bus_entropyscore_forget_svd_aux_random_uniform_3_size_240_ssize_226_k_14_sr_2_reservoir_greedy_sampled.zip
[2026-04-16 21:28:14] synced 1138_bus_entropyscore_forget_svd_aux_random_uniform_3_size_240_ssize_226_k_14_sr_2_reservoir_greedy to /scratch/ttran02/output22/1138_bus_entropyscore_forget_svd_aux_random_uniform_3_size_240_ssize_226_k_14_sr_2_reservoir_greedy, zipped to /scratch/ttran02/output22_sampled_zips, and removed /home/ttran02/pj/computational-methods/output22/1138_bus_entropyscore_forget_svd_aux_random_uniform_3_size_240_ssize_226_k_14_sr_2_reservoir_greedy
[2026-04-16 21:28:14] candidate 1138_bus_entropyscore_forget_svd_aux_random_uniform_3_size_240_ssize_226_k_14_sr_4_reservoir_greedy matched end_idx=1138; monitoring for 60s of stability
[2026-04-16 21:28:14] candidate 1138_bus_entropyscore_forget_svd_aux_random_uniform_3_size_240_ssize_226_k_14_sr_8_reservoir_greedy matched end_idx=1138; monitoring for 60s of stability
[2026-04-16 21:28:15] zip created for 1138_bus_entropyscore_forget_svd_aux_random_uniform_3_size_25_ssize_11_k_14_sr_12_reservoir_greedy: 502 files -> /scratch/ttran02/output22_sampled_zips/1138_bus_entropyscore_forget_svd_aux_random_uniform_3_size_25_ssize_11_k_14_sr_12_reservoir_greedy_sampled.zip
[2026-04-16 21:28:15] synced 1138_bus_entropyscore_forget_svd_aux_random_uniform_3_size_25_ssize_11_k_14_sr_12_reservoir_greedy to /scratch/ttran02/output22/1138_bus_entropyscore_forget_svd_aux_random_uniform_3_size_25_ssize_11_k_14_sr_12_reservoir_greedy, zipped to /scratch/ttran02/output22_sampled_zips, and removed /home/ttran02/pj/computational-methods/output22/1138_bus_entropyscore_forget_svd_aux_random_uniform_3_size_25_ssize_11_k_14_sr_12_reservoir_greedy
[2026-04-16 21:28:15] zip created for 1138_bus_entropyscore_forget_svd_aux_random_uniform_3_size_261_ssize_226_k_35_sr_16_reservoir_greedy: 52 files -> /scratch/ttran02/output22_sampled_zips/1138_bus_entropyscore_forget_svd_aux_random_uniform_3_size_261_ssize_226_k_35_sr_16_reservoir_greedy_sampled.zip
[2026-04-16 21:28:15] synced 1138_bus_entropyscore_forget_svd_aux_random_uniform_3_size_261_ssize_226_k_35_sr_16_reservoir_greedy to /scratch/ttran02/output22/1138_bus_entropyscore_forget_svd_aux_random_uniform_3_size_261_ssize_226_k_35_sr_16_reservoir_greedy, zipped to /scratch/ttran02/output22_sampled_zips, and removed /home/ttran02/pj/computational-methods/output22/1138_bus_entropyscore_forget_svd_aux_random_uniform_3_size_261_ssize_226_k_35_sr_16_reservoir_greedy
[2026-04-16 21:28:16] zip created for 1138_bus_entropyscore_forget_svd_aux_random_uniform_3_size_261_ssize_226_k_35_sr_1_reservoir_greedy: 52 files -> /scratch/ttran02/output22_sampled_zips/1138_bus_entropyscore_forget_svd_aux_random_uniform_3_size_261_ssize_226_k_35_sr_1_reservoir_greedy_sampled.zip
[2026-04-16 21:28:16] synced 1138_bus_entropyscore_forget_svd_aux_random_uniform_3_size_261_ssize_226_k_35_sr_1_reservoir_greedy to /scratch/ttran02/output22/1138_bus_entropyscore_forget_svd_aux_random_uniform_3_size_261_ssize_226_k_35_sr_1_reservoir_greedy, zipped to /scratch/ttran02/output22_sampled_zips, and removed /home/ttran02/pj/computational-methods/output22/1138_bus_entropyscore_forget_svd_aux_random_uniform_3_size_261_ssize_226_k_35_sr_1_reservoir_greedy
[2026-04-16 21:28:16] zip created for 1138_bus_entropyscore_forget_svd_aux_random_uniform_3_size_261_ssize_226_k_35_sr_2_reservoir_greedy: 52 files -> /scratch/ttran02/output22_sampled_zips/1138_bus_entropyscore_forget_svd_aux_random_uniform_3_size_261_ssize_226_k_35_sr_2_reservoir_greedy_sampled.zip
[2026-04-16 21:28:16] synced 1138_bus_entropyscore_forget_svd_aux_random_uniform_3_size_261_ssize_226_k_35_sr_2_reservoir_greedy to /scratch/ttran02/output22/1138_bus_entropyscore_forget_svd_aux_random_uniform_3_size_261_ssize_226_k_35_sr_2_reservoir_greedy, zipped to /scratch/ttran02/output22_sampled_zips, and removed /home/ttran02/pj/computational-methods/output22/1138_bus_entropyscore_forget_svd_aux_random_uniform_3_size_261_ssize_226_k_35_sr_2_reservoir_greedy
[2026-04-16 21:28:16] candidate 1138_bus_entropyscore_forget_svd_aux_random_uniform_3_size_261_ssize_226_k_35_sr_4_reservoir_greedy matched end_idx=1138; monitoring for 60s of stability
[2026-04-16 21:28:17] zip created for 1138_bus_entropyscore_forget_svd_aux_random_uniform_3_size_289_ssize_83_k_206_sr_12_reservoir_greedy: 122 files -> /scratch/ttran02/output22_sampled_zips/1138_bus_entropyscore_forget_svd_aux_random_uniform_3_size_289_ssize_83_k_206_sr_12_reservoir_greedy_sampled.zip
[2026-04-16 21:28:17] synced 1138_bus_entropyscore_forget_svd_aux_random_uniform_3_size_289_ssize_83_k_206_sr_12_reservoir_greedy to /scratch/ttran02/output22/1138_bus_entropyscore_forget_svd_aux_random_uniform_3_size_289_ssize_83_k_206_sr_12_reservoir_greedy, zipped to /scratch/ttran02/output22_sampled_zips, and removed /home/ttran02/pj/computational-methods/output22/1138_bus_entropyscore_forget_svd_aux_random_uniform_3_size_289_ssize_83_k_206_sr_12_reservoir_greedy
[2026-04-16 21:28:18] zip created for 1138_bus_entropyscore_forget_svd_aux_random_uniform_3_size_289_ssize_83_k_206_sr_16_reservoir_greedy: 122 files -> /scratch/ttran02/output22_sampled_zips/1138_bus_entropyscore_forget_svd_aux_random_uniform_3_size_289_ssize_83_k_206_sr_16_reservoir_greedy_sampled.zip
[2026-04-16 21:28:19] synced 1138_bus_entropyscore_forget_svd_aux_random_uniform_3_size_289_ssize_83_k_206_sr_16_reservoir_greedy to /scratch/ttran02/output22/1138_bus_entropyscore_forget_svd_aux_random_uniform_3_size_289_ssize_83_k_206_sr_16_reservoir_greedy, zipped to /scratch/ttran02/output22_sampled_zips, and removed /home/ttran02/pj/computational-methods/output22/1138_bus_entropyscore_forget_svd_aux_random_uniform_3_size_289_ssize_83_k_206_sr_16_reservoir_greedy
[2026-04-16 21:28:20] zip created for 1138_bus_entropyscore_forget_svd_aux_random_uniform_3_size_289_ssize_83_k_206_sr_1_reservoir_greedy: 122 files -> /scratch/ttran02/output22_sampled_zips/1138_bus_entropyscore_forget_svd_aux_random_uniform_3_size_289_ssize_83_k_206_sr_1_reservoir_greedy_sampled.zip
[2026-04-16 21:28:20] synced 1138_bus_entropyscore_forget_svd_aux_random_uniform_3_size_289_ssize_83_k_206_sr_1_reservoir_greedy to /scratch/ttran02/output22/1138_bus_entropyscore_forget_svd_aux_random_uniform_3_size_289_ssize_83_k_206_sr_1_reservoir_greedy, zipped to /scratch/ttran02/output22_sampled_zips, and removed /home/ttran02/pj/computational-methods/output22/1138_bus_entropyscore_forget_svd_aux_random_uniform_3_size_289_ssize_83_k_206_sr_1_reservoir_greedy
[2026-04-16 21:28:21] zip created for 1138_bus_entropyscore_forget_svd_aux_random_uniform_3_size_289_ssize_83_k_206_sr_2_reservoir_greedy: 122 files -> /scratch/ttran02/output22_sampled_zips/1138_bus_entropyscore_forget_svd_aux_random_uniform_3_size_289_ssize_83_k_206_sr_2_reservoir_greedy_sampled.zip
[2026-04-16 21:28:21] synced 1138_bus_entropyscore_forget_svd_aux_random_uniform_3_size_289_ssize_83_k_206_sr_2_reservoir_greedy to /scratch/ttran02/output22/1138_bus_entropyscore_forget_svd_aux_random_uniform_3_size_289_ssize_83_k_206_sr_2_reservoir_greedy, zipped to /scratch/ttran02/output22_sampled_zips, and removed /home/ttran02/pj/computational-methods/output22/1138_bus_entropyscore_forget_svd_aux_random_uniform_3_size_289_ssize_83_k_206_sr_2_reservoir_greedy
[2026-04-16 21:28:21] candidate 1138_bus_entropyscore_forget_svd_aux_random_uniform_3_size_289_ssize_83_k_206_sr_4_reservoir_greedy matched end_idx=1138; monitoring for 60s of stability
[2026-04-16 21:28:22] zip created for 1138_bus_entropyscore_forget_svd_aux_random_uniform_3_size_311_ssize_226_k_85_sr_12_reservoir_greedy: 52 files -> /scratch/ttran02/output22_sampled_zips/1138_bus_entropyscore_forget_svd_aux_random_uniform_3_size_311_ssize_226_k_85_sr_12_reservoir_greedy_sampled.zip
[2026-04-16 21:28:22] synced 1138_bus_entropyscore_forget_svd_aux_random_uniform_3_size_311_ssize_226_k_85_sr_12_reservoir_greedy to /scratch/ttran02/output22/1138_bus_entropyscore_forget_svd_aux_random_uniform_3_size_311_ssize_226_k_85_sr_12_reservoir_greedy, zipped to /scratch/ttran02/output22_sampled_zips, and removed /home/ttran02/pj/computational-methods/output22/1138_bus_entropyscore_forget_svd_aux_random_uniform_3_size_311_ssize_226_k_85_sr_12_reservoir_greedy
[2026-04-16 21:28:22] zip created for 1138_bus_entropyscore_forget_svd_aux_random_uniform_3_size_311_ssize_226_k_85_sr_2_reservoir_greedy: 52 files -> /scratch/ttran02/output22_sampled_zips/1138_bus_entropyscore_forget_svd_aux_random_uniform_3_size_311_ssize_226_k_85_sr_2_reservoir_greedy_sampled.zip
[2026-04-16 21:28:22] synced 1138_bus_entropyscore_forget_svd_aux_random_uniform_3_size_311_ssize_226_k_85_sr_2_reservoir_greedy to /scratch/ttran02/output22/1138_bus_entropyscore_forget_svd_aux_random_uniform_3_size_311_ssize_226_k_85_sr_2_reservoir_greedy, zipped to /scratch/ttran02/output22_sampled_zips, and removed /home/ttran02/pj/computational-methods/output22/1138_bus_entropyscore_forget_svd_aux_random_uniform_3_size_311_ssize_226_k_85_sr_2_reservoir_greedy
[2026-04-16 21:28:22] zip created for 1138_bus_entropyscore_forget_svd_aux_random_uniform_3_size_311_ssize_226_k_85_sr_4_reservoir_greedy: 52 files -> /scratch/ttran02/output22_sampled_zips/1138_bus_entropyscore_forget_svd_aux_random_uniform_3_size_311_ssize_226_k_85_sr_4_reservoir_greedy_sampled.zip
[2026-04-16 21:28:22] synced 1138_bus_entropyscore_forget_svd_aux_random_uniform_3_size_311_ssize_226_k_85_sr_4_reservoir_greedy to /scratch/ttran02/output22/1138_bus_entropyscore_forget_svd_aux_random_uniform_3_size_311_ssize_226_k_85_sr_4_reservoir_greedy, zipped to /scratch/ttran02/output22_sampled_zips, and removed /home/ttran02/pj/computational-methods/output22/1138_bus_entropyscore_forget_svd_aux_random_uniform_3_size_311_ssize_226_k_85_sr_4_reservoir_greedy
[2026-04-16 21:28:23] zip created for 1138_bus_entropyscore_forget_svd_aux_random_uniform_3_size_311_ssize_226_k_85_sr_8_reservoir_greedy: 52 files -> /scratch/ttran02/output22_sampled_zips/1138_bus_entropyscore_forget_svd_aux_random_uniform_3_size_311_ssize_226_k_85_sr_8_reservoir_greedy_sampled.zip
[2026-04-16 21:28:23] synced 1138_bus_entropyscore_forget_svd_aux_random_uniform_3_size_311_ssize_226_k_85_sr_8_reservoir_greedy to /scratch/ttran02/output22/1138_bus_entropyscore_forget_svd_aux_random_uniform_3_size_311_ssize_226_k_85_sr_8_reservoir_greedy, zipped to /scratch/ttran02/output22_sampled_zips, and removed /home/ttran02/pj/computational-methods/output22/1138_bus_entropyscore_forget_svd_aux_random_uniform_3_size_311_ssize_226_k_85_sr_8_reservoir_greedy
[2026-04-16 21:28:23] candidate 1138_bus_entropyscore_forget_svd_aux_random_uniform_3_size_36_ssize_30_k_6_sr_2_reservoir_greedy matched end_idx=1138; monitoring for 60s of stability
[2026-04-16 21:28:23] zip created for 1138_bus_entropyscore_forget_svd_aux_random_uniform_3_size_432_ssize_226_k_206_sr_12_reservoir_greedy: 52 files -> /scratch/ttran02/output22_sampled_zips/1138_bus_entropyscore_forget_svd_aux_random_uniform_3_size_432_ssize_226_k_206_sr_12_reservoir_greedy_sampled.zip
[2026-04-16 21:28:23] synced 1138_bus_entropyscore_forget_svd_aux_random_uniform_3_size_432_ssize_226_k_206_sr_12_reservoir_greedy to /scratch/ttran02/output22/1138_bus_entropyscore_forget_svd_aux_random_uniform_3_size_432_ssize_226_k_206_sr_12_reservoir_greedy, zipped to /scratch/ttran02/output22_sampled_zips, and removed /home/ttran02/pj/computational-methods/output22/1138_bus_entropyscore_forget_svd_aux_random_uniform_3_size_432_ssize_226_k_206_sr_12_reservoir_greedy
[2026-04-16 21:28:23] candidate 1138_bus_entropyscore_forget_svd_aux_random_uniform_3_size_432_ssize_226_k_206_sr_16_reservoir_greedy matched end_idx=1138; monitoring for 60s of stability
[2026-04-16 21:28:24] zip created for 1138_bus_entropyscore_forget_svd_aux_random_uniform_3_size_432_ssize_226_k_206_sr_1_reservoir_greedy: 52 files -> /scratch/ttran02/output22_sampled_zips/1138_bus_entropyscore_forget_svd_aux_random_uniform_3_size_432_ssize_226_k_206_sr_1_reservoir_greedy_sampled.zip
[2026-04-16 21:28:24] synced 1138_bus_entropyscore_forget_svd_aux_random_uniform_3_size_432_ssize_226_k_206_sr_1_reservoir_greedy to /scratch/ttran02/output22/1138_bus_entropyscore_forget_svd_aux_random_uniform_3_size_432_ssize_226_k_206_sr_1_reservoir_greedy, zipped to /scratch/ttran02/output22_sampled_zips, and removed /home/ttran02/pj/computational-methods/output22/1138_bus_entropyscore_forget_svd_aux_random_uniform_3_size_432_ssize_226_k_206_sr_1_reservoir_greedy
[2026-04-16 21:28:25] zip created for 1138_bus_entropyscore_forget_svd_aux_random_uniform_3_size_432_ssize_226_k_206_sr_2_reservoir_greedy: 52 files -> /scratch/ttran02/output22_sampled_zips/1138_bus_entropyscore_forget_svd_aux_random_uniform_3_size_432_ssize_226_k_206_sr_2_reservoir_greedy_sampled.zip
[2026-04-16 21:28:25] synced 1138_bus_entropyscore_forget_svd_aux_random_uniform_3_size_432_ssize_226_k_206_sr_2_reservoir_greedy to /scratch/ttran02/output22/1138_bus_entropyscore_forget_svd_aux_random_uniform_3_size_432_ssize_226_k_206_sr_2_reservoir_greedy, zipped to /scratch/ttran02/output22_sampled_zips, and removed /home/ttran02/pj/computational-methods/output22/1138_bus_entropyscore_forget_svd_aux_random_uniform_3_size_432_ssize_226_k_206_sr_2_reservoir_greedy
[2026-04-16 21:28:25] candidate 1138_bus_entropyscore_forget_svd_aux_random_uniform_3_size_432_ssize_226_k_206_sr_4_reservoir_greedy matched end_idx=1138; monitoring for 60s of stability
[2026-04-16 21:28:25] zip created for 1138_bus_entropyscore_forget_svd_aux_random_uniform_3_size_44_ssize_30_k_14_sr_12_reservoir_greedy: 382 files -> /scratch/ttran02/output22_sampled_zips/1138_bus_entropyscore_forget_svd_aux_random_uniform_3_size_44_ssize_30_k_14_sr_12_reservoir_greedy_sampled.zip
[2026-04-16 21:28:26] synced 1138_bus_entropyscore_forget_svd_aux_random_uniform_3_size_44_ssize_30_k_14_sr_12_reservoir_greedy to /scratch/ttran02/output22/1138_bus_entropyscore_forget_svd_aux_random_uniform_3_size_44_ssize_30_k_14_sr_12_reservoir_greedy, zipped to /scratch/ttran02/output22_sampled_zips, and removed /home/ttran02/pj/computational-methods/output22/1138_bus_entropyscore_forget_svd_aux_random_uniform_3_size_44_ssize_30_k_14_sr_12_reservoir_greedy
[2026-04-16 21:28:26] zip created for 1138_bus_entropyscore_forget_svd_aux_random_uniform_3_size_44_ssize_30_k_14_sr_14_reservoir_greedy: 382 files -> /scratch/ttran02/output22_sampled_zips/1138_bus_entropyscore_forget_svd_aux_random_uniform_3_size_44_ssize_30_k_14_sr_14_reservoir_greedy_sampled.zip
[2026-04-16 21:28:27] synced 1138_bus_entropyscore_forget_svd_aux_random_uniform_3_size_44_ssize_30_k_14_sr_14_reservoir_greedy to /scratch/ttran02/output22/1138_bus_entropyscore_forget_svd_aux_random_uniform_3_size_44_ssize_30_k_14_sr_14_reservoir_greedy, zipped to /scratch/ttran02/output22_sampled_zips, and removed /home/ttran02/pj/computational-methods/output22/1138_bus_entropyscore_forget_svd_aux_random_uniform_3_size_44_ssize_30_k_14_sr_14_reservoir_greedy
[2026-04-16 21:28:27] zip created for 1138_bus_entropyscore_forget_svd_aux_random_uniform_3_size_44_ssize_30_k_14_sr_1_reservoir_greedy: 382 files -> /scratch/ttran02/output22_sampled_zips/1138_bus_entropyscore_forget_svd_aux_random_uniform_3_size_44_ssize_30_k_14_sr_1_reservoir_greedy_sampled.zip
[2026-04-16 21:28:28] synced 1138_bus_entropyscore_forget_svd_aux_random_uniform_3_size_44_ssize_30_k_14_sr_1_reservoir_greedy to /scratch/ttran02/output22/1138_bus_entropyscore_forget_svd_aux_random_uniform_3_size_44_ssize_30_k_14_sr_1_reservoir_greedy, zipped to /scratch/ttran02/output22_sampled_zips, and removed /home/ttran02/pj/computational-methods/output22/1138_bus_entropyscore_forget_svd_aux_random_uniform_3_size_44_ssize_30_k_14_sr_1_reservoir_greedy
[2026-04-16 21:28:28] zip created for 1138_bus_entropyscore_forget_svd_aux_random_uniform_3_size_44_ssize_30_k_14_sr_2_reservoir_greedy: 382 files -> /scratch/ttran02/output22_sampled_zips/1138_bus_entropyscore_forget_svd_aux_random_uniform_3_size_44_ssize_30_k_14_sr_2_reservoir_greedy_sampled.zip
[2026-04-16 21:28:29] synced 1138_bus_entropyscore_forget_svd_aux_random_uniform_3_size_44_ssize_30_k_14_sr_2_reservoir_greedy to /scratch/ttran02/output22/1138_bus_entropyscore_forget_svd_aux_random_uniform_3_size_44_ssize_30_k_14_sr_2_reservoir_greedy, zipped to /scratch/ttran02/output22_sampled_zips, and removed /home/ttran02/pj/computational-methods/output22/1138_bus_entropyscore_forget_svd_aux_random_uniform_3_size_44_ssize_30_k_14_sr_2_reservoir_greedy
[2026-04-16 21:28:29] zip created for 1138_bus_entropyscore_forget_svd_aux_random_uniform_3_size_44_ssize_30_k_14_sr_4_reservoir_greedy: 382 files -> /scratch/ttran02/output22_sampled_zips/1138_bus_entropyscore_forget_svd_aux_random_uniform_3_size_44_ssize_30_k_14_sr_4_reservoir_greedy_sampled.zip
[2026-04-16 21:28:29] synced 1138_bus_entropyscore_forget_svd_aux_random_uniform_3_size_44_ssize_30_k_14_sr_4_reservoir_greedy to /scratch/ttran02/output22/1138_bus_entropyscore_forget_svd_aux_random_uniform_3_size_44_ssize_30_k_14_sr_4_reservoir_greedy, zipped to /scratch/ttran02/output22_sampled_zips, and removed /home/ttran02/pj/computational-methods/output22/1138_bus_entropyscore_forget_svd_aux_random_uniform_3_size_44_ssize_30_k_14_sr_4_reservoir_greedy
[2026-04-16 21:28:49] zip created for 1138_bus_entropyscore_forget_svd_aux_random_uniform_3_size_511_ssize_11_k_500_sr_12_reservoir_greedy: 492 files -> /scratch/ttran02/output22_sampled_zips/1138_bus_entropyscore_forget_svd_aux_random_uniform_3_size_511_ssize_11_k_500_sr_12_reservoir_greedy_sampled.zip
[2026-04-16 21:28:49] synced 1138_bus_entropyscore_forget_svd_aux_random_uniform_3_size_511_ssize_11_k_500_sr_12_reservoir_greedy to /scratch/ttran02/output22/1138_bus_entropyscore_forget_svd_aux_random_uniform_3_size_511_ssize_11_k_500_sr_12_reservoir_greedy, zipped to /scratch/ttran02/output22_sampled_zips, and removed /home/ttran02/pj/computational-methods/output22/1138_bus_entropyscore_forget_svd_aux_random_uniform_3_size_511_ssize_11_k_500_sr_12_reservoir_greedy
[2026-04-16 21:29:08] zip created for 1138_bus_entropyscore_forget_svd_aux_random_uniform_3_size_511_ssize_11_k_500_sr_16_reservoir_greedy: 492 files -> /scratch/ttran02/output22_sampled_zips/1138_bus_entropyscore_forget_svd_aux_random_uniform_3_size_511_ssize_11_k_500_sr_16_reservoir_greedy_sampled.zip
[2026-04-16 21:29:08] synced 1138_bus_entropyscore_forget_svd_aux_random_uniform_3_size_511_ssize_11_k_500_sr_16_reservoir_greedy to /scratch/ttran02/output22/1138_bus_entropyscore_forget_svd_aux_random_uniform_3_size_511_ssize_11_k_500_sr_16_reservoir_greedy, zipped to /scratch/ttran02/output22_sampled_zips, and removed /home/ttran02/pj/computational-methods/output22/1138_bus_entropyscore_forget_svd_aux_random_uniform_3_size_511_ssize_11_k_500_sr_16_reservoir_greedy
[2026-04-16 21:29:27] zip created for 1138_bus_entropyscore_forget_svd_aux_random_uniform_3_size_511_ssize_11_k_500_sr_2_reservoir_greedy: 492 files -> /scratch/ttran02/output22_sampled_zips/1138_bus_entropyscore_forget_svd_aux_random_uniform_3_size_511_ssize_11_k_500_sr_2_reservoir_greedy_sampled.zip
[2026-04-16 21:29:27] synced 1138_bus_entropyscore_forget_svd_aux_random_uniform_3_size_511_ssize_11_k_500_sr_2_reservoir_greedy to /scratch/ttran02/output22/1138_bus_entropyscore_forget_svd_aux_random_uniform_3_size_511_ssize_11_k_500_sr_2_reservoir_greedy, zipped to /scratch/ttran02/output22_sampled_zips, and removed /home/ttran02/pj/computational-methods/output22/1138_bus_entropyscore_forget_svd_aux_random_uniform_3_size_511_ssize_11_k_500_sr_2_reservoir_greedy
[2026-04-16 21:29:46] zip created for 1138_bus_entropyscore_forget_svd_aux_random_uniform_3_size_511_ssize_11_k_500_sr_8_reservoir_greedy: 492 files -> /scratch/ttran02/output22_sampled_zips/1138_bus_entropyscore_forget_svd_aux_random_uniform_3_size_511_ssize_11_k_500_sr_8_reservoir_greedy_sampled.zip
[2026-04-16 21:29:46] synced 1138_bus_entropyscore_forget_svd_aux_random_uniform_3_size_511_ssize_11_k_500_sr_8_reservoir_greedy to /scratch/ttran02/output22/1138_bus_entropyscore_forget_svd_aux_random_uniform_3_size_511_ssize_11_k_500_sr_8_reservoir_greedy, zipped to /scratch/ttran02/output22_sampled_zips, and removed /home/ttran02/pj/computational-methods/output22/1138_bus_entropyscore_forget_svd_aux_random_uniform_3_size_511_ssize_11_k_500_sr_8_reservoir_greedy
[2026-04-16 21:29:55] zip created for 1138_bus_entropyscore_forget_svd_aux_random_uniform_3_size_530_ssize_30_k_500_sr_12_reservoir_greedy: 222 files -> /scratch/ttran02/output22_sampled_zips/1138_bus_entropyscore_forget_svd_aux_random_uniform_3_size_530_ssize_30_k_500_sr_12_reservoir_greedy_sampled.zip
[2026-04-16 21:29:55] synced 1138_bus_entropyscore_forget_svd_aux_random_uniform_3_size_530_ssize_30_k_500_sr_12_reservoir_greedy to /scratch/ttran02/output22/1138_bus_entropyscore_forget_svd_aux_random_uniform_3_size_530_ssize_30_k_500_sr_12_reservoir_greedy, zipped to /scratch/ttran02/output22_sampled_zips, and removed /home/ttran02/pj/computational-methods/output22/1138_bus_entropyscore_forget_svd_aux_random_uniform_3_size_530_ssize_30_k_500_sr_12_reservoir_greedy
[2026-04-16 21:30:04] zip created for 1138_bus_entropyscore_forget_svd_aux_random_uniform_3_size_530_ssize_30_k_500_sr_16_reservoir_greedy: 222 files -> /scratch/ttran02/output22_sampled_zips/1138_bus_entropyscore_forget_svd_aux_random_uniform_3_size_530_ssize_30_k_500_sr_16_reservoir_greedy_sampled.zip
[2026-04-16 21:30:04] synced 1138_bus_entropyscore_forget_svd_aux_random_uniform_3_size_530_ssize_30_k_500_sr_16_reservoir_greedy to /scratch/ttran02/output22/1138_bus_entropyscore_forget_svd_aux_random_uniform_3_size_530_ssize_30_k_500_sr_16_reservoir_greedy, zipped to /scratch/ttran02/output22_sampled_zips, and removed /home/ttran02/pj/computational-methods/output22/1138_bus_entropyscore_forget_svd_aux_random_uniform_3_size_530_ssize_30_k_500_sr_16_reservoir_greedy
[2026-04-16 21:30:13] zip created for 1138_bus_entropyscore_forget_svd_aux_random_uniform_3_size_530_ssize_30_k_500_sr_1_reservoir_greedy: 222 files -> /scratch/ttran02/output22_sampled_zips/1138_bus_entropyscore_forget_svd_aux_random_uniform_3_size_530_ssize_30_k_500_sr_1_reservoir_greedy_sampled.zip
[2026-04-16 21:30:13] synced 1138_bus_entropyscore_forget_svd_aux_random_uniform_3_size_530_ssize_30_k_500_sr_1_reservoir_greedy to /scratch/ttran02/output22/1138_bus_entropyscore_forget_svd_aux_random_uniform_3_size_530_ssize_30_k_500_sr_1_reservoir_greedy, zipped to /scratch/ttran02/output22_sampled_zips, and removed /home/ttran02/pj/computational-methods/output22/1138_bus_entropyscore_forget_svd_aux_random_uniform_3_size_530_ssize_30_k_500_sr_1_reservoir_greedy
[2026-04-16 21:30:13] candidate 1138_bus_entropyscore_forget_svd_aux_random_uniform_3_size_530_ssize_30_k_500_sr_2_reservoir_greedy matched end_idx=1138; monitoring for 60s of stability
[2026-04-16 21:30:21] zip created for 1138_bus_entropyscore_forget_svd_aux_random_uniform_3_size_530_ssize_30_k_500_sr_8_reservoir_greedy: 222 files -> /scratch/ttran02/output22_sampled_zips/1138_bus_entropyscore_forget_svd_aux_random_uniform_3_size_530_ssize_30_k_500_sr_8_reservoir_greedy_sampled.zip
[2026-04-16 21:30:21] synced 1138_bus_entropyscore_forget_svd_aux_random_uniform_3_size_530_ssize_30_k_500_sr_8_reservoir_greedy to /scratch/ttran02/output22/1138_bus_entropyscore_forget_svd_aux_random_uniform_3_size_530_ssize_30_k_500_sr_8_reservoir_greedy, zipped to /scratch/ttran02/output22_sampled_zips, and removed /home/ttran02/pj/computational-methods/output22/1138_bus_entropyscore_forget_svd_aux_random_uniform_3_size_530_ssize_30_k_500_sr_8_reservoir_greedy
[2026-04-16 21:30:21] candidate 1138_bus_entropyscore_forget_svd_aux_random_uniform_3_size_583_ssize_83_k_500_sr_16_reservoir_greedy matched end_idx=1138; monitoring for 60s of stability
[2026-04-16 21:30:25] zip created for 1138_bus_entropyscore_forget_svd_aux_random_uniform_3_size_583_ssize_83_k_500_sr_2_reservoir_greedy: 82 files -> /scratch/ttran02/output22_sampled_zips/1138_bus_entropyscore_forget_svd_aux_random_uniform_3_size_583_ssize_83_k_500_sr_2_reservoir_greedy_sampled.zip
[2026-04-16 21:30:25] synced 1138_bus_entropyscore_forget_svd_aux_random_uniform_3_size_583_ssize_83_k_500_sr_2_reservoir_greedy to /scratch/ttran02/output22/1138_bus_entropyscore_forget_svd_aux_random_uniform_3_size_583_ssize_83_k_500_sr_2_reservoir_greedy, zipped to /scratch/ttran02/output22_sampled_zips, and removed /home/ttran02/pj/computational-methods/output22/1138_bus_entropyscore_forget_svd_aux_random_uniform_3_size_583_ssize_83_k_500_sr_2_reservoir_greedy
[2026-04-16 21:30:28] zip created for 1138_bus_entropyscore_forget_svd_aux_random_uniform_3_size_583_ssize_83_k_500_sr_8_reservoir_greedy: 82 files -> /scratch/ttran02/output22_sampled_zips/1138_bus_entropyscore_forget_svd_aux_random_uniform_3_size_583_ssize_83_k_500_sr_8_reservoir_greedy_sampled.zip
[2026-04-16 21:30:28] synced 1138_bus_entropyscore_forget_svd_aux_random_uniform_3_size_583_ssize_83_k_500_sr_8_reservoir_greedy to /scratch/ttran02/output22/1138_bus_entropyscore_forget_svd_aux_random_uniform_3_size_583_ssize_83_k_500_sr_8_reservoir_greedy, zipped to /scratch/ttran02/output22_sampled_zips, and removed /home/ttran02/pj/computational-methods/output22/1138_bus_entropyscore_forget_svd_aux_random_uniform_3_size_583_ssize_83_k_500_sr_8_reservoir_greedy
[2026-04-16 21:30:29] zip created for 1138_bus_entropyscore_forget_svd_aux_random_uniform_3_size_65_ssize_30_k_35_sr_16_reservoir_greedy: 372 files -> /scratch/ttran02/output22_sampled_zips/1138_bus_entropyscore_forget_svd_aux_random_uniform_3_size_65_ssize_30_k_35_sr_16_reservoir_greedy_sampled.zip
[2026-04-16 21:30:29] synced 1138_bus_entropyscore_forget_svd_aux_random_uniform_3_size_65_ssize_30_k_35_sr_16_reservoir_greedy to /scratch/ttran02/output22/1138_bus_entropyscore_forget_svd_aux_random_uniform_3_size_65_ssize_30_k_35_sr_16_reservoir_greedy, zipped to /scratch/ttran02/output22_sampled_zips, and removed /home/ttran02/pj/computational-methods/output22/1138_bus_entropyscore_forget_svd_aux_random_uniform_3_size_65_ssize_30_k_35_sr_16_reservoir_greedy
[2026-04-16 21:30:30] zip created for 1138_bus_entropyscore_forget_svd_aux_random_uniform_3_size_65_ssize_30_k_35_sr_8_reservoir_greedy: 372 files -> /scratch/ttran02/output22_sampled_zips/1138_bus_entropyscore_forget_svd_aux_random_uniform_3_size_65_ssize_30_k_35_sr_8_reservoir_greedy_sampled.zip
[2026-04-16 21:30:30] synced 1138_bus_entropyscore_forget_svd_aux_random_uniform_3_size_65_ssize_30_k_35_sr_8_reservoir_greedy to /scratch/ttran02/output22/1138_bus_entropyscore_forget_svd_aux_random_uniform_3_size_65_ssize_30_k_35_sr_8_reservoir_greedy, zipped to /scratch/ttran02/output22_sampled_zips, and removed /home/ttran02/pj/computational-methods/output22/1138_bus_entropyscore_forget_svd_aux_random_uniform_3_size_65_ssize_30_k_35_sr_8_reservoir_greedy
[2026-04-16 21:30:31] zip created for 1138_bus_entropyscore_forget_svd_aux_random_uniform_3_size_726_ssize_226_k_500_sr_12_reservoir_greedy: 32 files -> /scratch/ttran02/output22_sampled_zips/1138_bus_entropyscore_forget_svd_aux_random_uniform_3_size_726_ssize_226_k_500_sr_12_reservoir_greedy_sampled.zip
[2026-04-16 21:30:32] synced 1138_bus_entropyscore_forget_svd_aux_random_uniform_3_size_726_ssize_226_k_500_sr_12_reservoir_greedy to /scratch/ttran02/output22/1138_bus_entropyscore_forget_svd_aux_random_uniform_3_size_726_ssize_226_k_500_sr_12_reservoir_greedy, zipped to /scratch/ttran02/output22_sampled_zips, and removed /home/ttran02/pj/computational-methods/output22/1138_bus_entropyscore_forget_svd_aux_random_uniform_3_size_726_ssize_226_k_500_sr_12_reservoir_greedy
[2026-04-16 21:30:32] candidate 1138_bus_entropyscore_forget_svd_aux_random_uniform_3_size_726_ssize_226_k_500_sr_16_reservoir_greedy matched end_idx=1138; monitoring for 60s of stability
[2026-04-16 21:30:33] zip created for 1138_bus_entropyscore_forget_svd_aux_random_uniform_3_size_726_ssize_226_k_500_sr_8_reservoir_greedy: 32 files -> /scratch/ttran02/output22_sampled_zips/1138_bus_entropyscore_forget_svd_aux_random_uniform_3_size_726_ssize_226_k_500_sr_8_reservoir_greedy_sampled.zip
[2026-04-16 21:30:33] synced 1138_bus_entropyscore_forget_svd_aux_random_uniform_3_size_726_ssize_226_k_500_sr_8_reservoir_greedy to /scratch/ttran02/output22/1138_bus_entropyscore_forget_svd_aux_random_uniform_3_size_726_ssize_226_k_500_sr_8_reservoir_greedy, zipped to /scratch/ttran02/output22_sampled_zips, and removed /home/ttran02/pj/computational-methods/output22/1138_bus_entropyscore_forget_svd_aux_random_uniform_3_size_726_ssize_226_k_500_sr_8_reservoir_greedy
[2026-04-16 21:30:33] zip created for 1138_bus_entropyscore_forget_svd_aux_random_uniform_3_size_85_ssize_83_k_2_sr_1_reservoir_greedy: 142 files -> /scratch/ttran02/output22_sampled_zips/1138_bus_entropyscore_forget_svd_aux_random_uniform_3_size_85_ssize_83_k_2_sr_1_reservoir_greedy_sampled.zip
[2026-04-16 21:30:33] synced 1138_bus_entropyscore_forget_svd_aux_random_uniform_3_size_85_ssize_83_k_2_sr_1_reservoir_greedy to /scratch/ttran02/output22/1138_bus_entropyscore_forget_svd_aux_random_uniform_3_size_85_ssize_83_k_2_sr_1_reservoir_greedy, zipped to /scratch/ttran02/output22_sampled_zips, and removed /home/ttran02/pj/computational-methods/output22/1138_bus_entropyscore_forget_svd_aux_random_uniform_3_size_85_ssize_83_k_2_sr_1_reservoir_greedy
[2026-04-16 21:30:33] zip created for 1138_bus_entropyscore_forget_svd_aux_random_uniform_3_size_85_ssize_83_k_2_sr_2_reservoir_greedy: 142 files -> /scratch/ttran02/output22_sampled_zips/1138_bus_entropyscore_forget_svd_aux_random_uniform_3_size_85_ssize_83_k_2_sr_2_reservoir_greedy_sampled.zip
[2026-04-16 21:30:34] synced 1138_bus_entropyscore_forget_svd_aux_random_uniform_3_size_85_ssize_83_k_2_sr_2_reservoir_greedy to /scratch/ttran02/output22/1138_bus_entropyscore_forget_svd_aux_random_uniform_3_size_85_ssize_83_k_2_sr_2_reservoir_greedy, zipped to /scratch/ttran02/output22_sampled_zips, and removed /home/ttran02/pj/computational-methods/output22/1138_bus_entropyscore_forget_svd_aux_random_uniform_3_size_85_ssize_83_k_2_sr_2_reservoir_greedy
[2026-04-16 21:30:34] zip created for 1138_bus_entropyscore_forget_svd_aux_random_uniform_3_size_89_ssize_83_k_6_sr_2_reservoir_greedy: 142 files -> /scratch/ttran02/output22_sampled_zips/1138_bus_entropyscore_forget_svd_aux_random_uniform_3_size_89_ssize_83_k_6_sr_2_reservoir_greedy_sampled.zip
[2026-04-16 21:30:34] synced 1138_bus_entropyscore_forget_svd_aux_random_uniform_3_size_89_ssize_83_k_6_sr_2_reservoir_greedy to /scratch/ttran02/output22/1138_bus_entropyscore_forget_svd_aux_random_uniform_3_size_89_ssize_83_k_6_sr_2_reservoir_greedy, zipped to /scratch/ttran02/output22_sampled_zips, and removed /home/ttran02/pj/computational-methods/output22/1138_bus_entropyscore_forget_svd_aux_random_uniform_3_size_89_ssize_83_k_6_sr_2_reservoir_greedy
[2026-04-16 21:30:34] zip created for 1138_bus_entropyscore_forget_svd_aux_random_uniform_3_size_89_ssize_83_k_6_sr_4_reservoir_greedy: 142 files -> /scratch/ttran02/output22_sampled_zips/1138_bus_entropyscore_forget_svd_aux_random_uniform_3_size_89_ssize_83_k_6_sr_4_reservoir_greedy_sampled.zip
[2026-04-16 21:30:34] synced 1138_bus_entropyscore_forget_svd_aux_random_uniform_3_size_89_ssize_83_k_6_sr_4_reservoir_greedy to /scratch/ttran02/output22/1138_bus_entropyscore_forget_svd_aux_random_uniform_3_size_89_ssize_83_k_6_sr_4_reservoir_greedy, zipped to /scratch/ttran02/output22_sampled_zips, and removed /home/ttran02/pj/computational-methods/output22/1138_bus_entropyscore_forget_svd_aux_random_uniform_3_size_89_ssize_83_k_6_sr_4_reservoir_greedy
[2026-04-16 21:30:35] zip created for 1138_bus_entropyscore_forget_svd_aux_random_uniform_3_size_89_ssize_83_k_6_sr_6_reservoir_greedy: 142 files -> /scratch/ttran02/output22_sampled_zips/1138_bus_entropyscore_forget_svd_aux_random_uniform_3_size_89_ssize_83_k_6_sr_6_reservoir_greedy_sampled.zip
[2026-04-16 21:30:35] synced 1138_bus_entropyscore_forget_svd_aux_random_uniform_3_size_89_ssize_83_k_6_sr_6_reservoir_greedy to /scratch/ttran02/output22/1138_bus_entropyscore_forget_svd_aux_random_uniform_3_size_89_ssize_83_k_6_sr_6_reservoir_greedy, zipped to /scratch/ttran02/output22_sampled_zips, and removed /home/ttran02/pj/computational-methods/output22/1138_bus_entropyscore_forget_svd_aux_random_uniform_3_size_89_ssize_83_k_6_sr_6_reservoir_greedy
[2026-04-16 21:30:35] candidate 1138_bus_entropyscore_forget_svd_aux_random_uniform_3_size_96_ssize_11_k_85_sr_16_reservoir_greedy matched end_idx=1138; monitoring for 60s of stability
[2026-04-16 21:30:36] zip created for 1138_bus_entropyscore_forget_svd_aux_random_uniform_3_size_96_ssize_11_k_85_sr_1_reservoir_greedy: 502 files -> /scratch/ttran02/output22_sampled_zips/1138_bus_entropyscore_forget_svd_aux_random_uniform_3_size_96_ssize_11_k_85_sr_1_reservoir_greedy_sampled.zip
[2026-04-16 21:30:37] synced 1138_bus_entropyscore_forget_svd_aux_random_uniform_3_size_96_ssize_11_k_85_sr_1_reservoir_greedy to /scratch/ttran02/output22/1138_bus_entropyscore_forget_svd_aux_random_uniform_3_size_96_ssize_11_k_85_sr_1_reservoir_greedy, zipped to /scratch/ttran02/output22_sampled_zips, and removed /home/ttran02/pj/computational-methods/output22/1138_bus_entropyscore_forget_svd_aux_random_uniform_3_size_96_ssize_11_k_85_sr_1_reservoir_greedy
[2026-04-16 21:30:37] candidate 1138_bus_entropyscore_forget_svd_aux_random_uniform_3_size_97_ssize_83_k_14_sr_14_reservoir_greedy matched end_idx=1138; monitoring for 60s of stability
[2026-04-16 21:30:37] zip created for 1138_bus_entropyscore_forget_svd_aux_random_uniform_3_size_97_ssize_83_k_14_sr_1_reservoir_greedy: 142 files -> /scratch/ttran02/output22_sampled_zips/1138_bus_entropyscore_forget_svd_aux_random_uniform_3_size_97_ssize_83_k_14_sr_1_reservoir_greedy_sampled.zip
[2026-04-16 21:30:37] synced 1138_bus_entropyscore_forget_svd_aux_random_uniform_3_size_97_ssize_83_k_14_sr_1_reservoir_greedy to /scratch/ttran02/output22/1138_bus_entropyscore_forget_svd_aux_random_uniform_3_size_97_ssize_83_k_14_sr_1_reservoir_greedy, zipped to /scratch/ttran02/output22_sampled_zips, and removed /home/ttran02/pj/computational-methods/output22/1138_bus_entropyscore_forget_svd_aux_random_uniform_3_size_97_ssize_83_k_14_sr_1_reservoir_greedy
[2026-04-16 21:30:37] zip created for 1138_bus_entropyscore_forget_svd_aux_random_uniform_3_size_97_ssize_83_k_14_sr_2_reservoir_greedy: 142 files -> /scratch/ttran02/output22_sampled_zips/1138_bus_entropyscore_forget_svd_aux_random_uniform_3_size_97_ssize_83_k_14_sr_2_reservoir_greedy_sampled.zip
[2026-04-16 21:30:38] synced 1138_bus_entropyscore_forget_svd_aux_random_uniform_3_size_97_ssize_83_k_14_sr_2_reservoir_greedy to /scratch/ttran02/output22/1138_bus_entropyscore_forget_svd_aux_random_uniform_3_size_97_ssize_83_k_14_sr_2_reservoir_greedy, zipped to /scratch/ttran02/output22_sampled_zips, and removed /home/ttran02/pj/computational-methods/output22/1138_bus_entropyscore_forget_svd_aux_random_uniform_3_size_97_ssize_83_k_14_sr_2_reservoir_greedy
[2026-04-16 21:30:38] zip created for 1138_bus_entropyscore_forget_svd_aux_random_uniform_3_size_97_ssize_83_k_14_sr_4_reservoir_greedy: 142 files -> /scratch/ttran02/output22_sampled_zips/1138_bus_entropyscore_forget_svd_aux_random_uniform_3_size_97_ssize_83_k_14_sr_4_reservoir_greedy_sampled.zip
[2026-04-16 21:30:38] synced 1138_bus_entropyscore_forget_svd_aux_random_uniform_3_size_97_ssize_83_k_14_sr_4_reservoir_greedy to /scratch/ttran02/output22/1138_bus_entropyscore_forget_svd_aux_random_uniform_3_size_97_ssize_83_k_14_sr_4_reservoir_greedy, zipped to /scratch/ttran02/output22_sampled_zips, and removed /home/ttran02/pj/computational-methods/output22/1138_bus_entropyscore_forget_svd_aux_random_uniform_3_size_97_ssize_83_k_14_sr_4_reservoir_greedy
[2026-04-16 21:30:38] candidate 1138_bus_entropyscore_forget_svd_aux_random_uniform_4_size_115_ssize_30_k_85_sr_12_reservoir_greedy matched end_idx=1138; monitoring for 60s of stability
[2026-04-16 21:30:39] zip created for 1138_bus_entropyscore_forget_svd_aux_random_uniform_4_size_115_ssize_30_k_85_sr_2_reservoir_greedy: 362 files -> /scratch/ttran02/output22_sampled_zips/1138_bus_entropyscore_forget_svd_aux_random_uniform_4_size_115_ssize_30_k_85_sr_2_reservoir_greedy_sampled.zip
[2026-04-16 21:30:39] synced 1138_bus_entropyscore_forget_svd_aux_random_uniform_4_size_115_ssize_30_k_85_sr_2_reservoir_greedy to /scratch/ttran02/output22/1138_bus_entropyscore_forget_svd_aux_random_uniform_4_size_115_ssize_30_k_85_sr_2_reservoir_greedy, zipped to /scratch/ttran02/output22_sampled_zips, and removed /home/ttran02/pj/computational-methods/output22/1138_bus_entropyscore_forget_svd_aux_random_uniform_4_size_115_ssize_30_k_85_sr_2_reservoir_greedy
[2026-04-16 21:30:41] zip created for 1138_bus_entropyscore_forget_svd_aux_random_uniform_4_size_115_ssize_30_k_85_sr_4_reservoir_greedy: 362 files -> /scratch/ttran02/output22_sampled_zips/1138_bus_entropyscore_forget_svd_aux_random_uniform_4_size_115_ssize_30_k_85_sr_4_reservoir_greedy_sampled.zip
[2026-04-16 21:30:41] synced 1138_bus_entropyscore_forget_svd_aux_random_uniform_4_size_115_ssize_30_k_85_sr_4_reservoir_greedy to /scratch/ttran02/output22/1138_bus_entropyscore_forget_svd_aux_random_uniform_4_size_115_ssize_30_k_85_sr_4_reservoir_greedy, zipped to /scratch/ttran02/output22_sampled_zips, and removed /home/ttran02/pj/computational-methods/output22/1138_bus_entropyscore_forget_svd_aux_random_uniform_4_size_115_ssize_30_k_85_sr_4_reservoir_greedy
[2026-04-16 21:30:41] zip created for 1138_bus_entropyscore_forget_svd_aux_random_uniform_4_size_118_ssize_83_k_35_sr_12_reservoir_greedy: 142 files -> /scratch/ttran02/output22_sampled_zips/1138_bus_entropyscore_forget_svd_aux_random_uniform_4_size_118_ssize_83_k_35_sr_12_reservoir_greedy_sampled.zip
[2026-04-16 21:30:41] synced 1138_bus_entropyscore_forget_svd_aux_random_uniform_4_size_118_ssize_83_k_35_sr_12_reservoir_greedy to /scratch/ttran02/output22/1138_bus_entropyscore_forget_svd_aux_random_uniform_4_size_118_ssize_83_k_35_sr_12_reservoir_greedy, zipped to /scratch/ttran02/output22_sampled_zips, and removed /home/ttran02/pj/computational-methods/output22/1138_bus_entropyscore_forget_svd_aux_random_uniform_4_size_118_ssize_83_k_35_sr_12_reservoir_greedy
[2026-04-16 21:30:42] zip created for 1138_bus_entropyscore_forget_svd_aux_random_uniform_4_size_118_ssize_83_k_35_sr_16_reservoir_greedy: 142 files -> /scratch/ttran02/output22_sampled_zips/1138_bus_entropyscore_forget_svd_aux_random_uniform_4_size_118_ssize_83_k_35_sr_16_reservoir_greedy_sampled.zip
[2026-04-16 21:30:42] synced 1138_bus_entropyscore_forget_svd_aux_random_uniform_4_size_118_ssize_83_k_35_sr_16_reservoir_greedy to /scratch/ttran02/output22/1138_bus_entropyscore_forget_svd_aux_random_uniform_4_size_118_ssize_83_k_35_sr_16_reservoir_greedy, zipped to /scratch/ttran02/output22_sampled_zips, and removed /home/ttran02/pj/computational-methods/output22/1138_bus_entropyscore_forget_svd_aux_random_uniform_4_size_118_ssize_83_k_35_sr_16_reservoir_greedy
[2026-04-16 21:30:42] zip created for 1138_bus_entropyscore_forget_svd_aux_random_uniform_4_size_118_ssize_83_k_35_sr_8_reservoir_greedy: 142 files -> /scratch/ttran02/output22_sampled_zips/1138_bus_entropyscore_forget_svd_aux_random_uniform_4_size_118_ssize_83_k_35_sr_8_reservoir_greedy_sampled.zip
[2026-04-16 21:30:42] synced 1138_bus_entropyscore_forget_svd_aux_random_uniform_4_size_118_ssize_83_k_35_sr_8_reservoir_greedy to /scratch/ttran02/output22/1138_bus_entropyscore_forget_svd_aux_random_uniform_4_size_118_ssize_83_k_35_sr_8_reservoir_greedy, zipped to /scratch/ttran02/output22_sampled_zips, and removed /home/ttran02/pj/computational-methods/output22/1138_bus_entropyscore_forget_svd_aux_random_uniform_4_size_118_ssize_83_k_35_sr_8_reservoir_greedy
[2026-04-16 21:30:43] zip created for 1138_bus_entropyscore_forget_svd_aux_random_uniform_4_size_168_ssize_83_k_85_sr_12_reservoir_greedy: 132 files -> /scratch/ttran02/output22_sampled_zips/1138_bus_entropyscore_forget_svd_aux_random_uniform_4_size_168_ssize_83_k_85_sr_12_reservoir_greedy_sampled.zip
[2026-04-16 21:30:43] synced 1138_bus_entropyscore_forget_svd_aux_random_uniform_4_size_168_ssize_83_k_85_sr_12_reservoir_greedy to /scratch/ttran02/output22/1138_bus_entropyscore_forget_svd_aux_random_uniform_4_size_168_ssize_83_k_85_sr_12_reservoir_greedy, zipped to /scratch/ttran02/output22_sampled_zips, and removed /home/ttran02/pj/computational-methods/output22/1138_bus_entropyscore_forget_svd_aux_random_uniform_4_size_168_ssize_83_k_85_sr_12_reservoir_greedy
[2026-04-16 21:30:43] zip created for 1138_bus_entropyscore_forget_svd_aux_random_uniform_4_size_168_ssize_83_k_85_sr_16_reservoir_greedy: 132 files -> /scratch/ttran02/output22_sampled_zips/1138_bus_entropyscore_forget_svd_aux_random_uniform_4_size_168_ssize_83_k_85_sr_16_reservoir_greedy_sampled.zip
[2026-04-16 21:30:43] synced 1138_bus_entropyscore_forget_svd_aux_random_uniform_4_size_168_ssize_83_k_85_sr_16_reservoir_greedy to /scratch/ttran02/output22/1138_bus_entropyscore_forget_svd_aux_random_uniform_4_size_168_ssize_83_k_85_sr_16_reservoir_greedy, zipped to /scratch/ttran02/output22_sampled_zips, and removed /home/ttran02/pj/computational-methods/output22/1138_bus_entropyscore_forget_svd_aux_random_uniform_4_size_168_ssize_83_k_85_sr_16_reservoir_greedy
[2026-04-16 21:30:43] candidate 1138_bus_entropyscore_forget_svd_aux_random_uniform_4_size_168_ssize_83_k_85_sr_2_reservoir_greedy matched end_idx=1138; monitoring for 60s of stability
[2026-04-16 21:30:44] zip created for 1138_bus_entropyscore_forget_svd_aux_random_uniform_4_size_168_ssize_83_k_85_sr_4_reservoir_greedy: 132 files -> /scratch/ttran02/output22_sampled_zips/1138_bus_entropyscore_forget_svd_aux_random_uniform_4_size_168_ssize_83_k_85_sr_4_reservoir_greedy_sampled.zip
[2026-04-16 21:30:44] synced 1138_bus_entropyscore_forget_svd_aux_random_uniform_4_size_168_ssize_83_k_85_sr_4_reservoir_greedy to /scratch/ttran02/output22/1138_bus_entropyscore_forget_svd_aux_random_uniform_4_size_168_ssize_83_k_85_sr_4_reservoir_greedy, zipped to /scratch/ttran02/output22_sampled_zips, and removed /home/ttran02/pj/computational-methods/output22/1138_bus_entropyscore_forget_svd_aux_random_uniform_4_size_168_ssize_83_k_85_sr_4_reservoir_greedy
[2026-04-16 21:30:49] zip created for 1138_bus_entropyscore_forget_svd_aux_random_uniform_4_size_217_ssize_11_k_206_sr_12_reservoir_greedy: 502 files -> /scratch/ttran02/output22_sampled_zips/1138_bus_entropyscore_forget_svd_aux_random_uniform_4_size_217_ssize_11_k_206_sr_12_reservoir_greedy_sampled.zip
[2026-04-16 21:30:49] synced 1138_bus_entropyscore_forget_svd_aux_random_uniform_4_size_217_ssize_11_k_206_sr_12_reservoir_greedy to /scratch/ttran02/output22/1138_bus_entropyscore_forget_svd_aux_random_uniform_4_size_217_ssize_11_k_206_sr_12_reservoir_greedy, zipped to /scratch/ttran02/output22_sampled_zips, and removed /home/ttran02/pj/computational-methods/output22/1138_bus_entropyscore_forget_svd_aux_random_uniform_4_size_217_ssize_11_k_206_sr_12_reservoir_greedy
[2026-04-16 21:30:54] zip created for 1138_bus_entropyscore_forget_svd_aux_random_uniform_4_size_217_ssize_11_k_206_sr_16_reservoir_greedy: 502 files -> /scratch/ttran02/output22_sampled_zips/1138_bus_entropyscore_forget_svd_aux_random_uniform_4_size_217_ssize_11_k_206_sr_16_reservoir_greedy_sampled.zip
[2026-04-16 21:30:54] synced 1138_bus_entropyscore_forget_svd_aux_random_uniform_4_size_217_ssize_11_k_206_sr_16_reservoir_greedy to /scratch/ttran02/output22/1138_bus_entropyscore_forget_svd_aux_random_uniform_4_size_217_ssize_11_k_206_sr_16_reservoir_greedy, zipped to /scratch/ttran02/output22_sampled_zips, and removed /home/ttran02/pj/computational-methods/output22/1138_bus_entropyscore_forget_svd_aux_random_uniform_4_size_217_ssize_11_k_206_sr_16_reservoir_greedy
[2026-04-16 21:30:54] candidate 1138_bus_entropyscore_forget_svd_aux_random_uniform_4_size_217_ssize_11_k_206_sr_8_reservoir_greedy matched end_idx=1138; monitoring for 60s of stability
[2026-04-16 21:30:55] zip created for 1138_bus_entropyscore_forget_svd_aux_random_uniform_4_size_228_ssize_226_k_2_sr_1_reservoir_greedy: 62 files -> /scratch/ttran02/output22_sampled_zips/1138_bus_entropyscore_forget_svd_aux_random_uniform_4_size_228_ssize_226_k_2_sr_1_reservoir_greedy_sampled.zip
[2026-04-16 21:30:55] synced 1138_bus_entropyscore_forget_svd_aux_random_uniform_4_size_228_ssize_226_k_2_sr_1_reservoir_greedy to /scratch/ttran02/output22/1138_bus_entropyscore_forget_svd_aux_random_uniform_4_size_228_ssize_226_k_2_sr_1_reservoir_greedy, zipped to /scratch/ttran02/output22_sampled_zips, and removed /home/ttran02/pj/computational-methods/output22/1138_bus_entropyscore_forget_svd_aux_random_uniform_4_size_228_ssize_226_k_2_sr_1_reservoir_greedy
[2026-04-16 21:30:55] candidate 1138_bus_entropyscore_forget_svd_aux_random_uniform_4_size_232_ssize_226_k_6_sr_1_reservoir_greedy matched end_idx=1138; monitoring for 60s of stability
[2026-04-16 21:30:55] zip created for 1138_bus_entropyscore_forget_svd_aux_random_uniform_4_size_232_ssize_226_k_6_sr_2_reservoir_greedy: 62 files -> /scratch/ttran02/output22_sampled_zips/1138_bus_entropyscore_forget_svd_aux_random_uniform_4_size_232_ssize_226_k_6_sr_2_reservoir_greedy_sampled.zip
[2026-04-16 21:30:55] synced 1138_bus_entropyscore_forget_svd_aux_random_uniform_4_size_232_ssize_226_k_6_sr_2_reservoir_greedy to /scratch/ttran02/output22/1138_bus_entropyscore_forget_svd_aux_random_uniform_4_size_232_ssize_226_k_6_sr_2_reservoir_greedy, zipped to /scratch/ttran02/output22_sampled_zips, and removed /home/ttran02/pj/computational-methods/output22/1138_bus_entropyscore_forget_svd_aux_random_uniform_4_size_232_ssize_226_k_6_sr_2_reservoir_greedy
[2026-04-16 21:30:55] candidate 1138_bus_entropyscore_forget_svd_aux_random_uniform_4_size_232_ssize_226_k_6_sr_4_reservoir_greedy matched end_idx=1138; monitoring for 60s of stability
[2026-04-16 21:30:55] zip created for 1138_bus_entropyscore_forget_svd_aux_random_uniform_4_size_232_ssize_226_k_6_sr_6_reservoir_greedy: 62 files -> /scratch/ttran02/output22_sampled_zips/1138_bus_entropyscore_forget_svd_aux_random_uniform_4_size_232_ssize_226_k_6_sr_6_reservoir_greedy_sampled.zip
[2026-04-16 21:30:55] synced 1138_bus_entropyscore_forget_svd_aux_random_uniform_4_size_232_ssize_226_k_6_sr_6_reservoir_greedy to /scratch/ttran02/output22/1138_bus_entropyscore_forget_svd_aux_random_uniform_4_size_232_ssize_226_k_6_sr_6_reservoir_greedy, zipped to /scratch/ttran02/output22_sampled_zips, and removed /home/ttran02/pj/computational-methods/output22/1138_bus_entropyscore_forget_svd_aux_random_uniform_4_size_232_ssize_226_k_6_sr_6_reservoir_greedy
[2026-04-16 21:30:58] zip created for 1138_bus_entropyscore_forget_svd_aux_random_uniform_4_size_236_ssize_30_k_206_sr_12_reservoir_greedy: 322 files -> /scratch/ttran02/output22_sampled_zips/1138_bus_entropyscore_forget_svd_aux_random_uniform_4_size_236_ssize_30_k_206_sr_12_reservoir_greedy_sampled.zip
[2026-04-16 21:30:58] synced 1138_bus_entropyscore_forget_svd_aux_random_uniform_4_size_236_ssize_30_k_206_sr_12_reservoir_greedy to /scratch/ttran02/output22/1138_bus_entropyscore_forget_svd_aux_random_uniform_4_size_236_ssize_30_k_206_sr_12_reservoir_greedy, zipped to /scratch/ttran02/output22_sampled_zips, and removed /home/ttran02/pj/computational-methods/output22/1138_bus_entropyscore_forget_svd_aux_random_uniform_4_size_236_ssize_30_k_206_sr_12_reservoir_greedy
[2026-04-16 21:31:01] zip created for 1138_bus_entropyscore_forget_svd_aux_random_uniform_4_size_236_ssize_30_k_206_sr_16_reservoir_greedy: 322 files -> /scratch/ttran02/output22_sampled_zips/1138_bus_entropyscore_forget_svd_aux_random_uniform_4_size_236_ssize_30_k_206_sr_16_reservoir_greedy_sampled.zip
[2026-04-16 21:31:02] synced 1138_bus_entropyscore_forget_svd_aux_random_uniform_4_size_236_ssize_30_k_206_sr_16_reservoir_greedy to /scratch/ttran02/output22/1138_bus_entropyscore_forget_svd_aux_random_uniform_4_size_236_ssize_30_k_206_sr_16_reservoir_greedy, zipped to /scratch/ttran02/output22_sampled_zips, and removed /home/ttran02/pj/computational-methods/output22/1138_bus_entropyscore_forget_svd_aux_random_uniform_4_size_236_ssize_30_k_206_sr_16_reservoir_greedy
[2026-04-16 21:31:04] zip created for 1138_bus_entropyscore_forget_svd_aux_random_uniform_4_size_236_ssize_30_k_206_sr_2_reservoir_greedy: 322 files -> /scratch/ttran02/output22_sampled_zips/1138_bus_entropyscore_forget_svd_aux_random_uniform_4_size_236_ssize_30_k_206_sr_2_reservoir_greedy_sampled.zip
[2026-04-16 21:31:04] synced 1138_bus_entropyscore_forget_svd_aux_random_uniform_4_size_236_ssize_30_k_206_sr_2_reservoir_greedy to /scratch/ttran02/output22/1138_bus_entropyscore_forget_svd_aux_random_uniform_4_size_236_ssize_30_k_206_sr_2_reservoir_greedy, zipped to /scratch/ttran02/output22_sampled_zips, and removed /home/ttran02/pj/computational-methods/output22/1138_bus_entropyscore_forget_svd_aux_random_uniform_4_size_236_ssize_30_k_206_sr_2_reservoir_greedy
[2026-04-16 21:31:04] candidate 1138_bus_entropyscore_forget_svd_aux_random_uniform_4_size_236_ssize_30_k_206_sr_4_reservoir_greedy matched end_idx=1138; monitoring for 60s of stability
[2026-04-16 21:31:05] zip created for 1138_bus_entropyscore_forget_svd_aux_random_uniform_4_size_240_ssize_226_k_14_sr_14_reservoir_greedy: 52 files -> /scratch/ttran02/output22_sampled_zips/1138_bus_entropyscore_forget_svd_aux_random_uniform_4_size_240_ssize_226_k_14_sr_14_reservoir_greedy_sampled.zip
[2026-04-16 21:31:05] synced 1138_bus_entropyscore_forget_svd_aux_random_uniform_4_size_240_ssize_226_k_14_sr_14_reservoir_greedy to /scratch/ttran02/output22/1138_bus_entropyscore_forget_svd_aux_random_uniform_4_size_240_ssize_226_k_14_sr_14_reservoir_greedy, zipped to /scratch/ttran02/output22_sampled_zips, and removed /home/ttran02/pj/computational-methods/output22/1138_bus_entropyscore_forget_svd_aux_random_uniform_4_size_240_ssize_226_k_14_sr_14_reservoir_greedy
[2026-04-16 21:31:05] zip created for 1138_bus_entropyscore_forget_svd_aux_random_uniform_4_size_240_ssize_226_k_14_sr_2_reservoir_greedy: 52 files -> /scratch/ttran02/output22_sampled_zips/1138_bus_entropyscore_forget_svd_aux_random_uniform_4_size_240_ssize_226_k_14_sr_2_reservoir_greedy_sampled.zip
[2026-04-16 21:31:05] synced 1138_bus_entropyscore_forget_svd_aux_random_uniform_4_size_240_ssize_226_k_14_sr_2_reservoir_greedy to /scratch/ttran02/output22/1138_bus_entropyscore_forget_svd_aux_random_uniform_4_size_240_ssize_226_k_14_sr_2_reservoir_greedy, zipped to /scratch/ttran02/output22_sampled_zips, and removed /home/ttran02/pj/computational-methods/output22/1138_bus_entropyscore_forget_svd_aux_random_uniform_4_size_240_ssize_226_k_14_sr_2_reservoir_greedy
[2026-04-16 21:31:05] candidate 1138_bus_entropyscore_forget_svd_aux_random_uniform_4_size_240_ssize_226_k_14_sr_4_reservoir_greedy matched end_idx=1138; monitoring for 60s of stability
[2026-04-16 21:31:05] candidate 1138_bus_entropyscore_forget_svd_aux_random_uniform_4_size_240_ssize_226_k_14_sr_8_reservoir_greedy matched end_idx=1138; monitoring for 60s of stability
[2026-04-16 21:31:06] zip created for 1138_bus_entropyscore_forget_svd_aux_random_uniform_4_size_25_ssize_11_k_14_sr_12_reservoir_greedy: 502 files -> /scratch/ttran02/output22_sampled_zips/1138_bus_entropyscore_forget_svd_aux_random_uniform_4_size_25_ssize_11_k_14_sr_12_reservoir_greedy_sampled.zip
[2026-04-16 21:31:06] synced 1138_bus_entropyscore_forget_svd_aux_random_uniform_4_size_25_ssize_11_k_14_sr_12_reservoir_greedy to /scratch/ttran02/output22/1138_bus_entropyscore_forget_svd_aux_random_uniform_4_size_25_ssize_11_k_14_sr_12_reservoir_greedy, zipped to /scratch/ttran02/output22_sampled_zips, and removed /home/ttran02/pj/computational-methods/output22/1138_bus_entropyscore_forget_svd_aux_random_uniform_4_size_25_ssize_11_k_14_sr_12_reservoir_greedy
[2026-04-16 21:31:06] zip created for 1138_bus_entropyscore_forget_svd_aux_random_uniform_4_size_261_ssize_226_k_35_sr_16_reservoir_greedy: 52 files -> /scratch/ttran02/output22_sampled_zips/1138_bus_entropyscore_forget_svd_aux_random_uniform_4_size_261_ssize_226_k_35_sr_16_reservoir_greedy_sampled.zip
[2026-04-16 21:31:06] synced 1138_bus_entropyscore_forget_svd_aux_random_uniform_4_size_261_ssize_226_k_35_sr_16_reservoir_greedy to /scratch/ttran02/output22/1138_bus_entropyscore_forget_svd_aux_random_uniform_4_size_261_ssize_226_k_35_sr_16_reservoir_greedy, zipped to /scratch/ttran02/output22_sampled_zips, and removed /home/ttran02/pj/computational-methods/output22/1138_bus_entropyscore_forget_svd_aux_random_uniform_4_size_261_ssize_226_k_35_sr_16_reservoir_greedy
[2026-04-16 21:31:07] zip created for 1138_bus_entropyscore_forget_svd_aux_random_uniform_4_size_261_ssize_226_k_35_sr_1_reservoir_greedy: 52 files -> /scratch/ttran02/output22_sampled_zips/1138_bus_entropyscore_forget_svd_aux_random_uniform_4_size_261_ssize_226_k_35_sr_1_reservoir_greedy_sampled.zip
[2026-04-16 21:31:07] synced 1138_bus_entropyscore_forget_svd_aux_random_uniform_4_size_261_ssize_226_k_35_sr_1_reservoir_greedy to /scratch/ttran02/output22/1138_bus_entropyscore_forget_svd_aux_random_uniform_4_size_261_ssize_226_k_35_sr_1_reservoir_greedy, zipped to /scratch/ttran02/output22_sampled_zips, and removed /home/ttran02/pj/computational-methods/output22/1138_bus_entropyscore_forget_svd_aux_random_uniform_4_size_261_ssize_226_k_35_sr_1_reservoir_greedy
[2026-04-16 21:31:07] zip created for 1138_bus_entropyscore_forget_svd_aux_random_uniform_4_size_261_ssize_226_k_35_sr_2_reservoir_greedy: 52 files -> /scratch/ttran02/output22_sampled_zips/1138_bus_entropyscore_forget_svd_aux_random_uniform_4_size_261_ssize_226_k_35_sr_2_reservoir_greedy_sampled.zip
[2026-04-16 21:31:07] synced 1138_bus_entropyscore_forget_svd_aux_random_uniform_4_size_261_ssize_226_k_35_sr_2_reservoir_greedy to /scratch/ttran02/output22/1138_bus_entropyscore_forget_svd_aux_random_uniform_4_size_261_ssize_226_k_35_sr_2_reservoir_greedy, zipped to /scratch/ttran02/output22_sampled_zips, and removed /home/ttran02/pj/computational-methods/output22/1138_bus_entropyscore_forget_svd_aux_random_uniform_4_size_261_ssize_226_k_35_sr_2_reservoir_greedy
[2026-04-16 21:31:07] candidate 1138_bus_entropyscore_forget_svd_aux_random_uniform_4_size_261_ssize_226_k_35_sr_4_reservoir_greedy matched end_idx=1138; monitoring for 60s of stability
[2026-04-16 21:31:08] zip created for 1138_bus_entropyscore_forget_svd_aux_random_uniform_4_size_289_ssize_83_k_206_sr_12_reservoir_greedy: 122 files -> /scratch/ttran02/output22_sampled_zips/1138_bus_entropyscore_forget_svd_aux_random_uniform_4_size_289_ssize_83_k_206_sr_12_reservoir_greedy_sampled.zip
[2026-04-16 21:31:08] synced 1138_bus_entropyscore_forget_svd_aux_random_uniform_4_size_289_ssize_83_k_206_sr_12_reservoir_greedy to /scratch/ttran02/output22/1138_bus_entropyscore_forget_svd_aux_random_uniform_4_size_289_ssize_83_k_206_sr_12_reservoir_greedy, zipped to /scratch/ttran02/output22_sampled_zips, and removed /home/ttran02/pj/computational-methods/output22/1138_bus_entropyscore_forget_svd_aux_random_uniform_4_size_289_ssize_83_k_206_sr_12_reservoir_greedy
[2026-04-16 21:31:09] zip created for 1138_bus_entropyscore_forget_svd_aux_random_uniform_4_size_289_ssize_83_k_206_sr_16_reservoir_greedy: 122 files -> /scratch/ttran02/output22_sampled_zips/1138_bus_entropyscore_forget_svd_aux_random_uniform_4_size_289_ssize_83_k_206_sr_16_reservoir_greedy_sampled.zip
[2026-04-16 21:31:09] synced 1138_bus_entropyscore_forget_svd_aux_random_uniform_4_size_289_ssize_83_k_206_sr_16_reservoir_greedy to /scratch/ttran02/output22/1138_bus_entropyscore_forget_svd_aux_random_uniform_4_size_289_ssize_83_k_206_sr_16_reservoir_greedy, zipped to /scratch/ttran02/output22_sampled_zips, and removed /home/ttran02/pj/computational-methods/output22/1138_bus_entropyscore_forget_svd_aux_random_uniform_4_size_289_ssize_83_k_206_sr_16_reservoir_greedy
[2026-04-16 21:31:11] zip created for 1138_bus_entropyscore_forget_svd_aux_random_uniform_4_size_289_ssize_83_k_206_sr_1_reservoir_greedy: 122 files -> /scratch/ttran02/output22_sampled_zips/1138_bus_entropyscore_forget_svd_aux_random_uniform_4_size_289_ssize_83_k_206_sr_1_reservoir_greedy_sampled.zip
[2026-04-16 21:31:11] synced 1138_bus_entropyscore_forget_svd_aux_random_uniform_4_size_289_ssize_83_k_206_sr_1_reservoir_greedy to /scratch/ttran02/output22/1138_bus_entropyscore_forget_svd_aux_random_uniform_4_size_289_ssize_83_k_206_sr_1_reservoir_greedy, zipped to /scratch/ttran02/output22_sampled_zips, and removed /home/ttran02/pj/computational-methods/output22/1138_bus_entropyscore_forget_svd_aux_random_uniform_4_size_289_ssize_83_k_206_sr_1_reservoir_greedy
[2026-04-16 21:31:12] zip created for 1138_bus_entropyscore_forget_svd_aux_random_uniform_4_size_289_ssize_83_k_206_sr_2_reservoir_greedy: 122 files -> /scratch/ttran02/output22_sampled_zips/1138_bus_entropyscore_forget_svd_aux_random_uniform_4_size_289_ssize_83_k_206_sr_2_reservoir_greedy_sampled.zip
[2026-04-16 21:31:12] synced 1138_bus_entropyscore_forget_svd_aux_random_uniform_4_size_289_ssize_83_k_206_sr_2_reservoir_greedy to /scratch/ttran02/output22/1138_bus_entropyscore_forget_svd_aux_random_uniform_4_size_289_ssize_83_k_206_sr_2_reservoir_greedy, zipped to /scratch/ttran02/output22_sampled_zips, and removed /home/ttran02/pj/computational-methods/output22/1138_bus_entropyscore_forget_svd_aux_random_uniform_4_size_289_ssize_83_k_206_sr_2_reservoir_greedy
[2026-04-16 21:31:12] candidate 1138_bus_entropyscore_forget_svd_aux_random_uniform_4_size_289_ssize_83_k_206_sr_4_reservoir_greedy matched end_idx=1138; monitoring for 60s of stability
[2026-04-16 21:31:12] zip created for 1138_bus_entropyscore_forget_svd_aux_random_uniform_4_size_311_ssize_226_k_85_sr_12_reservoir_greedy: 52 files -> /scratch/ttran02/output22_sampled_zips/1138_bus_entropyscore_forget_svd_aux_random_uniform_4_size_311_ssize_226_k_85_sr_12_reservoir_greedy_sampled.zip
[2026-04-16 21:31:12] synced 1138_bus_entropyscore_forget_svd_aux_random_uniform_4_size_311_ssize_226_k_85_sr_12_reservoir_greedy to /scratch/ttran02/output22/1138_bus_entropyscore_forget_svd_aux_random_uniform_4_size_311_ssize_226_k_85_sr_12_reservoir_greedy, zipped to /scratch/ttran02/output22_sampled_zips, and removed /home/ttran02/pj/computational-methods/output22/1138_bus_entropyscore_forget_svd_aux_random_uniform_4_size_311_ssize_226_k_85_sr_12_reservoir_greedy
[2026-04-16 21:31:13] zip created for 1138_bus_entropyscore_forget_svd_aux_random_uniform_4_size_311_ssize_226_k_85_sr_2_reservoir_greedy: 52 files -> /scratch/ttran02/output22_sampled_zips/1138_bus_entropyscore_forget_svd_aux_random_uniform_4_size_311_ssize_226_k_85_sr_2_reservoir_greedy_sampled.zip
[2026-04-16 21:31:13] synced 1138_bus_entropyscore_forget_svd_aux_random_uniform_4_size_311_ssize_226_k_85_sr_2_reservoir_greedy to /scratch/ttran02/output22/1138_bus_entropyscore_forget_svd_aux_random_uniform_4_size_311_ssize_226_k_85_sr_2_reservoir_greedy, zipped to /scratch/ttran02/output22_sampled_zips, and removed /home/ttran02/pj/computational-methods/output22/1138_bus_entropyscore_forget_svd_aux_random_uniform_4_size_311_ssize_226_k_85_sr_2_reservoir_greedy
[2026-04-16 21:31:13] zip created for 1138_bus_entropyscore_forget_svd_aux_random_uniform_4_size_311_ssize_226_k_85_sr_4_reservoir_greedy: 52 files -> /scratch/ttran02/output22_sampled_zips/1138_bus_entropyscore_forget_svd_aux_random_uniform_4_size_311_ssize_226_k_85_sr_4_reservoir_greedy_sampled.zip
[2026-04-16 21:31:13] synced 1138_bus_entropyscore_forget_svd_aux_random_uniform_4_size_311_ssize_226_k_85_sr_4_reservoir_greedy to /scratch/ttran02/output22/1138_bus_entropyscore_forget_svd_aux_random_uniform_4_size_311_ssize_226_k_85_sr_4_reservoir_greedy, zipped to /scratch/ttran02/output22_sampled_zips, and removed /home/ttran02/pj/computational-methods/output22/1138_bus_entropyscore_forget_svd_aux_random_uniform_4_size_311_ssize_226_k_85_sr_4_reservoir_greedy
[2026-04-16 21:31:13] zip created for 1138_bus_entropyscore_forget_svd_aux_random_uniform_4_size_311_ssize_226_k_85_sr_8_reservoir_greedy: 52 files -> /scratch/ttran02/output22_sampled_zips/1138_bus_entropyscore_forget_svd_aux_random_uniform_4_size_311_ssize_226_k_85_sr_8_reservoir_greedy_sampled.zip
[2026-04-16 21:31:13] synced 1138_bus_entropyscore_forget_svd_aux_random_uniform_4_size_311_ssize_226_k_85_sr_8_reservoir_greedy to /scratch/ttran02/output22/1138_bus_entropyscore_forget_svd_aux_random_uniform_4_size_311_ssize_226_k_85_sr_8_reservoir_greedy, zipped to /scratch/ttran02/output22_sampled_zips, and removed /home/ttran02/pj/computational-methods/output22/1138_bus_entropyscore_forget_svd_aux_random_uniform_4_size_311_ssize_226_k_85_sr_8_reservoir_greedy
[2026-04-16 21:31:13] candidate 1138_bus_entropyscore_forget_svd_aux_random_uniform_4_size_36_ssize_30_k_6_sr_2_reservoir_greedy matched end_idx=1138; monitoring for 60s of stability
[2026-04-16 21:31:14] zip created for 1138_bus_entropyscore_forget_svd_aux_random_uniform_4_size_432_ssize_226_k_206_sr_12_reservoir_greedy: 52 files -> /scratch/ttran02/output22_sampled_zips/1138_bus_entropyscore_forget_svd_aux_random_uniform_4_size_432_ssize_226_k_206_sr_12_reservoir_greedy_sampled.zip
[2026-04-16 21:31:14] synced 1138_bus_entropyscore_forget_svd_aux_random_uniform_4_size_432_ssize_226_k_206_sr_12_reservoir_greedy to /scratch/ttran02/output22/1138_bus_entropyscore_forget_svd_aux_random_uniform_4_size_432_ssize_226_k_206_sr_12_reservoir_greedy, zipped to /scratch/ttran02/output22_sampled_zips, and removed /home/ttran02/pj/computational-methods/output22/1138_bus_entropyscore_forget_svd_aux_random_uniform_4_size_432_ssize_226_k_206_sr_12_reservoir_greedy
[2026-04-16 21:31:15] zip created for 1138_bus_entropyscore_forget_svd_aux_random_uniform_4_size_432_ssize_226_k_206_sr_1_reservoir_greedy: 52 files -> /scratch/ttran02/output22_sampled_zips/1138_bus_entropyscore_forget_svd_aux_random_uniform_4_size_432_ssize_226_k_206_sr_1_reservoir_greedy_sampled.zip
[2026-04-16 21:31:15] synced 1138_bus_entropyscore_forget_svd_aux_random_uniform_4_size_432_ssize_226_k_206_sr_1_reservoir_greedy to /scratch/ttran02/output22/1138_bus_entropyscore_forget_svd_aux_random_uniform_4_size_432_ssize_226_k_206_sr_1_reservoir_greedy, zipped to /scratch/ttran02/output22_sampled_zips, and removed /home/ttran02/pj/computational-methods/output22/1138_bus_entropyscore_forget_svd_aux_random_uniform_4_size_432_ssize_226_k_206_sr_1_reservoir_greedy
[2026-04-16 21:31:15] zip created for 1138_bus_entropyscore_forget_svd_aux_random_uniform_4_size_432_ssize_226_k_206_sr_2_reservoir_greedy: 52 files -> /scratch/ttran02/output22_sampled_zips/1138_bus_entropyscore_forget_svd_aux_random_uniform_4_size_432_ssize_226_k_206_sr_2_reservoir_greedy_sampled.zip
[2026-04-16 21:31:15] synced 1138_bus_entropyscore_forget_svd_aux_random_uniform_4_size_432_ssize_226_k_206_sr_2_reservoir_greedy to /scratch/ttran02/output22/1138_bus_entropyscore_forget_svd_aux_random_uniform_4_size_432_ssize_226_k_206_sr_2_reservoir_greedy, zipped to /scratch/ttran02/output22_sampled_zips, and removed /home/ttran02/pj/computational-methods/output22/1138_bus_entropyscore_forget_svd_aux_random_uniform_4_size_432_ssize_226_k_206_sr_2_reservoir_greedy
[2026-04-16 21:31:15] candidate 1138_bus_entropyscore_forget_svd_aux_random_uniform_4_size_432_ssize_226_k_206_sr_4_reservoir_greedy matched end_idx=1138; monitoring for 60s of stability
[2026-04-16 21:31:16] zip created for 1138_bus_entropyscore_forget_svd_aux_random_uniform_4_size_44_ssize_30_k_14_sr_12_reservoir_greedy: 382 files -> /scratch/ttran02/output22_sampled_zips/1138_bus_entropyscore_forget_svd_aux_random_uniform_4_size_44_ssize_30_k_14_sr_12_reservoir_greedy_sampled.zip
[2026-04-16 21:31:16] synced 1138_bus_entropyscore_forget_svd_aux_random_uniform_4_size_44_ssize_30_k_14_sr_12_reservoir_greedy to /scratch/ttran02/output22/1138_bus_entropyscore_forget_svd_aux_random_uniform_4_size_44_ssize_30_k_14_sr_12_reservoir_greedy, zipped to /scratch/ttran02/output22_sampled_zips, and removed /home/ttran02/pj/computational-methods/output22/1138_bus_entropyscore_forget_svd_aux_random_uniform_4_size_44_ssize_30_k_14_sr_12_reservoir_greedy
[2026-04-16 21:31:17] zip created for 1138_bus_entropyscore_forget_svd_aux_random_uniform_4_size_44_ssize_30_k_14_sr_14_reservoir_greedy: 382 files -> /scratch/ttran02/output22_sampled_zips/1138_bus_entropyscore_forget_svd_aux_random_uniform_4_size_44_ssize_30_k_14_sr_14_reservoir_greedy_sampled.zip
[2026-04-16 21:31:17] synced 1138_bus_entropyscore_forget_svd_aux_random_uniform_4_size_44_ssize_30_k_14_sr_14_reservoir_greedy to /scratch/ttran02/output22/1138_bus_entropyscore_forget_svd_aux_random_uniform_4_size_44_ssize_30_k_14_sr_14_reservoir_greedy, zipped to /scratch/ttran02/output22_sampled_zips, and removed /home/ttran02/pj/computational-methods/output22/1138_bus_entropyscore_forget_svd_aux_random_uniform_4_size_44_ssize_30_k_14_sr_14_reservoir_greedy
[2026-04-16 21:31:18] zip created for 1138_bus_entropyscore_forget_svd_aux_random_uniform_4_size_44_ssize_30_k_14_sr_1_reservoir_greedy: 382 files -> /scratch/ttran02/output22_sampled_zips/1138_bus_entropyscore_forget_svd_aux_random_uniform_4_size_44_ssize_30_k_14_sr_1_reservoir_greedy_sampled.zip
[2026-04-16 21:31:18] synced 1138_bus_entropyscore_forget_svd_aux_random_uniform_4_size_44_ssize_30_k_14_sr_1_reservoir_greedy to /scratch/ttran02/output22/1138_bus_entropyscore_forget_svd_aux_random_uniform_4_size_44_ssize_30_k_14_sr_1_reservoir_greedy, zipped to /scratch/ttran02/output22_sampled_zips, and removed /home/ttran02/pj/computational-methods/output22/1138_bus_entropyscore_forget_svd_aux_random_uniform_4_size_44_ssize_30_k_14_sr_1_reservoir_greedy
[2026-04-16 21:31:19] zip created for 1138_bus_entropyscore_forget_svd_aux_random_uniform_4_size_44_ssize_30_k_14_sr_2_reservoir_greedy: 382 files -> /scratch/ttran02/output22_sampled_zips/1138_bus_entropyscore_forget_svd_aux_random_uniform_4_size_44_ssize_30_k_14_sr_2_reservoir_greedy_sampled.zip
[2026-04-16 21:31:19] synced 1138_bus_entropyscore_forget_svd_aux_random_uniform_4_size_44_ssize_30_k_14_sr_2_reservoir_greedy to /scratch/ttran02/output22/1138_bus_entropyscore_forget_svd_aux_random_uniform_4_size_44_ssize_30_k_14_sr_2_reservoir_greedy, zipped to /scratch/ttran02/output22_sampled_zips, and removed /home/ttran02/pj/computational-methods/output22/1138_bus_entropyscore_forget_svd_aux_random_uniform_4_size_44_ssize_30_k_14_sr_2_reservoir_greedy
[2026-04-16 21:31:20] zip created for 1138_bus_entropyscore_forget_svd_aux_random_uniform_4_size_44_ssize_30_k_14_sr_4_reservoir_greedy: 382 files -> /scratch/ttran02/output22_sampled_zips/1138_bus_entropyscore_forget_svd_aux_random_uniform_4_size_44_ssize_30_k_14_sr_4_reservoir_greedy_sampled.zip
[2026-04-16 21:31:20] synced 1138_bus_entropyscore_forget_svd_aux_random_uniform_4_size_44_ssize_30_k_14_sr_4_reservoir_greedy to /scratch/ttran02/output22/1138_bus_entropyscore_forget_svd_aux_random_uniform_4_size_44_ssize_30_k_14_sr_4_reservoir_greedy, zipped to /scratch/ttran02/output22_sampled_zips, and removed /home/ttran02/pj/computational-methods/output22/1138_bus_entropyscore_forget_svd_aux_random_uniform_4_size_44_ssize_30_k_14_sr_4_reservoir_greedy
[2026-04-16 21:31:21] zip created for 1138_bus_entropyscore_forget_svd_aux_random_uniform_4_size_46_ssize_11_k_35_sr_16_reservoir_greedy: 502 files -> /scratch/ttran02/output22_sampled_zips/1138_bus_entropyscore_forget_svd_aux_random_uniform_4_size_46_ssize_11_k_35_sr_16_reservoir_greedy_sampled.zip
[2026-04-16 21:31:22] synced 1138_bus_entropyscore_forget_svd_aux_random_uniform_4_size_46_ssize_11_k_35_sr_16_reservoir_greedy to /scratch/ttran02/output22/1138_bus_entropyscore_forget_svd_aux_random_uniform_4_size_46_ssize_11_k_35_sr_16_reservoir_greedy, zipped to /scratch/ttran02/output22_sampled_zips, and removed /home/ttran02/pj/computational-methods/output22/1138_bus_entropyscore_forget_svd_aux_random_uniform_4_size_46_ssize_11_k_35_sr_16_reservoir_greedy
[2026-04-16 21:31:41] zip created for 1138_bus_entropyscore_forget_svd_aux_random_uniform_4_size_511_ssize_11_k_500_sr_12_reservoir_greedy: 492 files -> /scratch/ttran02/output22_sampled_zips/1138_bus_entropyscore_forget_svd_aux_random_uniform_4_size_511_ssize_11_k_500_sr_12_reservoir_greedy_sampled.zip
[2026-04-16 21:31:41] synced 1138_bus_entropyscore_forget_svd_aux_random_uniform_4_size_511_ssize_11_k_500_sr_12_reservoir_greedy to /scratch/ttran02/output22/1138_bus_entropyscore_forget_svd_aux_random_uniform_4_size_511_ssize_11_k_500_sr_12_reservoir_greedy, zipped to /scratch/ttran02/output22_sampled_zips, and removed /home/ttran02/pj/computational-methods/output22/1138_bus_entropyscore_forget_svd_aux_random_uniform_4_size_511_ssize_11_k_500_sr_12_reservoir_greedy
[2026-04-16 21:31:41] candidate 1138_bus_entropyscore_forget_svd_aux_random_uniform_4_size_511_ssize_11_k_500_sr_16_reservoir_greedy matched end_idx=1138; monitoring for 60s of stability
[2026-04-16 21:32:00] zip created for 1138_bus_entropyscore_forget_svd_aux_random_uniform_4_size_511_ssize_11_k_500_sr_2_reservoir_greedy: 492 files -> /scratch/ttran02/output22_sampled_zips/1138_bus_entropyscore_forget_svd_aux_random_uniform_4_size_511_ssize_11_k_500_sr_2_reservoir_greedy_sampled.zip
[2026-04-16 21:32:00] synced 1138_bus_entropyscore_forget_svd_aux_random_uniform_4_size_511_ssize_11_k_500_sr_2_reservoir_greedy to /scratch/ttran02/output22/1138_bus_entropyscore_forget_svd_aux_random_uniform_4_size_511_ssize_11_k_500_sr_2_reservoir_greedy, zipped to /scratch/ttran02/output22_sampled_zips, and removed /home/ttran02/pj/computational-methods/output22/1138_bus_entropyscore_forget_svd_aux_random_uniform_4_size_511_ssize_11_k_500_sr_2_reservoir_greedy
[2026-04-16 21:32:19] zip created for 1138_bus_entropyscore_forget_svd_aux_random_uniform_4_size_511_ssize_11_k_500_sr_4_reservoir_greedy: 492 files -> /scratch/ttran02/output22_sampled_zips/1138_bus_entropyscore_forget_svd_aux_random_uniform_4_size_511_ssize_11_k_500_sr_4_reservoir_greedy_sampled.zip
[2026-04-16 21:32:20] synced 1138_bus_entropyscore_forget_svd_aux_random_uniform_4_size_511_ssize_11_k_500_sr_4_reservoir_greedy to /scratch/ttran02/output22/1138_bus_entropyscore_forget_svd_aux_random_uniform_4_size_511_ssize_11_k_500_sr_4_reservoir_greedy, zipped to /scratch/ttran02/output22_sampled_zips, and removed /home/ttran02/pj/computational-methods/output22/1138_bus_entropyscore_forget_svd_aux_random_uniform_4_size_511_ssize_11_k_500_sr_4_reservoir_greedy
[2026-04-16 21:32:39] zip created for 1138_bus_entropyscore_forget_svd_aux_random_uniform_4_size_511_ssize_11_k_500_sr_8_reservoir_greedy: 492 files -> /scratch/ttran02/output22_sampled_zips/1138_bus_entropyscore_forget_svd_aux_random_uniform_4_size_511_ssize_11_k_500_sr_8_reservoir_greedy_sampled.zip
[2026-04-16 21:32:39] synced 1138_bus_entropyscore_forget_svd_aux_random_uniform_4_size_511_ssize_11_k_500_sr_8_reservoir_greedy to /scratch/ttran02/output22/1138_bus_entropyscore_forget_svd_aux_random_uniform_4_size_511_ssize_11_k_500_sr_8_reservoir_greedy, zipped to /scratch/ttran02/output22_sampled_zips, and removed /home/ttran02/pj/computational-methods/output22/1138_bus_entropyscore_forget_svd_aux_random_uniform_4_size_511_ssize_11_k_500_sr_8_reservoir_greedy
[2026-04-16 21:32:47] zip created for 1138_bus_entropyscore_forget_svd_aux_random_uniform_4_size_530_ssize_30_k_500_sr_12_reservoir_greedy: 222 files -> /scratch/ttran02/output22_sampled_zips/1138_bus_entropyscore_forget_svd_aux_random_uniform_4_size_530_ssize_30_k_500_sr_12_reservoir_greedy_sampled.zip
[2026-04-16 21:32:48] synced 1138_bus_entropyscore_forget_svd_aux_random_uniform_4_size_530_ssize_30_k_500_sr_12_reservoir_greedy to /scratch/ttran02/output22/1138_bus_entropyscore_forget_svd_aux_random_uniform_4_size_530_ssize_30_k_500_sr_12_reservoir_greedy, zipped to /scratch/ttran02/output22_sampled_zips, and removed /home/ttran02/pj/computational-methods/output22/1138_bus_entropyscore_forget_svd_aux_random_uniform_4_size_530_ssize_30_k_500_sr_12_reservoir_greedy
[2026-04-16 21:32:56] zip created for 1138_bus_entropyscore_forget_svd_aux_random_uniform_4_size_530_ssize_30_k_500_sr_16_reservoir_greedy: 222 files -> /scratch/ttran02/output22_sampled_zips/1138_bus_entropyscore_forget_svd_aux_random_uniform_4_size_530_ssize_30_k_500_sr_16_reservoir_greedy_sampled.zip
[2026-04-16 21:32:56] synced 1138_bus_entropyscore_forget_svd_aux_random_uniform_4_size_530_ssize_30_k_500_sr_16_reservoir_greedy to /scratch/ttran02/output22/1138_bus_entropyscore_forget_svd_aux_random_uniform_4_size_530_ssize_30_k_500_sr_16_reservoir_greedy, zipped to /scratch/ttran02/output22_sampled_zips, and removed /home/ttran02/pj/computational-methods/output22/1138_bus_entropyscore_forget_svd_aux_random_uniform_4_size_530_ssize_30_k_500_sr_16_reservoir_greedy
[2026-04-16 21:33:04] zip created for 1138_bus_entropyscore_forget_svd_aux_random_uniform_4_size_530_ssize_30_k_500_sr_1_reservoir_greedy: 222 files -> /scratch/ttran02/output22_sampled_zips/1138_bus_entropyscore_forget_svd_aux_random_uniform_4_size_530_ssize_30_k_500_sr_1_reservoir_greedy_sampled.zip
[2026-04-16 21:33:05] synced 1138_bus_entropyscore_forget_svd_aux_random_uniform_4_size_530_ssize_30_k_500_sr_1_reservoir_greedy to /scratch/ttran02/output22/1138_bus_entropyscore_forget_svd_aux_random_uniform_4_size_530_ssize_30_k_500_sr_1_reservoir_greedy, zipped to /scratch/ttran02/output22_sampled_zips, and removed /home/ttran02/pj/computational-methods/output22/1138_bus_entropyscore_forget_svd_aux_random_uniform_4_size_530_ssize_30_k_500_sr_1_reservoir_greedy
[2026-04-16 21:33:05] candidate 1138_bus_entropyscore_forget_svd_aux_random_uniform_4_size_530_ssize_30_k_500_sr_2_reservoir_greedy matched end_idx=1138; monitoring for 60s of stability
[2026-04-16 21:33:13] zip created for 1138_bus_entropyscore_forget_svd_aux_random_uniform_4_size_530_ssize_30_k_500_sr_8_reservoir_greedy: 222 files -> /scratch/ttran02/output22_sampled_zips/1138_bus_entropyscore_forget_svd_aux_random_uniform_4_size_530_ssize_30_k_500_sr_8_reservoir_greedy_sampled.zip
[2026-04-16 21:33:14] synced 1138_bus_entropyscore_forget_svd_aux_random_uniform_4_size_530_ssize_30_k_500_sr_8_reservoir_greedy to /scratch/ttran02/output22/1138_bus_entropyscore_forget_svd_aux_random_uniform_4_size_530_ssize_30_k_500_sr_8_reservoir_greedy, zipped to /scratch/ttran02/output22_sampled_zips, and removed /home/ttran02/pj/computational-methods/output22/1138_bus_entropyscore_forget_svd_aux_random_uniform_4_size_530_ssize_30_k_500_sr_8_reservoir_greedy
[2026-04-16 21:33:14] candidate 1138_bus_entropyscore_forget_svd_aux_random_uniform_4_size_583_ssize_83_k_500_sr_16_reservoir_greedy matched end_idx=1138; monitoring for 60s of stability
[2026-04-16 21:33:17] zip created for 1138_bus_entropyscore_forget_svd_aux_random_uniform_4_size_583_ssize_83_k_500_sr_2_reservoir_greedy: 82 files -> /scratch/ttran02/output22_sampled_zips/1138_bus_entropyscore_forget_svd_aux_random_uniform_4_size_583_ssize_83_k_500_sr_2_reservoir_greedy_sampled.zip
[2026-04-16 21:33:17] synced 1138_bus_entropyscore_forget_svd_aux_random_uniform_4_size_583_ssize_83_k_500_sr_2_reservoir_greedy to /scratch/ttran02/output22/1138_bus_entropyscore_forget_svd_aux_random_uniform_4_size_583_ssize_83_k_500_sr_2_reservoir_greedy, zipped to /scratch/ttran02/output22_sampled_zips, and removed /home/ttran02/pj/computational-methods/output22/1138_bus_entropyscore_forget_svd_aux_random_uniform_4_size_583_ssize_83_k_500_sr_2_reservoir_greedy
[2026-04-16 21:33:20] zip created for 1138_bus_entropyscore_forget_svd_aux_random_uniform_4_size_583_ssize_83_k_500_sr_8_reservoir_greedy: 82 files -> /scratch/ttran02/output22_sampled_zips/1138_bus_entropyscore_forget_svd_aux_random_uniform_4_size_583_ssize_83_k_500_sr_8_reservoir_greedy_sampled.zip
[2026-04-16 21:33:20] synced 1138_bus_entropyscore_forget_svd_aux_random_uniform_4_size_583_ssize_83_k_500_sr_8_reservoir_greedy to /scratch/ttran02/output22/1138_bus_entropyscore_forget_svd_aux_random_uniform_4_size_583_ssize_83_k_500_sr_8_reservoir_greedy, zipped to /scratch/ttran02/output22_sampled_zips, and removed /home/ttran02/pj/computational-methods/output22/1138_bus_entropyscore_forget_svd_aux_random_uniform_4_size_583_ssize_83_k_500_sr_8_reservoir_greedy
[2026-04-16 21:33:21] zip created for 1138_bus_entropyscore_forget_svd_aux_random_uniform_4_size_65_ssize_30_k_35_sr_16_reservoir_greedy: 372 files -> /scratch/ttran02/output22_sampled_zips/1138_bus_entropyscore_forget_svd_aux_random_uniform_4_size_65_ssize_30_k_35_sr_16_reservoir_greedy_sampled.zip
[2026-04-16 21:33:21] synced 1138_bus_entropyscore_forget_svd_aux_random_uniform_4_size_65_ssize_30_k_35_sr_16_reservoir_greedy to /scratch/ttran02/output22/1138_bus_entropyscore_forget_svd_aux_random_uniform_4_size_65_ssize_30_k_35_sr_16_reservoir_greedy, zipped to /scratch/ttran02/output22_sampled_zips, and removed /home/ttran02/pj/computational-methods/output22/1138_bus_entropyscore_forget_svd_aux_random_uniform_4_size_65_ssize_30_k_35_sr_16_reservoir_greedy
[2026-04-16 21:33:22] zip created for 1138_bus_entropyscore_forget_svd_aux_random_uniform_4_size_65_ssize_30_k_35_sr_8_reservoir_greedy: 372 files -> /scratch/ttran02/output22_sampled_zips/1138_bus_entropyscore_forget_svd_aux_random_uniform_4_size_65_ssize_30_k_35_sr_8_reservoir_greedy_sampled.zip
[2026-04-16 21:33:22] synced 1138_bus_entropyscore_forget_svd_aux_random_uniform_4_size_65_ssize_30_k_35_sr_8_reservoir_greedy to /scratch/ttran02/output22/1138_bus_entropyscore_forget_svd_aux_random_uniform_4_size_65_ssize_30_k_35_sr_8_reservoir_greedy, zipped to /scratch/ttran02/output22_sampled_zips, and removed /home/ttran02/pj/computational-methods/output22/1138_bus_entropyscore_forget_svd_aux_random_uniform_4_size_65_ssize_30_k_35_sr_8_reservoir_greedy
[2026-04-16 21:33:24] zip created for 1138_bus_entropyscore_forget_svd_aux_random_uniform_4_size_726_ssize_226_k_500_sr_12_reservoir_greedy: 32 files -> /scratch/ttran02/output22_sampled_zips/1138_bus_entropyscore_forget_svd_aux_random_uniform_4_size_726_ssize_226_k_500_sr_12_reservoir_greedy_sampled.zip
[2026-04-16 21:33:24] synced 1138_bus_entropyscore_forget_svd_aux_random_uniform_4_size_726_ssize_226_k_500_sr_12_reservoir_greedy to /scratch/ttran02/output22/1138_bus_entropyscore_forget_svd_aux_random_uniform_4_size_726_ssize_226_k_500_sr_12_reservoir_greedy, zipped to /scratch/ttran02/output22_sampled_zips, and removed /home/ttran02/pj/computational-methods/output22/1138_bus_entropyscore_forget_svd_aux_random_uniform_4_size_726_ssize_226_k_500_sr_12_reservoir_greedy
[2026-04-16 21:33:24] candidate 1138_bus_entropyscore_forget_svd_aux_random_uniform_4_size_726_ssize_226_k_500_sr_16_reservoir_greedy matched end_idx=1138; monitoring for 60s of stability
[2026-04-16 21:33:25] zip created for 1138_bus_entropyscore_forget_svd_aux_random_uniform_4_size_726_ssize_226_k_500_sr_8_reservoir_greedy: 32 files -> /scratch/ttran02/output22_sampled_zips/1138_bus_entropyscore_forget_svd_aux_random_uniform_4_size_726_ssize_226_k_500_sr_8_reservoir_greedy_sampled.zip
[2026-04-16 21:33:25] synced 1138_bus_entropyscore_forget_svd_aux_random_uniform_4_size_726_ssize_226_k_500_sr_8_reservoir_greedy to /scratch/ttran02/output22/1138_bus_entropyscore_forget_svd_aux_random_uniform_4_size_726_ssize_226_k_500_sr_8_reservoir_greedy, zipped to /scratch/ttran02/output22_sampled_zips, and removed /home/ttran02/pj/computational-methods/output22/1138_bus_entropyscore_forget_svd_aux_random_uniform_4_size_726_ssize_226_k_500_sr_8_reservoir_greedy
[2026-04-16 21:33:25] zip created for 1138_bus_entropyscore_forget_svd_aux_random_uniform_4_size_85_ssize_83_k_2_sr_1_reservoir_greedy: 142 files -> /scratch/ttran02/output22_sampled_zips/1138_bus_entropyscore_forget_svd_aux_random_uniform_4_size_85_ssize_83_k_2_sr_1_reservoir_greedy_sampled.zip
[2026-04-16 21:33:25] synced 1138_bus_entropyscore_forget_svd_aux_random_uniform_4_size_85_ssize_83_k_2_sr_1_reservoir_greedy to /scratch/ttran02/output22/1138_bus_entropyscore_forget_svd_aux_random_uniform_4_size_85_ssize_83_k_2_sr_1_reservoir_greedy, zipped to /scratch/ttran02/output22_sampled_zips, and removed /home/ttran02/pj/computational-methods/output22/1138_bus_entropyscore_forget_svd_aux_random_uniform_4_size_85_ssize_83_k_2_sr_1_reservoir_greedy
[2026-04-16 21:33:26] zip created for 1138_bus_entropyscore_forget_svd_aux_random_uniform_4_size_85_ssize_83_k_2_sr_2_reservoir_greedy: 142 files -> /scratch/ttran02/output22_sampled_zips/1138_bus_entropyscore_forget_svd_aux_random_uniform_4_size_85_ssize_83_k_2_sr_2_reservoir_greedy_sampled.zip
[2026-04-16 21:33:26] synced 1138_bus_entropyscore_forget_svd_aux_random_uniform_4_size_85_ssize_83_k_2_sr_2_reservoir_greedy to /scratch/ttran02/output22/1138_bus_entropyscore_forget_svd_aux_random_uniform_4_size_85_ssize_83_k_2_sr_2_reservoir_greedy, zipped to /scratch/ttran02/output22_sampled_zips, and removed /home/ttran02/pj/computational-methods/output22/1138_bus_entropyscore_forget_svd_aux_random_uniform_4_size_85_ssize_83_k_2_sr_2_reservoir_greedy
[2026-04-16 21:33:26] zip created for 1138_bus_entropyscore_forget_svd_aux_random_uniform_4_size_89_ssize_83_k_6_sr_2_reservoir_greedy: 142 files -> /scratch/ttran02/output22_sampled_zips/1138_bus_entropyscore_forget_svd_aux_random_uniform_4_size_89_ssize_83_k_6_sr_2_reservoir_greedy_sampled.zip
[2026-04-16 21:33:26] synced 1138_bus_entropyscore_forget_svd_aux_random_uniform_4_size_89_ssize_83_k_6_sr_2_reservoir_greedy to /scratch/ttran02/output22/1138_bus_entropyscore_forget_svd_aux_random_uniform_4_size_89_ssize_83_k_6_sr_2_reservoir_greedy, zipped to /scratch/ttran02/output22_sampled_zips, and removed /home/ttran02/pj/computational-methods/output22/1138_bus_entropyscore_forget_svd_aux_random_uniform_4_size_89_ssize_83_k_6_sr_2_reservoir_greedy
[2026-04-16 21:33:26] zip created for 1138_bus_entropyscore_forget_svd_aux_random_uniform_4_size_89_ssize_83_k_6_sr_4_reservoir_greedy: 142 files -> /scratch/ttran02/output22_sampled_zips/1138_bus_entropyscore_forget_svd_aux_random_uniform_4_size_89_ssize_83_k_6_sr_4_reservoir_greedy_sampled.zip
[2026-04-16 21:33:27] synced 1138_bus_entropyscore_forget_svd_aux_random_uniform_4_size_89_ssize_83_k_6_sr_4_reservoir_greedy to /scratch/ttran02/output22/1138_bus_entropyscore_forget_svd_aux_random_uniform_4_size_89_ssize_83_k_6_sr_4_reservoir_greedy, zipped to /scratch/ttran02/output22_sampled_zips, and removed /home/ttran02/pj/computational-methods/output22/1138_bus_entropyscore_forget_svd_aux_random_uniform_4_size_89_ssize_83_k_6_sr_4_reservoir_greedy
[2026-04-16 21:33:27] zip created for 1138_bus_entropyscore_forget_svd_aux_random_uniform_4_size_89_ssize_83_k_6_sr_6_reservoir_greedy: 142 files -> /scratch/ttran02/output22_sampled_zips/1138_bus_entropyscore_forget_svd_aux_random_uniform_4_size_89_ssize_83_k_6_sr_6_reservoir_greedy_sampled.zip
[2026-04-16 21:33:27] synced 1138_bus_entropyscore_forget_svd_aux_random_uniform_4_size_89_ssize_83_k_6_sr_6_reservoir_greedy to /scratch/ttran02/output22/1138_bus_entropyscore_forget_svd_aux_random_uniform_4_size_89_ssize_83_k_6_sr_6_reservoir_greedy, zipped to /scratch/ttran02/output22_sampled_zips, and removed /home/ttran02/pj/computational-methods/output22/1138_bus_entropyscore_forget_svd_aux_random_uniform_4_size_89_ssize_83_k_6_sr_6_reservoir_greedy
[2026-04-16 21:33:28] zip created for 1138_bus_entropyscore_forget_svd_aux_random_uniform_4_size_96_ssize_11_k_85_sr_1_reservoir_greedy: 502 files -> /scratch/ttran02/output22_sampled_zips/1138_bus_entropyscore_forget_svd_aux_random_uniform_4_size_96_ssize_11_k_85_sr_1_reservoir_greedy_sampled.zip
[2026-04-16 21:33:29] synced 1138_bus_entropyscore_forget_svd_aux_random_uniform_4_size_96_ssize_11_k_85_sr_1_reservoir_greedy to /scratch/ttran02/output22/1138_bus_entropyscore_forget_svd_aux_random_uniform_4_size_96_ssize_11_k_85_sr_1_reservoir_greedy, zipped to /scratch/ttran02/output22_sampled_zips, and removed /home/ttran02/pj/computational-methods/output22/1138_bus_entropyscore_forget_svd_aux_random_uniform_4_size_96_ssize_11_k_85_sr_1_reservoir_greedy
[2026-04-16 21:33:29] candidate 1138_bus_entropyscore_forget_svd_aux_random_uniform_4_size_97_ssize_83_k_14_sr_14_reservoir_greedy matched end_idx=1138; monitoring for 60s of stability
[2026-04-16 21:33:29] zip created for 1138_bus_entropyscore_forget_svd_aux_random_uniform_4_size_97_ssize_83_k_14_sr_1_reservoir_greedy: 142 files -> /scratch/ttran02/output22_sampled_zips/1138_bus_entropyscore_forget_svd_aux_random_uniform_4_size_97_ssize_83_k_14_sr_1_reservoir_greedy_sampled.zip
[2026-04-16 21:33:29] synced 1138_bus_entropyscore_forget_svd_aux_random_uniform_4_size_97_ssize_83_k_14_sr_1_reservoir_greedy to /scratch/ttran02/output22/1138_bus_entropyscore_forget_svd_aux_random_uniform_4_size_97_ssize_83_k_14_sr_1_reservoir_greedy, zipped to /scratch/ttran02/output22_sampled_zips, and removed /home/ttran02/pj/computational-methods/output22/1138_bus_entropyscore_forget_svd_aux_random_uniform_4_size_97_ssize_83_k_14_sr_1_reservoir_greedy
[2026-04-16 21:33:30] zip created for 1138_bus_entropyscore_forget_svd_aux_random_uniform_4_size_97_ssize_83_k_14_sr_2_reservoir_greedy: 142 files -> /scratch/ttran02/output22_sampled_zips/1138_bus_entropyscore_forget_svd_aux_random_uniform_4_size_97_ssize_83_k_14_sr_2_reservoir_greedy_sampled.zip
[2026-04-16 21:33:30] synced 1138_bus_entropyscore_forget_svd_aux_random_uniform_4_size_97_ssize_83_k_14_sr_2_reservoir_greedy to /scratch/ttran02/output22/1138_bus_entropyscore_forget_svd_aux_random_uniform_4_size_97_ssize_83_k_14_sr_2_reservoir_greedy, zipped to /scratch/ttran02/output22_sampled_zips, and removed /home/ttran02/pj/computational-methods/output22/1138_bus_entropyscore_forget_svd_aux_random_uniform_4_size_97_ssize_83_k_14_sr_2_reservoir_greedy
[2026-04-16 21:33:30] zip created for 1138_bus_entropyscore_forget_svd_aux_random_uniform_4_size_97_ssize_83_k_14_sr_4_reservoir_greedy: 142 files -> /scratch/ttran02/output22_sampled_zips/1138_bus_entropyscore_forget_svd_aux_random_uniform_4_size_97_ssize_83_k_14_sr_4_reservoir_greedy_sampled.zip
[2026-04-16 21:33:30] synced 1138_bus_entropyscore_forget_svd_aux_random_uniform_4_size_97_ssize_83_k_14_sr_4_reservoir_greedy to /scratch/ttran02/output22/1138_bus_entropyscore_forget_svd_aux_random_uniform_4_size_97_ssize_83_k_14_sr_4_reservoir_greedy, zipped to /scratch/ttran02/output22_sampled_zips, and removed /home/ttran02/pj/computational-methods/output22/1138_bus_entropyscore_forget_svd_aux_random_uniform_4_size_97_ssize_83_k_14_sr_4_reservoir_greedy
[2026-04-16 21:33:30] candidate 1138_bus_entropyscore_forget_svd_aux_random_uniform_5_size_115_ssize_30_k_85_sr_12_reservoir_greedy matched end_idx=1138; monitoring for 60s of stability
[2026-04-16 21:33:31] zip created for 1138_bus_entropyscore_forget_svd_aux_random_uniform_5_size_115_ssize_30_k_85_sr_2_reservoir_greedy: 362 files -> /scratch/ttran02/output22_sampled_zips/1138_bus_entropyscore_forget_svd_aux_random_uniform_5_size_115_ssize_30_k_85_sr_2_reservoir_greedy_sampled.zip
[2026-04-16 21:33:31] synced 1138_bus_entropyscore_forget_svd_aux_random_uniform_5_size_115_ssize_30_k_85_sr_2_reservoir_greedy to /scratch/ttran02/output22/1138_bus_entropyscore_forget_svd_aux_random_uniform_5_size_115_ssize_30_k_85_sr_2_reservoir_greedy, zipped to /scratch/ttran02/output22_sampled_zips, and removed /home/ttran02/pj/computational-methods/output22/1138_bus_entropyscore_forget_svd_aux_random_uniform_5_size_115_ssize_30_k_85_sr_2_reservoir_greedy
[2026-04-16 21:33:33] zip created for 1138_bus_entropyscore_forget_svd_aux_random_uniform_5_size_115_ssize_30_k_85_sr_4_reservoir_greedy: 362 files -> /scratch/ttran02/output22_sampled_zips/1138_bus_entropyscore_forget_svd_aux_random_uniform_5_size_115_ssize_30_k_85_sr_4_reservoir_greedy_sampled.zip
[2026-04-16 21:33:33] synced 1138_bus_entropyscore_forget_svd_aux_random_uniform_5_size_115_ssize_30_k_85_sr_4_reservoir_greedy to /scratch/ttran02/output22/1138_bus_entropyscore_forget_svd_aux_random_uniform_5_size_115_ssize_30_k_85_sr_4_reservoir_greedy, zipped to /scratch/ttran02/output22_sampled_zips, and removed /home/ttran02/pj/computational-methods/output22/1138_bus_entropyscore_forget_svd_aux_random_uniform_5_size_115_ssize_30_k_85_sr_4_reservoir_greedy
[2026-04-16 21:33:33] zip created for 1138_bus_entropyscore_forget_svd_aux_random_uniform_5_size_118_ssize_83_k_35_sr_12_reservoir_greedy: 142 files -> /scratch/ttran02/output22_sampled_zips/1138_bus_entropyscore_forget_svd_aux_random_uniform_5_size_118_ssize_83_k_35_sr_12_reservoir_greedy_sampled.zip
[2026-04-16 21:33:33] synced 1138_bus_entropyscore_forget_svd_aux_random_uniform_5_size_118_ssize_83_k_35_sr_12_reservoir_greedy to /scratch/ttran02/output22/1138_bus_entropyscore_forget_svd_aux_random_uniform_5_size_118_ssize_83_k_35_sr_12_reservoir_greedy, zipped to /scratch/ttran02/output22_sampled_zips, and removed /home/ttran02/pj/computational-methods/output22/1138_bus_entropyscore_forget_svd_aux_random_uniform_5_size_118_ssize_83_k_35_sr_12_reservoir_greedy
[2026-04-16 21:33:34] zip created for 1138_bus_entropyscore_forget_svd_aux_random_uniform_5_size_118_ssize_83_k_35_sr_16_reservoir_greedy: 142 files -> /scratch/ttran02/output22_sampled_zips/1138_bus_entropyscore_forget_svd_aux_random_uniform_5_size_118_ssize_83_k_35_sr_16_reservoir_greedy_sampled.zip
[2026-04-16 21:33:34] synced 1138_bus_entropyscore_forget_svd_aux_random_uniform_5_size_118_ssize_83_k_35_sr_16_reservoir_greedy to /scratch/ttran02/output22/1138_bus_entropyscore_forget_svd_aux_random_uniform_5_size_118_ssize_83_k_35_sr_16_reservoir_greedy, zipped to /scratch/ttran02/output22_sampled_zips, and removed /home/ttran02/pj/computational-methods/output22/1138_bus_entropyscore_forget_svd_aux_random_uniform_5_size_118_ssize_83_k_35_sr_16_reservoir_greedy
[2026-04-16 21:33:34] zip created for 1138_bus_entropyscore_forget_svd_aux_random_uniform_5_size_118_ssize_83_k_35_sr_8_reservoir_greedy: 142 files -> /scratch/ttran02/output22_sampled_zips/1138_bus_entropyscore_forget_svd_aux_random_uniform_5_size_118_ssize_83_k_35_sr_8_reservoir_greedy_sampled.zip
[2026-04-16 21:33:34] synced 1138_bus_entropyscore_forget_svd_aux_random_uniform_5_size_118_ssize_83_k_35_sr_8_reservoir_greedy to /scratch/ttran02/output22/1138_bus_entropyscore_forget_svd_aux_random_uniform_5_size_118_ssize_83_k_35_sr_8_reservoir_greedy, zipped to /scratch/ttran02/output22_sampled_zips, and removed /home/ttran02/pj/computational-methods/output22/1138_bus_entropyscore_forget_svd_aux_random_uniform_5_size_118_ssize_83_k_35_sr_8_reservoir_greedy
[2026-04-16 21:33:35] zip created for 1138_bus_entropyscore_forget_svd_aux_random_uniform_5_size_168_ssize_83_k_85_sr_12_reservoir_greedy: 132 files -> /scratch/ttran02/output22_sampled_zips/1138_bus_entropyscore_forget_svd_aux_random_uniform_5_size_168_ssize_83_k_85_sr_12_reservoir_greedy_sampled.zip
[2026-04-16 21:33:35] synced 1138_bus_entropyscore_forget_svd_aux_random_uniform_5_size_168_ssize_83_k_85_sr_12_reservoir_greedy to /scratch/ttran02/output22/1138_bus_entropyscore_forget_svd_aux_random_uniform_5_size_168_ssize_83_k_85_sr_12_reservoir_greedy, zipped to /scratch/ttran02/output22_sampled_zips, and removed /home/ttran02/pj/computational-methods/output22/1138_bus_entropyscore_forget_svd_aux_random_uniform_5_size_168_ssize_83_k_85_sr_12_reservoir_greedy
[2026-04-16 21:33:35] zip created for 1138_bus_entropyscore_forget_svd_aux_random_uniform_5_size_168_ssize_83_k_85_sr_16_reservoir_greedy: 132 files -> /scratch/ttran02/output22_sampled_zips/1138_bus_entropyscore_forget_svd_aux_random_uniform_5_size_168_ssize_83_k_85_sr_16_reservoir_greedy_sampled.zip
[2026-04-16 21:33:35] synced 1138_bus_entropyscore_forget_svd_aux_random_uniform_5_size_168_ssize_83_k_85_sr_16_reservoir_greedy to /scratch/ttran02/output22/1138_bus_entropyscore_forget_svd_aux_random_uniform_5_size_168_ssize_83_k_85_sr_16_reservoir_greedy, zipped to /scratch/ttran02/output22_sampled_zips, and removed /home/ttran02/pj/computational-methods/output22/1138_bus_entropyscore_forget_svd_aux_random_uniform_5_size_168_ssize_83_k_85_sr_16_reservoir_greedy
[2026-04-16 21:33:35] candidate 1138_bus_entropyscore_forget_svd_aux_random_uniform_5_size_168_ssize_83_k_85_sr_2_reservoir_greedy matched end_idx=1138; monitoring for 60s of stability
[2026-04-16 21:33:36] zip created for 1138_bus_entropyscore_forget_svd_aux_random_uniform_5_size_168_ssize_83_k_85_sr_4_reservoir_greedy: 132 files -> /scratch/ttran02/output22_sampled_zips/1138_bus_entropyscore_forget_svd_aux_random_uniform_5_size_168_ssize_83_k_85_sr_4_reservoir_greedy_sampled.zip
[2026-04-16 21:33:36] synced 1138_bus_entropyscore_forget_svd_aux_random_uniform_5_size_168_ssize_83_k_85_sr_4_reservoir_greedy to /scratch/ttran02/output22/1138_bus_entropyscore_forget_svd_aux_random_uniform_5_size_168_ssize_83_k_85_sr_4_reservoir_greedy, zipped to /scratch/ttran02/output22_sampled_zips, and removed /home/ttran02/pj/computational-methods/output22/1138_bus_entropyscore_forget_svd_aux_random_uniform_5_size_168_ssize_83_k_85_sr_4_reservoir_greedy
[2026-04-16 21:33:41] zip created for 1138_bus_entropyscore_forget_svd_aux_random_uniform_5_size_217_ssize_11_k_206_sr_12_reservoir_greedy: 502 files -> /scratch/ttran02/output22_sampled_zips/1138_bus_entropyscore_forget_svd_aux_random_uniform_5_size_217_ssize_11_k_206_sr_12_reservoir_greedy_sampled.zip
[2026-04-16 21:33:41] synced 1138_bus_entropyscore_forget_svd_aux_random_uniform_5_size_217_ssize_11_k_206_sr_12_reservoir_greedy to /scratch/ttran02/output22/1138_bus_entropyscore_forget_svd_aux_random_uniform_5_size_217_ssize_11_k_206_sr_12_reservoir_greedy, zipped to /scratch/ttran02/output22_sampled_zips, and removed /home/ttran02/pj/computational-methods/output22/1138_bus_entropyscore_forget_svd_aux_random_uniform_5_size_217_ssize_11_k_206_sr_12_reservoir_greedy
[2026-04-16 21:33:46] zip created for 1138_bus_entropyscore_forget_svd_aux_random_uniform_5_size_217_ssize_11_k_206_sr_16_reservoir_greedy: 502 files -> /scratch/ttran02/output22_sampled_zips/1138_bus_entropyscore_forget_svd_aux_random_uniform_5_size_217_ssize_11_k_206_sr_16_reservoir_greedy_sampled.zip
[2026-04-16 21:33:46] synced 1138_bus_entropyscore_forget_svd_aux_random_uniform_5_size_217_ssize_11_k_206_sr_16_reservoir_greedy to /scratch/ttran02/output22/1138_bus_entropyscore_forget_svd_aux_random_uniform_5_size_217_ssize_11_k_206_sr_16_reservoir_greedy, zipped to /scratch/ttran02/output22_sampled_zips, and removed /home/ttran02/pj/computational-methods/output22/1138_bus_entropyscore_forget_svd_aux_random_uniform_5_size_217_ssize_11_k_206_sr_16_reservoir_greedy
[2026-04-16 21:33:46] zip created for 1138_bus_entropyscore_forget_svd_aux_random_uniform_5_size_228_ssize_226_k_2_sr_1_reservoir_greedy: 62 files -> /scratch/ttran02/output22_sampled_zips/1138_bus_entropyscore_forget_svd_aux_random_uniform_5_size_228_ssize_226_k_2_sr_1_reservoir_greedy_sampled.zip
[2026-04-16 21:33:46] synced 1138_bus_entropyscore_forget_svd_aux_random_uniform_5_size_228_ssize_226_k_2_sr_1_reservoir_greedy to /scratch/ttran02/output22/1138_bus_entropyscore_forget_svd_aux_random_uniform_5_size_228_ssize_226_k_2_sr_1_reservoir_greedy, zipped to /scratch/ttran02/output22_sampled_zips, and removed /home/ttran02/pj/computational-methods/output22/1138_bus_entropyscore_forget_svd_aux_random_uniform_5_size_228_ssize_226_k_2_sr_1_reservoir_greedy
[2026-04-16 21:33:46] candidate 1138_bus_entropyscore_forget_svd_aux_random_uniform_5_size_232_ssize_226_k_6_sr_1_reservoir_greedy matched end_idx=1138; monitoring for 60s of stability
[2026-04-16 21:33:47] zip created for 1138_bus_entropyscore_forget_svd_aux_random_uniform_5_size_232_ssize_226_k_6_sr_2_reservoir_greedy: 62 files -> /scratch/ttran02/output22_sampled_zips/1138_bus_entropyscore_forget_svd_aux_random_uniform_5_size_232_ssize_226_k_6_sr_2_reservoir_greedy_sampled.zip
[2026-04-16 21:33:47] synced 1138_bus_entropyscore_forget_svd_aux_random_uniform_5_size_232_ssize_226_k_6_sr_2_reservoir_greedy to /scratch/ttran02/output22/1138_bus_entropyscore_forget_svd_aux_random_uniform_5_size_232_ssize_226_k_6_sr_2_reservoir_greedy, zipped to /scratch/ttran02/output22_sampled_zips, and removed /home/ttran02/pj/computational-methods/output22/1138_bus_entropyscore_forget_svd_aux_random_uniform_5_size_232_ssize_226_k_6_sr_2_reservoir_greedy
[2026-04-16 21:33:47] candidate 1138_bus_entropyscore_forget_svd_aux_random_uniform_5_size_232_ssize_226_k_6_sr_4_reservoir_greedy matched end_idx=1138; monitoring for 60s of stability
[2026-04-16 21:33:47] zip created for 1138_bus_entropyscore_forget_svd_aux_random_uniform_5_size_232_ssize_226_k_6_sr_6_reservoir_greedy: 62 files -> /scratch/ttran02/output22_sampled_zips/1138_bus_entropyscore_forget_svd_aux_random_uniform_5_size_232_ssize_226_k_6_sr_6_reservoir_greedy_sampled.zip
[2026-04-16 21:33:47] synced 1138_bus_entropyscore_forget_svd_aux_random_uniform_5_size_232_ssize_226_k_6_sr_6_reservoir_greedy to /scratch/ttran02/output22/1138_bus_entropyscore_forget_svd_aux_random_uniform_5_size_232_ssize_226_k_6_sr_6_reservoir_greedy, zipped to /scratch/ttran02/output22_sampled_zips, and removed /home/ttran02/pj/computational-methods/output22/1138_bus_entropyscore_forget_svd_aux_random_uniform_5_size_232_ssize_226_k_6_sr_6_reservoir_greedy
[2026-04-16 21:33:50] zip created for 1138_bus_entropyscore_forget_svd_aux_random_uniform_5_size_236_ssize_30_k_206_sr_12_reservoir_greedy: 322 files -> /scratch/ttran02/output22_sampled_zips/1138_bus_entropyscore_forget_svd_aux_random_uniform_5_size_236_ssize_30_k_206_sr_12_reservoir_greedy_sampled.zip
[2026-04-16 21:33:50] synced 1138_bus_entropyscore_forget_svd_aux_random_uniform_5_size_236_ssize_30_k_206_sr_12_reservoir_greedy to /scratch/ttran02/output22/1138_bus_entropyscore_forget_svd_aux_random_uniform_5_size_236_ssize_30_k_206_sr_12_reservoir_greedy, zipped to /scratch/ttran02/output22_sampled_zips, and removed /home/ttran02/pj/computational-methods/output22/1138_bus_entropyscore_forget_svd_aux_random_uniform_5_size_236_ssize_30_k_206_sr_12_reservoir_greedy
[2026-04-16 21:33:53] zip created for 1138_bus_entropyscore_forget_svd_aux_random_uniform_5_size_236_ssize_30_k_206_sr_16_reservoir_greedy: 322 files -> /scratch/ttran02/output22_sampled_zips/1138_bus_entropyscore_forget_svd_aux_random_uniform_5_size_236_ssize_30_k_206_sr_16_reservoir_greedy_sampled.zip
[2026-04-16 21:33:53] synced 1138_bus_entropyscore_forget_svd_aux_random_uniform_5_size_236_ssize_30_k_206_sr_16_reservoir_greedy to /scratch/ttran02/output22/1138_bus_entropyscore_forget_svd_aux_random_uniform_5_size_236_ssize_30_k_206_sr_16_reservoir_greedy, zipped to /scratch/ttran02/output22_sampled_zips, and removed /home/ttran02/pj/computational-methods/output22/1138_bus_entropyscore_forget_svd_aux_random_uniform_5_size_236_ssize_30_k_206_sr_16_reservoir_greedy
[2026-04-16 21:33:56] zip created for 1138_bus_entropyscore_forget_svd_aux_random_uniform_5_size_236_ssize_30_k_206_sr_2_reservoir_greedy: 322 files -> /scratch/ttran02/output22_sampled_zips/1138_bus_entropyscore_forget_svd_aux_random_uniform_5_size_236_ssize_30_k_206_sr_2_reservoir_greedy_sampled.zip
[2026-04-16 21:33:56] synced 1138_bus_entropyscore_forget_svd_aux_random_uniform_5_size_236_ssize_30_k_206_sr_2_reservoir_greedy to /scratch/ttran02/output22/1138_bus_entropyscore_forget_svd_aux_random_uniform_5_size_236_ssize_30_k_206_sr_2_reservoir_greedy, zipped to /scratch/ttran02/output22_sampled_zips, and removed /home/ttran02/pj/computational-methods/output22/1138_bus_entropyscore_forget_svd_aux_random_uniform_5_size_236_ssize_30_k_206_sr_2_reservoir_greedy
[2026-04-16 21:33:59] zip created for 1138_bus_entropyscore_forget_svd_aux_random_uniform_5_size_236_ssize_30_k_206_sr_8_reservoir_greedy: 322 files -> /scratch/ttran02/output22_sampled_zips/1138_bus_entropyscore_forget_svd_aux_random_uniform_5_size_236_ssize_30_k_206_sr_8_reservoir_greedy_sampled.zip
[2026-04-16 21:33:59] synced 1138_bus_entropyscore_forget_svd_aux_random_uniform_5_size_236_ssize_30_k_206_sr_8_reservoir_greedy to /scratch/ttran02/output22/1138_bus_entropyscore_forget_svd_aux_random_uniform_5_size_236_ssize_30_k_206_sr_8_reservoir_greedy, zipped to /scratch/ttran02/output22_sampled_zips, and removed /home/ttran02/pj/computational-methods/output22/1138_bus_entropyscore_forget_svd_aux_random_uniform_5_size_236_ssize_30_k_206_sr_8_reservoir_greedy
[2026-04-16 21:33:59] zip created for 1138_bus_entropyscore_forget_svd_aux_random_uniform_5_size_240_ssize_226_k_14_sr_14_reservoir_greedy: 52 files -> /scratch/ttran02/output22_sampled_zips/1138_bus_entropyscore_forget_svd_aux_random_uniform_5_size_240_ssize_226_k_14_sr_14_reservoir_greedy_sampled.zip
[2026-04-16 21:33:59] synced 1138_bus_entropyscore_forget_svd_aux_random_uniform_5_size_240_ssize_226_k_14_sr_14_reservoir_greedy to /scratch/ttran02/output22/1138_bus_entropyscore_forget_svd_aux_random_uniform_5_size_240_ssize_226_k_14_sr_14_reservoir_greedy, zipped to /scratch/ttran02/output22_sampled_zips, and removed /home/ttran02/pj/computational-methods/output22/1138_bus_entropyscore_forget_svd_aux_random_uniform_5_size_240_ssize_226_k_14_sr_14_reservoir_greedy
[2026-04-16 21:33:59] zip created for 1138_bus_entropyscore_forget_svd_aux_random_uniform_5_size_240_ssize_226_k_14_sr_2_reservoir_greedy: 52 files -> /scratch/ttran02/output22_sampled_zips/1138_bus_entropyscore_forget_svd_aux_random_uniform_5_size_240_ssize_226_k_14_sr_2_reservoir_greedy_sampled.zip
[2026-04-16 21:33:59] synced 1138_bus_entropyscore_forget_svd_aux_random_uniform_5_size_240_ssize_226_k_14_sr_2_reservoir_greedy to /scratch/ttran02/output22/1138_bus_entropyscore_forget_svd_aux_random_uniform_5_size_240_ssize_226_k_14_sr_2_reservoir_greedy, zipped to /scratch/ttran02/output22_sampled_zips, and removed /home/ttran02/pj/computational-methods/output22/1138_bus_entropyscore_forget_svd_aux_random_uniform_5_size_240_ssize_226_k_14_sr_2_reservoir_greedy
[2026-04-16 21:33:59] candidate 1138_bus_entropyscore_forget_svd_aux_random_uniform_5_size_240_ssize_226_k_14_sr_4_reservoir_greedy matched end_idx=1138; monitoring for 60s of stability
[2026-04-16 21:33:59] candidate 1138_bus_entropyscore_forget_svd_aux_random_uniform_5_size_240_ssize_226_k_14_sr_8_reservoir_greedy matched end_idx=1138; monitoring for 60s of stability
[2026-04-16 21:34:00] zip created for 1138_bus_entropyscore_forget_svd_aux_random_uniform_5_size_25_ssize_11_k_14_sr_12_reservoir_greedy: 502 files -> /scratch/ttran02/output22_sampled_zips/1138_bus_entropyscore_forget_svd_aux_random_uniform_5_size_25_ssize_11_k_14_sr_12_reservoir_greedy_sampled.zip
[2026-04-16 21:34:01] synced 1138_bus_entropyscore_forget_svd_aux_random_uniform_5_size_25_ssize_11_k_14_sr_12_reservoir_greedy to /scratch/ttran02/output22/1138_bus_entropyscore_forget_svd_aux_random_uniform_5_size_25_ssize_11_k_14_sr_12_reservoir_greedy, zipped to /scratch/ttran02/output22_sampled_zips, and removed /home/ttran02/pj/computational-methods/output22/1138_bus_entropyscore_forget_svd_aux_random_uniform_5_size_25_ssize_11_k_14_sr_12_reservoir_greedy
[2026-04-16 21:34:01] zip created for 1138_bus_entropyscore_forget_svd_aux_random_uniform_5_size_261_ssize_226_k_35_sr_16_reservoir_greedy: 52 files -> /scratch/ttran02/output22_sampled_zips/1138_bus_entropyscore_forget_svd_aux_random_uniform_5_size_261_ssize_226_k_35_sr_16_reservoir_greedy_sampled.zip
[2026-04-16 21:34:01] synced 1138_bus_entropyscore_forget_svd_aux_random_uniform_5_size_261_ssize_226_k_35_sr_16_reservoir_greedy to /scratch/ttran02/output22/1138_bus_entropyscore_forget_svd_aux_random_uniform_5_size_261_ssize_226_k_35_sr_16_reservoir_greedy, zipped to /scratch/ttran02/output22_sampled_zips, and removed /home/ttran02/pj/computational-methods/output22/1138_bus_entropyscore_forget_svd_aux_random_uniform_5_size_261_ssize_226_k_35_sr_16_reservoir_greedy
[2026-04-16 21:34:01] zip created for 1138_bus_entropyscore_forget_svd_aux_random_uniform_5_size_261_ssize_226_k_35_sr_1_reservoir_greedy: 52 files -> /scratch/ttran02/output22_sampled_zips/1138_bus_entropyscore_forget_svd_aux_random_uniform_5_size_261_ssize_226_k_35_sr_1_reservoir_greedy_sampled.zip
[2026-04-16 21:34:01] synced 1138_bus_entropyscore_forget_svd_aux_random_uniform_5_size_261_ssize_226_k_35_sr_1_reservoir_greedy to /scratch/ttran02/output22/1138_bus_entropyscore_forget_svd_aux_random_uniform_5_size_261_ssize_226_k_35_sr_1_reservoir_greedy, zipped to /scratch/ttran02/output22_sampled_zips, and removed /home/ttran02/pj/computational-methods/output22/1138_bus_entropyscore_forget_svd_aux_random_uniform_5_size_261_ssize_226_k_35_sr_1_reservoir_greedy
[2026-04-16 21:34:01] zip created for 1138_bus_entropyscore_forget_svd_aux_random_uniform_5_size_261_ssize_226_k_35_sr_2_reservoir_greedy: 52 files -> /scratch/ttran02/output22_sampled_zips/1138_bus_entropyscore_forget_svd_aux_random_uniform_5_size_261_ssize_226_k_35_sr_2_reservoir_greedy_sampled.zip
[2026-04-16 21:34:01] synced 1138_bus_entropyscore_forget_svd_aux_random_uniform_5_size_261_ssize_226_k_35_sr_2_reservoir_greedy to /scratch/ttran02/output22/1138_bus_entropyscore_forget_svd_aux_random_uniform_5_size_261_ssize_226_k_35_sr_2_reservoir_greedy, zipped to /scratch/ttran02/output22_sampled_zips, and removed /home/ttran02/pj/computational-methods/output22/1138_bus_entropyscore_forget_svd_aux_random_uniform_5_size_261_ssize_226_k_35_sr_2_reservoir_greedy
[2026-04-16 21:34:01] candidate 1138_bus_entropyscore_forget_svd_aux_random_uniform_5_size_261_ssize_226_k_35_sr_4_reservoir_greedy matched end_idx=1138; monitoring for 60s of stability
[2026-04-16 21:34:02] zip created for 1138_bus_entropyscore_forget_svd_aux_random_uniform_5_size_289_ssize_83_k_206_sr_12_reservoir_greedy: 122 files -> /scratch/ttran02/output22_sampled_zips/1138_bus_entropyscore_forget_svd_aux_random_uniform_5_size_289_ssize_83_k_206_sr_12_reservoir_greedy_sampled.zip
[2026-04-16 21:34:02] synced 1138_bus_entropyscore_forget_svd_aux_random_uniform_5_size_289_ssize_83_k_206_sr_12_reservoir_greedy to /scratch/ttran02/output22/1138_bus_entropyscore_forget_svd_aux_random_uniform_5_size_289_ssize_83_k_206_sr_12_reservoir_greedy, zipped to /scratch/ttran02/output22_sampled_zips, and removed /home/ttran02/pj/computational-methods/output22/1138_bus_entropyscore_forget_svd_aux_random_uniform_5_size_289_ssize_83_k_206_sr_12_reservoir_greedy
[2026-04-16 21:34:03] zip created for 1138_bus_entropyscore_forget_svd_aux_random_uniform_5_size_289_ssize_83_k_206_sr_16_reservoir_greedy: 122 files -> /scratch/ttran02/output22_sampled_zips/1138_bus_entropyscore_forget_svd_aux_random_uniform_5_size_289_ssize_83_k_206_sr_16_reservoir_greedy_sampled.zip
[2026-04-16 21:34:03] synced 1138_bus_entropyscore_forget_svd_aux_random_uniform_5_size_289_ssize_83_k_206_sr_16_reservoir_greedy to /scratch/ttran02/output22/1138_bus_entropyscore_forget_svd_aux_random_uniform_5_size_289_ssize_83_k_206_sr_16_reservoir_greedy, zipped to /scratch/ttran02/output22_sampled_zips, and removed /home/ttran02/pj/computational-methods/output22/1138_bus_entropyscore_forget_svd_aux_random_uniform_5_size_289_ssize_83_k_206_sr_16_reservoir_greedy
[2026-04-16 21:34:04] zip created for 1138_bus_entropyscore_forget_svd_aux_random_uniform_5_size_289_ssize_83_k_206_sr_1_reservoir_greedy: 122 files -> /scratch/ttran02/output22_sampled_zips/1138_bus_entropyscore_forget_svd_aux_random_uniform_5_size_289_ssize_83_k_206_sr_1_reservoir_greedy_sampled.zip
[2026-04-16 21:34:05] synced 1138_bus_entropyscore_forget_svd_aux_random_uniform_5_size_289_ssize_83_k_206_sr_1_reservoir_greedy to /scratch/ttran02/output22/1138_bus_entropyscore_forget_svd_aux_random_uniform_5_size_289_ssize_83_k_206_sr_1_reservoir_greedy, zipped to /scratch/ttran02/output22_sampled_zips, and removed /home/ttran02/pj/computational-methods/output22/1138_bus_entropyscore_forget_svd_aux_random_uniform_5_size_289_ssize_83_k_206_sr_1_reservoir_greedy
[2026-04-16 21:34:06] zip created for 1138_bus_entropyscore_forget_svd_aux_random_uniform_5_size_289_ssize_83_k_206_sr_2_reservoir_greedy: 122 files -> /scratch/ttran02/output22_sampled_zips/1138_bus_entropyscore_forget_svd_aux_random_uniform_5_size_289_ssize_83_k_206_sr_2_reservoir_greedy_sampled.zip
[2026-04-16 21:34:06] synced 1138_bus_entropyscore_forget_svd_aux_random_uniform_5_size_289_ssize_83_k_206_sr_2_reservoir_greedy to /scratch/ttran02/output22/1138_bus_entropyscore_forget_svd_aux_random_uniform_5_size_289_ssize_83_k_206_sr_2_reservoir_greedy, zipped to /scratch/ttran02/output22_sampled_zips, and removed /home/ttran02/pj/computational-methods/output22/1138_bus_entropyscore_forget_svd_aux_random_uniform_5_size_289_ssize_83_k_206_sr_2_reservoir_greedy
[2026-04-16 21:34:06] candidate 1138_bus_entropyscore_forget_svd_aux_random_uniform_5_size_289_ssize_83_k_206_sr_4_reservoir_greedy matched end_idx=1138; monitoring for 60s of stability
[2026-04-16 21:34:06] zip created for 1138_bus_entropyscore_forget_svd_aux_random_uniform_5_size_311_ssize_226_k_85_sr_12_reservoir_greedy: 52 files -> /scratch/ttran02/output22_sampled_zips/1138_bus_entropyscore_forget_svd_aux_random_uniform_5_size_311_ssize_226_k_85_sr_12_reservoir_greedy_sampled.zip
[2026-04-16 21:34:06] synced 1138_bus_entropyscore_forget_svd_aux_random_uniform_5_size_311_ssize_226_k_85_sr_12_reservoir_greedy to /scratch/ttran02/output22/1138_bus_entropyscore_forget_svd_aux_random_uniform_5_size_311_ssize_226_k_85_sr_12_reservoir_greedy, zipped to /scratch/ttran02/output22_sampled_zips, and removed /home/ttran02/pj/computational-methods/output22/1138_bus_entropyscore_forget_svd_aux_random_uniform_5_size_311_ssize_226_k_85_sr_12_reservoir_greedy
[2026-04-16 21:34:06] zip created for 1138_bus_entropyscore_forget_svd_aux_random_uniform_5_size_311_ssize_226_k_85_sr_2_reservoir_greedy: 52 files -> /scratch/ttran02/output22_sampled_zips/1138_bus_entropyscore_forget_svd_aux_random_uniform_5_size_311_ssize_226_k_85_sr_2_reservoir_greedy_sampled.zip
[2026-04-16 21:34:06] synced 1138_bus_entropyscore_forget_svd_aux_random_uniform_5_size_311_ssize_226_k_85_sr_2_reservoir_greedy to /scratch/ttran02/output22/1138_bus_entropyscore_forget_svd_aux_random_uniform_5_size_311_ssize_226_k_85_sr_2_reservoir_greedy, zipped to /scratch/ttran02/output22_sampled_zips, and removed /home/ttran02/pj/computational-methods/output22/1138_bus_entropyscore_forget_svd_aux_random_uniform_5_size_311_ssize_226_k_85_sr_2_reservoir_greedy
[2026-04-16 21:34:06] zip created for 1138_bus_entropyscore_forget_svd_aux_random_uniform_5_size_311_ssize_226_k_85_sr_4_reservoir_greedy: 52 files -> /scratch/ttran02/output22_sampled_zips/1138_bus_entropyscore_forget_svd_aux_random_uniform_5_size_311_ssize_226_k_85_sr_4_reservoir_greedy_sampled.zip
[2026-04-16 21:34:06] synced 1138_bus_entropyscore_forget_svd_aux_random_uniform_5_size_311_ssize_226_k_85_sr_4_reservoir_greedy to /scratch/ttran02/output22/1138_bus_entropyscore_forget_svd_aux_random_uniform_5_size_311_ssize_226_k_85_sr_4_reservoir_greedy, zipped to /scratch/ttran02/output22_sampled_zips, and removed /home/ttran02/pj/computational-methods/output22/1138_bus_entropyscore_forget_svd_aux_random_uniform_5_size_311_ssize_226_k_85_sr_4_reservoir_greedy
[2026-04-16 21:34:07] zip created for 1138_bus_entropyscore_forget_svd_aux_random_uniform_5_size_311_ssize_226_k_85_sr_8_reservoir_greedy: 52 files -> /scratch/ttran02/output22_sampled_zips/1138_bus_entropyscore_forget_svd_aux_random_uniform_5_size_311_ssize_226_k_85_sr_8_reservoir_greedy_sampled.zip
[2026-04-16 21:34:07] synced 1138_bus_entropyscore_forget_svd_aux_random_uniform_5_size_311_ssize_226_k_85_sr_8_reservoir_greedy to /scratch/ttran02/output22/1138_bus_entropyscore_forget_svd_aux_random_uniform_5_size_311_ssize_226_k_85_sr_8_reservoir_greedy, zipped to /scratch/ttran02/output22_sampled_zips, and removed /home/ttran02/pj/computational-methods/output22/1138_bus_entropyscore_forget_svd_aux_random_uniform_5_size_311_ssize_226_k_85_sr_8_reservoir_greedy
[2026-04-16 21:34:07] candidate 1138_bus_entropyscore_forget_svd_aux_random_uniform_5_size_36_ssize_30_k_6_sr_2_reservoir_greedy matched end_idx=1138; monitoring for 60s of stability
[2026-04-16 21:34:07] zip created for 1138_bus_entropyscore_forget_svd_aux_random_uniform_5_size_432_ssize_226_k_206_sr_12_reservoir_greedy: 52 files -> /scratch/ttran02/output22_sampled_zips/1138_bus_entropyscore_forget_svd_aux_random_uniform_5_size_432_ssize_226_k_206_sr_12_reservoir_greedy_sampled.zip
[2026-04-16 21:34:07] synced 1138_bus_entropyscore_forget_svd_aux_random_uniform_5_size_432_ssize_226_k_206_sr_12_reservoir_greedy to /scratch/ttran02/output22/1138_bus_entropyscore_forget_svd_aux_random_uniform_5_size_432_ssize_226_k_206_sr_12_reservoir_greedy, zipped to /scratch/ttran02/output22_sampled_zips, and removed /home/ttran02/pj/computational-methods/output22/1138_bus_entropyscore_forget_svd_aux_random_uniform_5_size_432_ssize_226_k_206_sr_12_reservoir_greedy
[2026-04-16 21:34:08] zip created for 1138_bus_entropyscore_forget_svd_aux_random_uniform_5_size_432_ssize_226_k_206_sr_1_reservoir_greedy: 52 files -> /scratch/ttran02/output22_sampled_zips/1138_bus_entropyscore_forget_svd_aux_random_uniform_5_size_432_ssize_226_k_206_sr_1_reservoir_greedy_sampled.zip
[2026-04-16 21:34:08] synced 1138_bus_entropyscore_forget_svd_aux_random_uniform_5_size_432_ssize_226_k_206_sr_1_reservoir_greedy to /scratch/ttran02/output22/1138_bus_entropyscore_forget_svd_aux_random_uniform_5_size_432_ssize_226_k_206_sr_1_reservoir_greedy, zipped to /scratch/ttran02/output22_sampled_zips, and removed /home/ttran02/pj/computational-methods/output22/1138_bus_entropyscore_forget_svd_aux_random_uniform_5_size_432_ssize_226_k_206_sr_1_reservoir_greedy
[2026-04-16 21:34:08] zip created for 1138_bus_entropyscore_forget_svd_aux_random_uniform_5_size_432_ssize_226_k_206_sr_2_reservoir_greedy: 52 files -> /scratch/ttran02/output22_sampled_zips/1138_bus_entropyscore_forget_svd_aux_random_uniform_5_size_432_ssize_226_k_206_sr_2_reservoir_greedy_sampled.zip
[2026-04-16 21:34:08] synced 1138_bus_entropyscore_forget_svd_aux_random_uniform_5_size_432_ssize_226_k_206_sr_2_reservoir_greedy to /scratch/ttran02/output22/1138_bus_entropyscore_forget_svd_aux_random_uniform_5_size_432_ssize_226_k_206_sr_2_reservoir_greedy, zipped to /scratch/ttran02/output22_sampled_zips, and removed /home/ttran02/pj/computational-methods/output22/1138_bus_entropyscore_forget_svd_aux_random_uniform_5_size_432_ssize_226_k_206_sr_2_reservoir_greedy
[2026-04-16 21:34:08] candidate 1138_bus_entropyscore_forget_svd_aux_random_uniform_5_size_432_ssize_226_k_206_sr_4_reservoir_greedy matched end_idx=1138; monitoring for 60s of stability
[2026-04-16 21:34:09] zip created for 1138_bus_entropyscore_forget_svd_aux_random_uniform_5_size_44_ssize_30_k_14_sr_12_reservoir_greedy: 382 files -> /scratch/ttran02/output22_sampled_zips/1138_bus_entropyscore_forget_svd_aux_random_uniform_5_size_44_ssize_30_k_14_sr_12_reservoir_greedy_sampled.zip
[2026-04-16 21:34:09] synced 1138_bus_entropyscore_forget_svd_aux_random_uniform_5_size_44_ssize_30_k_14_sr_12_reservoir_greedy to /scratch/ttran02/output22/1138_bus_entropyscore_forget_svd_aux_random_uniform_5_size_44_ssize_30_k_14_sr_12_reservoir_greedy, zipped to /scratch/ttran02/output22_sampled_zips, and removed /home/ttran02/pj/computational-methods/output22/1138_bus_entropyscore_forget_svd_aux_random_uniform_5_size_44_ssize_30_k_14_sr_12_reservoir_greedy
[2026-04-16 21:34:10] zip created for 1138_bus_entropyscore_forget_svd_aux_random_uniform_5_size_44_ssize_30_k_14_sr_14_reservoir_greedy: 382 files -> /scratch/ttran02/output22_sampled_zips/1138_bus_entropyscore_forget_svd_aux_random_uniform_5_size_44_ssize_30_k_14_sr_14_reservoir_greedy_sampled.zip
[2026-04-16 21:34:10] synced 1138_bus_entropyscore_forget_svd_aux_random_uniform_5_size_44_ssize_30_k_14_sr_14_reservoir_greedy to /scratch/ttran02/output22/1138_bus_entropyscore_forget_svd_aux_random_uniform_5_size_44_ssize_30_k_14_sr_14_reservoir_greedy, zipped to /scratch/ttran02/output22_sampled_zips, and removed /home/ttran02/pj/computational-methods/output22/1138_bus_entropyscore_forget_svd_aux_random_uniform_5_size_44_ssize_30_k_14_sr_14_reservoir_greedy
[2026-04-16 21:34:10] zip created for 1138_bus_entropyscore_forget_svd_aux_random_uniform_5_size_44_ssize_30_k_14_sr_1_reservoir_greedy: 382 files -> /scratch/ttran02/output22_sampled_zips/1138_bus_entropyscore_forget_svd_aux_random_uniform_5_size_44_ssize_30_k_14_sr_1_reservoir_greedy_sampled.zip
[2026-04-16 21:34:11] synced 1138_bus_entropyscore_forget_svd_aux_random_uniform_5_size_44_ssize_30_k_14_sr_1_reservoir_greedy to /scratch/ttran02/output22/1138_bus_entropyscore_forget_svd_aux_random_uniform_5_size_44_ssize_30_k_14_sr_1_reservoir_greedy, zipped to /scratch/ttran02/output22_sampled_zips, and removed /home/ttran02/pj/computational-methods/output22/1138_bus_entropyscore_forget_svd_aux_random_uniform_5_size_44_ssize_30_k_14_sr_1_reservoir_greedy
[2026-04-16 21:34:11] zip created for 1138_bus_entropyscore_forget_svd_aux_random_uniform_5_size_44_ssize_30_k_14_sr_2_reservoir_greedy: 382 files -> /scratch/ttran02/output22_sampled_zips/1138_bus_entropyscore_forget_svd_aux_random_uniform_5_size_44_ssize_30_k_14_sr_2_reservoir_greedy_sampled.zip
[2026-04-16 21:34:12] synced 1138_bus_entropyscore_forget_svd_aux_random_uniform_5_size_44_ssize_30_k_14_sr_2_reservoir_greedy to /scratch/ttran02/output22/1138_bus_entropyscore_forget_svd_aux_random_uniform_5_size_44_ssize_30_k_14_sr_2_reservoir_greedy, zipped to /scratch/ttran02/output22_sampled_zips, and removed /home/ttran02/pj/computational-methods/output22/1138_bus_entropyscore_forget_svd_aux_random_uniform_5_size_44_ssize_30_k_14_sr_2_reservoir_greedy
[2026-04-16 21:34:12] zip created for 1138_bus_entropyscore_forget_svd_aux_random_uniform_5_size_44_ssize_30_k_14_sr_4_reservoir_greedy: 382 files -> /scratch/ttran02/output22_sampled_zips/1138_bus_entropyscore_forget_svd_aux_random_uniform_5_size_44_ssize_30_k_14_sr_4_reservoir_greedy_sampled.zip
[2026-04-16 21:34:12] synced 1138_bus_entropyscore_forget_svd_aux_random_uniform_5_size_44_ssize_30_k_14_sr_4_reservoir_greedy to /scratch/ttran02/output22/1138_bus_entropyscore_forget_svd_aux_random_uniform_5_size_44_ssize_30_k_14_sr_4_reservoir_greedy, zipped to /scratch/ttran02/output22_sampled_zips, and removed /home/ttran02/pj/computational-methods/output22/1138_bus_entropyscore_forget_svd_aux_random_uniform_5_size_44_ssize_30_k_14_sr_4_reservoir_greedy
[2026-04-16 21:34:13] zip created for 1138_bus_entropyscore_forget_svd_aux_random_uniform_5_size_46_ssize_11_k_35_sr_16_reservoir_greedy: 502 files -> /scratch/ttran02/output22_sampled_zips/1138_bus_entropyscore_forget_svd_aux_random_uniform_5_size_46_ssize_11_k_35_sr_16_reservoir_greedy_sampled.zip
[2026-04-16 21:34:14] synced 1138_bus_entropyscore_forget_svd_aux_random_uniform_5_size_46_ssize_11_k_35_sr_16_reservoir_greedy to /scratch/ttran02/output22/1138_bus_entropyscore_forget_svd_aux_random_uniform_5_size_46_ssize_11_k_35_sr_16_reservoir_greedy, zipped to /scratch/ttran02/output22_sampled_zips, and removed /home/ttran02/pj/computational-methods/output22/1138_bus_entropyscore_forget_svd_aux_random_uniform_5_size_46_ssize_11_k_35_sr_16_reservoir_greedy
[2026-04-16 21:34:14] candidate 1138_bus_entropyscore_forget_svd_aux_random_uniform_5_size_511_ssize_11_k_500_sr_12_reservoir_greedy matched end_idx=1138; monitoring for 60s of stability
[2026-04-16 21:34:14] candidate 1138_bus_entropyscore_forget_svd_aux_random_uniform_5_size_511_ssize_11_k_500_sr_16_reservoir_greedy matched end_idx=1138; monitoring for 60s of stability
[2026-04-16 21:34:33] zip created for 1138_bus_entropyscore_forget_svd_aux_random_uniform_5_size_511_ssize_11_k_500_sr_2_reservoir_greedy: 492 files -> /scratch/ttran02/output22_sampled_zips/1138_bus_entropyscore_forget_svd_aux_random_uniform_5_size_511_ssize_11_k_500_sr_2_reservoir_greedy_sampled.zip
[2026-04-16 21:34:33] synced 1138_bus_entropyscore_forget_svd_aux_random_uniform_5_size_511_ssize_11_k_500_sr_2_reservoir_greedy to /scratch/ttran02/output22/1138_bus_entropyscore_forget_svd_aux_random_uniform_5_size_511_ssize_11_k_500_sr_2_reservoir_greedy, zipped to /scratch/ttran02/output22_sampled_zips, and removed /home/ttran02/pj/computational-methods/output22/1138_bus_entropyscore_forget_svd_aux_random_uniform_5_size_511_ssize_11_k_500_sr_2_reservoir_greedy
[2026-04-16 21:34:53] zip created for 1138_bus_entropyscore_forget_svd_aux_random_uniform_5_size_511_ssize_11_k_500_sr_4_reservoir_greedy: 492 files -> /scratch/ttran02/output22_sampled_zips/1138_bus_entropyscore_forget_svd_aux_random_uniform_5_size_511_ssize_11_k_500_sr_4_reservoir_greedy_sampled.zip
[2026-04-16 21:34:53] synced 1138_bus_entropyscore_forget_svd_aux_random_uniform_5_size_511_ssize_11_k_500_sr_4_reservoir_greedy to /scratch/ttran02/output22/1138_bus_entropyscore_forget_svd_aux_random_uniform_5_size_511_ssize_11_k_500_sr_4_reservoir_greedy, zipped to /scratch/ttran02/output22_sampled_zips, and removed /home/ttran02/pj/computational-methods/output22/1138_bus_entropyscore_forget_svd_aux_random_uniform_5_size_511_ssize_11_k_500_sr_4_reservoir_greedy
[2026-04-16 21:35:12] zip created for 1138_bus_entropyscore_forget_svd_aux_random_uniform_5_size_511_ssize_11_k_500_sr_8_reservoir_greedy: 492 files -> /scratch/ttran02/output22_sampled_zips/1138_bus_entropyscore_forget_svd_aux_random_uniform_5_size_511_ssize_11_k_500_sr_8_reservoir_greedy_sampled.zip
[2026-04-16 21:35:12] synced 1138_bus_entropyscore_forget_svd_aux_random_uniform_5_size_511_ssize_11_k_500_sr_8_reservoir_greedy to /scratch/ttran02/output22/1138_bus_entropyscore_forget_svd_aux_random_uniform_5_size_511_ssize_11_k_500_sr_8_reservoir_greedy, zipped to /scratch/ttran02/output22_sampled_zips, and removed /home/ttran02/pj/computational-methods/output22/1138_bus_entropyscore_forget_svd_aux_random_uniform_5_size_511_ssize_11_k_500_sr_8_reservoir_greedy
[2026-04-16 21:35:21] zip created for 1138_bus_entropyscore_forget_svd_aux_random_uniform_5_size_530_ssize_30_k_500_sr_12_reservoir_greedy: 222 files -> /scratch/ttran02/output22_sampled_zips/1138_bus_entropyscore_forget_svd_aux_random_uniform_5_size_530_ssize_30_k_500_sr_12_reservoir_greedy_sampled.zip
[2026-04-16 21:35:21] synced 1138_bus_entropyscore_forget_svd_aux_random_uniform_5_size_530_ssize_30_k_500_sr_12_reservoir_greedy to /scratch/ttran02/output22/1138_bus_entropyscore_forget_svd_aux_random_uniform_5_size_530_ssize_30_k_500_sr_12_reservoir_greedy, zipped to /scratch/ttran02/output22_sampled_zips, and removed /home/ttran02/pj/computational-methods/output22/1138_bus_entropyscore_forget_svd_aux_random_uniform_5_size_530_ssize_30_k_500_sr_12_reservoir_greedy
[2026-04-16 21:35:30] zip created for 1138_bus_entropyscore_forget_svd_aux_random_uniform_5_size_530_ssize_30_k_500_sr_16_reservoir_greedy: 222 files -> /scratch/ttran02/output22_sampled_zips/1138_bus_entropyscore_forget_svd_aux_random_uniform_5_size_530_ssize_30_k_500_sr_16_reservoir_greedy_sampled.zip
[2026-04-16 21:35:30] synced 1138_bus_entropyscore_forget_svd_aux_random_uniform_5_size_530_ssize_30_k_500_sr_16_reservoir_greedy to /scratch/ttran02/output22/1138_bus_entropyscore_forget_svd_aux_random_uniform_5_size_530_ssize_30_k_500_sr_16_reservoir_greedy, zipped to /scratch/ttran02/output22_sampled_zips, and removed /home/ttran02/pj/computational-methods/output22/1138_bus_entropyscore_forget_svd_aux_random_uniform_5_size_530_ssize_30_k_500_sr_16_reservoir_greedy
[2026-04-16 21:35:39] zip created for 1138_bus_entropyscore_forget_svd_aux_random_uniform_5_size_530_ssize_30_k_500_sr_1_reservoir_greedy: 222 files -> /scratch/ttran02/output22_sampled_zips/1138_bus_entropyscore_forget_svd_aux_random_uniform_5_size_530_ssize_30_k_500_sr_1_reservoir_greedy_sampled.zip
[2026-04-16 21:35:39] synced 1138_bus_entropyscore_forget_svd_aux_random_uniform_5_size_530_ssize_30_k_500_sr_1_reservoir_greedy to /scratch/ttran02/output22/1138_bus_entropyscore_forget_svd_aux_random_uniform_5_size_530_ssize_30_k_500_sr_1_reservoir_greedy, zipped to /scratch/ttran02/output22_sampled_zips, and removed /home/ttran02/pj/computational-methods/output22/1138_bus_entropyscore_forget_svd_aux_random_uniform_5_size_530_ssize_30_k_500_sr_1_reservoir_greedy
[2026-04-16 21:35:39] candidate 1138_bus_entropyscore_forget_svd_aux_random_uniform_5_size_530_ssize_30_k_500_sr_2_reservoir_greedy matched end_idx=1138; monitoring for 60s of stability
[2026-04-16 21:35:47] zip created for 1138_bus_entropyscore_forget_svd_aux_random_uniform_5_size_530_ssize_30_k_500_sr_8_reservoir_greedy: 222 files -> /scratch/ttran02/output22_sampled_zips/1138_bus_entropyscore_forget_svd_aux_random_uniform_5_size_530_ssize_30_k_500_sr_8_reservoir_greedy_sampled.zip
[2026-04-16 21:35:47] synced 1138_bus_entropyscore_forget_svd_aux_random_uniform_5_size_530_ssize_30_k_500_sr_8_reservoir_greedy to /scratch/ttran02/output22/1138_bus_entropyscore_forget_svd_aux_random_uniform_5_size_530_ssize_30_k_500_sr_8_reservoir_greedy, zipped to /scratch/ttran02/output22_sampled_zips, and removed /home/ttran02/pj/computational-methods/output22/1138_bus_entropyscore_forget_svd_aux_random_uniform_5_size_530_ssize_30_k_500_sr_8_reservoir_greedy
[2026-04-16 21:35:47] candidate 1138_bus_entropyscore_forget_svd_aux_random_uniform_5_size_583_ssize_83_k_500_sr_16_reservoir_greedy matched end_idx=1138; monitoring for 60s of stability
[2026-04-16 21:35:51] zip created for 1138_bus_entropyscore_forget_svd_aux_random_uniform_5_size_583_ssize_83_k_500_sr_2_reservoir_greedy: 82 files -> /scratch/ttran02/output22_sampled_zips/1138_bus_entropyscore_forget_svd_aux_random_uniform_5_size_583_ssize_83_k_500_sr_2_reservoir_greedy_sampled.zip
[2026-04-16 21:35:51] synced 1138_bus_entropyscore_forget_svd_aux_random_uniform_5_size_583_ssize_83_k_500_sr_2_reservoir_greedy to /scratch/ttran02/output22/1138_bus_entropyscore_forget_svd_aux_random_uniform_5_size_583_ssize_83_k_500_sr_2_reservoir_greedy, zipped to /scratch/ttran02/output22_sampled_zips, and removed /home/ttran02/pj/computational-methods/output22/1138_bus_entropyscore_forget_svd_aux_random_uniform_5_size_583_ssize_83_k_500_sr_2_reservoir_greedy
[2026-04-16 21:35:54] zip created for 1138_bus_entropyscore_forget_svd_aux_random_uniform_5_size_583_ssize_83_k_500_sr_8_reservoir_greedy: 82 files -> /scratch/ttran02/output22_sampled_zips/1138_bus_entropyscore_forget_svd_aux_random_uniform_5_size_583_ssize_83_k_500_sr_8_reservoir_greedy_sampled.zip
[2026-04-16 21:35:54] synced 1138_bus_entropyscore_forget_svd_aux_random_uniform_5_size_583_ssize_83_k_500_sr_8_reservoir_greedy to /scratch/ttran02/output22/1138_bus_entropyscore_forget_svd_aux_random_uniform_5_size_583_ssize_83_k_500_sr_8_reservoir_greedy, zipped to /scratch/ttran02/output22_sampled_zips, and removed /home/ttran02/pj/computational-methods/output22/1138_bus_entropyscore_forget_svd_aux_random_uniform_5_size_583_ssize_83_k_500_sr_8_reservoir_greedy
[2026-04-16 21:35:55] zip created for 1138_bus_entropyscore_forget_svd_aux_random_uniform_5_size_65_ssize_30_k_35_sr_16_reservoir_greedy: 372 files -> /scratch/ttran02/output22_sampled_zips/1138_bus_entropyscore_forget_svd_aux_random_uniform_5_size_65_ssize_30_k_35_sr_16_reservoir_greedy_sampled.zip
[2026-04-16 21:35:55] synced 1138_bus_entropyscore_forget_svd_aux_random_uniform_5_size_65_ssize_30_k_35_sr_16_reservoir_greedy to /scratch/ttran02/output22/1138_bus_entropyscore_forget_svd_aux_random_uniform_5_size_65_ssize_30_k_35_sr_16_reservoir_greedy, zipped to /scratch/ttran02/output22_sampled_zips, and removed /home/ttran02/pj/computational-methods/output22/1138_bus_entropyscore_forget_svd_aux_random_uniform_5_size_65_ssize_30_k_35_sr_16_reservoir_greedy
[2026-04-16 21:35:56] zip created for 1138_bus_entropyscore_forget_svd_aux_random_uniform_5_size_65_ssize_30_k_35_sr_8_reservoir_greedy: 372 files -> /scratch/ttran02/output22_sampled_zips/1138_bus_entropyscore_forget_svd_aux_random_uniform_5_size_65_ssize_30_k_35_sr_8_reservoir_greedy_sampled.zip
[2026-04-16 21:35:56] synced 1138_bus_entropyscore_forget_svd_aux_random_uniform_5_size_65_ssize_30_k_35_sr_8_reservoir_greedy to /scratch/ttran02/output22/1138_bus_entropyscore_forget_svd_aux_random_uniform_5_size_65_ssize_30_k_35_sr_8_reservoir_greedy, zipped to /scratch/ttran02/output22_sampled_zips, and removed /home/ttran02/pj/computational-methods/output22/1138_bus_entropyscore_forget_svd_aux_random_uniform_5_size_65_ssize_30_k_35_sr_8_reservoir_greedy
[2026-04-16 21:35:58] zip created for 1138_bus_entropyscore_forget_svd_aux_random_uniform_5_size_726_ssize_226_k_500_sr_12_reservoir_greedy: 32 files -> /scratch/ttran02/output22_sampled_zips/1138_bus_entropyscore_forget_svd_aux_random_uniform_5_size_726_ssize_226_k_500_sr_12_reservoir_greedy_sampled.zip
[2026-04-16 21:35:58] synced 1138_bus_entropyscore_forget_svd_aux_random_uniform_5_size_726_ssize_226_k_500_sr_12_reservoir_greedy to /scratch/ttran02/output22/1138_bus_entropyscore_forget_svd_aux_random_uniform_5_size_726_ssize_226_k_500_sr_12_reservoir_greedy, zipped to /scratch/ttran02/output22_sampled_zips, and removed /home/ttran02/pj/computational-methods/output22/1138_bus_entropyscore_forget_svd_aux_random_uniform_5_size_726_ssize_226_k_500_sr_12_reservoir_greedy
[2026-04-16 21:35:58] candidate 1138_bus_entropyscore_forget_svd_aux_random_uniform_5_size_726_ssize_226_k_500_sr_16_reservoir_greedy matched end_idx=1138; monitoring for 60s of stability
[2026-04-16 21:35:59] zip created for 1138_bus_entropyscore_forget_svd_aux_random_uniform_5_size_726_ssize_226_k_500_sr_8_reservoir_greedy: 32 files -> /scratch/ttran02/output22_sampled_zips/1138_bus_entropyscore_forget_svd_aux_random_uniform_5_size_726_ssize_226_k_500_sr_8_reservoir_greedy_sampled.zip
[2026-04-16 21:35:59] synced 1138_bus_entropyscore_forget_svd_aux_random_uniform_5_size_726_ssize_226_k_500_sr_8_reservoir_greedy to /scratch/ttran02/output22/1138_bus_entropyscore_forget_svd_aux_random_uniform_5_size_726_ssize_226_k_500_sr_8_reservoir_greedy, zipped to /scratch/ttran02/output22_sampled_zips, and removed /home/ttran02/pj/computational-methods/output22/1138_bus_entropyscore_forget_svd_aux_random_uniform_5_size_726_ssize_226_k_500_sr_8_reservoir_greedy
[2026-04-16 21:35:59] zip created for 1138_bus_entropyscore_forget_svd_aux_random_uniform_5_size_85_ssize_83_k_2_sr_1_reservoir_greedy: 142 files -> /scratch/ttran02/output22_sampled_zips/1138_bus_entropyscore_forget_svd_aux_random_uniform_5_size_85_ssize_83_k_2_sr_1_reservoir_greedy_sampled.zip
[2026-04-16 21:36:00] synced 1138_bus_entropyscore_forget_svd_aux_random_uniform_5_size_85_ssize_83_k_2_sr_1_reservoir_greedy to /scratch/ttran02/output22/1138_bus_entropyscore_forget_svd_aux_random_uniform_5_size_85_ssize_83_k_2_sr_1_reservoir_greedy, zipped to /scratch/ttran02/output22_sampled_zips, and removed /home/ttran02/pj/computational-methods/output22/1138_bus_entropyscore_forget_svd_aux_random_uniform_5_size_85_ssize_83_k_2_sr_1_reservoir_greedy
[2026-04-16 21:36:00] zip created for 1138_bus_entropyscore_forget_svd_aux_random_uniform_5_size_85_ssize_83_k_2_sr_2_reservoir_greedy: 142 files -> /scratch/ttran02/output22_sampled_zips/1138_bus_entropyscore_forget_svd_aux_random_uniform_5_size_85_ssize_83_k_2_sr_2_reservoir_greedy_sampled.zip
[2026-04-16 21:36:00] synced 1138_bus_entropyscore_forget_svd_aux_random_uniform_5_size_85_ssize_83_k_2_sr_2_reservoir_greedy to /scratch/ttran02/output22/1138_bus_entropyscore_forget_svd_aux_random_uniform_5_size_85_ssize_83_k_2_sr_2_reservoir_greedy, zipped to /scratch/ttran02/output22_sampled_zips, and removed /home/ttran02/pj/computational-methods/output22/1138_bus_entropyscore_forget_svd_aux_random_uniform_5_size_85_ssize_83_k_2_sr_2_reservoir_greedy
[2026-04-16 21:36:00] zip created for 1138_bus_entropyscore_forget_svd_aux_random_uniform_5_size_89_ssize_83_k_6_sr_2_reservoir_greedy: 142 files -> /scratch/ttran02/output22_sampled_zips/1138_bus_entropyscore_forget_svd_aux_random_uniform_5_size_89_ssize_83_k_6_sr_2_reservoir_greedy_sampled.zip
[2026-04-16 21:36:00] synced 1138_bus_entropyscore_forget_svd_aux_random_uniform_5_size_89_ssize_83_k_6_sr_2_reservoir_greedy to /scratch/ttran02/output22/1138_bus_entropyscore_forget_svd_aux_random_uniform_5_size_89_ssize_83_k_6_sr_2_reservoir_greedy, zipped to /scratch/ttran02/output22_sampled_zips, and removed /home/ttran02/pj/computational-methods/output22/1138_bus_entropyscore_forget_svd_aux_random_uniform_5_size_89_ssize_83_k_6_sr_2_reservoir_greedy
[2026-04-16 21:36:01] zip created for 1138_bus_entropyscore_forget_svd_aux_random_uniform_5_size_89_ssize_83_k_6_sr_4_reservoir_greedy: 142 files -> /scratch/ttran02/output22_sampled_zips/1138_bus_entropyscore_forget_svd_aux_random_uniform_5_size_89_ssize_83_k_6_sr_4_reservoir_greedy_sampled.zip
[2026-04-16 21:36:01] synced 1138_bus_entropyscore_forget_svd_aux_random_uniform_5_size_89_ssize_83_k_6_sr_4_reservoir_greedy to /scratch/ttran02/output22/1138_bus_entropyscore_forget_svd_aux_random_uniform_5_size_89_ssize_83_k_6_sr_4_reservoir_greedy, zipped to /scratch/ttran02/output22_sampled_zips, and removed /home/ttran02/pj/computational-methods/output22/1138_bus_entropyscore_forget_svd_aux_random_uniform_5_size_89_ssize_83_k_6_sr_4_reservoir_greedy
[2026-04-16 21:36:01] zip created for 1138_bus_entropyscore_forget_svd_aux_random_uniform_5_size_89_ssize_83_k_6_sr_6_reservoir_greedy: 142 files -> /scratch/ttran02/output22_sampled_zips/1138_bus_entropyscore_forget_svd_aux_random_uniform_5_size_89_ssize_83_k_6_sr_6_reservoir_greedy_sampled.zip
[2026-04-16 21:36:01] synced 1138_bus_entropyscore_forget_svd_aux_random_uniform_5_size_89_ssize_83_k_6_sr_6_reservoir_greedy to /scratch/ttran02/output22/1138_bus_entropyscore_forget_svd_aux_random_uniform_5_size_89_ssize_83_k_6_sr_6_reservoir_greedy, zipped to /scratch/ttran02/output22_sampled_zips, and removed /home/ttran02/pj/computational-methods/output22/1138_bus_entropyscore_forget_svd_aux_random_uniform_5_size_89_ssize_83_k_6_sr_6_reservoir_greedy
[2026-04-16 21:36:03] zip created for 1138_bus_entropyscore_forget_svd_aux_random_uniform_5_size_96_ssize_11_k_85_sr_1_reservoir_greedy: 502 files -> /scratch/ttran02/output22_sampled_zips/1138_bus_entropyscore_forget_svd_aux_random_uniform_5_size_96_ssize_11_k_85_sr_1_reservoir_greedy_sampled.zip
[2026-04-16 21:36:03] synced 1138_bus_entropyscore_forget_svd_aux_random_uniform_5_size_96_ssize_11_k_85_sr_1_reservoir_greedy to /scratch/ttran02/output22/1138_bus_entropyscore_forget_svd_aux_random_uniform_5_size_96_ssize_11_k_85_sr_1_reservoir_greedy, zipped to /scratch/ttran02/output22_sampled_zips, and removed /home/ttran02/pj/computational-methods/output22/1138_bus_entropyscore_forget_svd_aux_random_uniform_5_size_96_ssize_11_k_85_sr_1_reservoir_greedy
[2026-04-16 21:36:03] zip created for 1138_bus_entropyscore_forget_svd_aux_random_uniform_5_size_97_ssize_83_k_14_sr_12_reservoir_greedy: 142 files -> /scratch/ttran02/output22_sampled_zips/1138_bus_entropyscore_forget_svd_aux_random_uniform_5_size_97_ssize_83_k_14_sr_12_reservoir_greedy_sampled.zip
[2026-04-16 21:36:04] synced 1138_bus_entropyscore_forget_svd_aux_random_uniform_5_size_97_ssize_83_k_14_sr_12_reservoir_greedy to /scratch/ttran02/output22/1138_bus_entropyscore_forget_svd_aux_random_uniform_5_size_97_ssize_83_k_14_sr_12_reservoir_greedy, zipped to /scratch/ttran02/output22_sampled_zips, and removed /home/ttran02/pj/computational-methods/output22/1138_bus_entropyscore_forget_svd_aux_random_uniform_5_size_97_ssize_83_k_14_sr_12_reservoir_greedy
[2026-04-16 21:36:04] candidate 1138_bus_entropyscore_forget_svd_aux_random_uniform_5_size_97_ssize_83_k_14_sr_14_reservoir_greedy matched end_idx=1138; monitoring for 60s of stability
[2026-04-16 21:36:04] zip created for 1138_bus_entropyscore_forget_svd_aux_random_uniform_5_size_97_ssize_83_k_14_sr_1_reservoir_greedy: 142 files -> /scratch/ttran02/output22_sampled_zips/1138_bus_entropyscore_forget_svd_aux_random_uniform_5_size_97_ssize_83_k_14_sr_1_reservoir_greedy_sampled.zip
[2026-04-16 21:36:04] synced 1138_bus_entropyscore_forget_svd_aux_random_uniform_5_size_97_ssize_83_k_14_sr_1_reservoir_greedy to /scratch/ttran02/output22/1138_bus_entropyscore_forget_svd_aux_random_uniform_5_size_97_ssize_83_k_14_sr_1_reservoir_greedy, zipped to /scratch/ttran02/output22_sampled_zips, and removed /home/ttran02/pj/computational-methods/output22/1138_bus_entropyscore_forget_svd_aux_random_uniform_5_size_97_ssize_83_k_14_sr_1_reservoir_greedy
[2026-04-16 21:36:04] zip created for 1138_bus_entropyscore_forget_svd_aux_random_uniform_5_size_97_ssize_83_k_14_sr_2_reservoir_greedy: 142 files -> /scratch/ttran02/output22_sampled_zips/1138_bus_entropyscore_forget_svd_aux_random_uniform_5_size_97_ssize_83_k_14_sr_2_reservoir_greedy_sampled.zip
[2026-04-16 21:36:04] synced 1138_bus_entropyscore_forget_svd_aux_random_uniform_5_size_97_ssize_83_k_14_sr_2_reservoir_greedy to /scratch/ttran02/output22/1138_bus_entropyscore_forget_svd_aux_random_uniform_5_size_97_ssize_83_k_14_sr_2_reservoir_greedy, zipped to /scratch/ttran02/output22_sampled_zips, and removed /home/ttran02/pj/computational-methods/output22/1138_bus_entropyscore_forget_svd_aux_random_uniform_5_size_97_ssize_83_k_14_sr_2_reservoir_greedy
[2026-04-16 21:36:05] zip created for 1138_bus_entropyscore_forget_svd_aux_random_uniform_5_size_97_ssize_83_k_14_sr_4_reservoir_greedy: 142 files -> /scratch/ttran02/output22_sampled_zips/1138_bus_entropyscore_forget_svd_aux_random_uniform_5_size_97_ssize_83_k_14_sr_4_reservoir_greedy_sampled.zip
[2026-04-16 21:36:05] synced 1138_bus_entropyscore_forget_svd_aux_random_uniform_5_size_97_ssize_83_k_14_sr_4_reservoir_greedy to /scratch/ttran02/output22/1138_bus_entropyscore_forget_svd_aux_random_uniform_5_size_97_ssize_83_k_14_sr_4_reservoir_greedy, zipped to /scratch/ttran02/output22_sampled_zips, and removed /home/ttran02/pj/computational-methods/output22/1138_bus_entropyscore_forget_svd_aux_random_uniform_5_size_97_ssize_83_k_14_sr_4_reservoir_greedy
[2026-04-16 21:36:05] candidate 1138_bus_entropyscore_forget_svd_aux_random_uniform_size_115_ssize_30_k_85_sr_12_reservoir_greedy matched end_idx=1138; monitoring for 60s of stability
[2026-04-16 21:36:05] candidate 1138_bus_entropyscore_forget_svd_aux_random_uniform_size_115_ssize_30_k_85_sr_16_reservoir_greedy matched end_idx=1138; monitoring for 60s of stability
[2026-04-16 21:36:06] zip created for 1138_bus_entropyscore_forget_svd_aux_random_uniform_size_115_ssize_30_k_85_sr_2_reservoir_greedy: 362 files -> /scratch/ttran02/output22_sampled_zips/1138_bus_entropyscore_forget_svd_aux_random_uniform_size_115_ssize_30_k_85_sr_2_reservoir_greedy_sampled.zip
[2026-04-16 21:36:06] synced 1138_bus_entropyscore_forget_svd_aux_random_uniform_size_115_ssize_30_k_85_sr_2_reservoir_greedy to /scratch/ttran02/output22/1138_bus_entropyscore_forget_svd_aux_random_uniform_size_115_ssize_30_k_85_sr_2_reservoir_greedy, zipped to /scratch/ttran02/output22_sampled_zips, and removed /home/ttran02/pj/computational-methods/output22/1138_bus_entropyscore_forget_svd_aux_random_uniform_size_115_ssize_30_k_85_sr_2_reservoir_greedy
[2026-04-16 21:36:07] zip created for 1138_bus_entropyscore_forget_svd_aux_random_uniform_size_115_ssize_30_k_85_sr_4_reservoir_greedy: 362 files -> /scratch/ttran02/output22_sampled_zips/1138_bus_entropyscore_forget_svd_aux_random_uniform_size_115_ssize_30_k_85_sr_4_reservoir_greedy_sampled.zip
[2026-04-16 21:36:08] synced 1138_bus_entropyscore_forget_svd_aux_random_uniform_size_115_ssize_30_k_85_sr_4_reservoir_greedy to /scratch/ttran02/output22/1138_bus_entropyscore_forget_svd_aux_random_uniform_size_115_ssize_30_k_85_sr_4_reservoir_greedy, zipped to /scratch/ttran02/output22_sampled_zips, and removed /home/ttran02/pj/computational-methods/output22/1138_bus_entropyscore_forget_svd_aux_random_uniform_size_115_ssize_30_k_85_sr_4_reservoir_greedy
[2026-04-16 21:36:08] zip created for 1138_bus_entropyscore_forget_svd_aux_random_uniform_size_118_ssize_83_k_35_sr_12_reservoir_greedy: 142 files -> /scratch/ttran02/output22_sampled_zips/1138_bus_entropyscore_forget_svd_aux_random_uniform_size_118_ssize_83_k_35_sr_12_reservoir_greedy_sampled.zip
[2026-04-16 21:36:08] synced 1138_bus_entropyscore_forget_svd_aux_random_uniform_size_118_ssize_83_k_35_sr_12_reservoir_greedy to /scratch/ttran02/output22/1138_bus_entropyscore_forget_svd_aux_random_uniform_size_118_ssize_83_k_35_sr_12_reservoir_greedy, zipped to /scratch/ttran02/output22_sampled_zips, and removed /home/ttran02/pj/computational-methods/output22/1138_bus_entropyscore_forget_svd_aux_random_uniform_size_118_ssize_83_k_35_sr_12_reservoir_greedy
[2026-04-16 21:36:09] zip created for 1138_bus_entropyscore_forget_svd_aux_random_uniform_size_118_ssize_83_k_35_sr_16_reservoir_greedy: 142 files -> /scratch/ttran02/output22_sampled_zips/1138_bus_entropyscore_forget_svd_aux_random_uniform_size_118_ssize_83_k_35_sr_16_reservoir_greedy_sampled.zip
[2026-04-16 21:36:09] synced 1138_bus_entropyscore_forget_svd_aux_random_uniform_size_118_ssize_83_k_35_sr_16_reservoir_greedy to /scratch/ttran02/output22/1138_bus_entropyscore_forget_svd_aux_random_uniform_size_118_ssize_83_k_35_sr_16_reservoir_greedy, zipped to /scratch/ttran02/output22_sampled_zips, and removed /home/ttran02/pj/computational-methods/output22/1138_bus_entropyscore_forget_svd_aux_random_uniform_size_118_ssize_83_k_35_sr_16_reservoir_greedy
[2026-04-16 21:36:09] zip created for 1138_bus_entropyscore_forget_svd_aux_random_uniform_size_118_ssize_83_k_35_sr_8_reservoir_greedy: 142 files -> /scratch/ttran02/output22_sampled_zips/1138_bus_entropyscore_forget_svd_aux_random_uniform_size_118_ssize_83_k_35_sr_8_reservoir_greedy_sampled.zip
[2026-04-16 21:36:09] synced 1138_bus_entropyscore_forget_svd_aux_random_uniform_size_118_ssize_83_k_35_sr_8_reservoir_greedy to /scratch/ttran02/output22/1138_bus_entropyscore_forget_svd_aux_random_uniform_size_118_ssize_83_k_35_sr_8_reservoir_greedy, zipped to /scratch/ttran02/output22_sampled_zips, and removed /home/ttran02/pj/computational-methods/output22/1138_bus_entropyscore_forget_svd_aux_random_uniform_size_118_ssize_83_k_35_sr_8_reservoir_greedy
[2026-04-16 21:36:10] zip created for 1138_bus_entropyscore_forget_svd_aux_random_uniform_size_168_ssize_83_k_85_sr_12_reservoir_greedy: 132 files -> /scratch/ttran02/output22_sampled_zips/1138_bus_entropyscore_forget_svd_aux_random_uniform_size_168_ssize_83_k_85_sr_12_reservoir_greedy_sampled.zip
[2026-04-16 21:36:10] synced 1138_bus_entropyscore_forget_svd_aux_random_uniform_size_168_ssize_83_k_85_sr_12_reservoir_greedy to /scratch/ttran02/output22/1138_bus_entropyscore_forget_svd_aux_random_uniform_size_168_ssize_83_k_85_sr_12_reservoir_greedy, zipped to /scratch/ttran02/output22_sampled_zips, and removed /home/ttran02/pj/computational-methods/output22/1138_bus_entropyscore_forget_svd_aux_random_uniform_size_168_ssize_83_k_85_sr_12_reservoir_greedy
[2026-04-16 21:36:10] zip created for 1138_bus_entropyscore_forget_svd_aux_random_uniform_size_168_ssize_83_k_85_sr_16_reservoir_greedy: 132 files -> /scratch/ttran02/output22_sampled_zips/1138_bus_entropyscore_forget_svd_aux_random_uniform_size_168_ssize_83_k_85_sr_16_reservoir_greedy_sampled.zip
[2026-04-16 21:36:10] synced 1138_bus_entropyscore_forget_svd_aux_random_uniform_size_168_ssize_83_k_85_sr_16_reservoir_greedy to /scratch/ttran02/output22/1138_bus_entropyscore_forget_svd_aux_random_uniform_size_168_ssize_83_k_85_sr_16_reservoir_greedy, zipped to /scratch/ttran02/output22_sampled_zips, and removed /home/ttran02/pj/computational-methods/output22/1138_bus_entropyscore_forget_svd_aux_random_uniform_size_168_ssize_83_k_85_sr_16_reservoir_greedy
[2026-04-16 21:36:10] candidate 1138_bus_entropyscore_forget_svd_aux_random_uniform_size_168_ssize_83_k_85_sr_2_reservoir_greedy matched end_idx=1138; monitoring for 60s of stability
[2026-04-16 21:36:11] zip created for 1138_bus_entropyscore_forget_svd_aux_random_uniform_size_168_ssize_83_k_85_sr_4_reservoir_greedy: 132 files -> /scratch/ttran02/output22_sampled_zips/1138_bus_entropyscore_forget_svd_aux_random_uniform_size_168_ssize_83_k_85_sr_4_reservoir_greedy_sampled.zip
[2026-04-16 21:36:11] synced 1138_bus_entropyscore_forget_svd_aux_random_uniform_size_168_ssize_83_k_85_sr_4_reservoir_greedy to /scratch/ttran02/output22/1138_bus_entropyscore_forget_svd_aux_random_uniform_size_168_ssize_83_k_85_sr_4_reservoir_greedy, zipped to /scratch/ttran02/output22_sampled_zips, and removed /home/ttran02/pj/computational-methods/output22/1138_bus_entropyscore_forget_svd_aux_random_uniform_size_168_ssize_83_k_85_sr_4_reservoir_greedy
[2026-04-16 21:36:16] zip created for 1138_bus_entropyscore_forget_svd_aux_random_uniform_size_217_ssize_11_k_206_sr_8_reservoir_greedy: 502 files -> /scratch/ttran02/output22_sampled_zips/1138_bus_entropyscore_forget_svd_aux_random_uniform_size_217_ssize_11_k_206_sr_8_reservoir_greedy_sampled.zip
[2026-04-16 21:36:16] synced 1138_bus_entropyscore_forget_svd_aux_random_uniform_size_217_ssize_11_k_206_sr_8_reservoir_greedy to /scratch/ttran02/output22/1138_bus_entropyscore_forget_svd_aux_random_uniform_size_217_ssize_11_k_206_sr_8_reservoir_greedy, zipped to /scratch/ttran02/output22_sampled_zips, and removed /home/ttran02/pj/computational-methods/output22/1138_bus_entropyscore_forget_svd_aux_random_uniform_size_217_ssize_11_k_206_sr_8_reservoir_greedy
[2026-04-16 21:36:16] zip created for 1138_bus_entropyscore_forget_svd_aux_random_uniform_size_228_ssize_226_k_2_sr_1_reservoir_greedy: 62 files -> /scratch/ttran02/output22_sampled_zips/1138_bus_entropyscore_forget_svd_aux_random_uniform_size_228_ssize_226_k_2_sr_1_reservoir_greedy_sampled.zip
[2026-04-16 21:36:16] synced 1138_bus_entropyscore_forget_svd_aux_random_uniform_size_228_ssize_226_k_2_sr_1_reservoir_greedy to /scratch/ttran02/output22/1138_bus_entropyscore_forget_svd_aux_random_uniform_size_228_ssize_226_k_2_sr_1_reservoir_greedy, zipped to /scratch/ttran02/output22_sampled_zips, and removed /home/ttran02/pj/computational-methods/output22/1138_bus_entropyscore_forget_svd_aux_random_uniform_size_228_ssize_226_k_2_sr_1_reservoir_greedy
[2026-04-16 21:36:16] candidate 1138_bus_entropyscore_forget_svd_aux_random_uniform_size_232_ssize_226_k_6_sr_1_reservoir_greedy matched end_idx=1138; monitoring for 60s of stability
[2026-04-16 21:36:17] zip created for 1138_bus_entropyscore_forget_svd_aux_random_uniform_size_232_ssize_226_k_6_sr_2_reservoir_greedy: 62 files -> /scratch/ttran02/output22_sampled_zips/1138_bus_entropyscore_forget_svd_aux_random_uniform_size_232_ssize_226_k_6_sr_2_reservoir_greedy_sampled.zip
[2026-04-16 21:36:17] synced 1138_bus_entropyscore_forget_svd_aux_random_uniform_size_232_ssize_226_k_6_sr_2_reservoir_greedy to /scratch/ttran02/output22/1138_bus_entropyscore_forget_svd_aux_random_uniform_size_232_ssize_226_k_6_sr_2_reservoir_greedy, zipped to /scratch/ttran02/output22_sampled_zips, and removed /home/ttran02/pj/computational-methods/output22/1138_bus_entropyscore_forget_svd_aux_random_uniform_size_232_ssize_226_k_6_sr_2_reservoir_greedy
[2026-04-16 21:36:17] candidate 1138_bus_entropyscore_forget_svd_aux_random_uniform_size_232_ssize_226_k_6_sr_4_reservoir_greedy matched end_idx=1138; monitoring for 60s of stability
[2026-04-16 21:36:17] zip created for 1138_bus_entropyscore_forget_svd_aux_random_uniform_size_232_ssize_226_k_6_sr_6_reservoir_greedy: 62 files -> /scratch/ttran02/output22_sampled_zips/1138_bus_entropyscore_forget_svd_aux_random_uniform_size_232_ssize_226_k_6_sr_6_reservoir_greedy_sampled.zip
[2026-04-16 21:36:17] synced 1138_bus_entropyscore_forget_svd_aux_random_uniform_size_232_ssize_226_k_6_sr_6_reservoir_greedy to /scratch/ttran02/output22/1138_bus_entropyscore_forget_svd_aux_random_uniform_size_232_ssize_226_k_6_sr_6_reservoir_greedy, zipped to /scratch/ttran02/output22_sampled_zips, and removed /home/ttran02/pj/computational-methods/output22/1138_bus_entropyscore_forget_svd_aux_random_uniform_size_232_ssize_226_k_6_sr_6_reservoir_greedy
[2026-04-16 21:36:20] zip created for 1138_bus_entropyscore_forget_svd_aux_random_uniform_size_236_ssize_30_k_206_sr_12_reservoir_greedy: 322 files -> /scratch/ttran02/output22_sampled_zips/1138_bus_entropyscore_forget_svd_aux_random_uniform_size_236_ssize_30_k_206_sr_12_reservoir_greedy_sampled.zip
[2026-04-16 21:36:20] synced 1138_bus_entropyscore_forget_svd_aux_random_uniform_size_236_ssize_30_k_206_sr_12_reservoir_greedy to /scratch/ttran02/output22/1138_bus_entropyscore_forget_svd_aux_random_uniform_size_236_ssize_30_k_206_sr_12_reservoir_greedy, zipped to /scratch/ttran02/output22_sampled_zips, and removed /home/ttran02/pj/computational-methods/output22/1138_bus_entropyscore_forget_svd_aux_random_uniform_size_236_ssize_30_k_206_sr_12_reservoir_greedy
[2026-04-16 21:36:23] zip created for 1138_bus_entropyscore_forget_svd_aux_random_uniform_size_236_ssize_30_k_206_sr_2_reservoir_greedy: 322 files -> /scratch/ttran02/output22_sampled_zips/1138_bus_entropyscore_forget_svd_aux_random_uniform_size_236_ssize_30_k_206_sr_2_reservoir_greedy_sampled.zip
[2026-04-16 21:36:23] synced 1138_bus_entropyscore_forget_svd_aux_random_uniform_size_236_ssize_30_k_206_sr_2_reservoir_greedy to /scratch/ttran02/output22/1138_bus_entropyscore_forget_svd_aux_random_uniform_size_236_ssize_30_k_206_sr_2_reservoir_greedy, zipped to /scratch/ttran02/output22_sampled_zips, and removed /home/ttran02/pj/computational-methods/output22/1138_bus_entropyscore_forget_svd_aux_random_uniform_size_236_ssize_30_k_206_sr_2_reservoir_greedy
[2026-04-16 21:36:23] candidate 1138_bus_entropyscore_forget_svd_aux_random_uniform_size_236_ssize_30_k_206_sr_4_reservoir_greedy matched end_idx=1138; monitoring for 60s of stability
[2026-04-16 21:36:23] zip created for 1138_bus_entropyscore_forget_svd_aux_random_uniform_size_240_ssize_226_k_14_sr_14_reservoir_greedy: 52 files -> /scratch/ttran02/output22_sampled_zips/1138_bus_entropyscore_forget_svd_aux_random_uniform_size_240_ssize_226_k_14_sr_14_reservoir_greedy_sampled.zip
[2026-04-16 21:36:23] synced 1138_bus_entropyscore_forget_svd_aux_random_uniform_size_240_ssize_226_k_14_sr_14_reservoir_greedy to /scratch/ttran02/output22/1138_bus_entropyscore_forget_svd_aux_random_uniform_size_240_ssize_226_k_14_sr_14_reservoir_greedy, zipped to /scratch/ttran02/output22_sampled_zips, and removed /home/ttran02/pj/computational-methods/output22/1138_bus_entropyscore_forget_svd_aux_random_uniform_size_240_ssize_226_k_14_sr_14_reservoir_greedy
[2026-04-16 21:36:24] zip created for 1138_bus_entropyscore_forget_svd_aux_random_uniform_size_240_ssize_226_k_14_sr_2_reservoir_greedy: 52 files -> /scratch/ttran02/output22_sampled_zips/1138_bus_entropyscore_forget_svd_aux_random_uniform_size_240_ssize_226_k_14_sr_2_reservoir_greedy_sampled.zip
[2026-04-16 21:36:24] synced 1138_bus_entropyscore_forget_svd_aux_random_uniform_size_240_ssize_226_k_14_sr_2_reservoir_greedy to /scratch/ttran02/output22/1138_bus_entropyscore_forget_svd_aux_random_uniform_size_240_ssize_226_k_14_sr_2_reservoir_greedy, zipped to /scratch/ttran02/output22_sampled_zips, and removed /home/ttran02/pj/computational-methods/output22/1138_bus_entropyscore_forget_svd_aux_random_uniform_size_240_ssize_226_k_14_sr_2_reservoir_greedy
[2026-04-16 21:36:24] candidate 1138_bus_entropyscore_forget_svd_aux_random_uniform_size_240_ssize_226_k_14_sr_4_reservoir_greedy matched end_idx=1138; monitoring for 60s of stability
[2026-04-16 21:36:24] candidate 1138_bus_entropyscore_forget_svd_aux_random_uniform_size_240_ssize_226_k_14_sr_8_reservoir_greedy matched end_idx=1138; monitoring for 60s of stability
[2026-04-16 21:36:25] zip created for 1138_bus_entropyscore_forget_svd_aux_random_uniform_size_25_ssize_11_k_14_sr_12_reservoir_greedy: 502 files -> /scratch/ttran02/output22_sampled_zips/1138_bus_entropyscore_forget_svd_aux_random_uniform_size_25_ssize_11_k_14_sr_12_reservoir_greedy_sampled.zip
[2026-04-16 21:36:25] synced 1138_bus_entropyscore_forget_svd_aux_random_uniform_size_25_ssize_11_k_14_sr_12_reservoir_greedy to /scratch/ttran02/output22/1138_bus_entropyscore_forget_svd_aux_random_uniform_size_25_ssize_11_k_14_sr_12_reservoir_greedy, zipped to /scratch/ttran02/output22_sampled_zips, and removed /home/ttran02/pj/computational-methods/output22/1138_bus_entropyscore_forget_svd_aux_random_uniform_size_25_ssize_11_k_14_sr_12_reservoir_greedy
[2026-04-16 21:36:25] zip created for 1138_bus_entropyscore_forget_svd_aux_random_uniform_size_261_ssize_226_k_35_sr_16_reservoir_greedy: 52 files -> /scratch/ttran02/output22_sampled_zips/1138_bus_entropyscore_forget_svd_aux_random_uniform_size_261_ssize_226_k_35_sr_16_reservoir_greedy_sampled.zip
[2026-04-16 21:36:25] synced 1138_bus_entropyscore_forget_svd_aux_random_uniform_size_261_ssize_226_k_35_sr_16_reservoir_greedy to /scratch/ttran02/output22/1138_bus_entropyscore_forget_svd_aux_random_uniform_size_261_ssize_226_k_35_sr_16_reservoir_greedy, zipped to /scratch/ttran02/output22_sampled_zips, and removed /home/ttran02/pj/computational-methods/output22/1138_bus_entropyscore_forget_svd_aux_random_uniform_size_261_ssize_226_k_35_sr_16_reservoir_greedy
[2026-04-16 21:36:25] zip created for 1138_bus_entropyscore_forget_svd_aux_random_uniform_size_261_ssize_226_k_35_sr_1_reservoir_greedy: 52 files -> /scratch/ttran02/output22_sampled_zips/1138_bus_entropyscore_forget_svd_aux_random_uniform_size_261_ssize_226_k_35_sr_1_reservoir_greedy_sampled.zip
[2026-04-16 21:36:26] synced 1138_bus_entropyscore_forget_svd_aux_random_uniform_size_261_ssize_226_k_35_sr_1_reservoir_greedy to /scratch/ttran02/output22/1138_bus_entropyscore_forget_svd_aux_random_uniform_size_261_ssize_226_k_35_sr_1_reservoir_greedy, zipped to /scratch/ttran02/output22_sampled_zips, and removed /home/ttran02/pj/computational-methods/output22/1138_bus_entropyscore_forget_svd_aux_random_uniform_size_261_ssize_226_k_35_sr_1_reservoir_greedy
[2026-04-16 21:36:26] zip created for 1138_bus_entropyscore_forget_svd_aux_random_uniform_size_261_ssize_226_k_35_sr_2_reservoir_greedy: 52 files -> /scratch/ttran02/output22_sampled_zips/1138_bus_entropyscore_forget_svd_aux_random_uniform_size_261_ssize_226_k_35_sr_2_reservoir_greedy_sampled.zip
[2026-04-16 21:36:26] synced 1138_bus_entropyscore_forget_svd_aux_random_uniform_size_261_ssize_226_k_35_sr_2_reservoir_greedy to /scratch/ttran02/output22/1138_bus_entropyscore_forget_svd_aux_random_uniform_size_261_ssize_226_k_35_sr_2_reservoir_greedy, zipped to /scratch/ttran02/output22_sampled_zips, and removed /home/ttran02/pj/computational-methods/output22/1138_bus_entropyscore_forget_svd_aux_random_uniform_size_261_ssize_226_k_35_sr_2_reservoir_greedy
[2026-04-16 21:36:26] candidate 1138_bus_entropyscore_forget_svd_aux_random_uniform_size_261_ssize_226_k_35_sr_4_reservoir_greedy matched end_idx=1138; monitoring for 60s of stability
[2026-04-16 21:36:27] zip created for 1138_bus_entropyscore_forget_svd_aux_random_uniform_size_289_ssize_83_k_206_sr_12_reservoir_greedy: 122 files -> /scratch/ttran02/output22_sampled_zips/1138_bus_entropyscore_forget_svd_aux_random_uniform_size_289_ssize_83_k_206_sr_12_reservoir_greedy_sampled.zip
[2026-04-16 21:36:27] synced 1138_bus_entropyscore_forget_svd_aux_random_uniform_size_289_ssize_83_k_206_sr_12_reservoir_greedy to /scratch/ttran02/output22/1138_bus_entropyscore_forget_svd_aux_random_uniform_size_289_ssize_83_k_206_sr_12_reservoir_greedy, zipped to /scratch/ttran02/output22_sampled_zips, and removed /home/ttran02/pj/computational-methods/output22/1138_bus_entropyscore_forget_svd_aux_random_uniform_size_289_ssize_83_k_206_sr_12_reservoir_greedy
[2026-04-16 21:36:29] zip created for 1138_bus_entropyscore_forget_svd_aux_random_uniform_size_289_ssize_83_k_206_sr_16_reservoir_greedy: 122 files -> /scratch/ttran02/output22_sampled_zips/1138_bus_entropyscore_forget_svd_aux_random_uniform_size_289_ssize_83_k_206_sr_16_reservoir_greedy_sampled.zip
[2026-04-16 21:36:29] synced 1138_bus_entropyscore_forget_svd_aux_random_uniform_size_289_ssize_83_k_206_sr_16_reservoir_greedy to /scratch/ttran02/output22/1138_bus_entropyscore_forget_svd_aux_random_uniform_size_289_ssize_83_k_206_sr_16_reservoir_greedy, zipped to /scratch/ttran02/output22_sampled_zips, and removed /home/ttran02/pj/computational-methods/output22/1138_bus_entropyscore_forget_svd_aux_random_uniform_size_289_ssize_83_k_206_sr_16_reservoir_greedy
[2026-04-16 21:36:30] zip created for 1138_bus_entropyscore_forget_svd_aux_random_uniform_size_289_ssize_83_k_206_sr_1_reservoir_greedy: 122 files -> /scratch/ttran02/output22_sampled_zips/1138_bus_entropyscore_forget_svd_aux_random_uniform_size_289_ssize_83_k_206_sr_1_reservoir_greedy_sampled.zip
[2026-04-16 21:36:30] synced 1138_bus_entropyscore_forget_svd_aux_random_uniform_size_289_ssize_83_k_206_sr_1_reservoir_greedy to /scratch/ttran02/output22/1138_bus_entropyscore_forget_svd_aux_random_uniform_size_289_ssize_83_k_206_sr_1_reservoir_greedy, zipped to /scratch/ttran02/output22_sampled_zips, and removed /home/ttran02/pj/computational-methods/output22/1138_bus_entropyscore_forget_svd_aux_random_uniform_size_289_ssize_83_k_206_sr_1_reservoir_greedy
[2026-04-16 21:36:31] zip created for 1138_bus_entropyscore_forget_svd_aux_random_uniform_size_289_ssize_83_k_206_sr_2_reservoir_greedy: 122 files -> /scratch/ttran02/output22_sampled_zips/1138_bus_entropyscore_forget_svd_aux_random_uniform_size_289_ssize_83_k_206_sr_2_reservoir_greedy_sampled.zip
[2026-04-16 21:36:32] synced 1138_bus_entropyscore_forget_svd_aux_random_uniform_size_289_ssize_83_k_206_sr_2_reservoir_greedy to /scratch/ttran02/output22/1138_bus_entropyscore_forget_svd_aux_random_uniform_size_289_ssize_83_k_206_sr_2_reservoir_greedy, zipped to /scratch/ttran02/output22_sampled_zips, and removed /home/ttran02/pj/computational-methods/output22/1138_bus_entropyscore_forget_svd_aux_random_uniform_size_289_ssize_83_k_206_sr_2_reservoir_greedy
[2026-04-16 21:36:32] candidate 1138_bus_entropyscore_forget_svd_aux_random_uniform_size_289_ssize_83_k_206_sr_4_reservoir_greedy matched end_idx=1138; monitoring for 60s of stability
[2026-04-16 21:36:32] zip created for 1138_bus_entropyscore_forget_svd_aux_random_uniform_size_311_ssize_226_k_85_sr_12_reservoir_greedy: 52 files -> /scratch/ttran02/output22_sampled_zips/1138_bus_entropyscore_forget_svd_aux_random_uniform_size_311_ssize_226_k_85_sr_12_reservoir_greedy_sampled.zip
[2026-04-16 21:36:32] synced 1138_bus_entropyscore_forget_svd_aux_random_uniform_size_311_ssize_226_k_85_sr_12_reservoir_greedy to /scratch/ttran02/output22/1138_bus_entropyscore_forget_svd_aux_random_uniform_size_311_ssize_226_k_85_sr_12_reservoir_greedy, zipped to /scratch/ttran02/output22_sampled_zips, and removed /home/ttran02/pj/computational-methods/output22/1138_bus_entropyscore_forget_svd_aux_random_uniform_size_311_ssize_226_k_85_sr_12_reservoir_greedy
[2026-04-16 21:36:32] zip created for 1138_bus_entropyscore_forget_svd_aux_random_uniform_size_311_ssize_226_k_85_sr_2_reservoir_greedy: 52 files -> /scratch/ttran02/output22_sampled_zips/1138_bus_entropyscore_forget_svd_aux_random_uniform_size_311_ssize_226_k_85_sr_2_reservoir_greedy_sampled.zip
[2026-04-16 21:36:32] synced 1138_bus_entropyscore_forget_svd_aux_random_uniform_size_311_ssize_226_k_85_sr_2_reservoir_greedy to /scratch/ttran02/output22/1138_bus_entropyscore_forget_svd_aux_random_uniform_size_311_ssize_226_k_85_sr_2_reservoir_greedy, zipped to /scratch/ttran02/output22_sampled_zips, and removed /home/ttran02/pj/computational-methods/output22/1138_bus_entropyscore_forget_svd_aux_random_uniform_size_311_ssize_226_k_85_sr_2_reservoir_greedy
[2026-04-16 21:36:32] zip created for 1138_bus_entropyscore_forget_svd_aux_random_uniform_size_311_ssize_226_k_85_sr_4_reservoir_greedy: 52 files -> /scratch/ttran02/output22_sampled_zips/1138_bus_entropyscore_forget_svd_aux_random_uniform_size_311_ssize_226_k_85_sr_4_reservoir_greedy_sampled.zip
[2026-04-16 21:36:33] synced 1138_bus_entropyscore_forget_svd_aux_random_uniform_size_311_ssize_226_k_85_sr_4_reservoir_greedy to /scratch/ttran02/output22/1138_bus_entropyscore_forget_svd_aux_random_uniform_size_311_ssize_226_k_85_sr_4_reservoir_greedy, zipped to /scratch/ttran02/output22_sampled_zips, and removed /home/ttran02/pj/computational-methods/output22/1138_bus_entropyscore_forget_svd_aux_random_uniform_size_311_ssize_226_k_85_sr_4_reservoir_greedy
[2026-04-16 21:36:33] zip created for 1138_bus_entropyscore_forget_svd_aux_random_uniform_size_311_ssize_226_k_85_sr_8_reservoir_greedy: 52 files -> /scratch/ttran02/output22_sampled_zips/1138_bus_entropyscore_forget_svd_aux_random_uniform_size_311_ssize_226_k_85_sr_8_reservoir_greedy_sampled.zip
[2026-04-16 21:36:33] synced 1138_bus_entropyscore_forget_svd_aux_random_uniform_size_311_ssize_226_k_85_sr_8_reservoir_greedy to /scratch/ttran02/output22/1138_bus_entropyscore_forget_svd_aux_random_uniform_size_311_ssize_226_k_85_sr_8_reservoir_greedy, zipped to /scratch/ttran02/output22_sampled_zips, and removed /home/ttran02/pj/computational-methods/output22/1138_bus_entropyscore_forget_svd_aux_random_uniform_size_311_ssize_226_k_85_sr_8_reservoir_greedy
[2026-04-16 21:36:33] candidate 1138_bus_entropyscore_forget_svd_aux_random_uniform_size_36_ssize_30_k_6_sr_2_reservoir_greedy matched end_idx=1138; monitoring for 60s of stability
[2026-04-16 21:36:34] zip created for 1138_bus_entropyscore_forget_svd_aux_random_uniform_size_432_ssize_226_k_206_sr_12_reservoir_greedy: 52 files -> /scratch/ttran02/output22_sampled_zips/1138_bus_entropyscore_forget_svd_aux_random_uniform_size_432_ssize_226_k_206_sr_12_reservoir_greedy_sampled.zip
[2026-04-16 21:36:34] synced 1138_bus_entropyscore_forget_svd_aux_random_uniform_size_432_ssize_226_k_206_sr_12_reservoir_greedy to /scratch/ttran02/output22/1138_bus_entropyscore_forget_svd_aux_random_uniform_size_432_ssize_226_k_206_sr_12_reservoir_greedy, zipped to /scratch/ttran02/output22_sampled_zips, and removed /home/ttran02/pj/computational-methods/output22/1138_bus_entropyscore_forget_svd_aux_random_uniform_size_432_ssize_226_k_206_sr_12_reservoir_greedy
[2026-04-16 21:36:34] candidate 1138_bus_entropyscore_forget_svd_aux_random_uniform_size_432_ssize_226_k_206_sr_16_reservoir_greedy matched end_idx=1138; monitoring for 60s of stability
[2026-04-16 21:36:34] zip created for 1138_bus_entropyscore_forget_svd_aux_random_uniform_size_432_ssize_226_k_206_sr_1_reservoir_greedy: 52 files -> /scratch/ttran02/output22_sampled_zips/1138_bus_entropyscore_forget_svd_aux_random_uniform_size_432_ssize_226_k_206_sr_1_reservoir_greedy_sampled.zip
[2026-04-16 21:36:34] synced 1138_bus_entropyscore_forget_svd_aux_random_uniform_size_432_ssize_226_k_206_sr_1_reservoir_greedy to /scratch/ttran02/output22/1138_bus_entropyscore_forget_svd_aux_random_uniform_size_432_ssize_226_k_206_sr_1_reservoir_greedy, zipped to /scratch/ttran02/output22_sampled_zips, and removed /home/ttran02/pj/computational-methods/output22/1138_bus_entropyscore_forget_svd_aux_random_uniform_size_432_ssize_226_k_206_sr_1_reservoir_greedy
[2026-04-16 21:36:35] zip created for 1138_bus_entropyscore_forget_svd_aux_random_uniform_size_432_ssize_226_k_206_sr_2_reservoir_greedy: 52 files -> /scratch/ttran02/output22_sampled_zips/1138_bus_entropyscore_forget_svd_aux_random_uniform_size_432_ssize_226_k_206_sr_2_reservoir_greedy_sampled.zip
[2026-04-16 21:36:35] synced 1138_bus_entropyscore_forget_svd_aux_random_uniform_size_432_ssize_226_k_206_sr_2_reservoir_greedy to /scratch/ttran02/output22/1138_bus_entropyscore_forget_svd_aux_random_uniform_size_432_ssize_226_k_206_sr_2_reservoir_greedy, zipped to /scratch/ttran02/output22_sampled_zips, and removed /home/ttran02/pj/computational-methods/output22/1138_bus_entropyscore_forget_svd_aux_random_uniform_size_432_ssize_226_k_206_sr_2_reservoir_greedy
[2026-04-16 21:36:35] candidate 1138_bus_entropyscore_forget_svd_aux_random_uniform_size_432_ssize_226_k_206_sr_4_reservoir_greedy matched end_idx=1138; monitoring for 60s of stability
[2026-04-16 21:36:36] zip created for 1138_bus_entropyscore_forget_svd_aux_random_uniform_size_44_ssize_30_k_14_sr_12_reservoir_greedy: 382 files -> /scratch/ttran02/output22_sampled_zips/1138_bus_entropyscore_forget_svd_aux_random_uniform_size_44_ssize_30_k_14_sr_12_reservoir_greedy_sampled.zip
[2026-04-16 21:36:36] synced 1138_bus_entropyscore_forget_svd_aux_random_uniform_size_44_ssize_30_k_14_sr_12_reservoir_greedy to /scratch/ttran02/output22/1138_bus_entropyscore_forget_svd_aux_random_uniform_size_44_ssize_30_k_14_sr_12_reservoir_greedy, zipped to /scratch/ttran02/output22_sampled_zips, and removed /home/ttran02/pj/computational-methods/output22/1138_bus_entropyscore_forget_svd_aux_random_uniform_size_44_ssize_30_k_14_sr_12_reservoir_greedy
[2026-04-16 21:36:37] zip created for 1138_bus_entropyscore_forget_svd_aux_random_uniform_size_44_ssize_30_k_14_sr_14_reservoir_greedy: 382 files -> /scratch/ttran02/output22_sampled_zips/1138_bus_entropyscore_forget_svd_aux_random_uniform_size_44_ssize_30_k_14_sr_14_reservoir_greedy_sampled.zip
[2026-04-16 21:36:37] synced 1138_bus_entropyscore_forget_svd_aux_random_uniform_size_44_ssize_30_k_14_sr_14_reservoir_greedy to /scratch/ttran02/output22/1138_bus_entropyscore_forget_svd_aux_random_uniform_size_44_ssize_30_k_14_sr_14_reservoir_greedy, zipped to /scratch/ttran02/output22_sampled_zips, and removed /home/ttran02/pj/computational-methods/output22/1138_bus_entropyscore_forget_svd_aux_random_uniform_size_44_ssize_30_k_14_sr_14_reservoir_greedy
[2026-04-16 21:36:37] zip created for 1138_bus_entropyscore_forget_svd_aux_random_uniform_size_44_ssize_30_k_14_sr_1_reservoir_greedy: 382 files -> /scratch/ttran02/output22_sampled_zips/1138_bus_entropyscore_forget_svd_aux_random_uniform_size_44_ssize_30_k_14_sr_1_reservoir_greedy_sampled.zip
[2026-04-16 21:36:38] synced 1138_bus_entropyscore_forget_svd_aux_random_uniform_size_44_ssize_30_k_14_sr_1_reservoir_greedy to /scratch/ttran02/output22/1138_bus_entropyscore_forget_svd_aux_random_uniform_size_44_ssize_30_k_14_sr_1_reservoir_greedy, zipped to /scratch/ttran02/output22_sampled_zips, and removed /home/ttran02/pj/computational-methods/output22/1138_bus_entropyscore_forget_svd_aux_random_uniform_size_44_ssize_30_k_14_sr_1_reservoir_greedy
[2026-04-16 21:36:38] zip created for 1138_bus_entropyscore_forget_svd_aux_random_uniform_size_44_ssize_30_k_14_sr_2_reservoir_greedy: 382 files -> /scratch/ttran02/output22_sampled_zips/1138_bus_entropyscore_forget_svd_aux_random_uniform_size_44_ssize_30_k_14_sr_2_reservoir_greedy_sampled.zip
[2026-04-16 21:36:39] synced 1138_bus_entropyscore_forget_svd_aux_random_uniform_size_44_ssize_30_k_14_sr_2_reservoir_greedy to /scratch/ttran02/output22/1138_bus_entropyscore_forget_svd_aux_random_uniform_size_44_ssize_30_k_14_sr_2_reservoir_greedy, zipped to /scratch/ttran02/output22_sampled_zips, and removed /home/ttran02/pj/computational-methods/output22/1138_bus_entropyscore_forget_svd_aux_random_uniform_size_44_ssize_30_k_14_sr_2_reservoir_greedy
[2026-04-16 21:36:39] zip created for 1138_bus_entropyscore_forget_svd_aux_random_uniform_size_44_ssize_30_k_14_sr_4_reservoir_greedy: 382 files -> /scratch/ttran02/output22_sampled_zips/1138_bus_entropyscore_forget_svd_aux_random_uniform_size_44_ssize_30_k_14_sr_4_reservoir_greedy_sampled.zip
[2026-04-16 21:36:40] synced 1138_bus_entropyscore_forget_svd_aux_random_uniform_size_44_ssize_30_k_14_sr_4_reservoir_greedy to /scratch/ttran02/output22/1138_bus_entropyscore_forget_svd_aux_random_uniform_size_44_ssize_30_k_14_sr_4_reservoir_greedy, zipped to /scratch/ttran02/output22_sampled_zips, and removed /home/ttran02/pj/computational-methods/output22/1138_bus_entropyscore_forget_svd_aux_random_uniform_size_44_ssize_30_k_14_sr_4_reservoir_greedy
[2026-04-16 21:36:49] zip created for 1138_bus_entropyscore_forget_svd_aux_random_uniform_size_530_ssize_30_k_500_sr_16_reservoir_greedy: 222 files -> /scratch/ttran02/output22_sampled_zips/1138_bus_entropyscore_forget_svd_aux_random_uniform_size_530_ssize_30_k_500_sr_16_reservoir_greedy_sampled.zip
[2026-04-16 21:36:49] synced 1138_bus_entropyscore_forget_svd_aux_random_uniform_size_530_ssize_30_k_500_sr_16_reservoir_greedy to /scratch/ttran02/output22/1138_bus_entropyscore_forget_svd_aux_random_uniform_size_530_ssize_30_k_500_sr_16_reservoir_greedy, zipped to /scratch/ttran02/output22_sampled_zips, and removed /home/ttran02/pj/computational-methods/output22/1138_bus_entropyscore_forget_svd_aux_random_uniform_size_530_ssize_30_k_500_sr_16_reservoir_greedy
[2026-04-16 21:36:49] candidate 1138_bus_entropyscore_forget_svd_aux_random_uniform_size_530_ssize_30_k_500_sr_2_reservoir_greedy matched end_idx=1138; monitoring for 60s of stability
[2026-04-16 21:36:52] zip created for 1138_bus_entropyscore_forget_svd_aux_random_uniform_size_583_ssize_83_k_500_sr_16_reservoir_greedy: 82 files -> /scratch/ttran02/output22_sampled_zips/1138_bus_entropyscore_forget_svd_aux_random_uniform_size_583_ssize_83_k_500_sr_16_reservoir_greedy_sampled.zip
[2026-04-16 21:36:52] synced 1138_bus_entropyscore_forget_svd_aux_random_uniform_size_583_ssize_83_k_500_sr_16_reservoir_greedy to /scratch/ttran02/output22/1138_bus_entropyscore_forget_svd_aux_random_uniform_size_583_ssize_83_k_500_sr_16_reservoir_greedy, zipped to /scratch/ttran02/output22_sampled_zips, and removed /home/ttran02/pj/computational-methods/output22/1138_bus_entropyscore_forget_svd_aux_random_uniform_size_583_ssize_83_k_500_sr_16_reservoir_greedy
[2026-04-16 21:36:55] zip created for 1138_bus_entropyscore_forget_svd_aux_random_uniform_size_583_ssize_83_k_500_sr_2_reservoir_greedy: 82 files -> /scratch/ttran02/output22_sampled_zips/1138_bus_entropyscore_forget_svd_aux_random_uniform_size_583_ssize_83_k_500_sr_2_reservoir_greedy_sampled.zip
[2026-04-16 21:36:55] synced 1138_bus_entropyscore_forget_svd_aux_random_uniform_size_583_ssize_83_k_500_sr_2_reservoir_greedy to /scratch/ttran02/output22/1138_bus_entropyscore_forget_svd_aux_random_uniform_size_583_ssize_83_k_500_sr_2_reservoir_greedy, zipped to /scratch/ttran02/output22_sampled_zips, and removed /home/ttran02/pj/computational-methods/output22/1138_bus_entropyscore_forget_svd_aux_random_uniform_size_583_ssize_83_k_500_sr_2_reservoir_greedy
[2026-04-16 21:36:58] zip created for 1138_bus_entropyscore_forget_svd_aux_random_uniform_size_583_ssize_83_k_500_sr_8_reservoir_greedy: 82 files -> /scratch/ttran02/output22_sampled_zips/1138_bus_entropyscore_forget_svd_aux_random_uniform_size_583_ssize_83_k_500_sr_8_reservoir_greedy_sampled.zip
[2026-04-16 21:36:58] synced 1138_bus_entropyscore_forget_svd_aux_random_uniform_size_583_ssize_83_k_500_sr_8_reservoir_greedy to /scratch/ttran02/output22/1138_bus_entropyscore_forget_svd_aux_random_uniform_size_583_ssize_83_k_500_sr_8_reservoir_greedy, zipped to /scratch/ttran02/output22_sampled_zips, and removed /home/ttran02/pj/computational-methods/output22/1138_bus_entropyscore_forget_svd_aux_random_uniform_size_583_ssize_83_k_500_sr_8_reservoir_greedy
[2026-04-16 21:36:59] zip created for 1138_bus_entropyscore_forget_svd_aux_random_uniform_size_65_ssize_30_k_35_sr_16_reservoir_greedy: 372 files -> /scratch/ttran02/output22_sampled_zips/1138_bus_entropyscore_forget_svd_aux_random_uniform_size_65_ssize_30_k_35_sr_16_reservoir_greedy_sampled.zip
[2026-04-16 21:36:59] synced 1138_bus_entropyscore_forget_svd_aux_random_uniform_size_65_ssize_30_k_35_sr_16_reservoir_greedy to /scratch/ttran02/output22/1138_bus_entropyscore_forget_svd_aux_random_uniform_size_65_ssize_30_k_35_sr_16_reservoir_greedy, zipped to /scratch/ttran02/output22_sampled_zips, and removed /home/ttran02/pj/computational-methods/output22/1138_bus_entropyscore_forget_svd_aux_random_uniform_size_65_ssize_30_k_35_sr_16_reservoir_greedy
[2026-04-16 21:37:00] zip created for 1138_bus_entropyscore_forget_svd_aux_random_uniform_size_65_ssize_30_k_35_sr_8_reservoir_greedy: 372 files -> /scratch/ttran02/output22_sampled_zips/1138_bus_entropyscore_forget_svd_aux_random_uniform_size_65_ssize_30_k_35_sr_8_reservoir_greedy_sampled.zip
[2026-04-16 21:37:00] synced 1138_bus_entropyscore_forget_svd_aux_random_uniform_size_65_ssize_30_k_35_sr_8_reservoir_greedy to /scratch/ttran02/output22/1138_bus_entropyscore_forget_svd_aux_random_uniform_size_65_ssize_30_k_35_sr_8_reservoir_greedy, zipped to /scratch/ttran02/output22_sampled_zips, and removed /home/ttran02/pj/computational-methods/output22/1138_bus_entropyscore_forget_svd_aux_random_uniform_size_65_ssize_30_k_35_sr_8_reservoir_greedy
[2026-04-16 21:37:01] zip created for 1138_bus_entropyscore_forget_svd_aux_random_uniform_size_726_ssize_226_k_500_sr_12_reservoir_greedy: 32 files -> /scratch/ttran02/output22_sampled_zips/1138_bus_entropyscore_forget_svd_aux_random_uniform_size_726_ssize_226_k_500_sr_12_reservoir_greedy_sampled.zip
[2026-04-16 21:37:01] synced 1138_bus_entropyscore_forget_svd_aux_random_uniform_size_726_ssize_226_k_500_sr_12_reservoir_greedy to /scratch/ttran02/output22/1138_bus_entropyscore_forget_svd_aux_random_uniform_size_726_ssize_226_k_500_sr_12_reservoir_greedy, zipped to /scratch/ttran02/output22_sampled_zips, and removed /home/ttran02/pj/computational-methods/output22/1138_bus_entropyscore_forget_svd_aux_random_uniform_size_726_ssize_226_k_500_sr_12_reservoir_greedy
[2026-04-16 21:37:01] candidate 1138_bus_entropyscore_forget_svd_aux_random_uniform_size_726_ssize_226_k_500_sr_16_reservoir_greedy matched end_idx=1138; monitoring for 60s of stability
[2026-04-16 21:37:03] zip created for 1138_bus_entropyscore_forget_svd_aux_random_uniform_size_726_ssize_226_k_500_sr_8_reservoir_greedy: 32 files -> /scratch/ttran02/output22_sampled_zips/1138_bus_entropyscore_forget_svd_aux_random_uniform_size_726_ssize_226_k_500_sr_8_reservoir_greedy_sampled.zip
[2026-04-16 21:37:03] synced 1138_bus_entropyscore_forget_svd_aux_random_uniform_size_726_ssize_226_k_500_sr_8_reservoir_greedy to /scratch/ttran02/output22/1138_bus_entropyscore_forget_svd_aux_random_uniform_size_726_ssize_226_k_500_sr_8_reservoir_greedy, zipped to /scratch/ttran02/output22_sampled_zips, and removed /home/ttran02/pj/computational-methods/output22/1138_bus_entropyscore_forget_svd_aux_random_uniform_size_726_ssize_226_k_500_sr_8_reservoir_greedy
[2026-04-16 21:37:03] zip created for 1138_bus_entropyscore_forget_svd_aux_random_uniform_size_85_ssize_83_k_2_sr_1_reservoir_greedy: 142 files -> /scratch/ttran02/output22_sampled_zips/1138_bus_entropyscore_forget_svd_aux_random_uniform_size_85_ssize_83_k_2_sr_1_reservoir_greedy_sampled.zip
[2026-04-16 21:37:04] synced 1138_bus_entropyscore_forget_svd_aux_random_uniform_size_85_ssize_83_k_2_sr_1_reservoir_greedy to /scratch/ttran02/output22/1138_bus_entropyscore_forget_svd_aux_random_uniform_size_85_ssize_83_k_2_sr_1_reservoir_greedy, zipped to /scratch/ttran02/output22_sampled_zips, and removed /home/ttran02/pj/computational-methods/output22/1138_bus_entropyscore_forget_svd_aux_random_uniform_size_85_ssize_83_k_2_sr_1_reservoir_greedy
[2026-04-16 21:37:04] zip created for 1138_bus_entropyscore_forget_svd_aux_random_uniform_size_85_ssize_83_k_2_sr_2_reservoir_greedy: 142 files -> /scratch/ttran02/output22_sampled_zips/1138_bus_entropyscore_forget_svd_aux_random_uniform_size_85_ssize_83_k_2_sr_2_reservoir_greedy_sampled.zip
[2026-04-16 21:37:04] synced 1138_bus_entropyscore_forget_svd_aux_random_uniform_size_85_ssize_83_k_2_sr_2_reservoir_greedy to /scratch/ttran02/output22/1138_bus_entropyscore_forget_svd_aux_random_uniform_size_85_ssize_83_k_2_sr_2_reservoir_greedy, zipped to /scratch/ttran02/output22_sampled_zips, and removed /home/ttran02/pj/computational-methods/output22/1138_bus_entropyscore_forget_svd_aux_random_uniform_size_85_ssize_83_k_2_sr_2_reservoir_greedy
[2026-04-16 21:37:04] zip created for 1138_bus_entropyscore_forget_svd_aux_random_uniform_size_89_ssize_83_k_6_sr_2_reservoir_greedy: 142 files -> /scratch/ttran02/output22_sampled_zips/1138_bus_entropyscore_forget_svd_aux_random_uniform_size_89_ssize_83_k_6_sr_2_reservoir_greedy_sampled.zip
[2026-04-16 21:37:04] synced 1138_bus_entropyscore_forget_svd_aux_random_uniform_size_89_ssize_83_k_6_sr_2_reservoir_greedy to /scratch/ttran02/output22/1138_bus_entropyscore_forget_svd_aux_random_uniform_size_89_ssize_83_k_6_sr_2_reservoir_greedy, zipped to /scratch/ttran02/output22_sampled_zips, and removed /home/ttran02/pj/computational-methods/output22/1138_bus_entropyscore_forget_svd_aux_random_uniform_size_89_ssize_83_k_6_sr_2_reservoir_greedy
[2026-04-16 21:37:05] zip created for 1138_bus_entropyscore_forget_svd_aux_random_uniform_size_89_ssize_83_k_6_sr_4_reservoir_greedy: 142 files -> /scratch/ttran02/output22_sampled_zips/1138_bus_entropyscore_forget_svd_aux_random_uniform_size_89_ssize_83_k_6_sr_4_reservoir_greedy_sampled.zip
[2026-04-16 21:37:05] synced 1138_bus_entropyscore_forget_svd_aux_random_uniform_size_89_ssize_83_k_6_sr_4_reservoir_greedy to /scratch/ttran02/output22/1138_bus_entropyscore_forget_svd_aux_random_uniform_size_89_ssize_83_k_6_sr_4_reservoir_greedy, zipped to /scratch/ttran02/output22_sampled_zips, and removed /home/ttran02/pj/computational-methods/output22/1138_bus_entropyscore_forget_svd_aux_random_uniform_size_89_ssize_83_k_6_sr_4_reservoir_greedy
[2026-04-16 21:37:05] zip created for 1138_bus_entropyscore_forget_svd_aux_random_uniform_size_89_ssize_83_k_6_sr_6_reservoir_greedy: 142 files -> /scratch/ttran02/output22_sampled_zips/1138_bus_entropyscore_forget_svd_aux_random_uniform_size_89_ssize_83_k_6_sr_6_reservoir_greedy_sampled.zip
[2026-04-16 21:37:05] synced 1138_bus_entropyscore_forget_svd_aux_random_uniform_size_89_ssize_83_k_6_sr_6_reservoir_greedy to /scratch/ttran02/output22/1138_bus_entropyscore_forget_svd_aux_random_uniform_size_89_ssize_83_k_6_sr_6_reservoir_greedy, zipped to /scratch/ttran02/output22_sampled_zips, and removed /home/ttran02/pj/computational-methods/output22/1138_bus_entropyscore_forget_svd_aux_random_uniform_size_89_ssize_83_k_6_sr_6_reservoir_greedy
[2026-04-16 21:37:05] candidate 1138_bus_entropyscore_forget_svd_aux_random_uniform_size_96_ssize_11_k_85_sr_16_reservoir_greedy matched end_idx=1138; monitoring for 60s of stability
[2026-04-16 21:37:05] candidate 1138_bus_entropyscore_forget_svd_aux_random_uniform_size_97_ssize_83_k_14_sr_14_reservoir_greedy matched end_idx=1138; monitoring for 60s of stability
[2026-04-16 21:37:06] zip created for 1138_bus_entropyscore_forget_svd_aux_random_uniform_size_97_ssize_83_k_14_sr_1_reservoir_greedy: 142 files -> /scratch/ttran02/output22_sampled_zips/1138_bus_entropyscore_forget_svd_aux_random_uniform_size_97_ssize_83_k_14_sr_1_reservoir_greedy_sampled.zip
[2026-04-16 21:37:06] synced 1138_bus_entropyscore_forget_svd_aux_random_uniform_size_97_ssize_83_k_14_sr_1_reservoir_greedy to /scratch/ttran02/output22/1138_bus_entropyscore_forget_svd_aux_random_uniform_size_97_ssize_83_k_14_sr_1_reservoir_greedy, zipped to /scratch/ttran02/output22_sampled_zips, and removed /home/ttran02/pj/computational-methods/output22/1138_bus_entropyscore_forget_svd_aux_random_uniform_size_97_ssize_83_k_14_sr_1_reservoir_greedy
[2026-04-16 21:37:06] zip created for 1138_bus_entropyscore_forget_svd_aux_random_uniform_size_97_ssize_83_k_14_sr_2_reservoir_greedy: 142 files -> /scratch/ttran02/output22_sampled_zips/1138_bus_entropyscore_forget_svd_aux_random_uniform_size_97_ssize_83_k_14_sr_2_reservoir_greedy_sampled.zip
[2026-04-16 21:37:06] synced 1138_bus_entropyscore_forget_svd_aux_random_uniform_size_97_ssize_83_k_14_sr_2_reservoir_greedy to /scratch/ttran02/output22/1138_bus_entropyscore_forget_svd_aux_random_uniform_size_97_ssize_83_k_14_sr_2_reservoir_greedy, zipped to /scratch/ttran02/output22_sampled_zips, and removed /home/ttran02/pj/computational-methods/output22/1138_bus_entropyscore_forget_svd_aux_random_uniform_size_97_ssize_83_k_14_sr_2_reservoir_greedy
[2026-04-16 21:37:06] zip created for 1138_bus_entropyscore_forget_svd_aux_random_uniform_size_97_ssize_83_k_14_sr_4_reservoir_greedy: 142 files -> /scratch/ttran02/output22_sampled_zips/1138_bus_entropyscore_forget_svd_aux_random_uniform_size_97_ssize_83_k_14_sr_4_reservoir_greedy_sampled.zip
[2026-04-16 21:37:07] synced 1138_bus_entropyscore_forget_svd_aux_random_uniform_size_97_ssize_83_k_14_sr_4_reservoir_greedy to /scratch/ttran02/output22/1138_bus_entropyscore_forget_svd_aux_random_uniform_size_97_ssize_83_k_14_sr_4_reservoir_greedy, zipped to /scratch/ttran02/output22_sampled_zips, and removed /home/ttran02/pj/computational-methods/output22/1138_bus_entropyscore_forget_svd_aux_random_uniform_size_97_ssize_83_k_14_sr_4_reservoir_greedy
[2026-04-16 21:38:08] zip created for 1138_bus_entropyscore_forget_svd_aux_random_uniform_2_size_115_ssize_30_k_85_sr_12_reservoir_greedy: 362 files -> /scratch/ttran02/output22_sampled_zips/1138_bus_entropyscore_forget_svd_aux_random_uniform_2_size_115_ssize_30_k_85_sr_12_reservoir_greedy_sampled.zip
[2026-04-16 21:38:08] synced 1138_bus_entropyscore_forget_svd_aux_random_uniform_2_size_115_ssize_30_k_85_sr_12_reservoir_greedy to /scratch/ttran02/output22/1138_bus_entropyscore_forget_svd_aux_random_uniform_2_size_115_ssize_30_k_85_sr_12_reservoir_greedy, zipped to /scratch/ttran02/output22_sampled_zips, and removed /home/ttran02/pj/computational-methods/output22/1138_bus_entropyscore_forget_svd_aux_random_uniform_2_size_115_ssize_30_k_85_sr_12_reservoir_greedy
[2026-04-16 21:38:09] zip created for 1138_bus_entropyscore_forget_svd_aux_random_uniform_2_size_115_ssize_30_k_85_sr_16_reservoir_greedy: 362 files -> /scratch/ttran02/output22_sampled_zips/1138_bus_entropyscore_forget_svd_aux_random_uniform_2_size_115_ssize_30_k_85_sr_16_reservoir_greedy_sampled.zip
[2026-04-16 21:38:09] synced 1138_bus_entropyscore_forget_svd_aux_random_uniform_2_size_115_ssize_30_k_85_sr_16_reservoir_greedy to /scratch/ttran02/output22/1138_bus_entropyscore_forget_svd_aux_random_uniform_2_size_115_ssize_30_k_85_sr_16_reservoir_greedy, zipped to /scratch/ttran02/output22_sampled_zips, and removed /home/ttran02/pj/computational-methods/output22/1138_bus_entropyscore_forget_svd_aux_random_uniform_2_size_115_ssize_30_k_85_sr_16_reservoir_greedy
[2026-04-16 21:38:10] candidate 1138_bus_entropyscore_forget_svd_aux_random_uniform_2_size_118_ssize_83_k_35_sr_4_reservoir_greedy matched end_idx=1138; monitoring for 60s of stability
[2026-04-16 21:38:10] zip created for 1138_bus_entropyscore_forget_svd_aux_random_uniform_2_size_168_ssize_83_k_85_sr_2_reservoir_greedy: 132 files -> /scratch/ttran02/output22_sampled_zips/1138_bus_entropyscore_forget_svd_aux_random_uniform_2_size_168_ssize_83_k_85_sr_2_reservoir_greedy_sampled.zip
[2026-04-16 21:38:10] synced 1138_bus_entropyscore_forget_svd_aux_random_uniform_2_size_168_ssize_83_k_85_sr_2_reservoir_greedy to /scratch/ttran02/output22/1138_bus_entropyscore_forget_svd_aux_random_uniform_2_size_168_ssize_83_k_85_sr_2_reservoir_greedy, zipped to /scratch/ttran02/output22_sampled_zips, and removed /home/ttran02/pj/computational-methods/output22/1138_bus_entropyscore_forget_svd_aux_random_uniform_2_size_168_ssize_83_k_85_sr_2_reservoir_greedy
[2026-04-16 21:38:15] zip created for 1138_bus_entropyscore_forget_svd_aux_random_uniform_2_size_217_ssize_11_k_206_sr_8_reservoir_greedy: 502 files -> /scratch/ttran02/output22_sampled_zips/1138_bus_entropyscore_forget_svd_aux_random_uniform_2_size_217_ssize_11_k_206_sr_8_reservoir_greedy_sampled.zip
[2026-04-16 21:38:15] synced 1138_bus_entropyscore_forget_svd_aux_random_uniform_2_size_217_ssize_11_k_206_sr_8_reservoir_greedy to /scratch/ttran02/output22/1138_bus_entropyscore_forget_svd_aux_random_uniform_2_size_217_ssize_11_k_206_sr_8_reservoir_greedy, zipped to /scratch/ttran02/output22_sampled_zips, and removed /home/ttran02/pj/computational-methods/output22/1138_bus_entropyscore_forget_svd_aux_random_uniform_2_size_217_ssize_11_k_206_sr_8_reservoir_greedy
[2026-04-16 21:38:15] candidate 1138_bus_entropyscore_forget_svd_aux_random_uniform_2_size_227_ssize_226_k_1_sr_1_reservoir_greedy matched end_idx=1138; monitoring for 60s of stability
[2026-04-16 21:38:15] zip created for 1138_bus_entropyscore_forget_svd_aux_random_uniform_2_size_232_ssize_226_k_6_sr_1_reservoir_greedy: 62 files -> /scratch/ttran02/output22_sampled_zips/1138_bus_entropyscore_forget_svd_aux_random_uniform_2_size_232_ssize_226_k_6_sr_1_reservoir_greedy_sampled.zip
[2026-04-16 21:38:15] synced 1138_bus_entropyscore_forget_svd_aux_random_uniform_2_size_232_ssize_226_k_6_sr_1_reservoir_greedy to /scratch/ttran02/output22/1138_bus_entropyscore_forget_svd_aux_random_uniform_2_size_232_ssize_226_k_6_sr_1_reservoir_greedy, zipped to /scratch/ttran02/output22_sampled_zips, and removed /home/ttran02/pj/computational-methods/output22/1138_bus_entropyscore_forget_svd_aux_random_uniform_2_size_232_ssize_226_k_6_sr_1_reservoir_greedy
[2026-04-16 21:38:16] zip created for 1138_bus_entropyscore_forget_svd_aux_random_uniform_2_size_232_ssize_226_k_6_sr_4_reservoir_greedy: 62 files -> /scratch/ttran02/output22_sampled_zips/1138_bus_entropyscore_forget_svd_aux_random_uniform_2_size_232_ssize_226_k_6_sr_4_reservoir_greedy_sampled.zip
[2026-04-16 21:38:16] synced 1138_bus_entropyscore_forget_svd_aux_random_uniform_2_size_232_ssize_226_k_6_sr_4_reservoir_greedy to /scratch/ttran02/output22/1138_bus_entropyscore_forget_svd_aux_random_uniform_2_size_232_ssize_226_k_6_sr_4_reservoir_greedy, zipped to /scratch/ttran02/output22_sampled_zips, and removed /home/ttran02/pj/computational-methods/output22/1138_bus_entropyscore_forget_svd_aux_random_uniform_2_size_232_ssize_226_k_6_sr_4_reservoir_greedy
[2026-04-16 21:38:19] zip created for 1138_bus_entropyscore_forget_svd_aux_random_uniform_2_size_236_ssize_30_k_206_sr_4_reservoir_greedy: 322 files -> /scratch/ttran02/output22_sampled_zips/1138_bus_entropyscore_forget_svd_aux_random_uniform_2_size_236_ssize_30_k_206_sr_4_reservoir_greedy_sampled.zip
[2026-04-16 21:38:19] synced 1138_bus_entropyscore_forget_svd_aux_random_uniform_2_size_236_ssize_30_k_206_sr_4_reservoir_greedy to /scratch/ttran02/output22/1138_bus_entropyscore_forget_svd_aux_random_uniform_2_size_236_ssize_30_k_206_sr_4_reservoir_greedy, zipped to /scratch/ttran02/output22_sampled_zips, and removed /home/ttran02/pj/computational-methods/output22/1138_bus_entropyscore_forget_svd_aux_random_uniform_2_size_236_ssize_30_k_206_sr_4_reservoir_greedy
[2026-04-16 21:38:19] zip created for 1138_bus_entropyscore_forget_svd_aux_random_uniform_2_size_240_ssize_226_k_14_sr_4_reservoir_greedy: 52 files -> /scratch/ttran02/output22_sampled_zips/1138_bus_entropyscore_forget_svd_aux_random_uniform_2_size_240_ssize_226_k_14_sr_4_reservoir_greedy_sampled.zip
[2026-04-16 21:38:20] synced 1138_bus_entropyscore_forget_svd_aux_random_uniform_2_size_240_ssize_226_k_14_sr_4_reservoir_greedy to /scratch/ttran02/output22/1138_bus_entropyscore_forget_svd_aux_random_uniform_2_size_240_ssize_226_k_14_sr_4_reservoir_greedy, zipped to /scratch/ttran02/output22_sampled_zips, and removed /home/ttran02/pj/computational-methods/output22/1138_bus_entropyscore_forget_svd_aux_random_uniform_2_size_240_ssize_226_k_14_sr_4_reservoir_greedy
[2026-04-16 21:38:20] zip created for 1138_bus_entropyscore_forget_svd_aux_random_uniform_2_size_240_ssize_226_k_14_sr_8_reservoir_greedy: 52 files -> /scratch/ttran02/output22_sampled_zips/1138_bus_entropyscore_forget_svd_aux_random_uniform_2_size_240_ssize_226_k_14_sr_8_reservoir_greedy_sampled.zip
[2026-04-16 21:38:20] synced 1138_bus_entropyscore_forget_svd_aux_random_uniform_2_size_240_ssize_226_k_14_sr_8_reservoir_greedy to /scratch/ttran02/output22/1138_bus_entropyscore_forget_svd_aux_random_uniform_2_size_240_ssize_226_k_14_sr_8_reservoir_greedy, zipped to /scratch/ttran02/output22_sampled_zips, and removed /home/ttran02/pj/computational-methods/output22/1138_bus_entropyscore_forget_svd_aux_random_uniform_2_size_240_ssize_226_k_14_sr_8_reservoir_greedy
[2026-04-16 21:38:20] zip created for 1138_bus_entropyscore_forget_svd_aux_random_uniform_2_size_261_ssize_226_k_35_sr_4_reservoir_greedy: 52 files -> /scratch/ttran02/output22_sampled_zips/1138_bus_entropyscore_forget_svd_aux_random_uniform_2_size_261_ssize_226_k_35_sr_4_reservoir_greedy_sampled.zip
[2026-04-16 21:38:20] synced 1138_bus_entropyscore_forget_svd_aux_random_uniform_2_size_261_ssize_226_k_35_sr_4_reservoir_greedy to /scratch/ttran02/output22/1138_bus_entropyscore_forget_svd_aux_random_uniform_2_size_261_ssize_226_k_35_sr_4_reservoir_greedy, zipped to /scratch/ttran02/output22_sampled_zips, and removed /home/ttran02/pj/computational-methods/output22/1138_bus_entropyscore_forget_svd_aux_random_uniform_2_size_261_ssize_226_k_35_sr_4_reservoir_greedy
[2026-04-16 21:38:21] zip created for 1138_bus_entropyscore_forget_svd_aux_random_uniform_2_size_289_ssize_83_k_206_sr_4_reservoir_greedy: 122 files -> /scratch/ttran02/output22_sampled_zips/1138_bus_entropyscore_forget_svd_aux_random_uniform_2_size_289_ssize_83_k_206_sr_4_reservoir_greedy_sampled.zip
[2026-04-16 21:38:21] synced 1138_bus_entropyscore_forget_svd_aux_random_uniform_2_size_289_ssize_83_k_206_sr_4_reservoir_greedy to /scratch/ttran02/output22/1138_bus_entropyscore_forget_svd_aux_random_uniform_2_size_289_ssize_83_k_206_sr_4_reservoir_greedy, zipped to /scratch/ttran02/output22_sampled_zips, and removed /home/ttran02/pj/computational-methods/output22/1138_bus_entropyscore_forget_svd_aux_random_uniform_2_size_289_ssize_83_k_206_sr_4_reservoir_greedy
[2026-04-16 21:38:21] candidate 1138_bus_entropyscore_forget_svd_aux_random_uniform_2_size_311_ssize_226_k_85_sr_1_reservoir_greedy matched end_idx=1138; monitoring for 60s of stability
[2026-04-16 21:38:21] candidate 1138_bus_entropyscore_forget_svd_aux_random_uniform_2_size_32_ssize_30_k_2_sr_2_reservoir_greedy matched end_idx=1138; monitoring for 60s of stability
[2026-04-16 21:38:22] zip created for 1138_bus_entropyscore_forget_svd_aux_random_uniform_2_size_36_ssize_30_k_6_sr_2_reservoir_greedy: 382 files -> /scratch/ttran02/output22_sampled_zips/1138_bus_entropyscore_forget_svd_aux_random_uniform_2_size_36_ssize_30_k_6_sr_2_reservoir_greedy_sampled.zip
[2026-04-16 21:38:22] synced 1138_bus_entropyscore_forget_svd_aux_random_uniform_2_size_36_ssize_30_k_6_sr_2_reservoir_greedy to /scratch/ttran02/output22/1138_bus_entropyscore_forget_svd_aux_random_uniform_2_size_36_ssize_30_k_6_sr_2_reservoir_greedy, zipped to /scratch/ttran02/output22_sampled_zips, and removed /home/ttran02/pj/computational-methods/output22/1138_bus_entropyscore_forget_svd_aux_random_uniform_2_size_36_ssize_30_k_6_sr_2_reservoir_greedy
[2026-04-16 21:38:23] zip created for 1138_bus_entropyscore_forget_svd_aux_random_uniform_2_size_432_ssize_226_k_206_sr_16_reservoir_greedy: 52 files -> /scratch/ttran02/output22_sampled_zips/1138_bus_entropyscore_forget_svd_aux_random_uniform_2_size_432_ssize_226_k_206_sr_16_reservoir_greedy_sampled.zip
[2026-04-16 21:38:23] synced 1138_bus_entropyscore_forget_svd_aux_random_uniform_2_size_432_ssize_226_k_206_sr_16_reservoir_greedy to /scratch/ttran02/output22/1138_bus_entropyscore_forget_svd_aux_random_uniform_2_size_432_ssize_226_k_206_sr_16_reservoir_greedy, zipped to /scratch/ttran02/output22_sampled_zips, and removed /home/ttran02/pj/computational-methods/output22/1138_bus_entropyscore_forget_svd_aux_random_uniform_2_size_432_ssize_226_k_206_sr_16_reservoir_greedy
[2026-04-16 21:38:23] zip created for 1138_bus_entropyscore_forget_svd_aux_random_uniform_2_size_432_ssize_226_k_206_sr_4_reservoir_greedy: 52 files -> /scratch/ttran02/output22_sampled_zips/1138_bus_entropyscore_forget_svd_aux_random_uniform_2_size_432_ssize_226_k_206_sr_4_reservoir_greedy_sampled.zip
[2026-04-16 21:38:23] synced 1138_bus_entropyscore_forget_svd_aux_random_uniform_2_size_432_ssize_226_k_206_sr_4_reservoir_greedy to /scratch/ttran02/output22/1138_bus_entropyscore_forget_svd_aux_random_uniform_2_size_432_ssize_226_k_206_sr_4_reservoir_greedy, zipped to /scratch/ttran02/output22_sampled_zips, and removed /home/ttran02/pj/computational-methods/output22/1138_bus_entropyscore_forget_svd_aux_random_uniform_2_size_432_ssize_226_k_206_sr_4_reservoir_greedy
[2026-04-16 21:38:23] candidate 1138_bus_entropyscore_forget_svd_aux_random_uniform_2_size_432_ssize_226_k_206_sr_8_reservoir_greedy matched end_idx=1138; monitoring for 60s of stability
[2026-04-16 21:38:32] zip created for 1138_bus_entropyscore_forget_svd_aux_random_uniform_2_size_530_ssize_30_k_500_sr_2_reservoir_greedy: 222 files -> /scratch/ttran02/output22_sampled_zips/1138_bus_entropyscore_forget_svd_aux_random_uniform_2_size_530_ssize_30_k_500_sr_2_reservoir_greedy_sampled.zip
[2026-04-16 21:38:33] synced 1138_bus_entropyscore_forget_svd_aux_random_uniform_2_size_530_ssize_30_k_500_sr_2_reservoir_greedy to /scratch/ttran02/output22/1138_bus_entropyscore_forget_svd_aux_random_uniform_2_size_530_ssize_30_k_500_sr_2_reservoir_greedy, zipped to /scratch/ttran02/output22_sampled_zips, and removed /home/ttran02/pj/computational-methods/output22/1138_bus_entropyscore_forget_svd_aux_random_uniform_2_size_530_ssize_30_k_500_sr_2_reservoir_greedy
[2026-04-16 21:38:33] candidate 1138_bus_entropyscore_forget_svd_aux_random_uniform_2_size_65_ssize_30_k_35_sr_4_reservoir_greedy matched end_idx=1138; monitoring for 60s of stability
[2026-04-16 21:38:34] zip created for 1138_bus_entropyscore_forget_svd_aux_random_uniform_2_size_726_ssize_226_k_500_sr_16_reservoir_greedy: 32 files -> /scratch/ttran02/output22_sampled_zips/1138_bus_entropyscore_forget_svd_aux_random_uniform_2_size_726_ssize_226_k_500_sr_16_reservoir_greedy_sampled.zip
[2026-04-16 21:38:34] synced 1138_bus_entropyscore_forget_svd_aux_random_uniform_2_size_726_ssize_226_k_500_sr_16_reservoir_greedy to /scratch/ttran02/output22/1138_bus_entropyscore_forget_svd_aux_random_uniform_2_size_726_ssize_226_k_500_sr_16_reservoir_greedy, zipped to /scratch/ttran02/output22_sampled_zips, and removed /home/ttran02/pj/computational-methods/output22/1138_bus_entropyscore_forget_svd_aux_random_uniform_2_size_726_ssize_226_k_500_sr_16_reservoir_greedy
[2026-04-16 21:38:34] candidate 1138_bus_entropyscore_forget_svd_aux_random_uniform_2_size_726_ssize_226_k_500_sr_4_reservoir_greedy matched end_idx=1138; monitoring for 60s of stability
[2026-04-16 21:38:34] candidate 1138_bus_entropyscore_forget_svd_aux_random_uniform_2_size_84_ssize_83_k_1_sr_1_reservoir_greedy matched end_idx=1138; monitoring for 60s of stability
[2026-04-16 21:38:34] candidate 1138_bus_entropyscore_forget_svd_aux_random_uniform_2_size_89_ssize_83_k_6_sr_1_reservoir_greedy matched end_idx=1138; monitoring for 60s of stability
[2026-04-16 21:38:35] zip created for 1138_bus_entropyscore_forget_svd_aux_random_uniform_2_size_96_ssize_11_k_85_sr_16_reservoir_greedy: 502 files -> /scratch/ttran02/output22_sampled_zips/1138_bus_entropyscore_forget_svd_aux_random_uniform_2_size_96_ssize_11_k_85_sr_16_reservoir_greedy_sampled.zip
[2026-04-16 21:38:36] synced 1138_bus_entropyscore_forget_svd_aux_random_uniform_2_size_96_ssize_11_k_85_sr_16_reservoir_greedy to /scratch/ttran02/output22/1138_bus_entropyscore_forget_svd_aux_random_uniform_2_size_96_ssize_11_k_85_sr_16_reservoir_greedy, zipped to /scratch/ttran02/output22_sampled_zips, and removed /home/ttran02/pj/computational-methods/output22/1138_bus_entropyscore_forget_svd_aux_random_uniform_2_size_96_ssize_11_k_85_sr_16_reservoir_greedy
[2026-04-16 21:38:36] zip created for 1138_bus_entropyscore_forget_svd_aux_random_uniform_2_size_97_ssize_83_k_14_sr_14_reservoir_greedy: 142 files -> /scratch/ttran02/output22_sampled_zips/1138_bus_entropyscore_forget_svd_aux_random_uniform_2_size_97_ssize_83_k_14_sr_14_reservoir_greedy_sampled.zip
[2026-04-16 21:38:36] synced 1138_bus_entropyscore_forget_svd_aux_random_uniform_2_size_97_ssize_83_k_14_sr_14_reservoir_greedy to /scratch/ttran02/output22/1138_bus_entropyscore_forget_svd_aux_random_uniform_2_size_97_ssize_83_k_14_sr_14_reservoir_greedy, zipped to /scratch/ttran02/output22_sampled_zips, and removed /home/ttran02/pj/computational-methods/output22/1138_bus_entropyscore_forget_svd_aux_random_uniform_2_size_97_ssize_83_k_14_sr_14_reservoir_greedy
[2026-04-16 21:38:36] candidate 1138_bus_entropyscore_forget_svd_aux_random_uniform_2_size_97_ssize_83_k_14_sr_8_reservoir_greedy matched end_idx=1138; monitoring for 60s of stability
[2026-04-16 21:38:37] zip created for 1138_bus_entropyscore_forget_svd_aux_random_uniform_3_size_115_ssize_30_k_85_sr_12_reservoir_greedy: 362 files -> /scratch/ttran02/output22_sampled_zips/1138_bus_entropyscore_forget_svd_aux_random_uniform_3_size_115_ssize_30_k_85_sr_12_reservoir_greedy_sampled.zip
[2026-04-16 21:38:38] synced 1138_bus_entropyscore_forget_svd_aux_random_uniform_3_size_115_ssize_30_k_85_sr_12_reservoir_greedy to /scratch/ttran02/output22/1138_bus_entropyscore_forget_svd_aux_random_uniform_3_size_115_ssize_30_k_85_sr_12_reservoir_greedy, zipped to /scratch/ttran02/output22_sampled_zips, and removed /home/ttran02/pj/computational-methods/output22/1138_bus_entropyscore_forget_svd_aux_random_uniform_3_size_115_ssize_30_k_85_sr_12_reservoir_greedy
[2026-04-16 21:38:39] zip created for 1138_bus_entropyscore_forget_svd_aux_random_uniform_3_size_115_ssize_30_k_85_sr_16_reservoir_greedy: 362 files -> /scratch/ttran02/output22_sampled_zips/1138_bus_entropyscore_forget_svd_aux_random_uniform_3_size_115_ssize_30_k_85_sr_16_reservoir_greedy_sampled.zip
[2026-04-16 21:38:39] synced 1138_bus_entropyscore_forget_svd_aux_random_uniform_3_size_115_ssize_30_k_85_sr_16_reservoir_greedy to /scratch/ttran02/output22/1138_bus_entropyscore_forget_svd_aux_random_uniform_3_size_115_ssize_30_k_85_sr_16_reservoir_greedy, zipped to /scratch/ttran02/output22_sampled_zips, and removed /home/ttran02/pj/computational-methods/output22/1138_bus_entropyscore_forget_svd_aux_random_uniform_3_size_115_ssize_30_k_85_sr_16_reservoir_greedy
[2026-04-16 21:38:39] candidate 1138_bus_entropyscore_forget_svd_aux_random_uniform_3_size_118_ssize_83_k_35_sr_4_reservoir_greedy matched end_idx=1138; monitoring for 60s of stability
[2026-04-16 21:38:39] zip created for 1138_bus_entropyscore_forget_svd_aux_random_uniform_3_size_168_ssize_83_k_85_sr_2_reservoir_greedy: 132 files -> /scratch/ttran02/output22_sampled_zips/1138_bus_entropyscore_forget_svd_aux_random_uniform_3_size_168_ssize_83_k_85_sr_2_reservoir_greedy_sampled.zip
[2026-04-16 21:38:39] synced 1138_bus_entropyscore_forget_svd_aux_random_uniform_3_size_168_ssize_83_k_85_sr_2_reservoir_greedy to /scratch/ttran02/output22/1138_bus_entropyscore_forget_svd_aux_random_uniform_3_size_168_ssize_83_k_85_sr_2_reservoir_greedy, zipped to /scratch/ttran02/output22_sampled_zips, and removed /home/ttran02/pj/computational-methods/output22/1138_bus_entropyscore_forget_svd_aux_random_uniform_3_size_168_ssize_83_k_85_sr_2_reservoir_greedy
[2026-04-16 21:38:44] zip created for 1138_bus_entropyscore_forget_svd_aux_random_uniform_3_size_217_ssize_11_k_206_sr_8_reservoir_greedy: 502 files -> /scratch/ttran02/output22_sampled_zips/1138_bus_entropyscore_forget_svd_aux_random_uniform_3_size_217_ssize_11_k_206_sr_8_reservoir_greedy_sampled.zip
[2026-04-16 21:38:45] synced 1138_bus_entropyscore_forget_svd_aux_random_uniform_3_size_217_ssize_11_k_206_sr_8_reservoir_greedy to /scratch/ttran02/output22/1138_bus_entropyscore_forget_svd_aux_random_uniform_3_size_217_ssize_11_k_206_sr_8_reservoir_greedy, zipped to /scratch/ttran02/output22_sampled_zips, and removed /home/ttran02/pj/computational-methods/output22/1138_bus_entropyscore_forget_svd_aux_random_uniform_3_size_217_ssize_11_k_206_sr_8_reservoir_greedy
[2026-04-16 21:38:45] candidate 1138_bus_entropyscore_forget_svd_aux_random_uniform_3_size_227_ssize_226_k_1_sr_1_reservoir_greedy matched end_idx=1138; monitoring for 60s of stability
[2026-04-16 21:38:45] zip created for 1138_bus_entropyscore_forget_svd_aux_random_uniform_3_size_232_ssize_226_k_6_sr_1_reservoir_greedy: 62 files -> /scratch/ttran02/output22_sampled_zips/1138_bus_entropyscore_forget_svd_aux_random_uniform_3_size_232_ssize_226_k_6_sr_1_reservoir_greedy_sampled.zip
[2026-04-16 21:38:45] synced 1138_bus_entropyscore_forget_svd_aux_random_uniform_3_size_232_ssize_226_k_6_sr_1_reservoir_greedy to /scratch/ttran02/output22/1138_bus_entropyscore_forget_svd_aux_random_uniform_3_size_232_ssize_226_k_6_sr_1_reservoir_greedy, zipped to /scratch/ttran02/output22_sampled_zips, and removed /home/ttran02/pj/computational-methods/output22/1138_bus_entropyscore_forget_svd_aux_random_uniform_3_size_232_ssize_226_k_6_sr_1_reservoir_greedy
[2026-04-16 21:38:45] zip created for 1138_bus_entropyscore_forget_svd_aux_random_uniform_3_size_232_ssize_226_k_6_sr_4_reservoir_greedy: 62 files -> /scratch/ttran02/output22_sampled_zips/1138_bus_entropyscore_forget_svd_aux_random_uniform_3_size_232_ssize_226_k_6_sr_4_reservoir_greedy_sampled.zip
[2026-04-16 21:38:45] synced 1138_bus_entropyscore_forget_svd_aux_random_uniform_3_size_232_ssize_226_k_6_sr_4_reservoir_greedy to /scratch/ttran02/output22/1138_bus_entropyscore_forget_svd_aux_random_uniform_3_size_232_ssize_226_k_6_sr_4_reservoir_greedy, zipped to /scratch/ttran02/output22_sampled_zips, and removed /home/ttran02/pj/computational-methods/output22/1138_bus_entropyscore_forget_svd_aux_random_uniform_3_size_232_ssize_226_k_6_sr_4_reservoir_greedy
[2026-04-16 21:38:48] zip created for 1138_bus_entropyscore_forget_svd_aux_random_uniform_3_size_236_ssize_30_k_206_sr_4_reservoir_greedy: 322 files -> /scratch/ttran02/output22_sampled_zips/1138_bus_entropyscore_forget_svd_aux_random_uniform_3_size_236_ssize_30_k_206_sr_4_reservoir_greedy_sampled.zip
[2026-04-16 21:38:48] synced 1138_bus_entropyscore_forget_svd_aux_random_uniform_3_size_236_ssize_30_k_206_sr_4_reservoir_greedy to /scratch/ttran02/output22/1138_bus_entropyscore_forget_svd_aux_random_uniform_3_size_236_ssize_30_k_206_sr_4_reservoir_greedy, zipped to /scratch/ttran02/output22_sampled_zips, and removed /home/ttran02/pj/computational-methods/output22/1138_bus_entropyscore_forget_svd_aux_random_uniform_3_size_236_ssize_30_k_206_sr_4_reservoir_greedy
[2026-04-16 21:38:48] zip created for 1138_bus_entropyscore_forget_svd_aux_random_uniform_3_size_240_ssize_226_k_14_sr_4_reservoir_greedy: 52 files -> /scratch/ttran02/output22_sampled_zips/1138_bus_entropyscore_forget_svd_aux_random_uniform_3_size_240_ssize_226_k_14_sr_4_reservoir_greedy_sampled.zip
[2026-04-16 21:38:48] synced 1138_bus_entropyscore_forget_svd_aux_random_uniform_3_size_240_ssize_226_k_14_sr_4_reservoir_greedy to /scratch/ttran02/output22/1138_bus_entropyscore_forget_svd_aux_random_uniform_3_size_240_ssize_226_k_14_sr_4_reservoir_greedy, zipped to /scratch/ttran02/output22_sampled_zips, and removed /home/ttran02/pj/computational-methods/output22/1138_bus_entropyscore_forget_svd_aux_random_uniform_3_size_240_ssize_226_k_14_sr_4_reservoir_greedy
[2026-04-16 21:38:48] zip created for 1138_bus_entropyscore_forget_svd_aux_random_uniform_3_size_240_ssize_226_k_14_sr_8_reservoir_greedy: 52 files -> /scratch/ttran02/output22_sampled_zips/1138_bus_entropyscore_forget_svd_aux_random_uniform_3_size_240_ssize_226_k_14_sr_8_reservoir_greedy_sampled.zip
[2026-04-16 21:38:48] synced 1138_bus_entropyscore_forget_svd_aux_random_uniform_3_size_240_ssize_226_k_14_sr_8_reservoir_greedy to /scratch/ttran02/output22/1138_bus_entropyscore_forget_svd_aux_random_uniform_3_size_240_ssize_226_k_14_sr_8_reservoir_greedy, zipped to /scratch/ttran02/output22_sampled_zips, and removed /home/ttran02/pj/computational-methods/output22/1138_bus_entropyscore_forget_svd_aux_random_uniform_3_size_240_ssize_226_k_14_sr_8_reservoir_greedy
[2026-04-16 21:38:49] zip created for 1138_bus_entropyscore_forget_svd_aux_random_uniform_3_size_261_ssize_226_k_35_sr_4_reservoir_greedy: 52 files -> /scratch/ttran02/output22_sampled_zips/1138_bus_entropyscore_forget_svd_aux_random_uniform_3_size_261_ssize_226_k_35_sr_4_reservoir_greedy_sampled.zip
[2026-04-16 21:38:49] synced 1138_bus_entropyscore_forget_svd_aux_random_uniform_3_size_261_ssize_226_k_35_sr_4_reservoir_greedy to /scratch/ttran02/output22/1138_bus_entropyscore_forget_svd_aux_random_uniform_3_size_261_ssize_226_k_35_sr_4_reservoir_greedy, zipped to /scratch/ttran02/output22_sampled_zips, and removed /home/ttran02/pj/computational-methods/output22/1138_bus_entropyscore_forget_svd_aux_random_uniform_3_size_261_ssize_226_k_35_sr_4_reservoir_greedy
[2026-04-16 21:38:50] zip created for 1138_bus_entropyscore_forget_svd_aux_random_uniform_3_size_289_ssize_83_k_206_sr_4_reservoir_greedy: 122 files -> /scratch/ttran02/output22_sampled_zips/1138_bus_entropyscore_forget_svd_aux_random_uniform_3_size_289_ssize_83_k_206_sr_4_reservoir_greedy_sampled.zip
[2026-04-16 21:38:50] synced 1138_bus_entropyscore_forget_svd_aux_random_uniform_3_size_289_ssize_83_k_206_sr_4_reservoir_greedy to /scratch/ttran02/output22/1138_bus_entropyscore_forget_svd_aux_random_uniform_3_size_289_ssize_83_k_206_sr_4_reservoir_greedy, zipped to /scratch/ttran02/output22_sampled_zips, and removed /home/ttran02/pj/computational-methods/output22/1138_bus_entropyscore_forget_svd_aux_random_uniform_3_size_289_ssize_83_k_206_sr_4_reservoir_greedy
[2026-04-16 21:38:50] candidate 1138_bus_entropyscore_forget_svd_aux_random_uniform_3_size_311_ssize_226_k_85_sr_1_reservoir_greedy matched end_idx=1138; monitoring for 60s of stability
[2026-04-16 21:38:50] candidate 1138_bus_entropyscore_forget_svd_aux_random_uniform_3_size_32_ssize_30_k_2_sr_2_reservoir_greedy matched end_idx=1138; monitoring for 60s of stability
[2026-04-16 21:38:51] zip created for 1138_bus_entropyscore_forget_svd_aux_random_uniform_3_size_36_ssize_30_k_6_sr_2_reservoir_greedy: 382 files -> /scratch/ttran02/output22_sampled_zips/1138_bus_entropyscore_forget_svd_aux_random_uniform_3_size_36_ssize_30_k_6_sr_2_reservoir_greedy_sampled.zip
[2026-04-16 21:38:51] synced 1138_bus_entropyscore_forget_svd_aux_random_uniform_3_size_36_ssize_30_k_6_sr_2_reservoir_greedy to /scratch/ttran02/output22/1138_bus_entropyscore_forget_svd_aux_random_uniform_3_size_36_ssize_30_k_6_sr_2_reservoir_greedy, zipped to /scratch/ttran02/output22_sampled_zips, and removed /home/ttran02/pj/computational-methods/output22/1138_bus_entropyscore_forget_svd_aux_random_uniform_3_size_36_ssize_30_k_6_sr_2_reservoir_greedy
[2026-04-16 21:38:52] zip created for 1138_bus_entropyscore_forget_svd_aux_random_uniform_3_size_432_ssize_226_k_206_sr_16_reservoir_greedy: 52 files -> /scratch/ttran02/output22_sampled_zips/1138_bus_entropyscore_forget_svd_aux_random_uniform_3_size_432_ssize_226_k_206_sr_16_reservoir_greedy_sampled.zip
[2026-04-16 21:38:52] synced 1138_bus_entropyscore_forget_svd_aux_random_uniform_3_size_432_ssize_226_k_206_sr_16_reservoir_greedy to /scratch/ttran02/output22/1138_bus_entropyscore_forget_svd_aux_random_uniform_3_size_432_ssize_226_k_206_sr_16_reservoir_greedy, zipped to /scratch/ttran02/output22_sampled_zips, and removed /home/ttran02/pj/computational-methods/output22/1138_bus_entropyscore_forget_svd_aux_random_uniform_3_size_432_ssize_226_k_206_sr_16_reservoir_greedy
[2026-04-16 21:38:52] zip created for 1138_bus_entropyscore_forget_svd_aux_random_uniform_3_size_432_ssize_226_k_206_sr_4_reservoir_greedy: 52 files -> /scratch/ttran02/output22_sampled_zips/1138_bus_entropyscore_forget_svd_aux_random_uniform_3_size_432_ssize_226_k_206_sr_4_reservoir_greedy_sampled.zip
[2026-04-16 21:38:52] synced 1138_bus_entropyscore_forget_svd_aux_random_uniform_3_size_432_ssize_226_k_206_sr_4_reservoir_greedy to /scratch/ttran02/output22/1138_bus_entropyscore_forget_svd_aux_random_uniform_3_size_432_ssize_226_k_206_sr_4_reservoir_greedy, zipped to /scratch/ttran02/output22_sampled_zips, and removed /home/ttran02/pj/computational-methods/output22/1138_bus_entropyscore_forget_svd_aux_random_uniform_3_size_432_ssize_226_k_206_sr_4_reservoir_greedy
[2026-04-16 21:38:52] candidate 1138_bus_entropyscore_forget_svd_aux_random_uniform_3_size_432_ssize_226_k_206_sr_8_reservoir_greedy matched end_idx=1138; monitoring for 60s of stability
[2026-04-16 21:39:01] zip created for 1138_bus_entropyscore_forget_svd_aux_random_uniform_3_size_530_ssize_30_k_500_sr_2_reservoir_greedy: 222 files -> /scratch/ttran02/output22_sampled_zips/1138_bus_entropyscore_forget_svd_aux_random_uniform_3_size_530_ssize_30_k_500_sr_2_reservoir_greedy_sampled.zip
[2026-04-16 21:39:01] synced 1138_bus_entropyscore_forget_svd_aux_random_uniform_3_size_530_ssize_30_k_500_sr_2_reservoir_greedy to /scratch/ttran02/output22/1138_bus_entropyscore_forget_svd_aux_random_uniform_3_size_530_ssize_30_k_500_sr_2_reservoir_greedy, zipped to /scratch/ttran02/output22_sampled_zips, and removed /home/ttran02/pj/computational-methods/output22/1138_bus_entropyscore_forget_svd_aux_random_uniform_3_size_530_ssize_30_k_500_sr_2_reservoir_greedy
[2026-04-16 21:39:04] zip created for 1138_bus_entropyscore_forget_svd_aux_random_uniform_3_size_583_ssize_83_k_500_sr_16_reservoir_greedy: 82 files -> /scratch/ttran02/output22_sampled_zips/1138_bus_entropyscore_forget_svd_aux_random_uniform_3_size_583_ssize_83_k_500_sr_16_reservoir_greedy_sampled.zip
[2026-04-16 21:39:04] synced 1138_bus_entropyscore_forget_svd_aux_random_uniform_3_size_583_ssize_83_k_500_sr_16_reservoir_greedy to /scratch/ttran02/output22/1138_bus_entropyscore_forget_svd_aux_random_uniform_3_size_583_ssize_83_k_500_sr_16_reservoir_greedy, zipped to /scratch/ttran02/output22_sampled_zips, and removed /home/ttran02/pj/computational-methods/output22/1138_bus_entropyscore_forget_svd_aux_random_uniform_3_size_583_ssize_83_k_500_sr_16_reservoir_greedy
[2026-04-16 21:39:04] candidate 1138_bus_entropyscore_forget_svd_aux_random_uniform_3_size_65_ssize_30_k_35_sr_4_reservoir_greedy matched end_idx=1138; monitoring for 60s of stability
[2026-04-16 21:39:05] zip created for 1138_bus_entropyscore_forget_svd_aux_random_uniform_3_size_726_ssize_226_k_500_sr_16_reservoir_greedy: 32 files -> /scratch/ttran02/output22_sampled_zips/1138_bus_entropyscore_forget_svd_aux_random_uniform_3_size_726_ssize_226_k_500_sr_16_reservoir_greedy_sampled.zip
[2026-04-16 21:39:05] synced 1138_bus_entropyscore_forget_svd_aux_random_uniform_3_size_726_ssize_226_k_500_sr_16_reservoir_greedy to /scratch/ttran02/output22/1138_bus_entropyscore_forget_svd_aux_random_uniform_3_size_726_ssize_226_k_500_sr_16_reservoir_greedy, zipped to /scratch/ttran02/output22_sampled_zips, and removed /home/ttran02/pj/computational-methods/output22/1138_bus_entropyscore_forget_svd_aux_random_uniform_3_size_726_ssize_226_k_500_sr_16_reservoir_greedy
[2026-04-16 21:39:05] candidate 1138_bus_entropyscore_forget_svd_aux_random_uniform_3_size_726_ssize_226_k_500_sr_4_reservoir_greedy matched end_idx=1138; monitoring for 60s of stability
[2026-04-16 21:39:05] candidate 1138_bus_entropyscore_forget_svd_aux_random_uniform_3_size_84_ssize_83_k_1_sr_1_reservoir_greedy matched end_idx=1138; monitoring for 60s of stability
[2026-04-16 21:39:05] candidate 1138_bus_entropyscore_forget_svd_aux_random_uniform_3_size_89_ssize_83_k_6_sr_1_reservoir_greedy matched end_idx=1138; monitoring for 60s of stability
[2026-04-16 21:39:07] zip created for 1138_bus_entropyscore_forget_svd_aux_random_uniform_3_size_96_ssize_11_k_85_sr_16_reservoir_greedy: 502 files -> /scratch/ttran02/output22_sampled_zips/1138_bus_entropyscore_forget_svd_aux_random_uniform_3_size_96_ssize_11_k_85_sr_16_reservoir_greedy_sampled.zip
[2026-04-16 21:39:07] synced 1138_bus_entropyscore_forget_svd_aux_random_uniform_3_size_96_ssize_11_k_85_sr_16_reservoir_greedy to /scratch/ttran02/output22/1138_bus_entropyscore_forget_svd_aux_random_uniform_3_size_96_ssize_11_k_85_sr_16_reservoir_greedy, zipped to /scratch/ttran02/output22_sampled_zips, and removed /home/ttran02/pj/computational-methods/output22/1138_bus_entropyscore_forget_svd_aux_random_uniform_3_size_96_ssize_11_k_85_sr_16_reservoir_greedy
[2026-04-16 21:39:07] zip created for 1138_bus_entropyscore_forget_svd_aux_random_uniform_3_size_97_ssize_83_k_14_sr_14_reservoir_greedy: 142 files -> /scratch/ttran02/output22_sampled_zips/1138_bus_entropyscore_forget_svd_aux_random_uniform_3_size_97_ssize_83_k_14_sr_14_reservoir_greedy_sampled.zip
[2026-04-16 21:39:07] synced 1138_bus_entropyscore_forget_svd_aux_random_uniform_3_size_97_ssize_83_k_14_sr_14_reservoir_greedy to /scratch/ttran02/output22/1138_bus_entropyscore_forget_svd_aux_random_uniform_3_size_97_ssize_83_k_14_sr_14_reservoir_greedy, zipped to /scratch/ttran02/output22_sampled_zips, and removed /home/ttran02/pj/computational-methods/output22/1138_bus_entropyscore_forget_svd_aux_random_uniform_3_size_97_ssize_83_k_14_sr_14_reservoir_greedy
[2026-04-16 21:39:08] candidate 1138_bus_entropyscore_forget_svd_aux_random_uniform_3_size_97_ssize_83_k_14_sr_8_reservoir_greedy matched end_idx=1138; monitoring for 60s of stability
[2026-04-16 21:39:09] zip created for 1138_bus_entropyscore_forget_svd_aux_random_uniform_4_size_115_ssize_30_k_85_sr_12_reservoir_greedy: 362 files -> /scratch/ttran02/output22_sampled_zips/1138_bus_entropyscore_forget_svd_aux_random_uniform_4_size_115_ssize_30_k_85_sr_12_reservoir_greedy_sampled.zip
[2026-04-16 21:39:09] synced 1138_bus_entropyscore_forget_svd_aux_random_uniform_4_size_115_ssize_30_k_85_sr_12_reservoir_greedy to /scratch/ttran02/output22/1138_bus_entropyscore_forget_svd_aux_random_uniform_4_size_115_ssize_30_k_85_sr_12_reservoir_greedy, zipped to /scratch/ttran02/output22_sampled_zips, and removed /home/ttran02/pj/computational-methods/output22/1138_bus_entropyscore_forget_svd_aux_random_uniform_4_size_115_ssize_30_k_85_sr_12_reservoir_greedy
[2026-04-16 21:39:09] candidate 1138_bus_entropyscore_forget_svd_aux_random_uniform_4_size_115_ssize_30_k_85_sr_16_reservoir_greedy matched end_idx=1138; monitoring for 60s of stability
[2026-04-16 21:39:09] candidate 1138_bus_entropyscore_forget_svd_aux_random_uniform_4_size_118_ssize_83_k_35_sr_4_reservoir_greedy matched end_idx=1138; monitoring for 60s of stability
[2026-04-16 21:39:09] zip created for 1138_bus_entropyscore_forget_svd_aux_random_uniform_4_size_168_ssize_83_k_85_sr_2_reservoir_greedy: 132 files -> /scratch/ttran02/output22_sampled_zips/1138_bus_entropyscore_forget_svd_aux_random_uniform_4_size_168_ssize_83_k_85_sr_2_reservoir_greedy_sampled.zip
[2026-04-16 21:39:09] synced 1138_bus_entropyscore_forget_svd_aux_random_uniform_4_size_168_ssize_83_k_85_sr_2_reservoir_greedy to /scratch/ttran02/output22/1138_bus_entropyscore_forget_svd_aux_random_uniform_4_size_168_ssize_83_k_85_sr_2_reservoir_greedy, zipped to /scratch/ttran02/output22_sampled_zips, and removed /home/ttran02/pj/computational-methods/output22/1138_bus_entropyscore_forget_svd_aux_random_uniform_4_size_168_ssize_83_k_85_sr_2_reservoir_greedy
[2026-04-16 21:39:13] zip created for 1138_bus_entropyscore_forget_svd_aux_random_uniform_4_size_217_ssize_11_k_206_sr_8_reservoir_greedy: 502 files -> /scratch/ttran02/output22_sampled_zips/1138_bus_entropyscore_forget_svd_aux_random_uniform_4_size_217_ssize_11_k_206_sr_8_reservoir_greedy_sampled.zip
[2026-04-16 21:39:14] synced 1138_bus_entropyscore_forget_svd_aux_random_uniform_4_size_217_ssize_11_k_206_sr_8_reservoir_greedy to /scratch/ttran02/output22/1138_bus_entropyscore_forget_svd_aux_random_uniform_4_size_217_ssize_11_k_206_sr_8_reservoir_greedy, zipped to /scratch/ttran02/output22_sampled_zips, and removed /home/ttran02/pj/computational-methods/output22/1138_bus_entropyscore_forget_svd_aux_random_uniform_4_size_217_ssize_11_k_206_sr_8_reservoir_greedy
[2026-04-16 21:39:14] candidate 1138_bus_entropyscore_forget_svd_aux_random_uniform_4_size_227_ssize_226_k_1_sr_1_reservoir_greedy matched end_idx=1138; monitoring for 60s of stability
[2026-04-16 21:39:14] zip created for 1138_bus_entropyscore_forget_svd_aux_random_uniform_4_size_232_ssize_226_k_6_sr_1_reservoir_greedy: 62 files -> /scratch/ttran02/output22_sampled_zips/1138_bus_entropyscore_forget_svd_aux_random_uniform_4_size_232_ssize_226_k_6_sr_1_reservoir_greedy_sampled.zip
[2026-04-16 21:39:14] synced 1138_bus_entropyscore_forget_svd_aux_random_uniform_4_size_232_ssize_226_k_6_sr_1_reservoir_greedy to /scratch/ttran02/output22/1138_bus_entropyscore_forget_svd_aux_random_uniform_4_size_232_ssize_226_k_6_sr_1_reservoir_greedy, zipped to /scratch/ttran02/output22_sampled_zips, and removed /home/ttran02/pj/computational-methods/output22/1138_bus_entropyscore_forget_svd_aux_random_uniform_4_size_232_ssize_226_k_6_sr_1_reservoir_greedy
[2026-04-16 21:39:14] zip created for 1138_bus_entropyscore_forget_svd_aux_random_uniform_4_size_232_ssize_226_k_6_sr_4_reservoir_greedy: 62 files -> /scratch/ttran02/output22_sampled_zips/1138_bus_entropyscore_forget_svd_aux_random_uniform_4_size_232_ssize_226_k_6_sr_4_reservoir_greedy_sampled.zip
[2026-04-16 21:39:14] synced 1138_bus_entropyscore_forget_svd_aux_random_uniform_4_size_232_ssize_226_k_6_sr_4_reservoir_greedy to /scratch/ttran02/output22/1138_bus_entropyscore_forget_svd_aux_random_uniform_4_size_232_ssize_226_k_6_sr_4_reservoir_greedy, zipped to /scratch/ttran02/output22_sampled_zips, and removed /home/ttran02/pj/computational-methods/output22/1138_bus_entropyscore_forget_svd_aux_random_uniform_4_size_232_ssize_226_k_6_sr_4_reservoir_greedy
[2026-04-16 21:39:17] zip created for 1138_bus_entropyscore_forget_svd_aux_random_uniform_4_size_236_ssize_30_k_206_sr_4_reservoir_greedy: 322 files -> /scratch/ttran02/output22_sampled_zips/1138_bus_entropyscore_forget_svd_aux_random_uniform_4_size_236_ssize_30_k_206_sr_4_reservoir_greedy_sampled.zip
[2026-04-16 21:39:17] synced 1138_bus_entropyscore_forget_svd_aux_random_uniform_4_size_236_ssize_30_k_206_sr_4_reservoir_greedy to /scratch/ttran02/output22/1138_bus_entropyscore_forget_svd_aux_random_uniform_4_size_236_ssize_30_k_206_sr_4_reservoir_greedy, zipped to /scratch/ttran02/output22_sampled_zips, and removed /home/ttran02/pj/computational-methods/output22/1138_bus_entropyscore_forget_svd_aux_random_uniform_4_size_236_ssize_30_k_206_sr_4_reservoir_greedy
[2026-04-16 21:39:17] zip created for 1138_bus_entropyscore_forget_svd_aux_random_uniform_4_size_240_ssize_226_k_14_sr_4_reservoir_greedy: 52 files -> /scratch/ttran02/output22_sampled_zips/1138_bus_entropyscore_forget_svd_aux_random_uniform_4_size_240_ssize_226_k_14_sr_4_reservoir_greedy_sampled.zip
[2026-04-16 21:39:17] synced 1138_bus_entropyscore_forget_svd_aux_random_uniform_4_size_240_ssize_226_k_14_sr_4_reservoir_greedy to /scratch/ttran02/output22/1138_bus_entropyscore_forget_svd_aux_random_uniform_4_size_240_ssize_226_k_14_sr_4_reservoir_greedy, zipped to /scratch/ttran02/output22_sampled_zips, and removed /home/ttran02/pj/computational-methods/output22/1138_bus_entropyscore_forget_svd_aux_random_uniform_4_size_240_ssize_226_k_14_sr_4_reservoir_greedy
[2026-04-16 21:39:18] zip created for 1138_bus_entropyscore_forget_svd_aux_random_uniform_4_size_240_ssize_226_k_14_sr_8_reservoir_greedy: 52 files -> /scratch/ttran02/output22_sampled_zips/1138_bus_entropyscore_forget_svd_aux_random_uniform_4_size_240_ssize_226_k_14_sr_8_reservoir_greedy_sampled.zip
[2026-04-16 21:39:18] synced 1138_bus_entropyscore_forget_svd_aux_random_uniform_4_size_240_ssize_226_k_14_sr_8_reservoir_greedy to /scratch/ttran02/output22/1138_bus_entropyscore_forget_svd_aux_random_uniform_4_size_240_ssize_226_k_14_sr_8_reservoir_greedy, zipped to /scratch/ttran02/output22_sampled_zips, and removed /home/ttran02/pj/computational-methods/output22/1138_bus_entropyscore_forget_svd_aux_random_uniform_4_size_240_ssize_226_k_14_sr_8_reservoir_greedy
[2026-04-16 21:39:18] zip created for 1138_bus_entropyscore_forget_svd_aux_random_uniform_4_size_261_ssize_226_k_35_sr_4_reservoir_greedy: 52 files -> /scratch/ttran02/output22_sampled_zips/1138_bus_entropyscore_forget_svd_aux_random_uniform_4_size_261_ssize_226_k_35_sr_4_reservoir_greedy_sampled.zip
[2026-04-16 21:39:18] synced 1138_bus_entropyscore_forget_svd_aux_random_uniform_4_size_261_ssize_226_k_35_sr_4_reservoir_greedy to /scratch/ttran02/output22/1138_bus_entropyscore_forget_svd_aux_random_uniform_4_size_261_ssize_226_k_35_sr_4_reservoir_greedy, zipped to /scratch/ttran02/output22_sampled_zips, and removed /home/ttran02/pj/computational-methods/output22/1138_bus_entropyscore_forget_svd_aux_random_uniform_4_size_261_ssize_226_k_35_sr_4_reservoir_greedy
[2026-04-16 21:39:19] zip created for 1138_bus_entropyscore_forget_svd_aux_random_uniform_4_size_289_ssize_83_k_206_sr_4_reservoir_greedy: 122 files -> /scratch/ttran02/output22_sampled_zips/1138_bus_entropyscore_forget_svd_aux_random_uniform_4_size_289_ssize_83_k_206_sr_4_reservoir_greedy_sampled.zip
[2026-04-16 21:39:19] synced 1138_bus_entropyscore_forget_svd_aux_random_uniform_4_size_289_ssize_83_k_206_sr_4_reservoir_greedy to /scratch/ttran02/output22/1138_bus_entropyscore_forget_svd_aux_random_uniform_4_size_289_ssize_83_k_206_sr_4_reservoir_greedy, zipped to /scratch/ttran02/output22_sampled_zips, and removed /home/ttran02/pj/computational-methods/output22/1138_bus_entropyscore_forget_svd_aux_random_uniform_4_size_289_ssize_83_k_206_sr_4_reservoir_greedy
[2026-04-16 21:39:19] candidate 1138_bus_entropyscore_forget_svd_aux_random_uniform_4_size_311_ssize_226_k_85_sr_1_reservoir_greedy matched end_idx=1138; monitoring for 60s of stability
[2026-04-16 21:39:19] candidate 1138_bus_entropyscore_forget_svd_aux_random_uniform_4_size_32_ssize_30_k_2_sr_2_reservoir_greedy matched end_idx=1138; monitoring for 60s of stability
[2026-04-16 21:39:20] zip created for 1138_bus_entropyscore_forget_svd_aux_random_uniform_4_size_36_ssize_30_k_6_sr_2_reservoir_greedy: 382 files -> /scratch/ttran02/output22_sampled_zips/1138_bus_entropyscore_forget_svd_aux_random_uniform_4_size_36_ssize_30_k_6_sr_2_reservoir_greedy_sampled.zip
[2026-04-16 21:39:20] synced 1138_bus_entropyscore_forget_svd_aux_random_uniform_4_size_36_ssize_30_k_6_sr_2_reservoir_greedy to /scratch/ttran02/output22/1138_bus_entropyscore_forget_svd_aux_random_uniform_4_size_36_ssize_30_k_6_sr_2_reservoir_greedy, zipped to /scratch/ttran02/output22_sampled_zips, and removed /home/ttran02/pj/computational-methods/output22/1138_bus_entropyscore_forget_svd_aux_random_uniform_4_size_36_ssize_30_k_6_sr_2_reservoir_greedy
[2026-04-16 21:39:20] candidate 1138_bus_entropyscore_forget_svd_aux_random_uniform_4_size_432_ssize_226_k_206_sr_16_reservoir_greedy matched end_idx=1138; monitoring for 60s of stability
[2026-04-16 21:39:21] zip created for 1138_bus_entropyscore_forget_svd_aux_random_uniform_4_size_432_ssize_226_k_206_sr_4_reservoir_greedy: 52 files -> /scratch/ttran02/output22_sampled_zips/1138_bus_entropyscore_forget_svd_aux_random_uniform_4_size_432_ssize_226_k_206_sr_4_reservoir_greedy_sampled.zip
[2026-04-16 21:39:21] synced 1138_bus_entropyscore_forget_svd_aux_random_uniform_4_size_432_ssize_226_k_206_sr_4_reservoir_greedy to /scratch/ttran02/output22/1138_bus_entropyscore_forget_svd_aux_random_uniform_4_size_432_ssize_226_k_206_sr_4_reservoir_greedy, zipped to /scratch/ttran02/output22_sampled_zips, and removed /home/ttran02/pj/computational-methods/output22/1138_bus_entropyscore_forget_svd_aux_random_uniform_4_size_432_ssize_226_k_206_sr_4_reservoir_greedy
[2026-04-16 21:39:21] candidate 1138_bus_entropyscore_forget_svd_aux_random_uniform_4_size_432_ssize_226_k_206_sr_8_reservoir_greedy matched end_idx=1138; monitoring for 60s of stability
[2026-04-16 21:39:39] zip created for 1138_bus_entropyscore_forget_svd_aux_random_uniform_4_size_511_ssize_11_k_500_sr_16_reservoir_greedy: 492 files -> /scratch/ttran02/output22_sampled_zips/1138_bus_entropyscore_forget_svd_aux_random_uniform_4_size_511_ssize_11_k_500_sr_16_reservoir_greedy_sampled.zip
[2026-04-16 21:39:40] synced 1138_bus_entropyscore_forget_svd_aux_random_uniform_4_size_511_ssize_11_k_500_sr_16_reservoir_greedy to /scratch/ttran02/output22/1138_bus_entropyscore_forget_svd_aux_random_uniform_4_size_511_ssize_11_k_500_sr_16_reservoir_greedy, zipped to /scratch/ttran02/output22_sampled_zips, and removed /home/ttran02/pj/computational-methods/output22/1138_bus_entropyscore_forget_svd_aux_random_uniform_4_size_511_ssize_11_k_500_sr_16_reservoir_greedy
[2026-04-16 21:39:49] zip created for 1138_bus_entropyscore_forget_svd_aux_random_uniform_4_size_530_ssize_30_k_500_sr_2_reservoir_greedy: 222 files -> /scratch/ttran02/output22_sampled_zips/1138_bus_entropyscore_forget_svd_aux_random_uniform_4_size_530_ssize_30_k_500_sr_2_reservoir_greedy_sampled.zip
[2026-04-16 21:39:49] synced 1138_bus_entropyscore_forget_svd_aux_random_uniform_4_size_530_ssize_30_k_500_sr_2_reservoir_greedy to /scratch/ttran02/output22/1138_bus_entropyscore_forget_svd_aux_random_uniform_4_size_530_ssize_30_k_500_sr_2_reservoir_greedy, zipped to /scratch/ttran02/output22_sampled_zips, and removed /home/ttran02/pj/computational-methods/output22/1138_bus_entropyscore_forget_svd_aux_random_uniform_4_size_530_ssize_30_k_500_sr_2_reservoir_greedy
[2026-04-16 21:39:52] zip created for 1138_bus_entropyscore_forget_svd_aux_random_uniform_4_size_583_ssize_83_k_500_sr_16_reservoir_greedy: 82 files -> /scratch/ttran02/output22_sampled_zips/1138_bus_entropyscore_forget_svd_aux_random_uniform_4_size_583_ssize_83_k_500_sr_16_reservoir_greedy_sampled.zip
[2026-04-16 21:39:52] synced 1138_bus_entropyscore_forget_svd_aux_random_uniform_4_size_583_ssize_83_k_500_sr_16_reservoir_greedy to /scratch/ttran02/output22/1138_bus_entropyscore_forget_svd_aux_random_uniform_4_size_583_ssize_83_k_500_sr_16_reservoir_greedy, zipped to /scratch/ttran02/output22_sampled_zips, and removed /home/ttran02/pj/computational-methods/output22/1138_bus_entropyscore_forget_svd_aux_random_uniform_4_size_583_ssize_83_k_500_sr_16_reservoir_greedy
[2026-04-16 21:39:52] candidate 1138_bus_entropyscore_forget_svd_aux_random_uniform_4_size_65_ssize_30_k_35_sr_4_reservoir_greedy matched end_idx=1138; monitoring for 60s of stability
[2026-04-16 21:39:53] zip created for 1138_bus_entropyscore_forget_svd_aux_random_uniform_4_size_726_ssize_226_k_500_sr_16_reservoir_greedy: 32 files -> /scratch/ttran02/output22_sampled_zips/1138_bus_entropyscore_forget_svd_aux_random_uniform_4_size_726_ssize_226_k_500_sr_16_reservoir_greedy_sampled.zip
[2026-04-16 21:39:53] synced 1138_bus_entropyscore_forget_svd_aux_random_uniform_4_size_726_ssize_226_k_500_sr_16_reservoir_greedy to /scratch/ttran02/output22/1138_bus_entropyscore_forget_svd_aux_random_uniform_4_size_726_ssize_226_k_500_sr_16_reservoir_greedy, zipped to /scratch/ttran02/output22_sampled_zips, and removed /home/ttran02/pj/computational-methods/output22/1138_bus_entropyscore_forget_svd_aux_random_uniform_4_size_726_ssize_226_k_500_sr_16_reservoir_greedy
[2026-04-16 21:39:53] candidate 1138_bus_entropyscore_forget_svd_aux_random_uniform_4_size_726_ssize_226_k_500_sr_4_reservoir_greedy matched end_idx=1138; monitoring for 60s of stability
[2026-04-16 21:39:54] candidate 1138_bus_entropyscore_forget_svd_aux_random_uniform_4_size_84_ssize_83_k_1_sr_1_reservoir_greedy matched end_idx=1138; monitoring for 60s of stability
[2026-04-16 21:39:54] candidate 1138_bus_entropyscore_forget_svd_aux_random_uniform_4_size_89_ssize_83_k_6_sr_1_reservoir_greedy matched end_idx=1138; monitoring for 60s of stability
[2026-04-16 21:39:54] candidate 1138_bus_entropyscore_forget_svd_aux_random_uniform_4_size_96_ssize_11_k_85_sr_16_reservoir_greedy matched end_idx=1138; monitoring for 60s of stability
[2026-04-16 21:39:54] zip created for 1138_bus_entropyscore_forget_svd_aux_random_uniform_4_size_97_ssize_83_k_14_sr_14_reservoir_greedy: 142 files -> /scratch/ttran02/output22_sampled_zips/1138_bus_entropyscore_forget_svd_aux_random_uniform_4_size_97_ssize_83_k_14_sr_14_reservoir_greedy_sampled.zip
[2026-04-16 21:39:54] synced 1138_bus_entropyscore_forget_svd_aux_random_uniform_4_size_97_ssize_83_k_14_sr_14_reservoir_greedy to /scratch/ttran02/output22/1138_bus_entropyscore_forget_svd_aux_random_uniform_4_size_97_ssize_83_k_14_sr_14_reservoir_greedy, zipped to /scratch/ttran02/output22_sampled_zips, and removed /home/ttran02/pj/computational-methods/output22/1138_bus_entropyscore_forget_svd_aux_random_uniform_4_size_97_ssize_83_k_14_sr_14_reservoir_greedy
[2026-04-16 21:39:54] candidate 1138_bus_entropyscore_forget_svd_aux_random_uniform_4_size_97_ssize_83_k_14_sr_8_reservoir_greedy matched end_idx=1138; monitoring for 60s of stability
[2026-04-16 21:39:55] zip created for 1138_bus_entropyscore_forget_svd_aux_random_uniform_5_size_115_ssize_30_k_85_sr_12_reservoir_greedy: 362 files -> /scratch/ttran02/output22_sampled_zips/1138_bus_entropyscore_forget_svd_aux_random_uniform_5_size_115_ssize_30_k_85_sr_12_reservoir_greedy_sampled.zip
[2026-04-16 21:39:55] synced 1138_bus_entropyscore_forget_svd_aux_random_uniform_5_size_115_ssize_30_k_85_sr_12_reservoir_greedy to /scratch/ttran02/output22/1138_bus_entropyscore_forget_svd_aux_random_uniform_5_size_115_ssize_30_k_85_sr_12_reservoir_greedy, zipped to /scratch/ttran02/output22_sampled_zips, and removed /home/ttran02/pj/computational-methods/output22/1138_bus_entropyscore_forget_svd_aux_random_uniform_5_size_115_ssize_30_k_85_sr_12_reservoir_greedy
[2026-04-16 21:39:55] candidate 1138_bus_entropyscore_forget_svd_aux_random_uniform_5_size_115_ssize_30_k_85_sr_16_reservoir_greedy matched end_idx=1138; monitoring for 60s of stability
[2026-04-16 21:39:55] candidate 1138_bus_entropyscore_forget_svd_aux_random_uniform_5_size_118_ssize_83_k_35_sr_4_reservoir_greedy matched end_idx=1138; monitoring for 60s of stability
[2026-04-16 21:39:56] zip created for 1138_bus_entropyscore_forget_svd_aux_random_uniform_5_size_168_ssize_83_k_85_sr_2_reservoir_greedy: 132 files -> /scratch/ttran02/output22_sampled_zips/1138_bus_entropyscore_forget_svd_aux_random_uniform_5_size_168_ssize_83_k_85_sr_2_reservoir_greedy_sampled.zip
[2026-04-16 21:39:56] synced 1138_bus_entropyscore_forget_svd_aux_random_uniform_5_size_168_ssize_83_k_85_sr_2_reservoir_greedy to /scratch/ttran02/output22/1138_bus_entropyscore_forget_svd_aux_random_uniform_5_size_168_ssize_83_k_85_sr_2_reservoir_greedy, zipped to /scratch/ttran02/output22_sampled_zips, and removed /home/ttran02/pj/computational-methods/output22/1138_bus_entropyscore_forget_svd_aux_random_uniform_5_size_168_ssize_83_k_85_sr_2_reservoir_greedy
[2026-04-16 21:39:56] candidate 1138_bus_entropyscore_forget_svd_aux_random_uniform_5_size_217_ssize_11_k_206_sr_8_reservoir_greedy matched end_idx=1138; monitoring for 60s of stability
[2026-04-16 21:39:56] candidate 1138_bus_entropyscore_forget_svd_aux_random_uniform_5_size_227_ssize_226_k_1_sr_1_reservoir_greedy matched end_idx=1138; monitoring for 60s of stability
[2026-04-16 21:39:56] zip created for 1138_bus_entropyscore_forget_svd_aux_random_uniform_5_size_232_ssize_226_k_6_sr_1_reservoir_greedy: 62 files -> /scratch/ttran02/output22_sampled_zips/1138_bus_entropyscore_forget_svd_aux_random_uniform_5_size_232_ssize_226_k_6_sr_1_reservoir_greedy_sampled.zip
[2026-04-16 21:39:56] synced 1138_bus_entropyscore_forget_svd_aux_random_uniform_5_size_232_ssize_226_k_6_sr_1_reservoir_greedy to /scratch/ttran02/output22/1138_bus_entropyscore_forget_svd_aux_random_uniform_5_size_232_ssize_226_k_6_sr_1_reservoir_greedy, zipped to /scratch/ttran02/output22_sampled_zips, and removed /home/ttran02/pj/computational-methods/output22/1138_bus_entropyscore_forget_svd_aux_random_uniform_5_size_232_ssize_226_k_6_sr_1_reservoir_greedy
[2026-04-16 21:39:56] zip created for 1138_bus_entropyscore_forget_svd_aux_random_uniform_5_size_232_ssize_226_k_6_sr_4_reservoir_greedy: 62 files -> /scratch/ttran02/output22_sampled_zips/1138_bus_entropyscore_forget_svd_aux_random_uniform_5_size_232_ssize_226_k_6_sr_4_reservoir_greedy_sampled.zip
[2026-04-16 21:39:56] synced 1138_bus_entropyscore_forget_svd_aux_random_uniform_5_size_232_ssize_226_k_6_sr_4_reservoir_greedy to /scratch/ttran02/output22/1138_bus_entropyscore_forget_svd_aux_random_uniform_5_size_232_ssize_226_k_6_sr_4_reservoir_greedy, zipped to /scratch/ttran02/output22_sampled_zips, and removed /home/ttran02/pj/computational-methods/output22/1138_bus_entropyscore_forget_svd_aux_random_uniform_5_size_232_ssize_226_k_6_sr_4_reservoir_greedy
[2026-04-16 21:39:56] candidate 1138_bus_entropyscore_forget_svd_aux_random_uniform_5_size_236_ssize_30_k_206_sr_4_reservoir_greedy matched end_idx=1138; monitoring for 60s of stability
[2026-04-16 21:39:57] zip created for 1138_bus_entropyscore_forget_svd_aux_random_uniform_5_size_240_ssize_226_k_14_sr_4_reservoir_greedy: 52 files -> /scratch/ttran02/output22_sampled_zips/1138_bus_entropyscore_forget_svd_aux_random_uniform_5_size_240_ssize_226_k_14_sr_4_reservoir_greedy_sampled.zip
[2026-04-16 21:39:57] synced 1138_bus_entropyscore_forget_svd_aux_random_uniform_5_size_240_ssize_226_k_14_sr_4_reservoir_greedy to /scratch/ttran02/output22/1138_bus_entropyscore_forget_svd_aux_random_uniform_5_size_240_ssize_226_k_14_sr_4_reservoir_greedy, zipped to /scratch/ttran02/output22_sampled_zips, and removed /home/ttran02/pj/computational-methods/output22/1138_bus_entropyscore_forget_svd_aux_random_uniform_5_size_240_ssize_226_k_14_sr_4_reservoir_greedy
[2026-04-16 21:39:57] zip created for 1138_bus_entropyscore_forget_svd_aux_random_uniform_5_size_240_ssize_226_k_14_sr_8_reservoir_greedy: 52 files -> /scratch/ttran02/output22_sampled_zips/1138_bus_entropyscore_forget_svd_aux_random_uniform_5_size_240_ssize_226_k_14_sr_8_reservoir_greedy_sampled.zip
[2026-04-16 21:39:57] synced 1138_bus_entropyscore_forget_svd_aux_random_uniform_5_size_240_ssize_226_k_14_sr_8_reservoir_greedy to /scratch/ttran02/output22/1138_bus_entropyscore_forget_svd_aux_random_uniform_5_size_240_ssize_226_k_14_sr_8_reservoir_greedy, zipped to /scratch/ttran02/output22_sampled_zips, and removed /home/ttran02/pj/computational-methods/output22/1138_bus_entropyscore_forget_svd_aux_random_uniform_5_size_240_ssize_226_k_14_sr_8_reservoir_greedy
[2026-04-16 21:39:57] zip created for 1138_bus_entropyscore_forget_svd_aux_random_uniform_5_size_261_ssize_226_k_35_sr_4_reservoir_greedy: 52 files -> /scratch/ttran02/output22_sampled_zips/1138_bus_entropyscore_forget_svd_aux_random_uniform_5_size_261_ssize_226_k_35_sr_4_reservoir_greedy_sampled.zip
[2026-04-16 21:39:57] synced 1138_bus_entropyscore_forget_svd_aux_random_uniform_5_size_261_ssize_226_k_35_sr_4_reservoir_greedy to /scratch/ttran02/output22/1138_bus_entropyscore_forget_svd_aux_random_uniform_5_size_261_ssize_226_k_35_sr_4_reservoir_greedy, zipped to /scratch/ttran02/output22_sampled_zips, and removed /home/ttran02/pj/computational-methods/output22/1138_bus_entropyscore_forget_svd_aux_random_uniform_5_size_261_ssize_226_k_35_sr_4_reservoir_greedy
[2026-04-16 21:39:58] zip created for 1138_bus_entropyscore_forget_svd_aux_random_uniform_5_size_289_ssize_83_k_206_sr_4_reservoir_greedy: 122 files -> /scratch/ttran02/output22_sampled_zips/1138_bus_entropyscore_forget_svd_aux_random_uniform_5_size_289_ssize_83_k_206_sr_4_reservoir_greedy_sampled.zip
[2026-04-16 21:39:58] synced 1138_bus_entropyscore_forget_svd_aux_random_uniform_5_size_289_ssize_83_k_206_sr_4_reservoir_greedy to /scratch/ttran02/output22/1138_bus_entropyscore_forget_svd_aux_random_uniform_5_size_289_ssize_83_k_206_sr_4_reservoir_greedy, zipped to /scratch/ttran02/output22_sampled_zips, and removed /home/ttran02/pj/computational-methods/output22/1138_bus_entropyscore_forget_svd_aux_random_uniform_5_size_289_ssize_83_k_206_sr_4_reservoir_greedy
[2026-04-16 21:39:58] candidate 1138_bus_entropyscore_forget_svd_aux_random_uniform_5_size_311_ssize_226_k_85_sr_1_reservoir_greedy matched end_idx=1138; monitoring for 60s of stability
[2026-04-16 21:39:58] candidate 1138_bus_entropyscore_forget_svd_aux_random_uniform_5_size_32_ssize_30_k_2_sr_2_reservoir_greedy matched end_idx=1138; monitoring for 60s of stability
[2026-04-16 21:39:59] zip created for 1138_bus_entropyscore_forget_svd_aux_random_uniform_5_size_36_ssize_30_k_6_sr_2_reservoir_greedy: 382 files -> /scratch/ttran02/output22_sampled_zips/1138_bus_entropyscore_forget_svd_aux_random_uniform_5_size_36_ssize_30_k_6_sr_2_reservoir_greedy_sampled.zip
[2026-04-16 21:39:59] synced 1138_bus_entropyscore_forget_svd_aux_random_uniform_5_size_36_ssize_30_k_6_sr_2_reservoir_greedy to /scratch/ttran02/output22/1138_bus_entropyscore_forget_svd_aux_random_uniform_5_size_36_ssize_30_k_6_sr_2_reservoir_greedy, zipped to /scratch/ttran02/output22_sampled_zips, and removed /home/ttran02/pj/computational-methods/output22/1138_bus_entropyscore_forget_svd_aux_random_uniform_5_size_36_ssize_30_k_6_sr_2_reservoir_greedy
[2026-04-16 21:39:59] candidate 1138_bus_entropyscore_forget_svd_aux_random_uniform_5_size_432_ssize_226_k_206_sr_16_reservoir_greedy matched end_idx=1138; monitoring for 60s of stability
[2026-04-16 21:40:00] zip created for 1138_bus_entropyscore_forget_svd_aux_random_uniform_5_size_432_ssize_226_k_206_sr_4_reservoir_greedy: 52 files -> /scratch/ttran02/output22_sampled_zips/1138_bus_entropyscore_forget_svd_aux_random_uniform_5_size_432_ssize_226_k_206_sr_4_reservoir_greedy_sampled.zip
[2026-04-16 21:40:00] synced 1138_bus_entropyscore_forget_svd_aux_random_uniform_5_size_432_ssize_226_k_206_sr_4_reservoir_greedy to /scratch/ttran02/output22/1138_bus_entropyscore_forget_svd_aux_random_uniform_5_size_432_ssize_226_k_206_sr_4_reservoir_greedy, zipped to /scratch/ttran02/output22_sampled_zips, and removed /home/ttran02/pj/computational-methods/output22/1138_bus_entropyscore_forget_svd_aux_random_uniform_5_size_432_ssize_226_k_206_sr_4_reservoir_greedy
[2026-04-16 21:40:00] candidate 1138_bus_entropyscore_forget_svd_aux_random_uniform_5_size_432_ssize_226_k_206_sr_8_reservoir_greedy matched end_idx=1138; monitoring for 60s of stability
[2026-04-16 21:40:18] zip created for 1138_bus_entropyscore_forget_svd_aux_random_uniform_5_size_511_ssize_11_k_500_sr_12_reservoir_greedy: 492 files -> /scratch/ttran02/output22_sampled_zips/1138_bus_entropyscore_forget_svd_aux_random_uniform_5_size_511_ssize_11_k_500_sr_12_reservoir_greedy_sampled.zip
[2026-04-16 21:40:19] synced 1138_bus_entropyscore_forget_svd_aux_random_uniform_5_size_511_ssize_11_k_500_sr_12_reservoir_greedy to /scratch/ttran02/output22/1138_bus_entropyscore_forget_svd_aux_random_uniform_5_size_511_ssize_11_k_500_sr_12_reservoir_greedy, zipped to /scratch/ttran02/output22_sampled_zips, and removed /home/ttran02/pj/computational-methods/output22/1138_bus_entropyscore_forget_svd_aux_random_uniform_5_size_511_ssize_11_k_500_sr_12_reservoir_greedy
[2026-04-16 21:40:37] zip created for 1138_bus_entropyscore_forget_svd_aux_random_uniform_5_size_511_ssize_11_k_500_sr_16_reservoir_greedy: 492 files -> /scratch/ttran02/output22_sampled_zips/1138_bus_entropyscore_forget_svd_aux_random_uniform_5_size_511_ssize_11_k_500_sr_16_reservoir_greedy_sampled.zip
[2026-04-16 21:40:38] synced 1138_bus_entropyscore_forget_svd_aux_random_uniform_5_size_511_ssize_11_k_500_sr_16_reservoir_greedy to /scratch/ttran02/output22/1138_bus_entropyscore_forget_svd_aux_random_uniform_5_size_511_ssize_11_k_500_sr_16_reservoir_greedy, zipped to /scratch/ttran02/output22_sampled_zips, and removed /home/ttran02/pj/computational-methods/output22/1138_bus_entropyscore_forget_svd_aux_random_uniform_5_size_511_ssize_11_k_500_sr_16_reservoir_greedy
[2026-04-16 21:40:47] zip created for 1138_bus_entropyscore_forget_svd_aux_random_uniform_5_size_530_ssize_30_k_500_sr_2_reservoir_greedy: 222 files -> /scratch/ttran02/output22_sampled_zips/1138_bus_entropyscore_forget_svd_aux_random_uniform_5_size_530_ssize_30_k_500_sr_2_reservoir_greedy_sampled.zip
[2026-04-16 21:40:47] synced 1138_bus_entropyscore_forget_svd_aux_random_uniform_5_size_530_ssize_30_k_500_sr_2_reservoir_greedy to /scratch/ttran02/output22/1138_bus_entropyscore_forget_svd_aux_random_uniform_5_size_530_ssize_30_k_500_sr_2_reservoir_greedy, zipped to /scratch/ttran02/output22_sampled_zips, and removed /home/ttran02/pj/computational-methods/output22/1138_bus_entropyscore_forget_svd_aux_random_uniform_5_size_530_ssize_30_k_500_sr_2_reservoir_greedy
[2026-04-16 21:40:50] zip created for 1138_bus_entropyscore_forget_svd_aux_random_uniform_5_size_583_ssize_83_k_500_sr_16_reservoir_greedy: 82 files -> /scratch/ttran02/output22_sampled_zips/1138_bus_entropyscore_forget_svd_aux_random_uniform_5_size_583_ssize_83_k_500_sr_16_reservoir_greedy_sampled.zip
[2026-04-16 21:40:50] synced 1138_bus_entropyscore_forget_svd_aux_random_uniform_5_size_583_ssize_83_k_500_sr_16_reservoir_greedy to /scratch/ttran02/output22/1138_bus_entropyscore_forget_svd_aux_random_uniform_5_size_583_ssize_83_k_500_sr_16_reservoir_greedy, zipped to /scratch/ttran02/output22_sampled_zips, and removed /home/ttran02/pj/computational-methods/output22/1138_bus_entropyscore_forget_svd_aux_random_uniform_5_size_583_ssize_83_k_500_sr_16_reservoir_greedy
[2026-04-16 21:40:50] candidate 1138_bus_entropyscore_forget_svd_aux_random_uniform_5_size_65_ssize_30_k_35_sr_4_reservoir_greedy matched end_idx=1138; monitoring for 60s of stability
[2026-04-16 21:40:52] zip created for 1138_bus_entropyscore_forget_svd_aux_random_uniform_5_size_726_ssize_226_k_500_sr_16_reservoir_greedy: 32 files -> /scratch/ttran02/output22_sampled_zips/1138_bus_entropyscore_forget_svd_aux_random_uniform_5_size_726_ssize_226_k_500_sr_16_reservoir_greedy_sampled.zip
[2026-04-16 21:40:52] synced 1138_bus_entropyscore_forget_svd_aux_random_uniform_5_size_726_ssize_226_k_500_sr_16_reservoir_greedy to /scratch/ttran02/output22/1138_bus_entropyscore_forget_svd_aux_random_uniform_5_size_726_ssize_226_k_500_sr_16_reservoir_greedy, zipped to /scratch/ttran02/output22_sampled_zips, and removed /home/ttran02/pj/computational-methods/output22/1138_bus_entropyscore_forget_svd_aux_random_uniform_5_size_726_ssize_226_k_500_sr_16_reservoir_greedy
[2026-04-16 21:40:52] candidate 1138_bus_entropyscore_forget_svd_aux_random_uniform_5_size_726_ssize_226_k_500_sr_4_reservoir_greedy matched end_idx=1138; monitoring for 60s of stability
[2026-04-16 21:40:52] candidate 1138_bus_entropyscore_forget_svd_aux_random_uniform_5_size_84_ssize_83_k_1_sr_1_reservoir_greedy matched end_idx=1138; monitoring for 60s of stability
[2026-04-16 21:40:52] candidate 1138_bus_entropyscore_forget_svd_aux_random_uniform_5_size_89_ssize_83_k_6_sr_1_reservoir_greedy matched end_idx=1138; monitoring for 60s of stability
[2026-04-16 21:40:52] candidate 1138_bus_entropyscore_forget_svd_aux_random_uniform_5_size_96_ssize_11_k_85_sr_16_reservoir_greedy matched end_idx=1138; monitoring for 60s of stability
[2026-04-16 21:40:52] zip created for 1138_bus_entropyscore_forget_svd_aux_random_uniform_5_size_97_ssize_83_k_14_sr_14_reservoir_greedy: 142 files -> /scratch/ttran02/output22_sampled_zips/1138_bus_entropyscore_forget_svd_aux_random_uniform_5_size_97_ssize_83_k_14_sr_14_reservoir_greedy_sampled.zip
[2026-04-16 21:40:52] synced 1138_bus_entropyscore_forget_svd_aux_random_uniform_5_size_97_ssize_83_k_14_sr_14_reservoir_greedy to /scratch/ttran02/output22/1138_bus_entropyscore_forget_svd_aux_random_uniform_5_size_97_ssize_83_k_14_sr_14_reservoir_greedy, zipped to /scratch/ttran02/output22_sampled_zips, and removed /home/ttran02/pj/computational-methods/output22/1138_bus_entropyscore_forget_svd_aux_random_uniform_5_size_97_ssize_83_k_14_sr_14_reservoir_greedy
[2026-04-16 21:40:52] candidate 1138_bus_entropyscore_forget_svd_aux_random_uniform_5_size_97_ssize_83_k_14_sr_8_reservoir_greedy matched end_idx=1138; monitoring for 60s of stability
[2026-04-16 21:40:53] zip created for 1138_bus_entropyscore_forget_svd_aux_random_uniform_size_115_ssize_30_k_85_sr_12_reservoir_greedy: 362 files -> /scratch/ttran02/output22_sampled_zips/1138_bus_entropyscore_forget_svd_aux_random_uniform_size_115_ssize_30_k_85_sr_12_reservoir_greedy_sampled.zip
[2026-04-16 21:40:54] synced 1138_bus_entropyscore_forget_svd_aux_random_uniform_size_115_ssize_30_k_85_sr_12_reservoir_greedy to /scratch/ttran02/output22/1138_bus_entropyscore_forget_svd_aux_random_uniform_size_115_ssize_30_k_85_sr_12_reservoir_greedy, zipped to /scratch/ttran02/output22_sampled_zips, and removed /home/ttran02/pj/computational-methods/output22/1138_bus_entropyscore_forget_svd_aux_random_uniform_size_115_ssize_30_k_85_sr_12_reservoir_greedy
[2026-04-16 21:40:55] zip created for 1138_bus_entropyscore_forget_svd_aux_random_uniform_size_115_ssize_30_k_85_sr_16_reservoir_greedy: 362 files -> /scratch/ttran02/output22_sampled_zips/1138_bus_entropyscore_forget_svd_aux_random_uniform_size_115_ssize_30_k_85_sr_16_reservoir_greedy_sampled.zip
[2026-04-16 21:40:55] synced 1138_bus_entropyscore_forget_svd_aux_random_uniform_size_115_ssize_30_k_85_sr_16_reservoir_greedy to /scratch/ttran02/output22/1138_bus_entropyscore_forget_svd_aux_random_uniform_size_115_ssize_30_k_85_sr_16_reservoir_greedy, zipped to /scratch/ttran02/output22_sampled_zips, and removed /home/ttran02/pj/computational-methods/output22/1138_bus_entropyscore_forget_svd_aux_random_uniform_size_115_ssize_30_k_85_sr_16_reservoir_greedy
[2026-04-16 21:40:55] candidate 1138_bus_entropyscore_forget_svd_aux_random_uniform_size_118_ssize_83_k_35_sr_4_reservoir_greedy matched end_idx=1138; monitoring for 60s of stability
[2026-04-16 21:40:55] zip created for 1138_bus_entropyscore_forget_svd_aux_random_uniform_size_168_ssize_83_k_85_sr_2_reservoir_greedy: 132 files -> /scratch/ttran02/output22_sampled_zips/1138_bus_entropyscore_forget_svd_aux_random_uniform_size_168_ssize_83_k_85_sr_2_reservoir_greedy_sampled.zip
[2026-04-16 21:40:56] synced 1138_bus_entropyscore_forget_svd_aux_random_uniform_size_168_ssize_83_k_85_sr_2_reservoir_greedy to /scratch/ttran02/output22/1138_bus_entropyscore_forget_svd_aux_random_uniform_size_168_ssize_83_k_85_sr_2_reservoir_greedy, zipped to /scratch/ttran02/output22_sampled_zips, and removed /home/ttran02/pj/computational-methods/output22/1138_bus_entropyscore_forget_svd_aux_random_uniform_size_168_ssize_83_k_85_sr_2_reservoir_greedy
[2026-04-16 21:40:56] candidate 1138_bus_entropyscore_forget_svd_aux_random_uniform_size_227_ssize_226_k_1_sr_1_reservoir_greedy matched end_idx=1138; monitoring for 60s of stability
[2026-04-16 21:40:56] zip created for 1138_bus_entropyscore_forget_svd_aux_random_uniform_size_232_ssize_226_k_6_sr_1_reservoir_greedy: 62 files -> /scratch/ttran02/output22_sampled_zips/1138_bus_entropyscore_forget_svd_aux_random_uniform_size_232_ssize_226_k_6_sr_1_reservoir_greedy_sampled.zip
[2026-04-16 21:40:56] synced 1138_bus_entropyscore_forget_svd_aux_random_uniform_size_232_ssize_226_k_6_sr_1_reservoir_greedy to /scratch/ttran02/output22/1138_bus_entropyscore_forget_svd_aux_random_uniform_size_232_ssize_226_k_6_sr_1_reservoir_greedy, zipped to /scratch/ttran02/output22_sampled_zips, and removed /home/ttran02/pj/computational-methods/output22/1138_bus_entropyscore_forget_svd_aux_random_uniform_size_232_ssize_226_k_6_sr_1_reservoir_greedy
[2026-04-16 21:40:56] zip created for 1138_bus_entropyscore_forget_svd_aux_random_uniform_size_232_ssize_226_k_6_sr_4_reservoir_greedy: 62 files -> /scratch/ttran02/output22_sampled_zips/1138_bus_entropyscore_forget_svd_aux_random_uniform_size_232_ssize_226_k_6_sr_4_reservoir_greedy_sampled.zip
[2026-04-16 21:40:56] synced 1138_bus_entropyscore_forget_svd_aux_random_uniform_size_232_ssize_226_k_6_sr_4_reservoir_greedy to /scratch/ttran02/output22/1138_bus_entropyscore_forget_svd_aux_random_uniform_size_232_ssize_226_k_6_sr_4_reservoir_greedy, zipped to /scratch/ttran02/output22_sampled_zips, and removed /home/ttran02/pj/computational-methods/output22/1138_bus_entropyscore_forget_svd_aux_random_uniform_size_232_ssize_226_k_6_sr_4_reservoir_greedy
[2026-04-16 21:40:59] zip created for 1138_bus_entropyscore_forget_svd_aux_random_uniform_size_236_ssize_30_k_206_sr_4_reservoir_greedy: 322 files -> /scratch/ttran02/output22_sampled_zips/1138_bus_entropyscore_forget_svd_aux_random_uniform_size_236_ssize_30_k_206_sr_4_reservoir_greedy_sampled.zip
[2026-04-16 21:40:59] synced 1138_bus_entropyscore_forget_svd_aux_random_uniform_size_236_ssize_30_k_206_sr_4_reservoir_greedy to /scratch/ttran02/output22/1138_bus_entropyscore_forget_svd_aux_random_uniform_size_236_ssize_30_k_206_sr_4_reservoir_greedy, zipped to /scratch/ttran02/output22_sampled_zips, and removed /home/ttran02/pj/computational-methods/output22/1138_bus_entropyscore_forget_svd_aux_random_uniform_size_236_ssize_30_k_206_sr_4_reservoir_greedy
[2026-04-16 21:40:59] zip created for 1138_bus_entropyscore_forget_svd_aux_random_uniform_size_240_ssize_226_k_14_sr_4_reservoir_greedy: 52 files -> /scratch/ttran02/output22_sampled_zips/1138_bus_entropyscore_forget_svd_aux_random_uniform_size_240_ssize_226_k_14_sr_4_reservoir_greedy_sampled.zip
[2026-04-16 21:40:59] synced 1138_bus_entropyscore_forget_svd_aux_random_uniform_size_240_ssize_226_k_14_sr_4_reservoir_greedy to /scratch/ttran02/output22/1138_bus_entropyscore_forget_svd_aux_random_uniform_size_240_ssize_226_k_14_sr_4_reservoir_greedy, zipped to /scratch/ttran02/output22_sampled_zips, and removed /home/ttran02/pj/computational-methods/output22/1138_bus_entropyscore_forget_svd_aux_random_uniform_size_240_ssize_226_k_14_sr_4_reservoir_greedy
[2026-04-16 21:40:59] zip created for 1138_bus_entropyscore_forget_svd_aux_random_uniform_size_240_ssize_226_k_14_sr_8_reservoir_greedy: 52 files -> /scratch/ttran02/output22_sampled_zips/1138_bus_entropyscore_forget_svd_aux_random_uniform_size_240_ssize_226_k_14_sr_8_reservoir_greedy_sampled.zip
[2026-04-16 21:40:59] synced 1138_bus_entropyscore_forget_svd_aux_random_uniform_size_240_ssize_226_k_14_sr_8_reservoir_greedy to /scratch/ttran02/output22/1138_bus_entropyscore_forget_svd_aux_random_uniform_size_240_ssize_226_k_14_sr_8_reservoir_greedy, zipped to /scratch/ttran02/output22_sampled_zips, and removed /home/ttran02/pj/computational-methods/output22/1138_bus_entropyscore_forget_svd_aux_random_uniform_size_240_ssize_226_k_14_sr_8_reservoir_greedy
[2026-04-16 21:40:59] zip created for 1138_bus_entropyscore_forget_svd_aux_random_uniform_size_261_ssize_226_k_35_sr_4_reservoir_greedy: 52 files -> /scratch/ttran02/output22_sampled_zips/1138_bus_entropyscore_forget_svd_aux_random_uniform_size_261_ssize_226_k_35_sr_4_reservoir_greedy_sampled.zip
[2026-04-16 21:41:00] synced 1138_bus_entropyscore_forget_svd_aux_random_uniform_size_261_ssize_226_k_35_sr_4_reservoir_greedy to /scratch/ttran02/output22/1138_bus_entropyscore_forget_svd_aux_random_uniform_size_261_ssize_226_k_35_sr_4_reservoir_greedy, zipped to /scratch/ttran02/output22_sampled_zips, and removed /home/ttran02/pj/computational-methods/output22/1138_bus_entropyscore_forget_svd_aux_random_uniform_size_261_ssize_226_k_35_sr_4_reservoir_greedy
[2026-04-16 21:41:01] zip created for 1138_bus_entropyscore_forget_svd_aux_random_uniform_size_289_ssize_83_k_206_sr_4_reservoir_greedy: 122 files -> /scratch/ttran02/output22_sampled_zips/1138_bus_entropyscore_forget_svd_aux_random_uniform_size_289_ssize_83_k_206_sr_4_reservoir_greedy_sampled.zip
[2026-04-16 21:41:01] synced 1138_bus_entropyscore_forget_svd_aux_random_uniform_size_289_ssize_83_k_206_sr_4_reservoir_greedy to /scratch/ttran02/output22/1138_bus_entropyscore_forget_svd_aux_random_uniform_size_289_ssize_83_k_206_sr_4_reservoir_greedy, zipped to /scratch/ttran02/output22_sampled_zips, and removed /home/ttran02/pj/computational-methods/output22/1138_bus_entropyscore_forget_svd_aux_random_uniform_size_289_ssize_83_k_206_sr_4_reservoir_greedy
[2026-04-16 21:41:01] candidate 1138_bus_entropyscore_forget_svd_aux_random_uniform_size_311_ssize_226_k_85_sr_1_reservoir_greedy matched end_idx=1138; monitoring for 60s of stability
[2026-04-16 21:41:01] candidate 1138_bus_entropyscore_forget_svd_aux_random_uniform_size_32_ssize_30_k_2_sr_2_reservoir_greedy matched end_idx=1138; monitoring for 60s of stability
[2026-04-16 21:41:01] zip created for 1138_bus_entropyscore_forget_svd_aux_random_uniform_size_36_ssize_30_k_6_sr_2_reservoir_greedy: 382 files -> /scratch/ttran02/output22_sampled_zips/1138_bus_entropyscore_forget_svd_aux_random_uniform_size_36_ssize_30_k_6_sr_2_reservoir_greedy_sampled.zip
[2026-04-16 21:41:02] synced 1138_bus_entropyscore_forget_svd_aux_random_uniform_size_36_ssize_30_k_6_sr_2_reservoir_greedy to /scratch/ttran02/output22/1138_bus_entropyscore_forget_svd_aux_random_uniform_size_36_ssize_30_k_6_sr_2_reservoir_greedy, zipped to /scratch/ttran02/output22_sampled_zips, and removed /home/ttran02/pj/computational-methods/output22/1138_bus_entropyscore_forget_svd_aux_random_uniform_size_36_ssize_30_k_6_sr_2_reservoir_greedy
[2026-04-16 21:41:02] zip created for 1138_bus_entropyscore_forget_svd_aux_random_uniform_size_432_ssize_226_k_206_sr_16_reservoir_greedy: 52 files -> /scratch/ttran02/output22_sampled_zips/1138_bus_entropyscore_forget_svd_aux_random_uniform_size_432_ssize_226_k_206_sr_16_reservoir_greedy_sampled.zip
[2026-04-16 21:41:02] synced 1138_bus_entropyscore_forget_svd_aux_random_uniform_size_432_ssize_226_k_206_sr_16_reservoir_greedy to /scratch/ttran02/output22/1138_bus_entropyscore_forget_svd_aux_random_uniform_size_432_ssize_226_k_206_sr_16_reservoir_greedy, zipped to /scratch/ttran02/output22_sampled_zips, and removed /home/ttran02/pj/computational-methods/output22/1138_bus_entropyscore_forget_svd_aux_random_uniform_size_432_ssize_226_k_206_sr_16_reservoir_greedy
[2026-04-16 21:41:03] zip created for 1138_bus_entropyscore_forget_svd_aux_random_uniform_size_432_ssize_226_k_206_sr_4_reservoir_greedy: 52 files -> /scratch/ttran02/output22_sampled_zips/1138_bus_entropyscore_forget_svd_aux_random_uniform_size_432_ssize_226_k_206_sr_4_reservoir_greedy_sampled.zip
[2026-04-16 21:41:03] synced 1138_bus_entropyscore_forget_svd_aux_random_uniform_size_432_ssize_226_k_206_sr_4_reservoir_greedy to /scratch/ttran02/output22/1138_bus_entropyscore_forget_svd_aux_random_uniform_size_432_ssize_226_k_206_sr_4_reservoir_greedy, zipped to /scratch/ttran02/output22_sampled_zips, and removed /home/ttran02/pj/computational-methods/output22/1138_bus_entropyscore_forget_svd_aux_random_uniform_size_432_ssize_226_k_206_sr_4_reservoir_greedy
[2026-04-16 21:41:03] candidate 1138_bus_entropyscore_forget_svd_aux_random_uniform_size_432_ssize_226_k_206_sr_8_reservoir_greedy matched end_idx=1138; monitoring for 60s of stability
[2026-04-16 21:41:11] zip created for 1138_bus_entropyscore_forget_svd_aux_random_uniform_size_530_ssize_30_k_500_sr_2_reservoir_greedy: 222 files -> /scratch/ttran02/output22_sampled_zips/1138_bus_entropyscore_forget_svd_aux_random_uniform_size_530_ssize_30_k_500_sr_2_reservoir_greedy_sampled.zip
[2026-04-16 21:41:11] synced 1138_bus_entropyscore_forget_svd_aux_random_uniform_size_530_ssize_30_k_500_sr_2_reservoir_greedy to /scratch/ttran02/output22/1138_bus_entropyscore_forget_svd_aux_random_uniform_size_530_ssize_30_k_500_sr_2_reservoir_greedy, zipped to /scratch/ttran02/output22_sampled_zips, and removed /home/ttran02/pj/computational-methods/output22/1138_bus_entropyscore_forget_svd_aux_random_uniform_size_530_ssize_30_k_500_sr_2_reservoir_greedy
[2026-04-16 21:41:11] candidate 1138_bus_entropyscore_forget_svd_aux_random_uniform_size_65_ssize_30_k_35_sr_4_reservoir_greedy matched end_idx=1138; monitoring for 60s of stability
[2026-04-16 21:41:13] zip created for 1138_bus_entropyscore_forget_svd_aux_random_uniform_size_726_ssize_226_k_500_sr_16_reservoir_greedy: 32 files -> /scratch/ttran02/output22_sampled_zips/1138_bus_entropyscore_forget_svd_aux_random_uniform_size_726_ssize_226_k_500_sr_16_reservoir_greedy_sampled.zip
[2026-04-16 21:41:13] synced 1138_bus_entropyscore_forget_svd_aux_random_uniform_size_726_ssize_226_k_500_sr_16_reservoir_greedy to /scratch/ttran02/output22/1138_bus_entropyscore_forget_svd_aux_random_uniform_size_726_ssize_226_k_500_sr_16_reservoir_greedy, zipped to /scratch/ttran02/output22_sampled_zips, and removed /home/ttran02/pj/computational-methods/output22/1138_bus_entropyscore_forget_svd_aux_random_uniform_size_726_ssize_226_k_500_sr_16_reservoir_greedy
[2026-04-16 21:41:13] candidate 1138_bus_entropyscore_forget_svd_aux_random_uniform_size_726_ssize_226_k_500_sr_4_reservoir_greedy matched end_idx=1138; monitoring for 60s of stability
[2026-04-16 21:41:13] candidate 1138_bus_entropyscore_forget_svd_aux_random_uniform_size_84_ssize_83_k_1_sr_1_reservoir_greedy matched end_idx=1138; monitoring for 60s of stability
[2026-04-16 21:41:13] candidate 1138_bus_entropyscore_forget_svd_aux_random_uniform_size_89_ssize_83_k_6_sr_1_reservoir_greedy matched end_idx=1138; monitoring for 60s of stability
[2026-04-16 21:41:14] zip created for 1138_bus_entropyscore_forget_svd_aux_random_uniform_size_96_ssize_11_k_85_sr_16_reservoir_greedy: 502 files -> /scratch/ttran02/output22_sampled_zips/1138_bus_entropyscore_forget_svd_aux_random_uniform_size_96_ssize_11_k_85_sr_16_reservoir_greedy_sampled.zip
[2026-04-16 21:41:15] synced 1138_bus_entropyscore_forget_svd_aux_random_uniform_size_96_ssize_11_k_85_sr_16_reservoir_greedy to /scratch/ttran02/output22/1138_bus_entropyscore_forget_svd_aux_random_uniform_size_96_ssize_11_k_85_sr_16_reservoir_greedy, zipped to /scratch/ttran02/output22_sampled_zips, and removed /home/ttran02/pj/computational-methods/output22/1138_bus_entropyscore_forget_svd_aux_random_uniform_size_96_ssize_11_k_85_sr_16_reservoir_greedy
[2026-04-16 21:41:15] zip created for 1138_bus_entropyscore_forget_svd_aux_random_uniform_size_97_ssize_83_k_14_sr_14_reservoir_greedy: 142 files -> /scratch/ttran02/output22_sampled_zips/1138_bus_entropyscore_forget_svd_aux_random_uniform_size_97_ssize_83_k_14_sr_14_reservoir_greedy_sampled.zip
[2026-04-16 21:41:15] synced 1138_bus_entropyscore_forget_svd_aux_random_uniform_size_97_ssize_83_k_14_sr_14_reservoir_greedy to /scratch/ttran02/output22/1138_bus_entropyscore_forget_svd_aux_random_uniform_size_97_ssize_83_k_14_sr_14_reservoir_greedy, zipped to /scratch/ttran02/output22_sampled_zips, and removed /home/ttran02/pj/computational-methods/output22/1138_bus_entropyscore_forget_svd_aux_random_uniform_size_97_ssize_83_k_14_sr_14_reservoir_greedy
[2026-04-16 21:41:15] candidate 1138_bus_entropyscore_forget_svd_aux_random_uniform_size_97_ssize_83_k_14_sr_8_reservoir_greedy matched end_idx=1138; monitoring for 60s of stability
[2026-04-16 21:42:16] zip created for 1138_bus_entropyscore_forget_svd_aux_random_uniform_2_size_118_ssize_83_k_35_sr_4_reservoir_greedy: 142 files -> /scratch/ttran02/output22_sampled_zips/1138_bus_entropyscore_forget_svd_aux_random_uniform_2_size_118_ssize_83_k_35_sr_4_reservoir_greedy_sampled.zip
[2026-04-16 21:42:16] synced 1138_bus_entropyscore_forget_svd_aux_random_uniform_2_size_118_ssize_83_k_35_sr_4_reservoir_greedy to /scratch/ttran02/output22/1138_bus_entropyscore_forget_svd_aux_random_uniform_2_size_118_ssize_83_k_35_sr_4_reservoir_greedy, zipped to /scratch/ttran02/output22_sampled_zips, and removed /home/ttran02/pj/computational-methods/output22/1138_bus_entropyscore_forget_svd_aux_random_uniform_2_size_118_ssize_83_k_35_sr_4_reservoir_greedy
[2026-04-16 21:42:16] zip created for 1138_bus_entropyscore_forget_svd_aux_random_uniform_2_size_227_ssize_226_k_1_sr_1_reservoir_greedy: 62 files -> /scratch/ttran02/output22_sampled_zips/1138_bus_entropyscore_forget_svd_aux_random_uniform_2_size_227_ssize_226_k_1_sr_1_reservoir_greedy_sampled.zip
[2026-04-16 21:42:16] synced 1138_bus_entropyscore_forget_svd_aux_random_uniform_2_size_227_ssize_226_k_1_sr_1_reservoir_greedy to /scratch/ttran02/output22/1138_bus_entropyscore_forget_svd_aux_random_uniform_2_size_227_ssize_226_k_1_sr_1_reservoir_greedy, zipped to /scratch/ttran02/output22_sampled_zips, and removed /home/ttran02/pj/computational-methods/output22/1138_bus_entropyscore_forget_svd_aux_random_uniform_2_size_227_ssize_226_k_1_sr_1_reservoir_greedy
[2026-04-16 21:42:16] zip created for 1138_bus_entropyscore_forget_svd_aux_random_uniform_2_size_311_ssize_226_k_85_sr_1_reservoir_greedy: 52 files -> /scratch/ttran02/output22_sampled_zips/1138_bus_entropyscore_forget_svd_aux_random_uniform_2_size_311_ssize_226_k_85_sr_1_reservoir_greedy_sampled.zip
[2026-04-16 21:42:16] synced 1138_bus_entropyscore_forget_svd_aux_random_uniform_2_size_311_ssize_226_k_85_sr_1_reservoir_greedy to /scratch/ttran02/output22/1138_bus_entropyscore_forget_svd_aux_random_uniform_2_size_311_ssize_226_k_85_sr_1_reservoir_greedy, zipped to /scratch/ttran02/output22_sampled_zips, and removed /home/ttran02/pj/computational-methods/output22/1138_bus_entropyscore_forget_svd_aux_random_uniform_2_size_311_ssize_226_k_85_sr_1_reservoir_greedy
[2026-04-16 21:42:17] zip created for 1138_bus_entropyscore_forget_svd_aux_random_uniform_2_size_32_ssize_30_k_2_sr_2_reservoir_greedy: 382 files -> /scratch/ttran02/output22_sampled_zips/1138_bus_entropyscore_forget_svd_aux_random_uniform_2_size_32_ssize_30_k_2_sr_2_reservoir_greedy_sampled.zip
[2026-04-16 21:42:17] synced 1138_bus_entropyscore_forget_svd_aux_random_uniform_2_size_32_ssize_30_k_2_sr_2_reservoir_greedy to /scratch/ttran02/output22/1138_bus_entropyscore_forget_svd_aux_random_uniform_2_size_32_ssize_30_k_2_sr_2_reservoir_greedy, zipped to /scratch/ttran02/output22_sampled_zips, and removed /home/ttran02/pj/computational-methods/output22/1138_bus_entropyscore_forget_svd_aux_random_uniform_2_size_32_ssize_30_k_2_sr_2_reservoir_greedy
[2026-04-16 21:42:18] zip created for 1138_bus_entropyscore_forget_svd_aux_random_uniform_2_size_432_ssize_226_k_206_sr_8_reservoir_greedy: 52 files -> /scratch/ttran02/output22_sampled_zips/1138_bus_entropyscore_forget_svd_aux_random_uniform_2_size_432_ssize_226_k_206_sr_8_reservoir_greedy_sampled.zip
[2026-04-16 21:42:18] synced 1138_bus_entropyscore_forget_svd_aux_random_uniform_2_size_432_ssize_226_k_206_sr_8_reservoir_greedy to /scratch/ttran02/output22/1138_bus_entropyscore_forget_svd_aux_random_uniform_2_size_432_ssize_226_k_206_sr_8_reservoir_greedy, zipped to /scratch/ttran02/output22_sampled_zips, and removed /home/ttran02/pj/computational-methods/output22/1138_bus_entropyscore_forget_svd_aux_random_uniform_2_size_432_ssize_226_k_206_sr_8_reservoir_greedy
[2026-04-16 21:42:18] candidate 1138_bus_entropyscore_forget_svd_aux_random_uniform_2_size_583_ssize_83_k_500_sr_4_reservoir_greedy matched end_idx=1138; monitoring for 60s of stability
[2026-04-16 21:42:18] candidate 1138_bus_entropyscore_forget_svd_aux_random_uniform_2_size_65_ssize_30_k_35_sr_12_reservoir_greedy matched end_idx=1138; monitoring for 60s of stability
[2026-04-16 21:42:19] zip created for 1138_bus_entropyscore_forget_svd_aux_random_uniform_2_size_65_ssize_30_k_35_sr_4_reservoir_greedy: 372 files -> /scratch/ttran02/output22_sampled_zips/1138_bus_entropyscore_forget_svd_aux_random_uniform_2_size_65_ssize_30_k_35_sr_4_reservoir_greedy_sampled.zip
[2026-04-16 21:42:19] synced 1138_bus_entropyscore_forget_svd_aux_random_uniform_2_size_65_ssize_30_k_35_sr_4_reservoir_greedy to /scratch/ttran02/output22/1138_bus_entropyscore_forget_svd_aux_random_uniform_2_size_65_ssize_30_k_35_sr_4_reservoir_greedy, zipped to /scratch/ttran02/output22_sampled_zips, and removed /home/ttran02/pj/computational-methods/output22/1138_bus_entropyscore_forget_svd_aux_random_uniform_2_size_65_ssize_30_k_35_sr_4_reservoir_greedy
[2026-04-16 21:42:21] zip created for 1138_bus_entropyscore_forget_svd_aux_random_uniform_2_size_726_ssize_226_k_500_sr_4_reservoir_greedy: 32 files -> /scratch/ttran02/output22_sampled_zips/1138_bus_entropyscore_forget_svd_aux_random_uniform_2_size_726_ssize_226_k_500_sr_4_reservoir_greedy_sampled.zip
[2026-04-16 21:42:21] synced 1138_bus_entropyscore_forget_svd_aux_random_uniform_2_size_726_ssize_226_k_500_sr_4_reservoir_greedy to /scratch/ttran02/output22/1138_bus_entropyscore_forget_svd_aux_random_uniform_2_size_726_ssize_226_k_500_sr_4_reservoir_greedy, zipped to /scratch/ttran02/output22_sampled_zips, and removed /home/ttran02/pj/computational-methods/output22/1138_bus_entropyscore_forget_svd_aux_random_uniform_2_size_726_ssize_226_k_500_sr_4_reservoir_greedy
[2026-04-16 21:42:21] zip created for 1138_bus_entropyscore_forget_svd_aux_random_uniform_2_size_84_ssize_83_k_1_sr_1_reservoir_greedy: 142 files -> /scratch/ttran02/output22_sampled_zips/1138_bus_entropyscore_forget_svd_aux_random_uniform_2_size_84_ssize_83_k_1_sr_1_reservoir_greedy_sampled.zip
[2026-04-16 21:42:21] synced 1138_bus_entropyscore_forget_svd_aux_random_uniform_2_size_84_ssize_83_k_1_sr_1_reservoir_greedy to /scratch/ttran02/output22/1138_bus_entropyscore_forget_svd_aux_random_uniform_2_size_84_ssize_83_k_1_sr_1_reservoir_greedy, zipped to /scratch/ttran02/output22_sampled_zips, and removed /home/ttran02/pj/computational-methods/output22/1138_bus_entropyscore_forget_svd_aux_random_uniform_2_size_84_ssize_83_k_1_sr_1_reservoir_greedy
[2026-04-16 21:42:21] zip created for 1138_bus_entropyscore_forget_svd_aux_random_uniform_2_size_89_ssize_83_k_6_sr_1_reservoir_greedy: 142 files -> /scratch/ttran02/output22_sampled_zips/1138_bus_entropyscore_forget_svd_aux_random_uniform_2_size_89_ssize_83_k_6_sr_1_reservoir_greedy_sampled.zip
[2026-04-16 21:42:22] synced 1138_bus_entropyscore_forget_svd_aux_random_uniform_2_size_89_ssize_83_k_6_sr_1_reservoir_greedy to /scratch/ttran02/output22/1138_bus_entropyscore_forget_svd_aux_random_uniform_2_size_89_ssize_83_k_6_sr_1_reservoir_greedy, zipped to /scratch/ttran02/output22_sampled_zips, and removed /home/ttran02/pj/computational-methods/output22/1138_bus_entropyscore_forget_svd_aux_random_uniform_2_size_89_ssize_83_k_6_sr_1_reservoir_greedy
[2026-04-16 21:42:22] zip created for 1138_bus_entropyscore_forget_svd_aux_random_uniform_2_size_97_ssize_83_k_14_sr_8_reservoir_greedy: 142 files -> /scratch/ttran02/output22_sampled_zips/1138_bus_entropyscore_forget_svd_aux_random_uniform_2_size_97_ssize_83_k_14_sr_8_reservoir_greedy_sampled.zip
[2026-04-16 21:42:22] synced 1138_bus_entropyscore_forget_svd_aux_random_uniform_2_size_97_ssize_83_k_14_sr_8_reservoir_greedy to /scratch/ttran02/output22/1138_bus_entropyscore_forget_svd_aux_random_uniform_2_size_97_ssize_83_k_14_sr_8_reservoir_greedy, zipped to /scratch/ttran02/output22_sampled_zips, and removed /home/ttran02/pj/computational-methods/output22/1138_bus_entropyscore_forget_svd_aux_random_uniform_2_size_97_ssize_83_k_14_sr_8_reservoir_greedy
[2026-04-16 21:42:22] zip created for 1138_bus_entropyscore_forget_svd_aux_random_uniform_3_size_118_ssize_83_k_35_sr_4_reservoir_greedy: 142 files -> /scratch/ttran02/output22_sampled_zips/1138_bus_entropyscore_forget_svd_aux_random_uniform_3_size_118_ssize_83_k_35_sr_4_reservoir_greedy_sampled.zip
[2026-04-16 21:42:22] synced 1138_bus_entropyscore_forget_svd_aux_random_uniform_3_size_118_ssize_83_k_35_sr_4_reservoir_greedy to /scratch/ttran02/output22/1138_bus_entropyscore_forget_svd_aux_random_uniform_3_size_118_ssize_83_k_35_sr_4_reservoir_greedy, zipped to /scratch/ttran02/output22_sampled_zips, and removed /home/ttran02/pj/computational-methods/output22/1138_bus_entropyscore_forget_svd_aux_random_uniform_3_size_118_ssize_83_k_35_sr_4_reservoir_greedy
[2026-04-16 21:42:23] zip created for 1138_bus_entropyscore_forget_svd_aux_random_uniform_3_size_227_ssize_226_k_1_sr_1_reservoir_greedy: 62 files -> /scratch/ttran02/output22_sampled_zips/1138_bus_entropyscore_forget_svd_aux_random_uniform_3_size_227_ssize_226_k_1_sr_1_reservoir_greedy_sampled.zip
[2026-04-16 21:42:23] synced 1138_bus_entropyscore_forget_svd_aux_random_uniform_3_size_227_ssize_226_k_1_sr_1_reservoir_greedy to /scratch/ttran02/output22/1138_bus_entropyscore_forget_svd_aux_random_uniform_3_size_227_ssize_226_k_1_sr_1_reservoir_greedy, zipped to /scratch/ttran02/output22_sampled_zips, and removed /home/ttran02/pj/computational-methods/output22/1138_bus_entropyscore_forget_svd_aux_random_uniform_3_size_227_ssize_226_k_1_sr_1_reservoir_greedy
[2026-04-16 21:42:23] zip created for 1138_bus_entropyscore_forget_svd_aux_random_uniform_3_size_311_ssize_226_k_85_sr_1_reservoir_greedy: 52 files -> /scratch/ttran02/output22_sampled_zips/1138_bus_entropyscore_forget_svd_aux_random_uniform_3_size_311_ssize_226_k_85_sr_1_reservoir_greedy_sampled.zip
[2026-04-16 21:42:23] synced 1138_bus_entropyscore_forget_svd_aux_random_uniform_3_size_311_ssize_226_k_85_sr_1_reservoir_greedy to /scratch/ttran02/output22/1138_bus_entropyscore_forget_svd_aux_random_uniform_3_size_311_ssize_226_k_85_sr_1_reservoir_greedy, zipped to /scratch/ttran02/output22_sampled_zips, and removed /home/ttran02/pj/computational-methods/output22/1138_bus_entropyscore_forget_svd_aux_random_uniform_3_size_311_ssize_226_k_85_sr_1_reservoir_greedy
[2026-04-16 21:42:24] zip created for 1138_bus_entropyscore_forget_svd_aux_random_uniform_3_size_32_ssize_30_k_2_sr_2_reservoir_greedy: 382 files -> /scratch/ttran02/output22_sampled_zips/1138_bus_entropyscore_forget_svd_aux_random_uniform_3_size_32_ssize_30_k_2_sr_2_reservoir_greedy_sampled.zip
[2026-04-16 21:42:24] synced 1138_bus_entropyscore_forget_svd_aux_random_uniform_3_size_32_ssize_30_k_2_sr_2_reservoir_greedy to /scratch/ttran02/output22/1138_bus_entropyscore_forget_svd_aux_random_uniform_3_size_32_ssize_30_k_2_sr_2_reservoir_greedy, zipped to /scratch/ttran02/output22_sampled_zips, and removed /home/ttran02/pj/computational-methods/output22/1138_bus_entropyscore_forget_svd_aux_random_uniform_3_size_32_ssize_30_k_2_sr_2_reservoir_greedy
[2026-04-16 21:42:25] zip created for 1138_bus_entropyscore_forget_svd_aux_random_uniform_3_size_432_ssize_226_k_206_sr_8_reservoir_greedy: 52 files -> /scratch/ttran02/output22_sampled_zips/1138_bus_entropyscore_forget_svd_aux_random_uniform_3_size_432_ssize_226_k_206_sr_8_reservoir_greedy_sampled.zip
[2026-04-16 21:42:25] synced 1138_bus_entropyscore_forget_svd_aux_random_uniform_3_size_432_ssize_226_k_206_sr_8_reservoir_greedy to /scratch/ttran02/output22/1138_bus_entropyscore_forget_svd_aux_random_uniform_3_size_432_ssize_226_k_206_sr_8_reservoir_greedy, zipped to /scratch/ttran02/output22_sampled_zips, and removed /home/ttran02/pj/computational-methods/output22/1138_bus_entropyscore_forget_svd_aux_random_uniform_3_size_432_ssize_226_k_206_sr_8_reservoir_greedy
[2026-04-16 21:42:25] candidate 1138_bus_entropyscore_forget_svd_aux_random_uniform_3_size_583_ssize_83_k_500_sr_4_reservoir_greedy matched end_idx=1138; monitoring for 60s of stability
[2026-04-16 21:42:25] candidate 1138_bus_entropyscore_forget_svd_aux_random_uniform_3_size_65_ssize_30_k_35_sr_12_reservoir_greedy matched end_idx=1138; monitoring for 60s of stability
[2026-04-16 21:42:25] zip created for 1138_bus_entropyscore_forget_svd_aux_random_uniform_3_size_65_ssize_30_k_35_sr_4_reservoir_greedy: 372 files -> /scratch/ttran02/output22_sampled_zips/1138_bus_entropyscore_forget_svd_aux_random_uniform_3_size_65_ssize_30_k_35_sr_4_reservoir_greedy_sampled.zip
[2026-04-16 21:42:26] synced 1138_bus_entropyscore_forget_svd_aux_random_uniform_3_size_65_ssize_30_k_35_sr_4_reservoir_greedy to /scratch/ttran02/output22/1138_bus_entropyscore_forget_svd_aux_random_uniform_3_size_65_ssize_30_k_35_sr_4_reservoir_greedy, zipped to /scratch/ttran02/output22_sampled_zips, and removed /home/ttran02/pj/computational-methods/output22/1138_bus_entropyscore_forget_svd_aux_random_uniform_3_size_65_ssize_30_k_35_sr_4_reservoir_greedy
[2026-04-16 21:42:27] zip created for 1138_bus_entropyscore_forget_svd_aux_random_uniform_3_size_726_ssize_226_k_500_sr_4_reservoir_greedy: 32 files -> /scratch/ttran02/output22_sampled_zips/1138_bus_entropyscore_forget_svd_aux_random_uniform_3_size_726_ssize_226_k_500_sr_4_reservoir_greedy_sampled.zip
[2026-04-16 21:42:27] synced 1138_bus_entropyscore_forget_svd_aux_random_uniform_3_size_726_ssize_226_k_500_sr_4_reservoir_greedy to /scratch/ttran02/output22/1138_bus_entropyscore_forget_svd_aux_random_uniform_3_size_726_ssize_226_k_500_sr_4_reservoir_greedy, zipped to /scratch/ttran02/output22_sampled_zips, and removed /home/ttran02/pj/computational-methods/output22/1138_bus_entropyscore_forget_svd_aux_random_uniform_3_size_726_ssize_226_k_500_sr_4_reservoir_greedy
[2026-04-16 21:42:28] zip created for 1138_bus_entropyscore_forget_svd_aux_random_uniform_3_size_84_ssize_83_k_1_sr_1_reservoir_greedy: 142 files -> /scratch/ttran02/output22_sampled_zips/1138_bus_entropyscore_forget_svd_aux_random_uniform_3_size_84_ssize_83_k_1_sr_1_reservoir_greedy_sampled.zip
[2026-04-16 21:42:28] synced 1138_bus_entropyscore_forget_svd_aux_random_uniform_3_size_84_ssize_83_k_1_sr_1_reservoir_greedy to /scratch/ttran02/output22/1138_bus_entropyscore_forget_svd_aux_random_uniform_3_size_84_ssize_83_k_1_sr_1_reservoir_greedy, zipped to /scratch/ttran02/output22_sampled_zips, and removed /home/ttran02/pj/computational-methods/output22/1138_bus_entropyscore_forget_svd_aux_random_uniform_3_size_84_ssize_83_k_1_sr_1_reservoir_greedy
[2026-04-16 21:42:28] zip created for 1138_bus_entropyscore_forget_svd_aux_random_uniform_3_size_89_ssize_83_k_6_sr_1_reservoir_greedy: 142 files -> /scratch/ttran02/output22_sampled_zips/1138_bus_entropyscore_forget_svd_aux_random_uniform_3_size_89_ssize_83_k_6_sr_1_reservoir_greedy_sampled.zip
[2026-04-16 21:42:28] synced 1138_bus_entropyscore_forget_svd_aux_random_uniform_3_size_89_ssize_83_k_6_sr_1_reservoir_greedy to /scratch/ttran02/output22/1138_bus_entropyscore_forget_svd_aux_random_uniform_3_size_89_ssize_83_k_6_sr_1_reservoir_greedy, zipped to /scratch/ttran02/output22_sampled_zips, and removed /home/ttran02/pj/computational-methods/output22/1138_bus_entropyscore_forget_svd_aux_random_uniform_3_size_89_ssize_83_k_6_sr_1_reservoir_greedy
[2026-04-16 21:42:28] zip created for 1138_bus_entropyscore_forget_svd_aux_random_uniform_3_size_97_ssize_83_k_14_sr_8_reservoir_greedy: 142 files -> /scratch/ttran02/output22_sampled_zips/1138_bus_entropyscore_forget_svd_aux_random_uniform_3_size_97_ssize_83_k_14_sr_8_reservoir_greedy_sampled.zip
[2026-04-16 21:42:29] synced 1138_bus_entropyscore_forget_svd_aux_random_uniform_3_size_97_ssize_83_k_14_sr_8_reservoir_greedy to /scratch/ttran02/output22/1138_bus_entropyscore_forget_svd_aux_random_uniform_3_size_97_ssize_83_k_14_sr_8_reservoir_greedy, zipped to /scratch/ttran02/output22_sampled_zips, and removed /home/ttran02/pj/computational-methods/output22/1138_bus_entropyscore_forget_svd_aux_random_uniform_3_size_97_ssize_83_k_14_sr_8_reservoir_greedy
[2026-04-16 21:42:30] zip created for 1138_bus_entropyscore_forget_svd_aux_random_uniform_4_size_115_ssize_30_k_85_sr_16_reservoir_greedy: 362 files -> /scratch/ttran02/output22_sampled_zips/1138_bus_entropyscore_forget_svd_aux_random_uniform_4_size_115_ssize_30_k_85_sr_16_reservoir_greedy_sampled.zip
[2026-04-16 21:42:30] synced 1138_bus_entropyscore_forget_svd_aux_random_uniform_4_size_115_ssize_30_k_85_sr_16_reservoir_greedy to /scratch/ttran02/output22/1138_bus_entropyscore_forget_svd_aux_random_uniform_4_size_115_ssize_30_k_85_sr_16_reservoir_greedy, zipped to /scratch/ttran02/output22_sampled_zips, and removed /home/ttran02/pj/computational-methods/output22/1138_bus_entropyscore_forget_svd_aux_random_uniform_4_size_115_ssize_30_k_85_sr_16_reservoir_greedy
[2026-04-16 21:42:30] zip created for 1138_bus_entropyscore_forget_svd_aux_random_uniform_4_size_118_ssize_83_k_35_sr_4_reservoir_greedy: 142 files -> /scratch/ttran02/output22_sampled_zips/1138_bus_entropyscore_forget_svd_aux_random_uniform_4_size_118_ssize_83_k_35_sr_4_reservoir_greedy_sampled.zip
[2026-04-16 21:42:30] synced 1138_bus_entropyscore_forget_svd_aux_random_uniform_4_size_118_ssize_83_k_35_sr_4_reservoir_greedy to /scratch/ttran02/output22/1138_bus_entropyscore_forget_svd_aux_random_uniform_4_size_118_ssize_83_k_35_sr_4_reservoir_greedy, zipped to /scratch/ttran02/output22_sampled_zips, and removed /home/ttran02/pj/computational-methods/output22/1138_bus_entropyscore_forget_svd_aux_random_uniform_4_size_118_ssize_83_k_35_sr_4_reservoir_greedy
[2026-04-16 21:42:31] zip created for 1138_bus_entropyscore_forget_svd_aux_random_uniform_4_size_227_ssize_226_k_1_sr_1_reservoir_greedy: 62 files -> /scratch/ttran02/output22_sampled_zips/1138_bus_entropyscore_forget_svd_aux_random_uniform_4_size_227_ssize_226_k_1_sr_1_reservoir_greedy_sampled.zip
[2026-04-16 21:42:31] synced 1138_bus_entropyscore_forget_svd_aux_random_uniform_4_size_227_ssize_226_k_1_sr_1_reservoir_greedy to /scratch/ttran02/output22/1138_bus_entropyscore_forget_svd_aux_random_uniform_4_size_227_ssize_226_k_1_sr_1_reservoir_greedy, zipped to /scratch/ttran02/output22_sampled_zips, and removed /home/ttran02/pj/computational-methods/output22/1138_bus_entropyscore_forget_svd_aux_random_uniform_4_size_227_ssize_226_k_1_sr_1_reservoir_greedy
[2026-04-16 21:42:31] zip created for 1138_bus_entropyscore_forget_svd_aux_random_uniform_4_size_311_ssize_226_k_85_sr_1_reservoir_greedy: 52 files -> /scratch/ttran02/output22_sampled_zips/1138_bus_entropyscore_forget_svd_aux_random_uniform_4_size_311_ssize_226_k_85_sr_1_reservoir_greedy_sampled.zip
[2026-04-16 21:42:31] synced 1138_bus_entropyscore_forget_svd_aux_random_uniform_4_size_311_ssize_226_k_85_sr_1_reservoir_greedy to /scratch/ttran02/output22/1138_bus_entropyscore_forget_svd_aux_random_uniform_4_size_311_ssize_226_k_85_sr_1_reservoir_greedy, zipped to /scratch/ttran02/output22_sampled_zips, and removed /home/ttran02/pj/computational-methods/output22/1138_bus_entropyscore_forget_svd_aux_random_uniform_4_size_311_ssize_226_k_85_sr_1_reservoir_greedy
[2026-04-16 21:42:32] zip created for 1138_bus_entropyscore_forget_svd_aux_random_uniform_4_size_32_ssize_30_k_2_sr_2_reservoir_greedy: 382 files -> /scratch/ttran02/output22_sampled_zips/1138_bus_entropyscore_forget_svd_aux_random_uniform_4_size_32_ssize_30_k_2_sr_2_reservoir_greedy_sampled.zip
[2026-04-16 21:42:32] synced 1138_bus_entropyscore_forget_svd_aux_random_uniform_4_size_32_ssize_30_k_2_sr_2_reservoir_greedy to /scratch/ttran02/output22/1138_bus_entropyscore_forget_svd_aux_random_uniform_4_size_32_ssize_30_k_2_sr_2_reservoir_greedy, zipped to /scratch/ttran02/output22_sampled_zips, and removed /home/ttran02/pj/computational-methods/output22/1138_bus_entropyscore_forget_svd_aux_random_uniform_4_size_32_ssize_30_k_2_sr_2_reservoir_greedy
[2026-04-16 21:42:33] zip created for 1138_bus_entropyscore_forget_svd_aux_random_uniform_4_size_432_ssize_226_k_206_sr_16_reservoir_greedy: 52 files -> /scratch/ttran02/output22_sampled_zips/1138_bus_entropyscore_forget_svd_aux_random_uniform_4_size_432_ssize_226_k_206_sr_16_reservoir_greedy_sampled.zip
[2026-04-16 21:42:33] synced 1138_bus_entropyscore_forget_svd_aux_random_uniform_4_size_432_ssize_226_k_206_sr_16_reservoir_greedy to /scratch/ttran02/output22/1138_bus_entropyscore_forget_svd_aux_random_uniform_4_size_432_ssize_226_k_206_sr_16_reservoir_greedy, zipped to /scratch/ttran02/output22_sampled_zips, and removed /home/ttran02/pj/computational-methods/output22/1138_bus_entropyscore_forget_svd_aux_random_uniform_4_size_432_ssize_226_k_206_sr_16_reservoir_greedy
[2026-04-16 21:42:33] zip created for 1138_bus_entropyscore_forget_svd_aux_random_uniform_4_size_432_ssize_226_k_206_sr_8_reservoir_greedy: 52 files -> /scratch/ttran02/output22_sampled_zips/1138_bus_entropyscore_forget_svd_aux_random_uniform_4_size_432_ssize_226_k_206_sr_8_reservoir_greedy_sampled.zip
[2026-04-16 21:42:33] synced 1138_bus_entropyscore_forget_svd_aux_random_uniform_4_size_432_ssize_226_k_206_sr_8_reservoir_greedy to /scratch/ttran02/output22/1138_bus_entropyscore_forget_svd_aux_random_uniform_4_size_432_ssize_226_k_206_sr_8_reservoir_greedy, zipped to /scratch/ttran02/output22_sampled_zips, and removed /home/ttran02/pj/computational-methods/output22/1138_bus_entropyscore_forget_svd_aux_random_uniform_4_size_432_ssize_226_k_206_sr_8_reservoir_greedy
[2026-04-16 21:42:33] candidate 1138_bus_entropyscore_forget_svd_aux_random_uniform_4_size_583_ssize_83_k_500_sr_4_reservoir_greedy matched end_idx=1138; monitoring for 60s of stability
[2026-04-16 21:42:34] zip created for 1138_bus_entropyscore_forget_svd_aux_random_uniform_4_size_65_ssize_30_k_35_sr_4_reservoir_greedy: 372 files -> /scratch/ttran02/output22_sampled_zips/1138_bus_entropyscore_forget_svd_aux_random_uniform_4_size_65_ssize_30_k_35_sr_4_reservoir_greedy_sampled.zip
[2026-04-16 21:42:34] synced 1138_bus_entropyscore_forget_svd_aux_random_uniform_4_size_65_ssize_30_k_35_sr_4_reservoir_greedy to /scratch/ttran02/output22/1138_bus_entropyscore_forget_svd_aux_random_uniform_4_size_65_ssize_30_k_35_sr_4_reservoir_greedy, zipped to /scratch/ttran02/output22_sampled_zips, and removed /home/ttran02/pj/computational-methods/output22/1138_bus_entropyscore_forget_svd_aux_random_uniform_4_size_65_ssize_30_k_35_sr_4_reservoir_greedy
[2026-04-16 21:42:36] zip created for 1138_bus_entropyscore_forget_svd_aux_random_uniform_4_size_726_ssize_226_k_500_sr_4_reservoir_greedy: 32 files -> /scratch/ttran02/output22_sampled_zips/1138_bus_entropyscore_forget_svd_aux_random_uniform_4_size_726_ssize_226_k_500_sr_4_reservoir_greedy_sampled.zip
[2026-04-16 21:42:36] synced 1138_bus_entropyscore_forget_svd_aux_random_uniform_4_size_726_ssize_226_k_500_sr_4_reservoir_greedy to /scratch/ttran02/output22/1138_bus_entropyscore_forget_svd_aux_random_uniform_4_size_726_ssize_226_k_500_sr_4_reservoir_greedy, zipped to /scratch/ttran02/output22_sampled_zips, and removed /home/ttran02/pj/computational-methods/output22/1138_bus_entropyscore_forget_svd_aux_random_uniform_4_size_726_ssize_226_k_500_sr_4_reservoir_greedy
[2026-04-16 21:42:36] zip created for 1138_bus_entropyscore_forget_svd_aux_random_uniform_4_size_84_ssize_83_k_1_sr_1_reservoir_greedy: 142 files -> /scratch/ttran02/output22_sampled_zips/1138_bus_entropyscore_forget_svd_aux_random_uniform_4_size_84_ssize_83_k_1_sr_1_reservoir_greedy_sampled.zip
[2026-04-16 21:42:36] synced 1138_bus_entropyscore_forget_svd_aux_random_uniform_4_size_84_ssize_83_k_1_sr_1_reservoir_greedy to /scratch/ttran02/output22/1138_bus_entropyscore_forget_svd_aux_random_uniform_4_size_84_ssize_83_k_1_sr_1_reservoir_greedy, zipped to /scratch/ttran02/output22_sampled_zips, and removed /home/ttran02/pj/computational-methods/output22/1138_bus_entropyscore_forget_svd_aux_random_uniform_4_size_84_ssize_83_k_1_sr_1_reservoir_greedy
[2026-04-16 21:42:37] zip created for 1138_bus_entropyscore_forget_svd_aux_random_uniform_4_size_89_ssize_83_k_6_sr_1_reservoir_greedy: 142 files -> /scratch/ttran02/output22_sampled_zips/1138_bus_entropyscore_forget_svd_aux_random_uniform_4_size_89_ssize_83_k_6_sr_1_reservoir_greedy_sampled.zip
[2026-04-16 21:42:37] synced 1138_bus_entropyscore_forget_svd_aux_random_uniform_4_size_89_ssize_83_k_6_sr_1_reservoir_greedy to /scratch/ttran02/output22/1138_bus_entropyscore_forget_svd_aux_random_uniform_4_size_89_ssize_83_k_6_sr_1_reservoir_greedy, zipped to /scratch/ttran02/output22_sampled_zips, and removed /home/ttran02/pj/computational-methods/output22/1138_bus_entropyscore_forget_svd_aux_random_uniform_4_size_89_ssize_83_k_6_sr_1_reservoir_greedy
[2026-04-16 21:42:38] zip created for 1138_bus_entropyscore_forget_svd_aux_random_uniform_4_size_96_ssize_11_k_85_sr_16_reservoir_greedy: 502 files -> /scratch/ttran02/output22_sampled_zips/1138_bus_entropyscore_forget_svd_aux_random_uniform_4_size_96_ssize_11_k_85_sr_16_reservoir_greedy_sampled.zip
[2026-04-16 21:42:39] synced 1138_bus_entropyscore_forget_svd_aux_random_uniform_4_size_96_ssize_11_k_85_sr_16_reservoir_greedy to /scratch/ttran02/output22/1138_bus_entropyscore_forget_svd_aux_random_uniform_4_size_96_ssize_11_k_85_sr_16_reservoir_greedy, zipped to /scratch/ttran02/output22_sampled_zips, and removed /home/ttran02/pj/computational-methods/output22/1138_bus_entropyscore_forget_svd_aux_random_uniform_4_size_96_ssize_11_k_85_sr_16_reservoir_greedy
[2026-04-16 21:42:39] zip created for 1138_bus_entropyscore_forget_svd_aux_random_uniform_4_size_97_ssize_83_k_14_sr_8_reservoir_greedy: 142 files -> /scratch/ttran02/output22_sampled_zips/1138_bus_entropyscore_forget_svd_aux_random_uniform_4_size_97_ssize_83_k_14_sr_8_reservoir_greedy_sampled.zip
[2026-04-16 21:42:39] synced 1138_bus_entropyscore_forget_svd_aux_random_uniform_4_size_97_ssize_83_k_14_sr_8_reservoir_greedy to /scratch/ttran02/output22/1138_bus_entropyscore_forget_svd_aux_random_uniform_4_size_97_ssize_83_k_14_sr_8_reservoir_greedy, zipped to /scratch/ttran02/output22_sampled_zips, and removed /home/ttran02/pj/computational-methods/output22/1138_bus_entropyscore_forget_svd_aux_random_uniform_4_size_97_ssize_83_k_14_sr_8_reservoir_greedy
[2026-04-16 21:42:40] zip created for 1138_bus_entropyscore_forget_svd_aux_random_uniform_5_size_115_ssize_30_k_85_sr_16_reservoir_greedy: 362 files -> /scratch/ttran02/output22_sampled_zips/1138_bus_entropyscore_forget_svd_aux_random_uniform_5_size_115_ssize_30_k_85_sr_16_reservoir_greedy_sampled.zip
[2026-04-16 21:42:41] synced 1138_bus_entropyscore_forget_svd_aux_random_uniform_5_size_115_ssize_30_k_85_sr_16_reservoir_greedy to /scratch/ttran02/output22/1138_bus_entropyscore_forget_svd_aux_random_uniform_5_size_115_ssize_30_k_85_sr_16_reservoir_greedy, zipped to /scratch/ttran02/output22_sampled_zips, and removed /home/ttran02/pj/computational-methods/output22/1138_bus_entropyscore_forget_svd_aux_random_uniform_5_size_115_ssize_30_k_85_sr_16_reservoir_greedy
[2026-04-16 21:42:41] zip created for 1138_bus_entropyscore_forget_svd_aux_random_uniform_5_size_118_ssize_83_k_35_sr_4_reservoir_greedy: 142 files -> /scratch/ttran02/output22_sampled_zips/1138_bus_entropyscore_forget_svd_aux_random_uniform_5_size_118_ssize_83_k_35_sr_4_reservoir_greedy_sampled.zip
[2026-04-16 21:42:41] synced 1138_bus_entropyscore_forget_svd_aux_random_uniform_5_size_118_ssize_83_k_35_sr_4_reservoir_greedy to /scratch/ttran02/output22/1138_bus_entropyscore_forget_svd_aux_random_uniform_5_size_118_ssize_83_k_35_sr_4_reservoir_greedy, zipped to /scratch/ttran02/output22_sampled_zips, and removed /home/ttran02/pj/computational-methods/output22/1138_bus_entropyscore_forget_svd_aux_random_uniform_5_size_118_ssize_83_k_35_sr_4_reservoir_greedy
[2026-04-16 21:42:46] zip created for 1138_bus_entropyscore_forget_svd_aux_random_uniform_5_size_217_ssize_11_k_206_sr_8_reservoir_greedy: 502 files -> /scratch/ttran02/output22_sampled_zips/1138_bus_entropyscore_forget_svd_aux_random_uniform_5_size_217_ssize_11_k_206_sr_8_reservoir_greedy_sampled.zip
[2026-04-16 21:42:47] synced 1138_bus_entropyscore_forget_svd_aux_random_uniform_5_size_217_ssize_11_k_206_sr_8_reservoir_greedy to /scratch/ttran02/output22/1138_bus_entropyscore_forget_svd_aux_random_uniform_5_size_217_ssize_11_k_206_sr_8_reservoir_greedy, zipped to /scratch/ttran02/output22_sampled_zips, and removed /home/ttran02/pj/computational-methods/output22/1138_bus_entropyscore_forget_svd_aux_random_uniform_5_size_217_ssize_11_k_206_sr_8_reservoir_greedy
[2026-04-16 21:42:47] zip created for 1138_bus_entropyscore_forget_svd_aux_random_uniform_5_size_227_ssize_226_k_1_sr_1_reservoir_greedy: 62 files -> /scratch/ttran02/output22_sampled_zips/1138_bus_entropyscore_forget_svd_aux_random_uniform_5_size_227_ssize_226_k_1_sr_1_reservoir_greedy_sampled.zip
[2026-04-16 21:42:47] synced 1138_bus_entropyscore_forget_svd_aux_random_uniform_5_size_227_ssize_226_k_1_sr_1_reservoir_greedy to /scratch/ttran02/output22/1138_bus_entropyscore_forget_svd_aux_random_uniform_5_size_227_ssize_226_k_1_sr_1_reservoir_greedy, zipped to /scratch/ttran02/output22_sampled_zips, and removed /home/ttran02/pj/computational-methods/output22/1138_bus_entropyscore_forget_svd_aux_random_uniform_5_size_227_ssize_226_k_1_sr_1_reservoir_greedy
[2026-04-16 21:42:50] zip created for 1138_bus_entropyscore_forget_svd_aux_random_uniform_5_size_236_ssize_30_k_206_sr_4_reservoir_greedy: 322 files -> /scratch/ttran02/output22_sampled_zips/1138_bus_entropyscore_forget_svd_aux_random_uniform_5_size_236_ssize_30_k_206_sr_4_reservoir_greedy_sampled.zip
[2026-04-16 21:42:50] synced 1138_bus_entropyscore_forget_svd_aux_random_uniform_5_size_236_ssize_30_k_206_sr_4_reservoir_greedy to /scratch/ttran02/output22/1138_bus_entropyscore_forget_svd_aux_random_uniform_5_size_236_ssize_30_k_206_sr_4_reservoir_greedy, zipped to /scratch/ttran02/output22_sampled_zips, and removed /home/ttran02/pj/computational-methods/output22/1138_bus_entropyscore_forget_svd_aux_random_uniform_5_size_236_ssize_30_k_206_sr_4_reservoir_greedy
[2026-04-16 21:42:51] zip created for 1138_bus_entropyscore_forget_svd_aux_random_uniform_5_size_311_ssize_226_k_85_sr_1_reservoir_greedy: 52 files -> /scratch/ttran02/output22_sampled_zips/1138_bus_entropyscore_forget_svd_aux_random_uniform_5_size_311_ssize_226_k_85_sr_1_reservoir_greedy_sampled.zip
[2026-04-16 21:42:51] synced 1138_bus_entropyscore_forget_svd_aux_random_uniform_5_size_311_ssize_226_k_85_sr_1_reservoir_greedy to /scratch/ttran02/output22/1138_bus_entropyscore_forget_svd_aux_random_uniform_5_size_311_ssize_226_k_85_sr_1_reservoir_greedy, zipped to /scratch/ttran02/output22_sampled_zips, and removed /home/ttran02/pj/computational-methods/output22/1138_bus_entropyscore_forget_svd_aux_random_uniform_5_size_311_ssize_226_k_85_sr_1_reservoir_greedy
[2026-04-16 21:42:51] zip created for 1138_bus_entropyscore_forget_svd_aux_random_uniform_5_size_32_ssize_30_k_2_sr_2_reservoir_greedy: 382 files -> /scratch/ttran02/output22_sampled_zips/1138_bus_entropyscore_forget_svd_aux_random_uniform_5_size_32_ssize_30_k_2_sr_2_reservoir_greedy_sampled.zip
[2026-04-16 21:42:52] synced 1138_bus_entropyscore_forget_svd_aux_random_uniform_5_size_32_ssize_30_k_2_sr_2_reservoir_greedy to /scratch/ttran02/output22/1138_bus_entropyscore_forget_svd_aux_random_uniform_5_size_32_ssize_30_k_2_sr_2_reservoir_greedy, zipped to /scratch/ttran02/output22_sampled_zips, and removed /home/ttran02/pj/computational-methods/output22/1138_bus_entropyscore_forget_svd_aux_random_uniform_5_size_32_ssize_30_k_2_sr_2_reservoir_greedy
[2026-04-16 21:42:52] zip created for 1138_bus_entropyscore_forget_svd_aux_random_uniform_5_size_432_ssize_226_k_206_sr_16_reservoir_greedy: 52 files -> /scratch/ttran02/output22_sampled_zips/1138_bus_entropyscore_forget_svd_aux_random_uniform_5_size_432_ssize_226_k_206_sr_16_reservoir_greedy_sampled.zip
[2026-04-16 21:42:52] synced 1138_bus_entropyscore_forget_svd_aux_random_uniform_5_size_432_ssize_226_k_206_sr_16_reservoir_greedy to /scratch/ttran02/output22/1138_bus_entropyscore_forget_svd_aux_random_uniform_5_size_432_ssize_226_k_206_sr_16_reservoir_greedy, zipped to /scratch/ttran02/output22_sampled_zips, and removed /home/ttran02/pj/computational-methods/output22/1138_bus_entropyscore_forget_svd_aux_random_uniform_5_size_432_ssize_226_k_206_sr_16_reservoir_greedy
[2026-04-16 21:42:53] zip created for 1138_bus_entropyscore_forget_svd_aux_random_uniform_5_size_432_ssize_226_k_206_sr_8_reservoir_greedy: 52 files -> /scratch/ttran02/output22_sampled_zips/1138_bus_entropyscore_forget_svd_aux_random_uniform_5_size_432_ssize_226_k_206_sr_8_reservoir_greedy_sampled.zip
[2026-04-16 21:42:53] synced 1138_bus_entropyscore_forget_svd_aux_random_uniform_5_size_432_ssize_226_k_206_sr_8_reservoir_greedy to /scratch/ttran02/output22/1138_bus_entropyscore_forget_svd_aux_random_uniform_5_size_432_ssize_226_k_206_sr_8_reservoir_greedy, zipped to /scratch/ttran02/output22_sampled_zips, and removed /home/ttran02/pj/computational-methods/output22/1138_bus_entropyscore_forget_svd_aux_random_uniform_5_size_432_ssize_226_k_206_sr_8_reservoir_greedy
[2026-04-16 21:42:53] candidate 1138_bus_entropyscore_forget_svd_aux_random_uniform_5_size_583_ssize_83_k_500_sr_4_reservoir_greedy matched end_idx=1138; monitoring for 60s of stability
[2026-04-16 21:42:53] zip created for 1138_bus_entropyscore_forget_svd_aux_random_uniform_5_size_65_ssize_30_k_35_sr_4_reservoir_greedy: 372 files -> /scratch/ttran02/output22_sampled_zips/1138_bus_entropyscore_forget_svd_aux_random_uniform_5_size_65_ssize_30_k_35_sr_4_reservoir_greedy_sampled.zip
[2026-04-16 21:42:54] synced 1138_bus_entropyscore_forget_svd_aux_random_uniform_5_size_65_ssize_30_k_35_sr_4_reservoir_greedy to /scratch/ttran02/output22/1138_bus_entropyscore_forget_svd_aux_random_uniform_5_size_65_ssize_30_k_35_sr_4_reservoir_greedy, zipped to /scratch/ttran02/output22_sampled_zips, and removed /home/ttran02/pj/computational-methods/output22/1138_bus_entropyscore_forget_svd_aux_random_uniform_5_size_65_ssize_30_k_35_sr_4_reservoir_greedy
[2026-04-16 21:42:55] zip created for 1138_bus_entropyscore_forget_svd_aux_random_uniform_5_size_726_ssize_226_k_500_sr_4_reservoir_greedy: 32 files -> /scratch/ttran02/output22_sampled_zips/1138_bus_entropyscore_forget_svd_aux_random_uniform_5_size_726_ssize_226_k_500_sr_4_reservoir_greedy_sampled.zip
[2026-04-16 21:42:55] synced 1138_bus_entropyscore_forget_svd_aux_random_uniform_5_size_726_ssize_226_k_500_sr_4_reservoir_greedy to /scratch/ttran02/output22/1138_bus_entropyscore_forget_svd_aux_random_uniform_5_size_726_ssize_226_k_500_sr_4_reservoir_greedy, zipped to /scratch/ttran02/output22_sampled_zips, and removed /home/ttran02/pj/computational-methods/output22/1138_bus_entropyscore_forget_svd_aux_random_uniform_5_size_726_ssize_226_k_500_sr_4_reservoir_greedy
[2026-04-16 21:42:55] zip created for 1138_bus_entropyscore_forget_svd_aux_random_uniform_5_size_84_ssize_83_k_1_sr_1_reservoir_greedy: 142 files -> /scratch/ttran02/output22_sampled_zips/1138_bus_entropyscore_forget_svd_aux_random_uniform_5_size_84_ssize_83_k_1_sr_1_reservoir_greedy_sampled.zip
[2026-04-16 21:42:55] synced 1138_bus_entropyscore_forget_svd_aux_random_uniform_5_size_84_ssize_83_k_1_sr_1_reservoir_greedy to /scratch/ttran02/output22/1138_bus_entropyscore_forget_svd_aux_random_uniform_5_size_84_ssize_83_k_1_sr_1_reservoir_greedy, zipped to /scratch/ttran02/output22_sampled_zips, and removed /home/ttran02/pj/computational-methods/output22/1138_bus_entropyscore_forget_svd_aux_random_uniform_5_size_84_ssize_83_k_1_sr_1_reservoir_greedy
[2026-04-16 21:42:56] zip created for 1138_bus_entropyscore_forget_svd_aux_random_uniform_5_size_89_ssize_83_k_6_sr_1_reservoir_greedy: 142 files -> /scratch/ttran02/output22_sampled_zips/1138_bus_entropyscore_forget_svd_aux_random_uniform_5_size_89_ssize_83_k_6_sr_1_reservoir_greedy_sampled.zip
[2026-04-16 21:42:56] synced 1138_bus_entropyscore_forget_svd_aux_random_uniform_5_size_89_ssize_83_k_6_sr_1_reservoir_greedy to /scratch/ttran02/output22/1138_bus_entropyscore_forget_svd_aux_random_uniform_5_size_89_ssize_83_k_6_sr_1_reservoir_greedy, zipped to /scratch/ttran02/output22_sampled_zips, and removed /home/ttran02/pj/computational-methods/output22/1138_bus_entropyscore_forget_svd_aux_random_uniform_5_size_89_ssize_83_k_6_sr_1_reservoir_greedy
[2026-04-16 21:42:57] zip created for 1138_bus_entropyscore_forget_svd_aux_random_uniform_5_size_96_ssize_11_k_85_sr_16_reservoir_greedy: 502 files -> /scratch/ttran02/output22_sampled_zips/1138_bus_entropyscore_forget_svd_aux_random_uniform_5_size_96_ssize_11_k_85_sr_16_reservoir_greedy_sampled.zip
[2026-04-16 21:42:58] synced 1138_bus_entropyscore_forget_svd_aux_random_uniform_5_size_96_ssize_11_k_85_sr_16_reservoir_greedy to /scratch/ttran02/output22/1138_bus_entropyscore_forget_svd_aux_random_uniform_5_size_96_ssize_11_k_85_sr_16_reservoir_greedy, zipped to /scratch/ttran02/output22_sampled_zips, and removed /home/ttran02/pj/computational-methods/output22/1138_bus_entropyscore_forget_svd_aux_random_uniform_5_size_96_ssize_11_k_85_sr_16_reservoir_greedy
[2026-04-16 21:42:58] zip created for 1138_bus_entropyscore_forget_svd_aux_random_uniform_5_size_97_ssize_83_k_14_sr_8_reservoir_greedy: 142 files -> /scratch/ttran02/output22_sampled_zips/1138_bus_entropyscore_forget_svd_aux_random_uniform_5_size_97_ssize_83_k_14_sr_8_reservoir_greedy_sampled.zip
[2026-04-16 21:42:58] synced 1138_bus_entropyscore_forget_svd_aux_random_uniform_5_size_97_ssize_83_k_14_sr_8_reservoir_greedy to /scratch/ttran02/output22/1138_bus_entropyscore_forget_svd_aux_random_uniform_5_size_97_ssize_83_k_14_sr_8_reservoir_greedy, zipped to /scratch/ttran02/output22_sampled_zips, and removed /home/ttran02/pj/computational-methods/output22/1138_bus_entropyscore_forget_svd_aux_random_uniform_5_size_97_ssize_83_k_14_sr_8_reservoir_greedy
[2026-04-16 21:42:58] zip created for 1138_bus_entropyscore_forget_svd_aux_random_uniform_size_118_ssize_83_k_35_sr_4_reservoir_greedy: 142 files -> /scratch/ttran02/output22_sampled_zips/1138_bus_entropyscore_forget_svd_aux_random_uniform_size_118_ssize_83_k_35_sr_4_reservoir_greedy_sampled.zip
[2026-04-16 21:42:58] synced 1138_bus_entropyscore_forget_svd_aux_random_uniform_size_118_ssize_83_k_35_sr_4_reservoir_greedy to /scratch/ttran02/output22/1138_bus_entropyscore_forget_svd_aux_random_uniform_size_118_ssize_83_k_35_sr_4_reservoir_greedy, zipped to /scratch/ttran02/output22_sampled_zips, and removed /home/ttran02/pj/computational-methods/output22/1138_bus_entropyscore_forget_svd_aux_random_uniform_size_118_ssize_83_k_35_sr_4_reservoir_greedy
[2026-04-16 21:42:59] zip created for 1138_bus_entropyscore_forget_svd_aux_random_uniform_size_227_ssize_226_k_1_sr_1_reservoir_greedy: 62 files -> /scratch/ttran02/output22_sampled_zips/1138_bus_entropyscore_forget_svd_aux_random_uniform_size_227_ssize_226_k_1_sr_1_reservoir_greedy_sampled.zip
[2026-04-16 21:42:59] synced 1138_bus_entropyscore_forget_svd_aux_random_uniform_size_227_ssize_226_k_1_sr_1_reservoir_greedy to /scratch/ttran02/output22/1138_bus_entropyscore_forget_svd_aux_random_uniform_size_227_ssize_226_k_1_sr_1_reservoir_greedy, zipped to /scratch/ttran02/output22_sampled_zips, and removed /home/ttran02/pj/computational-methods/output22/1138_bus_entropyscore_forget_svd_aux_random_uniform_size_227_ssize_226_k_1_sr_1_reservoir_greedy
[2026-04-16 21:42:59] zip created for 1138_bus_entropyscore_forget_svd_aux_random_uniform_size_311_ssize_226_k_85_sr_1_reservoir_greedy: 52 files -> /scratch/ttran02/output22_sampled_zips/1138_bus_entropyscore_forget_svd_aux_random_uniform_size_311_ssize_226_k_85_sr_1_reservoir_greedy_sampled.zip
[2026-04-16 21:42:59] synced 1138_bus_entropyscore_forget_svd_aux_random_uniform_size_311_ssize_226_k_85_sr_1_reservoir_greedy to /scratch/ttran02/output22/1138_bus_entropyscore_forget_svd_aux_random_uniform_size_311_ssize_226_k_85_sr_1_reservoir_greedy, zipped to /scratch/ttran02/output22_sampled_zips, and removed /home/ttran02/pj/computational-methods/output22/1138_bus_entropyscore_forget_svd_aux_random_uniform_size_311_ssize_226_k_85_sr_1_reservoir_greedy
[2026-04-16 21:43:00] zip created for 1138_bus_entropyscore_forget_svd_aux_random_uniform_size_32_ssize_30_k_2_sr_2_reservoir_greedy: 382 files -> /scratch/ttran02/output22_sampled_zips/1138_bus_entropyscore_forget_svd_aux_random_uniform_size_32_ssize_30_k_2_sr_2_reservoir_greedy_sampled.zip
[2026-04-16 21:43:00] synced 1138_bus_entropyscore_forget_svd_aux_random_uniform_size_32_ssize_30_k_2_sr_2_reservoir_greedy to /scratch/ttran02/output22/1138_bus_entropyscore_forget_svd_aux_random_uniform_size_32_ssize_30_k_2_sr_2_reservoir_greedy, zipped to /scratch/ttran02/output22_sampled_zips, and removed /home/ttran02/pj/computational-methods/output22/1138_bus_entropyscore_forget_svd_aux_random_uniform_size_32_ssize_30_k_2_sr_2_reservoir_greedy
[2026-04-16 21:43:00] zip created for 1138_bus_entropyscore_forget_svd_aux_random_uniform_size_432_ssize_226_k_206_sr_8_reservoir_greedy: 52 files -> /scratch/ttran02/output22_sampled_zips/1138_bus_entropyscore_forget_svd_aux_random_uniform_size_432_ssize_226_k_206_sr_8_reservoir_greedy_sampled.zip
[2026-04-16 21:43:00] synced 1138_bus_entropyscore_forget_svd_aux_random_uniform_size_432_ssize_226_k_206_sr_8_reservoir_greedy to /scratch/ttran02/output22/1138_bus_entropyscore_forget_svd_aux_random_uniform_size_432_ssize_226_k_206_sr_8_reservoir_greedy, zipped to /scratch/ttran02/output22_sampled_zips, and removed /home/ttran02/pj/computational-methods/output22/1138_bus_entropyscore_forget_svd_aux_random_uniform_size_432_ssize_226_k_206_sr_8_reservoir_greedy
[2026-04-16 21:43:00] candidate 1138_bus_entropyscore_forget_svd_aux_random_uniform_size_583_ssize_83_k_500_sr_4_reservoir_greedy matched end_idx=1138; monitoring for 60s of stability
[2026-04-16 21:43:00] candidate 1138_bus_entropyscore_forget_svd_aux_random_uniform_size_65_ssize_30_k_35_sr_12_reservoir_greedy matched end_idx=1138; monitoring for 60s of stability
[2026-04-16 21:43:01] zip created for 1138_bus_entropyscore_forget_svd_aux_random_uniform_size_65_ssize_30_k_35_sr_4_reservoir_greedy: 372 files -> /scratch/ttran02/output22_sampled_zips/1138_bus_entropyscore_forget_svd_aux_random_uniform_size_65_ssize_30_k_35_sr_4_reservoir_greedy_sampled.zip
[2026-04-16 21:43:01] synced 1138_bus_entropyscore_forget_svd_aux_random_uniform_size_65_ssize_30_k_35_sr_4_reservoir_greedy to /scratch/ttran02/output22/1138_bus_entropyscore_forget_svd_aux_random_uniform_size_65_ssize_30_k_35_sr_4_reservoir_greedy, zipped to /scratch/ttran02/output22_sampled_zips, and removed /home/ttran02/pj/computational-methods/output22/1138_bus_entropyscore_forget_svd_aux_random_uniform_size_65_ssize_30_k_35_sr_4_reservoir_greedy
[2026-04-16 21:43:03] zip created for 1138_bus_entropyscore_forget_svd_aux_random_uniform_size_726_ssize_226_k_500_sr_4_reservoir_greedy: 32 files -> /scratch/ttran02/output22_sampled_zips/1138_bus_entropyscore_forget_svd_aux_random_uniform_size_726_ssize_226_k_500_sr_4_reservoir_greedy_sampled.zip
[2026-04-16 21:43:03] synced 1138_bus_entropyscore_forget_svd_aux_random_uniform_size_726_ssize_226_k_500_sr_4_reservoir_greedy to /scratch/ttran02/output22/1138_bus_entropyscore_forget_svd_aux_random_uniform_size_726_ssize_226_k_500_sr_4_reservoir_greedy, zipped to /scratch/ttran02/output22_sampled_zips, and removed /home/ttran02/pj/computational-methods/output22/1138_bus_entropyscore_forget_svd_aux_random_uniform_size_726_ssize_226_k_500_sr_4_reservoir_greedy
[2026-04-16 21:43:03] zip created for 1138_bus_entropyscore_forget_svd_aux_random_uniform_size_84_ssize_83_k_1_sr_1_reservoir_greedy: 142 files -> /scratch/ttran02/output22_sampled_zips/1138_bus_entropyscore_forget_svd_aux_random_uniform_size_84_ssize_83_k_1_sr_1_reservoir_greedy_sampled.zip
[2026-04-16 21:43:04] synced 1138_bus_entropyscore_forget_svd_aux_random_uniform_size_84_ssize_83_k_1_sr_1_reservoir_greedy to /scratch/ttran02/output22/1138_bus_entropyscore_forget_svd_aux_random_uniform_size_84_ssize_83_k_1_sr_1_reservoir_greedy, zipped to /scratch/ttran02/output22_sampled_zips, and removed /home/ttran02/pj/computational-methods/output22/1138_bus_entropyscore_forget_svd_aux_random_uniform_size_84_ssize_83_k_1_sr_1_reservoir_greedy
[2026-04-16 21:43:04] zip created for 1138_bus_entropyscore_forget_svd_aux_random_uniform_size_89_ssize_83_k_6_sr_1_reservoir_greedy: 142 files -> /scratch/ttran02/output22_sampled_zips/1138_bus_entropyscore_forget_svd_aux_random_uniform_size_89_ssize_83_k_6_sr_1_reservoir_greedy_sampled.zip
[2026-04-16 21:43:04] synced 1138_bus_entropyscore_forget_svd_aux_random_uniform_size_89_ssize_83_k_6_sr_1_reservoir_greedy to /scratch/ttran02/output22/1138_bus_entropyscore_forget_svd_aux_random_uniform_size_89_ssize_83_k_6_sr_1_reservoir_greedy, zipped to /scratch/ttran02/output22_sampled_zips, and removed /home/ttran02/pj/computational-methods/output22/1138_bus_entropyscore_forget_svd_aux_random_uniform_size_89_ssize_83_k_6_sr_1_reservoir_greedy
[2026-04-16 21:43:04] zip created for 1138_bus_entropyscore_forget_svd_aux_random_uniform_size_97_ssize_83_k_14_sr_8_reservoir_greedy: 142 files -> /scratch/ttran02/output22_sampled_zips/1138_bus_entropyscore_forget_svd_aux_random_uniform_size_97_ssize_83_k_14_sr_8_reservoir_greedy_sampled.zip
[2026-04-16 21:43:04] synced 1138_bus_entropyscore_forget_svd_aux_random_uniform_size_97_ssize_83_k_14_sr_8_reservoir_greedy to /scratch/ttran02/output22/1138_bus_entropyscore_forget_svd_aux_random_uniform_size_97_ssize_83_k_14_sr_8_reservoir_greedy, zipped to /scratch/ttran02/output22_sampled_zips, and removed /home/ttran02/pj/computational-methods/output22/1138_bus_entropyscore_forget_svd_aux_random_uniform_size_97_ssize_83_k_14_sr_8_reservoir_greedy
[2026-04-16 21:44:04] candidate 1138_bus_entropyscore_forget_svd_aux_random_uniform_2_size_240_ssize_226_k_14_sr_1_reservoir_greedy matched end_idx=1138; monitoring for 60s of stability
[2026-04-16 21:44:08] zip created for 1138_bus_entropyscore_forget_svd_aux_random_uniform_2_size_583_ssize_83_k_500_sr_4_reservoir_greedy: 82 files -> /scratch/ttran02/output22_sampled_zips/1138_bus_entropyscore_forget_svd_aux_random_uniform_2_size_583_ssize_83_k_500_sr_4_reservoir_greedy_sampled.zip
[2026-04-16 21:44:08] synced 1138_bus_entropyscore_forget_svd_aux_random_uniform_2_size_583_ssize_83_k_500_sr_4_reservoir_greedy to /scratch/ttran02/output22/1138_bus_entropyscore_forget_svd_aux_random_uniform_2_size_583_ssize_83_k_500_sr_4_reservoir_greedy, zipped to /scratch/ttran02/output22_sampled_zips, and removed /home/ttran02/pj/computational-methods/output22/1138_bus_entropyscore_forget_svd_aux_random_uniform_2_size_583_ssize_83_k_500_sr_4_reservoir_greedy
[2026-04-16 21:44:09] zip created for 1138_bus_entropyscore_forget_svd_aux_random_uniform_2_size_65_ssize_30_k_35_sr_12_reservoir_greedy: 372 files -> /scratch/ttran02/output22_sampled_zips/1138_bus_entropyscore_forget_svd_aux_random_uniform_2_size_65_ssize_30_k_35_sr_12_reservoir_greedy_sampled.zip
[2026-04-16 21:44:09] synced 1138_bus_entropyscore_forget_svd_aux_random_uniform_2_size_65_ssize_30_k_35_sr_12_reservoir_greedy to /scratch/ttran02/output22/1138_bus_entropyscore_forget_svd_aux_random_uniform_2_size_65_ssize_30_k_35_sr_12_reservoir_greedy, zipped to /scratch/ttran02/output22_sampled_zips, and removed /home/ttran02/pj/computational-methods/output22/1138_bus_entropyscore_forget_svd_aux_random_uniform_2_size_65_ssize_30_k_35_sr_12_reservoir_greedy
[2026-04-16 21:44:12] zip created for 1138_bus_entropyscore_forget_svd_aux_random_uniform_3_size_583_ssize_83_k_500_sr_4_reservoir_greedy: 82 files -> /scratch/ttran02/output22_sampled_zips/1138_bus_entropyscore_forget_svd_aux_random_uniform_3_size_583_ssize_83_k_500_sr_4_reservoir_greedy_sampled.zip
[2026-04-16 21:44:12] synced 1138_bus_entropyscore_forget_svd_aux_random_uniform_3_size_583_ssize_83_k_500_sr_4_reservoir_greedy to /scratch/ttran02/output22/1138_bus_entropyscore_forget_svd_aux_random_uniform_3_size_583_ssize_83_k_500_sr_4_reservoir_greedy, zipped to /scratch/ttran02/output22_sampled_zips, and removed /home/ttran02/pj/computational-methods/output22/1138_bus_entropyscore_forget_svd_aux_random_uniform_3_size_583_ssize_83_k_500_sr_4_reservoir_greedy
[2026-04-16 21:44:13] zip created for 1138_bus_entropyscore_forget_svd_aux_random_uniform_3_size_65_ssize_30_k_35_sr_12_reservoir_greedy: 372 files -> /scratch/ttran02/output22_sampled_zips/1138_bus_entropyscore_forget_svd_aux_random_uniform_3_size_65_ssize_30_k_35_sr_12_reservoir_greedy_sampled.zip
[2026-04-16 21:44:13] synced 1138_bus_entropyscore_forget_svd_aux_random_uniform_3_size_65_ssize_30_k_35_sr_12_reservoir_greedy to /scratch/ttran02/output22/1138_bus_entropyscore_forget_svd_aux_random_uniform_3_size_65_ssize_30_k_35_sr_12_reservoir_greedy, zipped to /scratch/ttran02/output22_sampled_zips, and removed /home/ttran02/pj/computational-methods/output22/1138_bus_entropyscore_forget_svd_aux_random_uniform_3_size_65_ssize_30_k_35_sr_12_reservoir_greedy
[2026-04-16 21:44:17] zip created for 1138_bus_entropyscore_forget_svd_aux_random_uniform_4_size_583_ssize_83_k_500_sr_4_reservoir_greedy: 82 files -> /scratch/ttran02/output22_sampled_zips/1138_bus_entropyscore_forget_svd_aux_random_uniform_4_size_583_ssize_83_k_500_sr_4_reservoir_greedy_sampled.zip
[2026-04-16 21:44:17] synced 1138_bus_entropyscore_forget_svd_aux_random_uniform_4_size_583_ssize_83_k_500_sr_4_reservoir_greedy to /scratch/ttran02/output22/1138_bus_entropyscore_forget_svd_aux_random_uniform_4_size_583_ssize_83_k_500_sr_4_reservoir_greedy, zipped to /scratch/ttran02/output22_sampled_zips, and removed /home/ttran02/pj/computational-methods/output22/1138_bus_entropyscore_forget_svd_aux_random_uniform_4_size_583_ssize_83_k_500_sr_4_reservoir_greedy
[2026-04-16 21:44:17] candidate 1138_bus_entropyscore_forget_svd_aux_random_uniform_4_size_65_ssize_30_k_35_sr_12_reservoir_greedy matched end_idx=1138; monitoring for 60s of stability
[2026-04-16 21:44:20] zip created for 1138_bus_entropyscore_forget_svd_aux_random_uniform_5_size_583_ssize_83_k_500_sr_4_reservoir_greedy: 82 files -> /scratch/ttran02/output22_sampled_zips/1138_bus_entropyscore_forget_svd_aux_random_uniform_5_size_583_ssize_83_k_500_sr_4_reservoir_greedy_sampled.zip
[2026-04-16 21:44:20] synced 1138_bus_entropyscore_forget_svd_aux_random_uniform_5_size_583_ssize_83_k_500_sr_4_reservoir_greedy to /scratch/ttran02/output22/1138_bus_entropyscore_forget_svd_aux_random_uniform_5_size_583_ssize_83_k_500_sr_4_reservoir_greedy, zipped to /scratch/ttran02/output22_sampled_zips, and removed /home/ttran02/pj/computational-methods/output22/1138_bus_entropyscore_forget_svd_aux_random_uniform_5_size_583_ssize_83_k_500_sr_4_reservoir_greedy
[2026-04-16 21:44:20] candidate 1138_bus_entropyscore_forget_svd_aux_random_uniform_size_240_ssize_226_k_14_sr_1_reservoir_greedy matched end_idx=1138; monitoring for 60s of stability
[2026-04-16 21:44:23] zip created for 1138_bus_entropyscore_forget_svd_aux_random_uniform_size_583_ssize_83_k_500_sr_4_reservoir_greedy: 82 files -> /scratch/ttran02/output22_sampled_zips/1138_bus_entropyscore_forget_svd_aux_random_uniform_size_583_ssize_83_k_500_sr_4_reservoir_greedy_sampled.zip
[2026-04-16 21:44:24] synced 1138_bus_entropyscore_forget_svd_aux_random_uniform_size_583_ssize_83_k_500_sr_4_reservoir_greedy to /scratch/ttran02/output22/1138_bus_entropyscore_forget_svd_aux_random_uniform_size_583_ssize_83_k_500_sr_4_reservoir_greedy, zipped to /scratch/ttran02/output22_sampled_zips, and removed /home/ttran02/pj/computational-methods/output22/1138_bus_entropyscore_forget_svd_aux_random_uniform_size_583_ssize_83_k_500_sr_4_reservoir_greedy
[2026-04-16 21:44:24] zip created for 1138_bus_entropyscore_forget_svd_aux_random_uniform_size_65_ssize_30_k_35_sr_12_reservoir_greedy: 372 files -> /scratch/ttran02/output22_sampled_zips/1138_bus_entropyscore_forget_svd_aux_random_uniform_size_65_ssize_30_k_35_sr_12_reservoir_greedy_sampled.zip
[2026-04-16 21:44:25] synced 1138_bus_entropyscore_forget_svd_aux_random_uniform_size_65_ssize_30_k_35_sr_12_reservoir_greedy to /scratch/ttran02/output22/1138_bus_entropyscore_forget_svd_aux_random_uniform_size_65_ssize_30_k_35_sr_12_reservoir_greedy, zipped to /scratch/ttran02/output22_sampled_zips, and removed /home/ttran02/pj/computational-methods/output22/1138_bus_entropyscore_forget_svd_aux_random_uniform_size_65_ssize_30_k_35_sr_12_reservoir_greedy
[2026-04-16 21:45:25] zip created for 1138_bus_entropyscore_forget_svd_aux_random_uniform_2_size_240_ssize_226_k_14_sr_1_reservoir_greedy: 52 files -> /scratch/ttran02/output22_sampled_zips/1138_bus_entropyscore_forget_svd_aux_random_uniform_2_size_240_ssize_226_k_14_sr_1_reservoir_greedy_sampled.zip
[2026-04-16 21:45:25] synced 1138_bus_entropyscore_forget_svd_aux_random_uniform_2_size_240_ssize_226_k_14_sr_1_reservoir_greedy to /scratch/ttran02/output22/1138_bus_entropyscore_forget_svd_aux_random_uniform_2_size_240_ssize_226_k_14_sr_1_reservoir_greedy, zipped to /scratch/ttran02/output22_sampled_zips, and removed /home/ttran02/pj/computational-methods/output22/1138_bus_entropyscore_forget_svd_aux_random_uniform_2_size_240_ssize_226_k_14_sr_1_reservoir_greedy
[2026-04-16 21:45:25] candidate 1138_bus_entropyscore_forget_svd_aux_random_uniform_3_size_240_ssize_226_k_14_sr_1_reservoir_greedy matched end_idx=1138; monitoring for 60s of stability
[2026-04-16 21:45:25] candidate 1138_bus_entropyscore_forget_svd_aux_random_uniform_4_size_240_ssize_226_k_14_sr_1_reservoir_greedy matched end_idx=1138; monitoring for 60s of stability
[2026-04-16 21:45:25] zip created for 1138_bus_entropyscore_forget_svd_aux_random_uniform_4_size_65_ssize_30_k_35_sr_12_reservoir_greedy: 372 files -> /scratch/ttran02/output22_sampled_zips/1138_bus_entropyscore_forget_svd_aux_random_uniform_4_size_65_ssize_30_k_35_sr_12_reservoir_greedy_sampled.zip
[2026-04-16 21:45:26] synced 1138_bus_entropyscore_forget_svd_aux_random_uniform_4_size_65_ssize_30_k_35_sr_12_reservoir_greedy to /scratch/ttran02/output22/1138_bus_entropyscore_forget_svd_aux_random_uniform_4_size_65_ssize_30_k_35_sr_12_reservoir_greedy, zipped to /scratch/ttran02/output22_sampled_zips, and removed /home/ttran02/pj/computational-methods/output22/1138_bus_entropyscore_forget_svd_aux_random_uniform_4_size_65_ssize_30_k_35_sr_12_reservoir_greedy
[2026-04-16 21:45:26] candidate 1138_bus_entropyscore_forget_svd_aux_random_uniform_5_size_240_ssize_226_k_14_sr_1_reservoir_greedy matched end_idx=1138; monitoring for 60s of stability
[2026-04-16 21:45:26] candidate 1138_bus_entropyscore_forget_svd_aux_random_uniform_5_size_65_ssize_30_k_35_sr_12_reservoir_greedy matched end_idx=1138; monitoring for 60s of stability
[2026-04-16 21:45:26] zip created for 1138_bus_entropyscore_forget_svd_aux_random_uniform_size_240_ssize_226_k_14_sr_1_reservoir_greedy: 52 files -> /scratch/ttran02/output22_sampled_zips/1138_bus_entropyscore_forget_svd_aux_random_uniform_size_240_ssize_226_k_14_sr_1_reservoir_greedy_sampled.zip
[2026-04-16 21:45:26] synced 1138_bus_entropyscore_forget_svd_aux_random_uniform_size_240_ssize_226_k_14_sr_1_reservoir_greedy to /scratch/ttran02/output22/1138_bus_entropyscore_forget_svd_aux_random_uniform_size_240_ssize_226_k_14_sr_1_reservoir_greedy, zipped to /scratch/ttran02/output22_sampled_zips, and removed /home/ttran02/pj/computational-methods/output22/1138_bus_entropyscore_forget_svd_aux_random_uniform_size_240_ssize_226_k_14_sr_1_reservoir_greedy
[2026-04-16 21:46:26] zip created for 1138_bus_entropyscore_forget_svd_aux_random_uniform_3_size_240_ssize_226_k_14_sr_1_reservoir_greedy: 52 files -> /scratch/ttran02/output22_sampled_zips/1138_bus_entropyscore_forget_svd_aux_random_uniform_3_size_240_ssize_226_k_14_sr_1_reservoir_greedy_sampled.zip
[2026-04-16 21:46:26] synced 1138_bus_entropyscore_forget_svd_aux_random_uniform_3_size_240_ssize_226_k_14_sr_1_reservoir_greedy to /scratch/ttran02/output22/1138_bus_entropyscore_forget_svd_aux_random_uniform_3_size_240_ssize_226_k_14_sr_1_reservoir_greedy, zipped to /scratch/ttran02/output22_sampled_zips, and removed /home/ttran02/pj/computational-methods/output22/1138_bus_entropyscore_forget_svd_aux_random_uniform_3_size_240_ssize_226_k_14_sr_1_reservoir_greedy
[2026-04-16 21:46:26] zip created for 1138_bus_entropyscore_forget_svd_aux_random_uniform_4_size_240_ssize_226_k_14_sr_1_reservoir_greedy: 52 files -> /scratch/ttran02/output22_sampled_zips/1138_bus_entropyscore_forget_svd_aux_random_uniform_4_size_240_ssize_226_k_14_sr_1_reservoir_greedy_sampled.zip
[2026-04-16 21:46:27] synced 1138_bus_entropyscore_forget_svd_aux_random_uniform_4_size_240_ssize_226_k_14_sr_1_reservoir_greedy to /scratch/ttran02/output22/1138_bus_entropyscore_forget_svd_aux_random_uniform_4_size_240_ssize_226_k_14_sr_1_reservoir_greedy, zipped to /scratch/ttran02/output22_sampled_zips, and removed /home/ttran02/pj/computational-methods/output22/1138_bus_entropyscore_forget_svd_aux_random_uniform_4_size_240_ssize_226_k_14_sr_1_reservoir_greedy
[2026-04-16 21:46:27] zip created for 1138_bus_entropyscore_forget_svd_aux_random_uniform_5_size_240_ssize_226_k_14_sr_1_reservoir_greedy: 52 files -> /scratch/ttran02/output22_sampled_zips/1138_bus_entropyscore_forget_svd_aux_random_uniform_5_size_240_ssize_226_k_14_sr_1_reservoir_greedy_sampled.zip
[2026-04-16 21:46:27] synced 1138_bus_entropyscore_forget_svd_aux_random_uniform_5_size_240_ssize_226_k_14_sr_1_reservoir_greedy to /scratch/ttran02/output22/1138_bus_entropyscore_forget_svd_aux_random_uniform_5_size_240_ssize_226_k_14_sr_1_reservoir_greedy, zipped to /scratch/ttran02/output22_sampled_zips, and removed /home/ttran02/pj/computational-methods/output22/1138_bus_entropyscore_forget_svd_aux_random_uniform_5_size_240_ssize_226_k_14_sr_1_reservoir_greedy
[2026-04-16 21:46:27] zip created for 1138_bus_entropyscore_forget_svd_aux_random_uniform_5_size_65_ssize_30_k_35_sr_12_reservoir_greedy: 372 files -> /scratch/ttran02/output22_sampled_zips/1138_bus_entropyscore_forget_svd_aux_random_uniform_5_size_65_ssize_30_k_35_sr_12_reservoir_greedy_sampled.zip
[2026-04-16 21:46:28] synced 1138_bus_entropyscore_forget_svd_aux_random_uniform_5_size_65_ssize_30_k_35_sr_12_reservoir_greedy to /scratch/ttran02/output22/1138_bus_entropyscore_forget_svd_aux_random_uniform_5_size_65_ssize_30_k_35_sr_12_reservoir_greedy, zipped to /scratch/ttran02/output22_sampled_zips, and removed /home/ttran02/pj/computational-methods/output22/1138_bus_entropyscore_forget_svd_aux_random_uniform_5_size_65_ssize_30_k_35_sr_12_reservoir_greedy
[2026-04-16 21:48:28] candidate 1138_bus_entropyscore_forget_svd_aux_random_uniform_2_size_261_ssize_226_k_35_sr_8_reservoir_greedy matched end_idx=1138; monitoring for 60s of stability
[2026-04-16 21:48:28] candidate 1138_bus_entropyscore_forget_svd_aux_random_uniform_3_size_261_ssize_226_k_35_sr_8_reservoir_greedy matched end_idx=1138; monitoring for 60s of stability
[2026-04-16 21:48:28] candidate 1138_bus_entropyscore_forget_svd_aux_random_uniform_4_size_261_ssize_226_k_35_sr_8_reservoir_greedy matched end_idx=1138; monitoring for 60s of stability
[2026-04-16 21:48:28] candidate 1138_bus_entropyscore_forget_svd_aux_random_uniform_5_size_261_ssize_226_k_35_sr_8_reservoir_greedy matched end_idx=1138; monitoring for 60s of stability
[2026-04-16 21:48:28] candidate 1138_bus_entropyscore_forget_svd_aux_random_uniform_size_118_ssize_83_k_35_sr_2_reservoir_greedy matched end_idx=1138; monitoring for 60s of stability
[2026-04-16 21:48:28] candidate 1138_bus_entropyscore_forget_svd_aux_random_uniform_size_261_ssize_226_k_35_sr_8_reservoir_greedy matched end_idx=1138; monitoring for 60s of stability
[2026-04-16 21:49:28] candidate 1138_bus_entropyscore_forget_svd_aux_random_uniform_2_size_118_ssize_83_k_35_sr_2_reservoir_greedy matched end_idx=1138; monitoring for 60s of stability
[2026-04-16 21:49:28] zip created for 1138_bus_entropyscore_forget_svd_aux_random_uniform_2_size_261_ssize_226_k_35_sr_8_reservoir_greedy: 52 files -> /scratch/ttran02/output22_sampled_zips/1138_bus_entropyscore_forget_svd_aux_random_uniform_2_size_261_ssize_226_k_35_sr_8_reservoir_greedy_sampled.zip
[2026-04-16 21:49:28] synced 1138_bus_entropyscore_forget_svd_aux_random_uniform_2_size_261_ssize_226_k_35_sr_8_reservoir_greedy to /scratch/ttran02/output22/1138_bus_entropyscore_forget_svd_aux_random_uniform_2_size_261_ssize_226_k_35_sr_8_reservoir_greedy, zipped to /scratch/ttran02/output22_sampled_zips, and removed /home/ttran02/pj/computational-methods/output22/1138_bus_entropyscore_forget_svd_aux_random_uniform_2_size_261_ssize_226_k_35_sr_8_reservoir_greedy
[2026-04-16 21:49:28] candidate 1138_bus_entropyscore_forget_svd_aux_random_uniform_3_size_118_ssize_83_k_35_sr_2_reservoir_greedy matched end_idx=1138; monitoring for 60s of stability
[2026-04-16 21:49:28] zip created for 1138_bus_entropyscore_forget_svd_aux_random_uniform_3_size_261_ssize_226_k_35_sr_8_reservoir_greedy: 52 files -> /scratch/ttran02/output22_sampled_zips/1138_bus_entropyscore_forget_svd_aux_random_uniform_3_size_261_ssize_226_k_35_sr_8_reservoir_greedy_sampled.zip
[2026-04-16 21:49:28] synced 1138_bus_entropyscore_forget_svd_aux_random_uniform_3_size_261_ssize_226_k_35_sr_8_reservoir_greedy to /scratch/ttran02/output22/1138_bus_entropyscore_forget_svd_aux_random_uniform_3_size_261_ssize_226_k_35_sr_8_reservoir_greedy, zipped to /scratch/ttran02/output22_sampled_zips, and removed /home/ttran02/pj/computational-methods/output22/1138_bus_entropyscore_forget_svd_aux_random_uniform_3_size_261_ssize_226_k_35_sr_8_reservoir_greedy
[2026-04-16 21:49:28] candidate 1138_bus_entropyscore_forget_svd_aux_random_uniform_4_size_118_ssize_83_k_35_sr_2_reservoir_greedy matched end_idx=1138; monitoring for 60s of stability
[2026-04-16 21:49:29] zip created for 1138_bus_entropyscore_forget_svd_aux_random_uniform_4_size_261_ssize_226_k_35_sr_8_reservoir_greedy: 52 files -> /scratch/ttran02/output22_sampled_zips/1138_bus_entropyscore_forget_svd_aux_random_uniform_4_size_261_ssize_226_k_35_sr_8_reservoir_greedy_sampled.zip
[2026-04-16 21:49:29] synced 1138_bus_entropyscore_forget_svd_aux_random_uniform_4_size_261_ssize_226_k_35_sr_8_reservoir_greedy to /scratch/ttran02/output22/1138_bus_entropyscore_forget_svd_aux_random_uniform_4_size_261_ssize_226_k_35_sr_8_reservoir_greedy, zipped to /scratch/ttran02/output22_sampled_zips, and removed /home/ttran02/pj/computational-methods/output22/1138_bus_entropyscore_forget_svd_aux_random_uniform_4_size_261_ssize_226_k_35_sr_8_reservoir_greedy
[2026-04-16 21:49:29] candidate 1138_bus_entropyscore_forget_svd_aux_random_uniform_5_size_118_ssize_83_k_35_sr_2_reservoir_greedy matched end_idx=1138; monitoring for 60s of stability
[2026-04-16 21:49:29] zip created for 1138_bus_entropyscore_forget_svd_aux_random_uniform_5_size_261_ssize_226_k_35_sr_8_reservoir_greedy: 52 files -> /scratch/ttran02/output22_sampled_zips/1138_bus_entropyscore_forget_svd_aux_random_uniform_5_size_261_ssize_226_k_35_sr_8_reservoir_greedy_sampled.zip
[2026-04-16 21:49:29] synced 1138_bus_entropyscore_forget_svd_aux_random_uniform_5_size_261_ssize_226_k_35_sr_8_reservoir_greedy to /scratch/ttran02/output22/1138_bus_entropyscore_forget_svd_aux_random_uniform_5_size_261_ssize_226_k_35_sr_8_reservoir_greedy, zipped to /scratch/ttran02/output22_sampled_zips, and removed /home/ttran02/pj/computational-methods/output22/1138_bus_entropyscore_forget_svd_aux_random_uniform_5_size_261_ssize_226_k_35_sr_8_reservoir_greedy
[2026-04-16 21:49:29] zip created for 1138_bus_entropyscore_forget_svd_aux_random_uniform_size_118_ssize_83_k_35_sr_2_reservoir_greedy: 142 files -> /scratch/ttran02/output22_sampled_zips/1138_bus_entropyscore_forget_svd_aux_random_uniform_size_118_ssize_83_k_35_sr_2_reservoir_greedy_sampled.zip
[2026-04-16 21:49:29] synced 1138_bus_entropyscore_forget_svd_aux_random_uniform_size_118_ssize_83_k_35_sr_2_reservoir_greedy to /scratch/ttran02/output22/1138_bus_entropyscore_forget_svd_aux_random_uniform_size_118_ssize_83_k_35_sr_2_reservoir_greedy, zipped to /scratch/ttran02/output22_sampled_zips, and removed /home/ttran02/pj/computational-methods/output22/1138_bus_entropyscore_forget_svd_aux_random_uniform_size_118_ssize_83_k_35_sr_2_reservoir_greedy
[2026-04-16 21:49:30] zip created for 1138_bus_entropyscore_forget_svd_aux_random_uniform_size_261_ssize_226_k_35_sr_8_reservoir_greedy: 52 files -> /scratch/ttran02/output22_sampled_zips/1138_bus_entropyscore_forget_svd_aux_random_uniform_size_261_ssize_226_k_35_sr_8_reservoir_greedy_sampled.zip
[2026-04-16 21:49:30] synced 1138_bus_entropyscore_forget_svd_aux_random_uniform_size_261_ssize_226_k_35_sr_8_reservoir_greedy to /scratch/ttran02/output22/1138_bus_entropyscore_forget_svd_aux_random_uniform_size_261_ssize_226_k_35_sr_8_reservoir_greedy, zipped to /scratch/ttran02/output22_sampled_zips, and removed /home/ttran02/pj/computational-methods/output22/1138_bus_entropyscore_forget_svd_aux_random_uniform_size_261_ssize_226_k_35_sr_8_reservoir_greedy
[2026-04-16 21:50:30] zip created for 1138_bus_entropyscore_forget_svd_aux_random_uniform_2_size_118_ssize_83_k_35_sr_2_reservoir_greedy: 142 files -> /scratch/ttran02/output22_sampled_zips/1138_bus_entropyscore_forget_svd_aux_random_uniform_2_size_118_ssize_83_k_35_sr_2_reservoir_greedy_sampled.zip
[2026-04-16 21:50:30] synced 1138_bus_entropyscore_forget_svd_aux_random_uniform_2_size_118_ssize_83_k_35_sr_2_reservoir_greedy to /scratch/ttran02/output22/1138_bus_entropyscore_forget_svd_aux_random_uniform_2_size_118_ssize_83_k_35_sr_2_reservoir_greedy, zipped to /scratch/ttran02/output22_sampled_zips, and removed /home/ttran02/pj/computational-methods/output22/1138_bus_entropyscore_forget_svd_aux_random_uniform_2_size_118_ssize_83_k_35_sr_2_reservoir_greedy
[2026-04-16 21:50:30] zip created for 1138_bus_entropyscore_forget_svd_aux_random_uniform_3_size_118_ssize_83_k_35_sr_2_reservoir_greedy: 142 files -> /scratch/ttran02/output22_sampled_zips/1138_bus_entropyscore_forget_svd_aux_random_uniform_3_size_118_ssize_83_k_35_sr_2_reservoir_greedy_sampled.zip
[2026-04-16 21:50:31] synced 1138_bus_entropyscore_forget_svd_aux_random_uniform_3_size_118_ssize_83_k_35_sr_2_reservoir_greedy to /scratch/ttran02/output22/1138_bus_entropyscore_forget_svd_aux_random_uniform_3_size_118_ssize_83_k_35_sr_2_reservoir_greedy, zipped to /scratch/ttran02/output22_sampled_zips, and removed /home/ttran02/pj/computational-methods/output22/1138_bus_entropyscore_forget_svd_aux_random_uniform_3_size_118_ssize_83_k_35_sr_2_reservoir_greedy
[2026-04-16 21:50:31] zip created for 1138_bus_entropyscore_forget_svd_aux_random_uniform_4_size_118_ssize_83_k_35_sr_2_reservoir_greedy: 142 files -> /scratch/ttran02/output22_sampled_zips/1138_bus_entropyscore_forget_svd_aux_random_uniform_4_size_118_ssize_83_k_35_sr_2_reservoir_greedy_sampled.zip
[2026-04-16 21:50:31] synced 1138_bus_entropyscore_forget_svd_aux_random_uniform_4_size_118_ssize_83_k_35_sr_2_reservoir_greedy to /scratch/ttran02/output22/1138_bus_entropyscore_forget_svd_aux_random_uniform_4_size_118_ssize_83_k_35_sr_2_reservoir_greedy, zipped to /scratch/ttran02/output22_sampled_zips, and removed /home/ttran02/pj/computational-methods/output22/1138_bus_entropyscore_forget_svd_aux_random_uniform_4_size_118_ssize_83_k_35_sr_2_reservoir_greedy
[2026-04-16 21:50:31] zip created for 1138_bus_entropyscore_forget_svd_aux_random_uniform_5_size_118_ssize_83_k_35_sr_2_reservoir_greedy: 142 files -> /scratch/ttran02/output22_sampled_zips/1138_bus_entropyscore_forget_svd_aux_random_uniform_5_size_118_ssize_83_k_35_sr_2_reservoir_greedy_sampled.zip
[2026-04-16 21:50:32] synced 1138_bus_entropyscore_forget_svd_aux_random_uniform_5_size_118_ssize_83_k_35_sr_2_reservoir_greedy to /scratch/ttran02/output22/1138_bus_entropyscore_forget_svd_aux_random_uniform_5_size_118_ssize_83_k_35_sr_2_reservoir_greedy, zipped to /scratch/ttran02/output22_sampled_zips, and removed /home/ttran02/pj/computational-methods/output22/1138_bus_entropyscore_forget_svd_aux_random_uniform_5_size_118_ssize_83_k_35_sr_2_reservoir_greedy
[2026-04-16 21:53:32] candidate 1138_bus_entropyscore_forget_svd_aux_random_uniform_size_583_ssize_83_k_500_sr_12_reservoir_greedy matched end_idx=1138; monitoring for 60s of stability
[2026-04-16 21:54:32] candidate 1138_bus_entropyscore_forget_svd_aux_random_uniform_2_size_583_ssize_83_k_500_sr_12_reservoir_greedy matched end_idx=1138; monitoring for 60s of stability
[2026-04-16 21:54:32] candidate 1138_bus_entropyscore_forget_svd_aux_random_uniform_3_size_583_ssize_83_k_500_sr_12_reservoir_greedy matched end_idx=1138; monitoring for 60s of stability
[2026-04-16 21:54:35] zip created for 1138_bus_entropyscore_forget_svd_aux_random_uniform_size_583_ssize_83_k_500_sr_12_reservoir_greedy: 82 files -> /scratch/ttran02/output22_sampled_zips/1138_bus_entropyscore_forget_svd_aux_random_uniform_size_583_ssize_83_k_500_sr_12_reservoir_greedy_sampled.zip
[2026-04-16 21:54:35] synced 1138_bus_entropyscore_forget_svd_aux_random_uniform_size_583_ssize_83_k_500_sr_12_reservoir_greedy to /scratch/ttran02/output22/1138_bus_entropyscore_forget_svd_aux_random_uniform_size_583_ssize_83_k_500_sr_12_reservoir_greedy, zipped to /scratch/ttran02/output22_sampled_zips, and removed /home/ttran02/pj/computational-methods/output22/1138_bus_entropyscore_forget_svd_aux_random_uniform_size_583_ssize_83_k_500_sr_12_reservoir_greedy
[2026-04-16 21:55:39] zip created for 1138_bus_entropyscore_forget_svd_aux_random_uniform_2_size_583_ssize_83_k_500_sr_12_reservoir_greedy: 82 files -> /scratch/ttran02/output22_sampled_zips/1138_bus_entropyscore_forget_svd_aux_random_uniform_2_size_583_ssize_83_k_500_sr_12_reservoir_greedy_sampled.zip
[2026-04-16 21:55:39] synced 1138_bus_entropyscore_forget_svd_aux_random_uniform_2_size_583_ssize_83_k_500_sr_12_reservoir_greedy to /scratch/ttran02/output22/1138_bus_entropyscore_forget_svd_aux_random_uniform_2_size_583_ssize_83_k_500_sr_12_reservoir_greedy, zipped to /scratch/ttran02/output22_sampled_zips, and removed /home/ttran02/pj/computational-methods/output22/1138_bus_entropyscore_forget_svd_aux_random_uniform_2_size_583_ssize_83_k_500_sr_12_reservoir_greedy
[2026-04-16 21:55:42] zip created for 1138_bus_entropyscore_forget_svd_aux_random_uniform_3_size_583_ssize_83_k_500_sr_12_reservoir_greedy: 82 files -> /scratch/ttran02/output22_sampled_zips/1138_bus_entropyscore_forget_svd_aux_random_uniform_3_size_583_ssize_83_k_500_sr_12_reservoir_greedy_sampled.zip
[2026-04-16 21:55:42] synced 1138_bus_entropyscore_forget_svd_aux_random_uniform_3_size_583_ssize_83_k_500_sr_12_reservoir_greedy to /scratch/ttran02/output22/1138_bus_entropyscore_forget_svd_aux_random_uniform_3_size_583_ssize_83_k_500_sr_12_reservoir_greedy, zipped to /scratch/ttran02/output22_sampled_zips, and removed /home/ttran02/pj/computational-methods/output22/1138_bus_entropyscore_forget_svd_aux_random_uniform_3_size_583_ssize_83_k_500_sr_12_reservoir_greedy
[2026-04-16 21:55:42] candidate 1138_bus_entropyscore_forget_svd_aux_random_uniform_4_size_583_ssize_83_k_500_sr_12_reservoir_greedy matched end_idx=1138; monitoring for 60s of stability
[2026-04-16 21:56:46] zip created for 1138_bus_entropyscore_forget_svd_aux_random_uniform_4_size_583_ssize_83_k_500_sr_12_reservoir_greedy: 82 files -> /scratch/ttran02/output22_sampled_zips/1138_bus_entropyscore_forget_svd_aux_random_uniform_4_size_583_ssize_83_k_500_sr_12_reservoir_greedy_sampled.zip
[2026-04-16 21:56:46] synced 1138_bus_entropyscore_forget_svd_aux_random_uniform_4_size_583_ssize_83_k_500_sr_12_reservoir_greedy to /scratch/ttran02/output22/1138_bus_entropyscore_forget_svd_aux_random_uniform_4_size_583_ssize_83_k_500_sr_12_reservoir_greedy, zipped to /scratch/ttran02/output22_sampled_zips, and removed /home/ttran02/pj/computational-methods/output22/1138_bus_entropyscore_forget_svd_aux_random_uniform_4_size_583_ssize_83_k_500_sr_12_reservoir_greedy
[2026-04-16 21:56:46] candidate 1138_bus_entropyscore_forget_svd_aux_random_uniform_5_size_583_ssize_83_k_500_sr_12_reservoir_greedy matched end_idx=1138; monitoring for 60s of stability
[2026-04-16 21:57:49] zip created for 1138_bus_entropyscore_forget_svd_aux_random_uniform_5_size_583_ssize_83_k_500_sr_12_reservoir_greedy: 82 files -> /scratch/ttran02/output22_sampled_zips/1138_bus_entropyscore_forget_svd_aux_random_uniform_5_size_583_ssize_83_k_500_sr_12_reservoir_greedy_sampled.zip
[2026-04-16 21:57:49] synced 1138_bus_entropyscore_forget_svd_aux_random_uniform_5_size_583_ssize_83_k_500_sr_12_reservoir_greedy to /scratch/ttran02/output22/1138_bus_entropyscore_forget_svd_aux_random_uniform_5_size_583_ssize_83_k_500_sr_12_reservoir_greedy, zipped to /scratch/ttran02/output22_sampled_zips, and removed /home/ttran02/pj/computational-methods/output22/1138_bus_entropyscore_forget_svd_aux_random_uniform_5_size_583_ssize_83_k_500_sr_12_reservoir_greedy
[2026-04-16 21:59:50] candidate 1138_bus_entropyscore_forget_svd_aux_random_uniform_2_size_726_ssize_226_k_500_sr_2_reservoir_greedy matched end_idx=1138; monitoring for 60s of stability
[2026-04-16 21:59:50] candidate 1138_bus_entropyscore_forget_svd_aux_random_uniform_3_size_726_ssize_226_k_500_sr_2_reservoir_greedy matched end_idx=1138; monitoring for 60s of stability
[2026-04-16 21:59:50] candidate 1138_bus_entropyscore_forget_svd_aux_random_uniform_4_size_726_ssize_226_k_500_sr_2_reservoir_greedy matched end_idx=1138; monitoring for 60s of stability
[2026-04-16 21:59:50] candidate 1138_bus_entropyscore_forget_svd_aux_random_uniform_5_size_726_ssize_226_k_500_sr_2_reservoir_greedy matched end_idx=1138; monitoring for 60s of stability
[2026-04-16 21:59:50] candidate 1138_bus_entropyscore_forget_svd_aux_random_uniform_size_726_ssize_226_k_500_sr_2_reservoir_greedy matched end_idx=1138; monitoring for 60s of stability
[2026-04-16 22:00:51] zip created for 1138_bus_entropyscore_forget_svd_aux_random_uniform_2_size_726_ssize_226_k_500_sr_2_reservoir_greedy: 32 files -> /scratch/ttran02/output22_sampled_zips/1138_bus_entropyscore_forget_svd_aux_random_uniform_2_size_726_ssize_226_k_500_sr_2_reservoir_greedy_sampled.zip
[2026-04-16 22:00:51] synced 1138_bus_entropyscore_forget_svd_aux_random_uniform_2_size_726_ssize_226_k_500_sr_2_reservoir_greedy to /scratch/ttran02/output22/1138_bus_entropyscore_forget_svd_aux_random_uniform_2_size_726_ssize_226_k_500_sr_2_reservoir_greedy, zipped to /scratch/ttran02/output22_sampled_zips, and removed /home/ttran02/pj/computational-methods/output22/1138_bus_entropyscore_forget_svd_aux_random_uniform_2_size_726_ssize_226_k_500_sr_2_reservoir_greedy
[2026-04-16 22:00:52] zip created for 1138_bus_entropyscore_forget_svd_aux_random_uniform_3_size_726_ssize_226_k_500_sr_2_reservoir_greedy: 32 files -> /scratch/ttran02/output22_sampled_zips/1138_bus_entropyscore_forget_svd_aux_random_uniform_3_size_726_ssize_226_k_500_sr_2_reservoir_greedy_sampled.zip
[2026-04-16 22:00:52] synced 1138_bus_entropyscore_forget_svd_aux_random_uniform_3_size_726_ssize_226_k_500_sr_2_reservoir_greedy to /scratch/ttran02/output22/1138_bus_entropyscore_forget_svd_aux_random_uniform_3_size_726_ssize_226_k_500_sr_2_reservoir_greedy, zipped to /scratch/ttran02/output22_sampled_zips, and removed /home/ttran02/pj/computational-methods/output22/1138_bus_entropyscore_forget_svd_aux_random_uniform_3_size_726_ssize_226_k_500_sr_2_reservoir_greedy
[2026-04-16 22:00:54] zip created for 1138_bus_entropyscore_forget_svd_aux_random_uniform_4_size_726_ssize_226_k_500_sr_2_reservoir_greedy: 32 files -> /scratch/ttran02/output22_sampled_zips/1138_bus_entropyscore_forget_svd_aux_random_uniform_4_size_726_ssize_226_k_500_sr_2_reservoir_greedy_sampled.zip
[2026-04-16 22:00:54] synced 1138_bus_entropyscore_forget_svd_aux_random_uniform_4_size_726_ssize_226_k_500_sr_2_reservoir_greedy to /scratch/ttran02/output22/1138_bus_entropyscore_forget_svd_aux_random_uniform_4_size_726_ssize_226_k_500_sr_2_reservoir_greedy, zipped to /scratch/ttran02/output22_sampled_zips, and removed /home/ttran02/pj/computational-methods/output22/1138_bus_entropyscore_forget_svd_aux_random_uniform_4_size_726_ssize_226_k_500_sr_2_reservoir_greedy
[2026-04-16 22:00:55] zip created for 1138_bus_entropyscore_forget_svd_aux_random_uniform_5_size_726_ssize_226_k_500_sr_2_reservoir_greedy: 32 files -> /scratch/ttran02/output22_sampled_zips/1138_bus_entropyscore_forget_svd_aux_random_uniform_5_size_726_ssize_226_k_500_sr_2_reservoir_greedy_sampled.zip
[2026-04-16 22:00:55] synced 1138_bus_entropyscore_forget_svd_aux_random_uniform_5_size_726_ssize_226_k_500_sr_2_reservoir_greedy to /scratch/ttran02/output22/1138_bus_entropyscore_forget_svd_aux_random_uniform_5_size_726_ssize_226_k_500_sr_2_reservoir_greedy, zipped to /scratch/ttran02/output22_sampled_zips, and removed /home/ttran02/pj/computational-methods/output22/1138_bus_entropyscore_forget_svd_aux_random_uniform_5_size_726_ssize_226_k_500_sr_2_reservoir_greedy
[2026-04-16 22:00:57] zip created for 1138_bus_entropyscore_forget_svd_aux_random_uniform_size_726_ssize_226_k_500_sr_2_reservoir_greedy: 32 files -> /scratch/ttran02/output22_sampled_zips/1138_bus_entropyscore_forget_svd_aux_random_uniform_size_726_ssize_226_k_500_sr_2_reservoir_greedy_sampled.zip
[2026-04-16 22:00:57] synced 1138_bus_entropyscore_forget_svd_aux_random_uniform_size_726_ssize_226_k_500_sr_2_reservoir_greedy to /scratch/ttran02/output22/1138_bus_entropyscore_forget_svd_aux_random_uniform_size_726_ssize_226_k_500_sr_2_reservoir_greedy, zipped to /scratch/ttran02/output22_sampled_zips, and removed /home/ttran02/pj/computational-methods/output22/1138_bus_entropyscore_forget_svd_aux_random_uniform_size_726_ssize_226_k_500_sr_2_reservoir_greedy
[2026-04-16 22:02:57] candidate 1138_bus_entropyscore_forget_svd_aux_random_uniform_size_311_ssize_226_k_85_sr_16_reservoir_greedy matched end_idx=1138; monitoring for 60s of stability
[2026-04-16 22:03:57] candidate 1138_bus_entropyscore_forget_svd_aux_random_uniform_2_size_311_ssize_226_k_85_sr_16_reservoir_greedy matched end_idx=1138; monitoring for 60s of stability
[2026-04-16 22:03:57] candidate 1138_bus_entropyscore_forget_svd_aux_random_uniform_3_size_311_ssize_226_k_85_sr_16_reservoir_greedy matched end_idx=1138; monitoring for 60s of stability
[2026-04-16 22:03:57] candidate 1138_bus_entropyscore_forget_svd_aux_random_uniform_4_size_311_ssize_226_k_85_sr_16_reservoir_greedy matched end_idx=1138; monitoring for 60s of stability
[2026-04-16 22:03:57] zip created for 1138_bus_entropyscore_forget_svd_aux_random_uniform_size_311_ssize_226_k_85_sr_16_reservoir_greedy: 52 files -> /scratch/ttran02/output22_sampled_zips/1138_bus_entropyscore_forget_svd_aux_random_uniform_size_311_ssize_226_k_85_sr_16_reservoir_greedy_sampled.zip
[2026-04-16 22:03:57] synced 1138_bus_entropyscore_forget_svd_aux_random_uniform_size_311_ssize_226_k_85_sr_16_reservoir_greedy to /scratch/ttran02/output22/1138_bus_entropyscore_forget_svd_aux_random_uniform_size_311_ssize_226_k_85_sr_16_reservoir_greedy, zipped to /scratch/ttran02/output22_sampled_zips, and removed /home/ttran02/pj/computational-methods/output22/1138_bus_entropyscore_forget_svd_aux_random_uniform_size_311_ssize_226_k_85_sr_16_reservoir_greedy
[2026-04-16 22:04:57] zip created for 1138_bus_entropyscore_forget_svd_aux_random_uniform_2_size_311_ssize_226_k_85_sr_16_reservoir_greedy: 52 files -> /scratch/ttran02/output22_sampled_zips/1138_bus_entropyscore_forget_svd_aux_random_uniform_2_size_311_ssize_226_k_85_sr_16_reservoir_greedy_sampled.zip
[2026-04-16 22:04:57] synced 1138_bus_entropyscore_forget_svd_aux_random_uniform_2_size_311_ssize_226_k_85_sr_16_reservoir_greedy to /scratch/ttran02/output22/1138_bus_entropyscore_forget_svd_aux_random_uniform_2_size_311_ssize_226_k_85_sr_16_reservoir_greedy, zipped to /scratch/ttran02/output22_sampled_zips, and removed /home/ttran02/pj/computational-methods/output22/1138_bus_entropyscore_forget_svd_aux_random_uniform_2_size_311_ssize_226_k_85_sr_16_reservoir_greedy
[2026-04-16 22:04:58] zip created for 1138_bus_entropyscore_forget_svd_aux_random_uniform_3_size_311_ssize_226_k_85_sr_16_reservoir_greedy: 52 files -> /scratch/ttran02/output22_sampled_zips/1138_bus_entropyscore_forget_svd_aux_random_uniform_3_size_311_ssize_226_k_85_sr_16_reservoir_greedy_sampled.zip
[2026-04-16 22:04:58] synced 1138_bus_entropyscore_forget_svd_aux_random_uniform_3_size_311_ssize_226_k_85_sr_16_reservoir_greedy to /scratch/ttran02/output22/1138_bus_entropyscore_forget_svd_aux_random_uniform_3_size_311_ssize_226_k_85_sr_16_reservoir_greedy, zipped to /scratch/ttran02/output22_sampled_zips, and removed /home/ttran02/pj/computational-methods/output22/1138_bus_entropyscore_forget_svd_aux_random_uniform_3_size_311_ssize_226_k_85_sr_16_reservoir_greedy
[2026-04-16 22:04:58] zip created for 1138_bus_entropyscore_forget_svd_aux_random_uniform_4_size_311_ssize_226_k_85_sr_16_reservoir_greedy: 52 files -> /scratch/ttran02/output22_sampled_zips/1138_bus_entropyscore_forget_svd_aux_random_uniform_4_size_311_ssize_226_k_85_sr_16_reservoir_greedy_sampled.zip
[2026-04-16 22:04:58] synced 1138_bus_entropyscore_forget_svd_aux_random_uniform_4_size_311_ssize_226_k_85_sr_16_reservoir_greedy to /scratch/ttran02/output22/1138_bus_entropyscore_forget_svd_aux_random_uniform_4_size_311_ssize_226_k_85_sr_16_reservoir_greedy, zipped to /scratch/ttran02/output22_sampled_zips, and removed /home/ttran02/pj/computational-methods/output22/1138_bus_entropyscore_forget_svd_aux_random_uniform_4_size_311_ssize_226_k_85_sr_16_reservoir_greedy
[2026-04-16 22:04:58] candidate 1138_bus_entropyscore_forget_svd_aux_random_uniform_5_size_311_ssize_226_k_85_sr_16_reservoir_greedy matched end_idx=1138; monitoring for 60s of stability
[2026-04-16 22:05:58] zip created for 1138_bus_entropyscore_forget_svd_aux_random_uniform_5_size_311_ssize_226_k_85_sr_16_reservoir_greedy: 52 files -> /scratch/ttran02/output22_sampled_zips/1138_bus_entropyscore_forget_svd_aux_random_uniform_5_size_311_ssize_226_k_85_sr_16_reservoir_greedy_sampled.zip
[2026-04-16 22:05:58] synced 1138_bus_entropyscore_forget_svd_aux_random_uniform_5_size_311_ssize_226_k_85_sr_16_reservoir_greedy to /scratch/ttran02/output22/1138_bus_entropyscore_forget_svd_aux_random_uniform_5_size_311_ssize_226_k_85_sr_16_reservoir_greedy, zipped to /scratch/ttran02/output22_sampled_zips, and removed /home/ttran02/pj/computational-methods/output22/1138_bus_entropyscore_forget_svd_aux_random_uniform_5_size_311_ssize_226_k_85_sr_16_reservoir_greedy
