{
  "variant": "knuth_d",
  "D": 10000,
  "m": 100000,
  "s": 512,
  "epsilon": 0.1,
  "delta": 0.05,
  "estimate": 9751.00379448113,
  "true_F0": 9984,
  "time_per_million_updates": 0.5706191062927246
}