t,x,y
0.0,3.9146913710771853,1.9611660928138321
0.009999999999999998,3.944439379930936,1.8905036974712253
0.019999999999999997,3.9752421482979305,1.8224502363025503
0.029999999999999995,4.007089963113417,1.7569092993745539
0.039999999999999994,4.039974092955228,1.6937879464187393
0.04999999999999999,4.073886735205555,1.6329966046379503
0.05999999999999999,4.108820962421855,1.574448933083907
0.06999999999999999,4.144770679432329,1.5180617203029125
0.07999999999999999,4.181730599611137,1.46375482184679
0.08999999999999998,4.21969620141445,1.411451039126679
0.09999999999999998,4.2586636642305224,1.3610759419925706
0.10999999999999999,4.298629844535906,1.3125578062305825
0.11999999999999998,4.339592291965589,1.2658276138671323
0.12999999999999998,4.381549179294953,1.2208188709295618
0.13999999999999999,4.424499275158247,1.177467512763112
0.14999999999999997,4.46844193144637,1.1357118456286854
0.15999999999999998,4.513377059024857,1.0954924589536508
0.16999999999999998,4.559305104964802,1.056752139973153
0.17999999999999997,4.606227031574367,1.0194357933877793
0.18999999999999997,4.654144300751429,0.9834903699076222
0.19999999999999996,4.703058853914794,0.9488647873558604
0.20999999999999996,4.752973098905577,0.9155098648071736
0.21999999999999997,4.803889894954974,0.8833782539016589
0.22999999999999995,4.855812538164782,0.852424370611354
0.23999999999999996,4.908744742209013,0.8226043169099155
0.24999999999999997,4.962690628887307,0.7938758239221577
0.25999999999999995,5.017654729075245,0.7661982214220235
0.26999999999999996,5.073641964229563,0.739532357020802
0.27999999999999997,5.130657642087527,0.7138405505469506
0.29,5.1887074384412495,0.6890865255088582
0.29999999999999993,5.247797383117604,0.6652353475312068
0.30999999999999994,5.307933864104355,0.6422533936749554
0.31999999999999995,5.369123620165769,0.6201083039814833
0.32999999999999996,5.4313737344176145,0.5987689349647599
0.33999999999999997,5.494691627400324,0.5782053130186718
0.3499999999999999,5.5590850465687085,0.5583885830464919
0.35999999999999993,5.624562064631413,0.5392909724135536
0.36999999999999994,5.6911310754348055,0.5208857516451378
0.37999999999999995,5.758800789059445,0.5031471944426897
0.38999999999999996,5.827580227980659,0.4860505406347557
0.3999999999999999,5.897478723410036,0.4695719600082876
0.4099999999999999,5.96850591137105,0.45368851643623304
0.41999999999999993,6.040671730805165,0.4383781363893058
0.42999999999999994,6.113986420334793,0.4236195754617636
0.43999999999999995,6.188460515399983,0.4093923861894593
0.44999999999999996,6.26410484711498,0.39567689037683357
0.4599999999999999,6.340930539803187,0.3824541487531449
0.4699999999999999,6.418949009448667,0.369705933376179
0.4799999999999999,6.498171962709815,0.3574147019300528
0.48999999999999994,6.578611394953459,0.34556356966407964
0.49999999999999994,6.660279590000237,0.33413628661191513
0.5099999999999999,6.743189119745663,0.32311721480851785
0.5199999999999999,6.82735284340341,0.3124913047061303
0.5299999999999999,6.912783905284108,0.3022440673627409
0.5399999999999999,6.999495736737868,0.29236155975819605
0.5499999999999999,7.087502055986868,0.28283036392277944
0.5599999999999999,7.176816867795538,0.27363756557054175
0.57,7.267454462820675,0.26477073163929243
0.58,7.359429419656809,0.25621789786964666
0.5899999999999999,7.452756605114712,0.24796755009911417
0.5999999999999999,7.547451174322741,0.24000860475202784
0.6099999999999999,7.643528571399408,0.23233039174324518
0.6199999999999999,7.741004531487056,0.2249226430290412
0.6299999999999999,7.839895081588706,0.21777547636624994
0.6399999999999999,7.940216541100109,0.21087937744227014
0.6499999999999999,8.041985523602188,0.20422518786267613
0.6599999999999999,8.145218938731997,0.19780409351094572
0.6699999999999999,8.249933993611265,0.1916076108024118
0.6799999999999999,8.356148193958807,0.1856275709487702
0.69,8.463879346524404,0.17985611131897944
0.6999999999999998,8.573145561059503,0.1742856641697565
0.7099999999999999,8.683965252205308,0.16890894473657825
0.7199999999999999,8.796357141182266,0.16371893790573244
0.7299999999999999,8.910340258643982,0.15870889172105088
0.7399999999999999,9.025933946889745,0.1538723068509558
0.7499999999999999,9.1431578621172,0.14920292588730508
0.7599999999999999,9.262031976776782,0.1446947230525113
0.7699999999999999,9.382576582600988,0.14034189838855737
0.7799999999999999,9.504812293167888,0.1361388683555321
0.7899999999999999,9.628760046686157,0.1320802576724256
0.7999999999999998,9.75444110866252,0.12816088969205638
0.8099999999999998,9.881877075017075,0.12437578029908196
0.8199999999999998,10.011089875074106,0.1207201303083763
0.8299999999999998,10.142101774591504,0.11718931780975976
0.8399999999999999,10.274935379367955,0.11377889338534343
0.8499999999999999,10.409613638754283,0.11048457464970439
0.8599999999999999,10.546159848325608,0.10730223630946728
0.8699999999999999,10.684597653615166,0.10422790543884686
0.8799999999999999,10.824951053677196,0.10125775577128131
0.8899999999999999,10.967244405084774,0.09838810468391665
0.8999999999999999,11.1115024252575,0.09561540516093454
0.9099999999999998,11.257750196290216,0.09293624090320225
0.9199999999999998,11.406013168853088,0.09034732158342285
0.9299999999999998,11.556317166301948,0.08784547876480896
0.9399999999999998,11.708688388742992,0.08542766142946932
0.9499999999999998,11.863153416965293,0.08309093072000934
0.9599999999999999,12.019739216725247,0.08083245606804752
0.9699999999999999,12.178473143050963,0.07864951118037104
0.9799999999999999,12.339382944765028,0.07653947066108234
0.9899999999999999,12.50249676877717,0.07449980567144543
0.9999999999999999,12.667843164654407,0.07252808042063101
1.0099999999999998,12.835451089256027,0.07062194872699007
1.0199999999999998,13.005349911402485,0.06877915082902872
1.0299999999999998,13.177569416655784,0.06699751014642294
1.0399999999999998,13.352139812200893,0.06527493003906389
1.0499999999999998,13.529091731768094,0.06360939087615623
1.0599999999999998,13.708456240670104,0.06199894722525541
1.0699999999999998,13.890264841000716,0.06044172545239957
1.0799999999999998,14.074549476714946,0.05893592064772225
1.0899999999999999,14.261342538928366,0.057479794172268756
1.0999999999999999,14.450676871280297,0.05607167122318142
1.1099999999999999,14.642585775412284,0.05470993877781651
1.1199999999999999,14.837103016473348,0.05339304315837182
1.13,15.034262828707478,0.0521194876633705
1.14,15.234099921160286,0.050887830560774706
1.15,15.436649483455179,0.04969668303088019
1.16,15.64194719167039,0.0485447072903086
1.17,15.850029214427096,0.04743061567205507
1.1799999999999997,16.060932218777317,0.046353167739183805
1.1899999999999997,16.274693376351568,0.045311168686976606
1.1999999999999997,16.49135036959427,0.04430346780787957
1.2099999999999997,16.71094139806669,0.04332895686914439
1.2199999999999998,16.933505184861133,0.04238656881600689
1.2299999999999998,17.15908098312499,0.041475276777468074
1.2399999999999998,17.38770858255684,0.04059409175270787
1.2499999999999998,17.619428316096727,0.03974206157076529
1.2599999999999998,17.854281066680368,0.03891826959122675
1.2699999999999998,18.092308274081887,0.03812183342534385
1.2799999999999998,18.333551941898257,0.03735190422557373
1.2899999999999998,18.57805464456535,0.03660766539270789
1.2999999999999998,18.825859534438354,0.03588833103359189
1.3099999999999998,19.07701034903063,0.03519314513881731
1.3199999999999998,19.3315514183223,0.034521380552018505
1.3299999999999998,19.58952767216207,0.03387233801640669
1.3399999999999999,19.850984647758025,0.03324534575668175
1.3499999999999999,20.115968497273514,0.03263975806555676
1.3599999999999999,20.384525995512536,0.03205495445737097
1.3699999999999999,20.656704547699597,0.03149033894068608
1.38,20.93255219735636,0.030945339225726624
1.3899999999999997,21.21211763424766,0.030419406086040154
1.3999999999999997,21.495450202375014,0.029912012977006207
1.4099999999999997,21.782599908246628,0.02942265483329684
1.4199999999999997,22.073617429095226,0.028950847592628632
1.4299999999999997,22.36855412122378,0.02849612759784703
1.4399999999999997,22.667462028452576,0.02805805100257353
1.4499999999999997,22.970393890557403,0.027636193465519987
1.4599999999999997,23.277403151892674,0.027230149647393512
1.4699999999999998,23.58854397024526,0.02683953239469242
1.4799999999999998,23.90387122558875,0.02646397243722047
1.4899999999999998,24.223440528997912,0.026103117947706287
1.4999999999999998,24.547308231642827,0.025756634140983392
1.5099999999999998,24.875531433579656,0.025424203213830245
1.5199999999999998,25.2081679931881,0.02510552371727673
1.5299999999999998,25.545276536474695,0.024800310193667595
1.5399999999999998,25.886916466360496,0.02450829295091808
1.5499999999999998,26.23314797212828,0.024229217786058337
1.5599999999999998,26.584032038797975,0.023962845832939617
1.5699999999999998,26.939630456161773,0.023708953702754113
1.5799999999999998,27.30000582937737,0.02346733271738032
1.5899999999999999,27.665221588459694,0.02323778891440228
1.5999999999999996,28.035341998075435,0.023020142935903574
1.6099999999999997,28.41043216747634,0.022814229903737958
1.6199999999999997,28.790558060516233,0.02261989931497694
1.6299999999999997,29.175786504937477,0.022437015356462843
1.6399999999999997,29.56618520108949,0.022265457557657055
1.6499999999999997,29.961822734945148,0.022105119392579805
1.6599999999999997,30.362768587196324,0.021955908864103514
1.6699999999999997,30.76909314343177,0.021817748613883737
1.6799999999999997,31.180867704455096,0.021690576019567538
1.6899999999999997,31.59816449666267,0.021574343317744212
1.6999999999999997,32.02105668044349,0.02146901837303389
1.7099999999999997,32.44961835935304,0.021374585254106383
1.7199999999999998,32.883924594764714,0.021291043182710755
1.7299999999999998,33.32405141422332,0.021218407443402375
1.7399999999999998,33.770075821763136,0.02115670973553654
1.7499999999999998,34.22207580827501,0.02110599855068368
1.7599999999999998,34.680130361886356,0.02106633958577939
1.7699999999999998,35.144319473482376,0.021037817494748468
1.7799999999999998,35.614724147732076,0.021020536205814403
1.7899999999999998,36.09142641845144,0.021014618116313354
1.7999999999999998,36.57450935553632,0.021020205579900506
1.8099999999999998,37.0640570748215,0.021037461647737055
1.8199999999999996,37.56015474787346,0.021066570863644427
1.8299999999999996,38.0628886115568,0.021107740150025874
1.8399999999999996,38.572345966677716,0.02116120225773652
1.8499999999999996,39.08861519408265,0.021227215217407946
1.8599999999999997,39.61178576867953,0.021306062308710023
1.8699999999999997,40.14194826370465,0.02139805432258978
1.8799999999999997,40.67919435898356,0.021503530936943502
1.8899999999999997,41.223616848970785,0.021622862180211998
1.8999999999999997,41.77530964978359,0.021756450160774293
1.9099999999999997,42.33436778972073,0.021904734581914838
1.9199999999999997,42.90088742832774,0.022068191814846396
1.9299999999999997,43.47496586423779,0.02224733655610884
1.9399999999999997,44.05670153576971,0.02244272516542415
1.9499999999999997,44.646194024763886,0.022654958305085997
1.9599999999999997,45.2435440578098,0.022884684167133327
1.9699999999999998,45.848853503414134,0.02313260258816798
1.9799999999999998,46.462225380981444,0.023399466777043566
1.9899999999999998,47.08376385853082,0.02368608741774815
1.9999999999999998,47.71357425176526,0.02399333654443614
2.01,48.35176302237021,0.024322151631094226
2.0199999999999996,48.998437755007,0.02467354471002
2.03,49.65370715452915,0.02504860676389906
2.0399999999999996,50.31768105026976,0.02544851048001145
2.05,50.99047037749522,0.025874518390293633
2.0599999999999996,51.67218716361532,0.026327989845133393
2.07,52.36294450945196,0.026810388691998078
2.0799999999999996,53.06285657379312,0.027323291170544776
2.09,53.77203855214215,0.02786839460214786
2.0999999999999996,54.49060665287321,0.02844752669429738
2.11,55.21867805394216,0.02906265985005424
2.1199999999999997,55.95637085215808,0.029715927323385398
2.13,56.703804059650714,0.030409627153917894
2.1399999999999997,57.4610975476673,0.03114623957958831
2.1499999999999995,58.22837199748276,0.031928442468844395
2.1599999999999997,59.005748803986094,0.03275913697425391
2.1699999999999995,59.7933500369818,0.03364146097386248
2.1799999999999997,60.59129838171128,0.03457880708227373
2.1899999999999995,61.39971705104676,0.03557484684905743
2.1999999999999997,62.21872968782688,0.036633557720335996
2.2099999999999995,63.0484602131516,0.037759263655386746
2.2199999999999998,63.88903275613613,0.03895665468772158
2.2299999999999995,64.74057151187823,0.04023082466561045
2.2399999999999998,65.60320058802763,0.041587310665886106
2.2499999999999996,66.47704384126445,0.04303213508097247
2.26,67.36222470474539,0.0445718509670203
2.2699999999999996,68.25886598610896,0.04621359321323046
2.28,69.16708958210859,0.047965151851262995
2.2899999999999996,70.08701624750378,0.04983503021954136
2.3,71.01876530921966,0.0518325169291788
2.3099999999999996,71.96245434037425,0.05396776561459181
2.32,72.9181988033551,0.05625188466594628
2.3299999999999996,73.88611165297344,0.05869703580824941
2.34,74.86630282840156,0.06131656245287803
2.3499999999999996,75.85887878581597,0.06412510442173043
2.3599999999999994,76.8639419425352,0.06713873557668668
2.3699999999999997,77.88158996872964,0.0703751376064056
2.3799999999999994,78.91191511754779,0.07385376629524872
2.3899999999999997,79.9550034378642,0.07759604600024132
2.3999999999999995,81.01093378708906,0.08162561606669827
2.4099999999999997,82.0797768815936,0.08596856446755301
2.4199999999999995,83.16159418632225,0.09065370266607035
2.4299999999999997,84.25643650772618,0.09571291499269403
2.4399999999999995,85.36434257669005,0.1011815102030392
2.4499999999999997,86.48533743279543,0.10709862375098976
2.4599999999999995,87.6194305950959,0.11350767415888954
2.4699999999999998,88.76661399739403,0.12045687745014513
2.4799999999999995,89.92685950035269,0.12799987053069684
2.4899999999999998,91.1001163515657,0.1361963468945273
2.4999999999999996,92.28630809192637,0.14511283373488876
2.51,93.48532915169852,0.1548235478926974
2.5199999999999996,94.69704102711923,0.1654113598447801
2.53,95.92126774397501,0.17696894315692507
2.5399999999999996,97.1577910799125,0.18959998190710992
2.55,98.4063446952684,0.20342066148871696
2.5599999999999996,99.66660767674745,0.21856131048216312
2.5699999999999994,100.93819729618727,0.23516824756513213
2.5799999999999996,102.22066071806671,0.2534058993108842
2.5899999999999994,103.51346529981103,0.2734592832843368
2.5999999999999996,104.81598787904149,0.29553675462439594
2.6099999999999994,106.12750232400658,0.3198732028931446
2.6199999999999997,107.44716555861055,0.3467336462813949
2.6299999999999994,108.77400136078693,0.37641740692733744
2.6399999999999997,110.10688223124507,0.4092627855485045
2.6499999999999995,111.44450827663856,0.44565250896910374
2.6599999999999997,112.78538366080372,0.48601981227168384
2.6699999999999995,114.1277892834946,0.5308554937066498
2.6799999999999997,115.4697522033658,0.5807158108243512
2.6899999999999995,116.8090103559782,0.6362315792720883
2.6999999999999997,118.14297308464722,0.6981183458182658
2.7099999999999995,119.46867592236596,0.7671880085748933
2.7199999999999998,120.78273004028064,0.8443617807036415
2.7299999999999995,122.08126492772872,0.9306848207613229
2.7399999999999998,123.35986454834654,1.0273424481336157
2.7499999999999996,124.61349580433092,1.135678186378166
2.76,125.83642961765648,1.2572134943900444
2.7699999999999996,127.02215411348747,1.3936691449467014
2.7799999999999994,128.16328019174728,1.5469882386315745
2.7899999999999996,129.25144004897894,1.719360330351467
2.7999999999999994,130.27718051748283,1.9132460048650575
2.8099999999999996,131.2298525526598,2.1314013749107215
2.8199999999999994,132.09750097719385,2.3769009212957313
2.8299999999999996,132.86675915305173,2.6531570393910964
2.8399999999999994,133.52275549823648,2.9639338866481073
2.8499999999999996,134.04904115312766,3.3133523824208115
2.8599999999999994,134.42755061754025,3.705882440361864
2.8699999999999997,134.63861126763766,4.146317263930382
2.8799999999999994,134.66101942918152,4.639724096569543
2.8899999999999997,134.4722053825842,5.191364467724565
2.8999999999999995,134.04851158051864,5.806576639152139
2.9099999999999997,133.3656093344971,6.490612999010108
2.9199999999999995,132.3990780532906,7.248426043678021
2.9299999999999997,131.12516671164207,8.084398511305338
2.9399999999999995,129.52174619671786,9.002017783833487
2.9499999999999997,127.56944435127221,10.003500673172548
2.9599999999999995,125.2529384969119,11.089380894733935
2.9699999999999998,122.56234237512089,12.25808493269762
2.9799999999999995,119.49460180192061,13.505528760220027
2.9899999999999993,116.05477685328728,14.824780002933748
2.9999999999999996,112.25706708178873,16.205835122374516
3.0099999999999993,108.12542838627596,17.63556178258507
3.0199999999999996,103.6936434358959,19.097848504818863
3.0299999999999994,99.00474589188605,20.57398751158352
3.0399999999999996,94.1097741130941,22.043286423031525
3.0499999999999994,89.06588924446126,23.48388418687493
3.0599999999999996,83.9340082223496,24.87370306113489
3.0699999999999994,78.77614591866248,26.19145770379689
3.0799999999999996,73.6527187993802,27.41762406199411
3.0899999999999994,68.62005704110811,28.535278396057567
3.0999999999999996,63.72833840875242,29.530734098415415
3.1099999999999994,59.02008964632754,30.393932824236874
3.1199999999999997,54.52931990904095,31.118579008570766
3.1299999999999994,50.28127130645385,31.702036882204936
3.1399999999999997,46.29270745471486,32.145031933974856
3.1499999999999995,42.572620005112135,32.45121174417371
3.1599999999999997,39.123216601890334,32.62662437367262
3.1699999999999995,35.941058128335186,32.679167779113456
3.1799999999999997,33.0182321579193,32.618053915084
3.1899999999999995,30.34347630033516,32.45331889111539
3.1999999999999993,27.903193617737713,32.19539835434715
3.2099999999999995,25.682326417694544,31.854777441949345
3.2199999999999993,23.66507703173895,31.44171564670906
3.2299999999999995,21.835478048874283,30.9660419556788
3.2399999999999993,20.177824727855054,30.437011935135065
3.2499999999999996,18.67698734553597,29.863217027288442
3.2599999999999993,17.318623326165056,29.252536028145457
3.2699999999999996,16.08930869068093,28.612119331680525
3.2799999999999994,14.976606719483815,27.948397621007814
3.2899999999999996,13.969089479190211,27.26710791814992
3.2999999999999994,13.056325176021245,26.573331288399352
3.3099999999999996,12.22884167804921,25.871537775225555
3.3199999999999994,11.478074816421108,25.165634899863836
3.3299999999999996,10.79630737853016,24.459017412831304
3.3399999999999994,10.176603698470535,23.754616338599817
3.3499999999999996,9.61274314134772,23.0549461203717
3.3599999999999994,9.0991548013685,22.362149085594634
3.3699999999999997,8.630854979836805,21.6780367633995
3.3799999999999994,8.203388411672849,21.004127838770128
3.3899999999999997,7.812773771871313,20.341682704116963
3.3999999999999995,7.455453683714418,19.69173468298432
3.4099999999999997,7.128249215638401,19.05511808886567
3.4199999999999995,6.828318809809181,18.432493291347992
3.4299999999999993,6.553121275421651,17.82436906791145
3.4399999999999995,6.300382702970694,17.23112241630992
3.4499999999999993,6.068066868314358,16.65301611126799
3.4599999999999995,5.854348905274804,16.090214230707137
3.4699999999999993,5.657591933590183,15.542795795231932
3.4799999999999995,5.476326297594714,15.01076679417835
3.4899999999999993,5.309231107400894,14.494070785601773
3.4999999999999996,5.15511794735948,13.992598158259753
3.5099999999999993,5.012916440036706,13.506194258168518
3.5199999999999996,4.88166146136639,13.034666507029533
3.5299999999999994,4.760481750890171,12.577790673450291
3.5399999999999996,4.6485898840311135,12.135316315270728
3.5499999999999994,4.545273432752532,11.706971497270153
3.5599999999999996,4.449887073991255,11.292466948477971
3.5699999999999994,4.361845561996641,10.89149969783477
3.5799999999999996,4.28061755513556,10.503756194486124
3.5899999999999994,4.20572008628289,10.128915047126187
3.5999999999999996,4.136713662690185,9.766649387989366
3.6099999999999994,4.073197916676324,9.416628914393316
3.6199999999999997,4.014807718603748,9.078521655687823
3.6299999999999994,3.9612097180873866,8.751995491950911
3.6399999999999992,3.912099257108657,8.436719457170364
3.6499999999999995,3.8671975977457276,8.132364861745408
3.6599999999999993,3.8262494902752904,7.838606218579646
3.6699999999999995,3.7890209374609793,7.555122062685934
3.6799999999999993,3.7552972314974924,7.281595616298623
3.6899999999999995,3.7248811775353,7.017715351620652
3.6999999999999993,3.697591502495483,6.7631754532215655
3.7099999999999995,3.673261428236255,6.517676192388315
3.7199999999999993,3.651737376788629,6.280924233112336
3.7299999999999995,3.6328778221550375,6.052632861204863
3.7399999999999993,3.6165522334272904,5.832522169887254
3.7499999999999996,3.6026401438965365,5.620319180126835
3.7599999999999993,3.5910302867970714,5.415757933090081
3.7699999999999996,3.581619836194153,5.218579530146164
3.7799999999999994,3.5743137009018264,5.02853215244253
3.7899999999999996,3.569023899826447,4.845371042397267
3.7999999999999994,3.565668967657472,4.6688584787048795
3.8099999999999996,3.564173468673445,4.4987636955344845
3.8199999999999994,3.564467493751937,4.334862824554569
3.8299999999999996,3.5664862448981087,4.176938794112881
3.8399999999999994,3.5701696382905843,4.02478122809837
3.849999999999999,3.575461941924748,3.87818633407534
3.8599999999999994,3.5823114628341526,3.7369567712536305
3.869999999999999,3.59067023202725,3.6009015309434105
3.8799999999999994,3.6004937483183728,3.4698357901292707
3.8899999999999992,3.611740716262808,3.343580778924788
3.8999999999999995,3.6243728267890702,3.221963631368684
3.9099999999999993,3.6383545444353005,3.104817241503467
3.9199999999999995,3.6536529150505865,2.9919801158491564
3.9299999999999993,3.670237393999103,2.88329622211188
3.9399999999999995,3.6880796784179832,2.7786148443210807
3.9499999999999993,3.7071535655282237,2.677790430246234
3.9599999999999995,3.7274348101291577,2.580682447398715
3.9699999999999993,3.7489010050903775,2.487155232924795
3.9799999999999995,3.771531459003828,2.3970778529109866
3.9899999999999993,3.795307085254032,2.3103239621403286
3.9999999999999996,3.820210320643395,2.226771652947972
4.01,3.8462250222043806,2.1463033244300553
4.02,3.873336378667189,2.0688055494711284
4.029999999999999,3.901530846179895,1.9941689341783768
4.039999999999999,3.9307960680331027,1.9222879926002325
4.05,3.9611208047202573,1.8530610215493641
4.06,3.9924948826762314,1.7863899704054662
4.069999999999999,4.024909130938161,1.722180323604884
4.079999999999999,4.05835532563449,1.6603409840287777
4.089999999999999,4.092826148226026,1.600784153980823
4.1,4.128315135685656,1.5434252255554068
4.109999999999999,4.164816636293611,1.4881826728064516
4.119999999999999,4.202325775803398,1.4349779434199985
4.129999999999999,4.240838417869993,1.3837353574819304
4.14,4.2803511286805715,1.334382008496906
4.1499999999999995,4.320861149410092,1.2868476647310079
4.159999999999999,4.362366364711949,1.2410646764721427
4.169999999999999,4.404865274334881,1.196967885626165
4.18,4.448356970729331,1.1544945364616725
4.1899999999999995,4.492841113839295,1.1135841909251205
4.199999999999999,4.53831790835824,1.0741786463595153
4.209999999999999,4.584788086565342,1.036221854459321
4.22,4.632252886311351,0.9996598449733685
4.2299999999999995,4.680714031967474,0.9644406513685958
4.239999999999999,4.730173717445992,0.9305142386694851
4.249999999999999,4.780634599628317,0.8978324308035213
4.26,4.8320997780030925,0.866348844929167
4.27,4.884572778303078,0.836018827071037
4.279999999999999,4.938057541233665,0.8067993886452209
4.289999999999999,4.992558416873772,0.7786491445239397
4.299999999999999,5.048080150869748,0.7515282548295623
4.31,5.10462787126967,0.7253983687678178
4.319999999999999,5.162207080305899,0.7002225696415975
4.329999999999999,5.2208236496649425,0.6759653216714421
4.339999999999999,5.28048381135615,0.6525924191131298
4.35,5.341194147263751,0.6300709373234551
4.359999999999999,5.4029615832796365,0.6083691851712973
4.369999999999999,5.465793385276194,0.5874566594677764
4.379999999999999,5.52969715326253,0.5673040008410845
4.39,5.594680813341075,0.5478829509696425
4.3999999999999995,5.660752613568339,0.5291663115808077
4.409999999999999,5.727921120757271,0.5111279053444863
4.419999999999999,5.796195216918773,0.49374253796516127
4.43,5.865584093156313,0.4769859607638737
4.4399999999999995,5.936097246906259,0.46083483549203824
4.449999999999999,6.0077444795626045,0.44526670057697126
4.459999999999999,6.080535894467068,0.4302599386294209
4.47,6.154481892502357,0.41579374396594365
4.4799999999999995,6.229593170376945,0.40184809232888463
4.489999999999999,6.305880719062704,0.3884037118410765
4.499999999999999,6.38335582287899,0.3754420553272919
4.509999999999999,6.462030056508944,0.36294527199833637
4.52,6.541915284121855,0.35089618149470725
4.529999999999999,6.623023658665002,0.3392782489727685
4.539999999999999,6.705367621829378,0.3280755615818379
4.549999999999999,6.788959901806206,0.31727280350099873
4.56,6.873813513181016,0.30685523373016416
4.569999999999999,6.959941756468643,0.2968086641836192
4.579999999999999,7.047358219035671,0.28711943996351935
4.589999999999999,7.136076776326381,0.27777442056025337
4.6,7.226111589276679,0.26876095730958
4.609999999999999,7.317477105684785,0.26006687585204047
4.619999999999999,7.410188060626977,0.2516804580258018
4.629999999999999,7.504259477907505,0.24359042584698043
4.64,7.599706671081382,0.23578592524016717
4.6499999999999995,7.696545243070794,0.2282565079536698
4.659999999999999,7.7947910877218005,0.2209921169271523
4.669999999999999,7.894460390889926,0.21398307128536423
4.68,7.995569632606837,0.20722005371244206
4.6899999999999995,8.0981355882929,0.2006940963171937
4.699999999999999,8.202175329506895,0.1943965659082657
4.709999999999999,8.307706225951913,0.18831915193598506
4.719999999999999,8.414745947183231,0.18245385413351717
4.7299999999999995,8.523312465172612,0.1767929723891158
4.739999999999999,8.633424055888469,0.1713290944855311
4.749999999999999,8.74509930102774,0.1660550843784785
4.759999999999999,8.858357090384386,0.16096407214817207
4.77,8.973216624103076,0.15604944384984037
4.779999999999999,9.089697415546222,0.15130483328371078
4.789999999999999,9.207819293362306,0.14672411147228187
4.799999999999999,9.32760240393098,0.1423013773329201
4.81,9.449067214100822,0.1380309492846713
4.819999999999999,9.572234513933433,0.13390735693844963
4.829999999999999,9.697125419983339,0.12992533454005634
4.839999999999999,9.823761377782056,0.12607981186145278
4.85,9.952164164838644,0.1223659067640233
4.859999999999999,10.082355893790378,0.11877891824290637
4.869999999999999,10.214359015601877,0.11531431964916794
4.879999999999999,10.348196323115804,0.11196775323584958
4.89,10.483890954075543,0.1087350225105893
4.8999999999999995,10.621466394598553,0.1056120862919379
4.909999999999999,10.760946482711944,0.10259505291130709
4.919999999999999,10.902355411985015,0.0996801747114913
4.929999999999999,11.045717735425441,0.09686384354490635
4.9399999999999995,11.191058368960096,0.0941425843204513
4.949999999999999,11.338402595342847,0.09151305024454334
4.959999999999999,11.487776068088174,0.08897201800887446
4.969999999999999,11.639204815522817,0.08651638334531928
4.9799999999999995,11.79271524501772,0.08414315723036098
4.989999999999999,11.94833414694044,0.08184946053386481
4.999999999999999,12.106088698971185,0.07963252018043845
5.009999999999999,12.266006470435702,0.07748966515945316
5.02,12.428115426765666,0.07541832294799466
5.029999999999999,12.592443934071628,0.0734160162531953
5.039999999999999,12.759020763571524,0.07148035864764211
5.049999999999999,12.927875096299768,0.0696090514396933
5.06,13.09903652784311,0.06779988036988997
5.069999999999999,13.272535073228331,0.06605071283481342
5.079999999999999,13.448401171858805,0.06435949503951294
5.089999999999999,13.626665692365222,0.06272424830254535
5.1,13.807359937726497,0.06114306654623873
5.109999999999999,13.990515650412096,0.059614113541535146
5.119999999999999,14.176165017615695,0.058135620299661454
5.129999999999999,14.36434067679741,0.056705883839587815
5.139999999999999,14.55507572088931,0.055323263660009114
5.1499999999999995,14.748403703750173,0.05398617923674566
5.159999999999999,14.944358645787787,0.05269310807648124
5.169999999999999,15.142975039612303,0.05144258354373168
5.179999999999999,15.344287855798072,0.05023319299826057
5.1899999999999995,15.54833254877954,0.04906357648054665
5.199999999999999,15.75514506265532,0.04793242375312261
5.209999999999999,15.964761837220474,0.046838472787890884
5.219999999999999,16.17721981405473,0.04578050802804851
5.2299999999999995,16.392556442692076,0.04475735866032634
5.239999999999999,16.61080968698359,0.0437678975900969
5.249999999999999,16.832018031430287,0.042811039754245425
5.259999999999999,17.056220487529632,0.041885740032725036
5.27,17.283456600360047,0.04099099211663124
5.279999999999999,17.513766455202624,0.04012582710639718
5.289999999999999,17.747190684257728,0.03928931222147438
5.299999999999999,17.983770473493696,0.038480550133297445
5.31,18.223547569495427,0.037698677077624594
5.319999999999999,18.466564286457277,0.03694286173917765
5.329999999999999,18.71286351327073,0.03621230421159221
5.339999999999999,18.962488720697564,0.035506234899583426
5.349999999999999,19.2154839686328,0.03482391366953266
5.359999999999999,19.471893913459414,0.03416462914122486
5.369999999999999,19.731763815510128,0.033527697148339655
5.379999999999999,19.99513954661097,0.0329124600509232
5.389999999999999,20.262067597722535,0.032318285863700405
5.3999999999999995,20.532595086676082,0.03174456741240151
5.409999999999999,20.806769765980754,0.031190721930186287
5.419999999999999,21.08464003076348,0.03065619005652298
5.429999999999999,21.3662549268004,0.030140434939556447
5.4399999999999995,21.651664158626623,0.029642941672804655
5.449999999999999,21.940918097750274,0.029163216627631213
5.459999999999999,22.234067790937246,0.02870078687906885
5.469999999999999,22.531164968482212,0.02825519993851591
5.4799999999999995,22.832262052869098,0.027826022764339046
5.489999999999999,23.137412167320743,0.027412841326031025
5.499999999999999,23.44666914447016,0.027015260128823514
5.509999999999999,23.760087535141086,0.026632901728087358
5.52,24.077722617041548,0.026265406521454204
5.529999999999999,24.399630403678998,0.02591243238805571
5.539999999999999,24.725867653721266,0.02557365386239419
5.549999999999999,25.056491879992084,0.025248761969668434
5.559999999999999,25.39156135871105,0.024937463873687036
5.569999999999999,25.731135138829362,0.02463948254303616
5.579999999999999,26.07527305144175,0.02435455645339683
5.589999999999999,26.42403571837794,0.02408244018735933
5.599999999999999,26.77748456243723,0.023822903562052154
5.609999999999999,27.13568181740153,0.02357573107641396
5.619999999999999,27.498690537447466,0.023340722041186673
5.629999999999999,27.86657460696652,0.023117690421379913
5.639999999999999,28.239398750470606,0.022906464699601857
5.6499999999999995,28.61722854237656,0.022706887853008784
5.659999999999999,29.000130415209117,0.022518818103253433
5.669999999999999,29.38817167185158,0.022342127893377046
5.679999999999999,29.781420495384747,0.022176704011379157
5.6899999999999995,30.179945958961216,0.022022447753242892
5.699999999999999,30.58381803605268,0.021879274971788164
5.709999999999999,30.993107610762248,0.021747116149966276
5.719999999999999,31.407886487277796,0.021625916825809194
5.7299999999999995,31.82822739780675,0.0215156386027538
5.739999999999999,32.25420401707048,0.02141625787550688
5.749999999999999,32.68589097122743,0.021327766579233454
5.759999999999999,33.12336384805311,0.021250172536026735
5.769999999999999,33.566699207328305,0.021183499770629093
5.779999999999999,34.01597459125165,0.021127788859838435
5.789999999999999,34.471268531563055,0.021083098178254905
5.799999999999999,34.93266055861832,0.0210495046750294
5.809999999999999,35.40023121746894,0.021027102864456335
5.819999999999999,35.87406207507257,0.02101600616518763
5.829999999999999,36.354235730285104,0.021016347552606764
5.839999999999999,36.840835823829025,0.02102828025481286
5.849999999999999,37.33394704805728,0.021051978535249715
5.859999999999999,37.83365514776873,0.021087640644075815
5.869999999999999,38.34004693559527,0.021135488336771126
5.879999999999999,38.853210305025655,0.021195766992728262
5.889999999999999,39.37323423602168,0.021268747534487403
5.8999999999999995,39.90020880373166,0.021354727645838338
5.909999999999999,40.43422518702124,0.021454033069426306
5.919999999999999,40.975375674959196,0.021567019404698403
5.929999999999999,41.52375365672721,0.02169407768960254
5.9399999999999995,42.07945364941263,0.02183563145887382
5.949999999999999,42.64257130225064,0.021992139161905427
5.959999999999999,43.21320339953106,0.02216409691975433
5.969999999999999,43.79144786622421,0.022352040704612126
5.979999999999999,44.37740377317515,0.022556548653724327
5.989999999999999,44.971171335335285,0.02277824498463279
5.999999999999999,45.5728518938572,0.02301780757236012
6.009999999999999,46.182547945965,0.02327596483141467
6.019999999999999,46.80036313621391,0.023553501307833544
6.029999999999999,47.4264022537379,0.023851261962699336
6.039999999999999,48.06077122950065,0.024170156486054074
6.049999999999999,48.70357712991192,0.024511164409488962
6.059999999999999,49.35492815399962,0.024875339562795435
6.069999999999999,50.014933626700035,0.025263815381463446
6.079999999999999,50.68370399036792,0.025677810640519095
6.089999999999999,51.36135079492725,0.02611863554043703
6.099999999999999,52.047986658820086,0.02658770471345606
6.109999999999999,52.74372525675963,0.027086543906428895
6.119999999999999,53.448681313525704,0.027616795248306687
6.129999999999999,54.162970570043655,0.028180229084156506
6.139999999999999,54.88670975636275,0.028778753880451
6.1499999999999995,55.620016561814815,0.029414426667461586
6.159999999999999,56.36300959565786,0.030089466675380483
6.169999999999999,57.11580834907294,0.030806267765682172
6.179999999999999,57.87853314331451,0.031567414591902966
6.189999999999999,58.65130503972423,0.03237570877224303
6.199999999999999,59.43424582039955,0.03323417606960219
6.209999999999999,60.22747791217172,0.03414608850533483
6.219999999999999,61.03112430724981,0.035114987019824954
6.229999999999999,61.84530843363032,0.03614471457905557
6.239999999999999,62.67015408801425,0.03723943661652667
6.249999999999999,63.50578533442777,0.03840366881697983
6.259999999999999,64.35232637794319,0.03964231031740659
6.269999999999999,65.20990139592155,0.040960688356629395
6.279999999999999,66.07863437232132,0.04236460170379722
6.289999999999999,66.95864895449691,0.04386035765598944
6.299999999999999,67.85006824270445,0.045454826008853845
6.309999999999999,68.75301455746383,0.047155496333676744
6.319999999999999,69.66760921534161,0.048970536400351
6.329999999999999,70.59397226075119,0.05090885908441535
6.339999999999999,71.53222210393612,0.05298021442558098
6.349999999999999,72.48247520062407,0.05519526929981931
6.359999999999999,73.4448457022552,0.05756569407783966
6.369999999999999,74.41944499337666,0.060104277655628965
6.379999999999999,75.40638114952867,0.06282506096995857
6.389999999999999,76.40575849202892,0.06574344808683989
6.399999999999999,77.4176769719832,0.06887635807404997
6.409999999999999,78.44223140262162,0.07224241643610804
6.419999999999999,79.47951073049684,0.07586213504909617
6.429999999999999,80.52959719053143,0.07975812091245353
6.439999999999999,81.5925653345089,0.08395531504950952
6.449999999999999,82.66848097822073,0.08848125381269019
6.459999999999999,83.75739993535116,0.09336638370220135
6.469999999999999,84.859366600359,0.09864441447544146
6.479999999999999,85.97441250356283,0.10435267646311425
6.489999999999999,87.10255444703049,0.11053258482928456
6.499999999999999,88.24379258953475,0.1172301167154328
6.509999999999999,89.39810826670673,0.12449635561319135
6.519999999999999,90.5654613329939,0.13238815988456062
6.529999999999999,91.74578739206761,0.14096885658927277
6.539999999999999,92.93899454336679,0.15030905750554296
6.549999999999999,94.14495977308994,0.16048756784508048
6.559999999999999,95.36352472249304,0.17159245737221487
6.569999999999999,96.59449100477661,0.1837222456182942
6.579999999999999,97.83761486025936,0.1969872558590404
6.589999999999999,99.09260102366056,0.21151117327602648
6.599999999999999,100.35909589392841,0.22743278481119467
6.609999999999999,101.63667951447562,0.2449080281951897
6.619999999999999,102.92485683147606,0.26411222495241926
6.629999999999999,104.2230472061214,0.2852427682143195
6.639999999999999,105.5305728793773,0.3085220827409406
6.649999999999999,106.84664578039565,0.33420101645207323
6.659999999999999,108.17035235029799,0.362562746807087
6.669999999999999,109.50063620756117,0.3939272491507332
6.679999999999999,110.83627853234881,0.4286563561262336
6.689999999999999,112.1758756637529,0.46715954083120037
6.699999999999999,113.51781349095201,0.5099005307384765
6.709999999999999,114.86023850980628,0.5574047834772986
6.719999999999999,116.2010245898564,0.6102680596504979
6.729999999999999,117.53773562409486,0.6691660563568195
6.739999999999999,118.86758286664995,0.7348653839912143
6.749999999999999,120.18737697857337,0.8082358786644344
6.759999999999999,121.49347377130964,0.8902644830697373
6.769999999999999,122.78171343443555,0.982070713070009
6.779999999999999,124.04735250941921,1.0849238880236156
6.789999999999999,125.28498846947947,1.2002620313210994
6.799999999999999,126.48847618398992,1.329712674166848
6.809999999999999,127.65083728737845,1.4751149670293044
6.819999999999999,128.76416167040634,1.6385434065236957
6.829999999999999,129.81950271359935,1.822332416811404
6.839999999999999,130.80676839215553,2.029100894310564
6.849999999999999,131.71461043618694,2.26177600346593
6.8599999999999985,132.53031580899025,2.5236145415704763
6.869999999999999,133.2397073004972,2.8182195556106016
6.879999999999999,133.82705964776008,3.149550030726613
6.889999999999999,134.2750440130941,3.5219192826061962
6.899999999999999,134.5647129946643,3.939978168726437
6.909999999999999,134.6755438640821,4.408677334268297
6.919999999999999,134.58556044013952,4.933202158032213
6.929999999999999,134.27155669087787,5.518873309211583
6.939999999999999,133.70944733630648,6.171005493017022
6.949999999999999,132.87477056771397,6.89471743446299
6.959999999999999,131.7433647623319,7.694687746209089
6.969999999999999,130.29223361470432,8.57485442225512
6.979999999999999,128.5006014867322,9.53806053722986
6.989999999999999,126.35113791450742,10.585657066560792
6.999999999999999,123.831311917775,11.717079986103899
7.009999999999999,120.93479673824773,12.929432680090652
7.019999999999999,117.66282003791541,14.217112536417343
7.029999999999999,114.02532501982796,15.571529361203739
7.039999999999999,110.04179069218239,16.98096704333587
7.049999999999999,105.7415660910832,18.430634517485213
7.059999999999999,101.16359707284902,19.902940771293476
7.0699999999999985,96.35548292744488,21.378005075415363
7.079999999999999,91.37187131093944,22.834385873626662
7.089999999999999,86.27229008732168,24.2499801762797
7.099999999999999,81.11859267699238,25.60301811090378
7.1099999999999985,75.97224815328897,26.873061719120788
7.119999999999999,70.8917287315749,28.041913494640397
7.129999999999999,65.93022907011941,29.094352492108776
7.139999999999999,61.133897621135475,30.018640111198227
7.149999999999999,56.540679526371704,30.806770712041633
7.159999999999999,52.179793776193826,31.454472308388535
7.169999999999999,48.07179010624616,31.960990739072457
7.179999999999999,44.22908231101338,32.32870704515751
7.189999999999999,40.65682536159131,32.56264628430787
7.199999999999999,37.35399924315067,32.66993441385731
7.209999999999999,34.31458214597989,32.659249578010716
7.219999999999999,31.528697218416024,32.54031158254837
7.229999999999999,28.983692673194327,32.323421696058105
7.239999999999999,26.66507530808166,32.01908134581059
7.249999999999999,24.557304230032813,31.637681925973002
7.259999999999999,22.64442773168862,31.189269185373256
7.269999999999999,20.91057627440401,30.683373331327367
7.2799999999999985,19.34032711813786,30.12889582122898
7.289999999999999,17.91895933887417,29.534042921836253
7.299999999999999,16.632619785761303,28.906296140692852
7.309999999999999,15.468418098167417,28.25241076985071
7.3199999999999985,14.414467885944578,27.578434849484427
7.329999999999999,13.459888113343638,26.88974222521731
7.339999999999999,12.594776341552443,26.19107466020787
7.349999999999999,11.810163053637417,25.486589082544057
7.3599999999999985,11.09795419446323,24.779907042525906
7.369999999999999,10.450867316378972,24.074164240003388
7.379999999999999,9.862365195852272,23.372058669186874
7.389999999999999,9.326589665726656,22.67589641100804
7.399999999999999,8.838297790239329,21.987634364274275
7.409999999999999,8.392801239708083,21.30891977595428
7.419999999999999,7.9859098756577085,20.64112630133265
7.429999999999999,7.613879632857898,19.985386756545918
7.439999999999999,7.273365018945089,19.34262257996807
7.449999999999999,6.961376039498069,18.713570234682887
7.459999999999999,6.67523937620419,18.098804762236547
7.469999999999999,6.412563566440935,17.49876071859364
7.479999999999999,6.171207833940799,16.913750744597916
7.489999999999998,5.949254375042088,16.343981953795968
7.499999999999999,5.744983638957411,15.789570419662903
7.509999999999999,5.5568524074524985,15.250553923896167
7.519999999999999,5.383474347537374,14.726903165288494
7.5299999999999985,5.223602765967565,14.218531609166348
7.539999999999999,5.076115342260682,13.725304123630584
7.549999999999999,4.940000606461553,13.24704454817216
7.559999999999999,4.814345963608925,12.783542318029356
7.5699999999999985,4.698327090307117,12.334558255611256
7.579999999999999,4.5911985395529635,11.899829631053965
7.589999999999999,4.492285415769985,11.47907457553106
7.599999999999999,4.4009759909240875,11.071995929039206
7.6099999999999985,4.3167151513999,10.678284590377755
7.619999999999999,4.238998602004393,10.297622411184964
7.629999999999999,4.167367661137127,9.929684747378877
7.639999999999999,4.1014047036814105,9.574142616926844
7.649999999999999,4.040729040856799,9.230664607078868
7.659999999999999,3.9849932848165213,8.898918495332682
7.669999999999999,3.933880108519213,8.578572639563035
7.679999999999999,3.887099315099693,8.269297193232529
7.689999999999999,3.8443852847732383,7.970765099232741
7.699999999999998,3.805494609490821,7.682652984021392
7.709999999999999,3.770204060100969,7.404641858749006
7.719999999999999,3.7383086854082292,7.136417752728756
7.729999999999999,3.7096201707701923,6.877672200868954
7.739999999999998,3.6839653171029956,6.628102670164304
7.749999999999999,3.661184701449085,6.38741288735059
7.759999999999999,3.641131459251444,6.1553131046123974
7.769999999999999,3.623670184993618,5.9315203054349
7.7799999999999985,3.6086759534462,5.715758349042937
7.789999999999999,3.5960334150023066,5.507758081796969
7.799999999999999,3.5856360019605966,5.307257392859382
7.809999999999999,3.5773851849679614,5.114001251234375
7.8199999999999985,3.5711898308028247,4.927741692658949
7.829999999999999,3.566965586129204,4.748237802569866
7.839999999999999,3.564634334406407,4.575255665793516
7.849999999999999,3.5641237133821484,4.40856829041754
7.8599999999999985,3.5653666506980053,4.247955531608343
7.869999999999999,3.5683009685482197,4.093203984350241
7.879999999999999,3.572869001958084,3.9441068789459792
7.889999999999999,3.5790172587401803,3.800463961368494
7.899999999999999,3.5866961155167965,3.6620813616335153
7.909999999999998,3.595859525769974,3.5287714651772126
7.919999999999999,3.6064647678800905,3.4003527696631286
7.929999999999999,3.61847220366054,3.2766497448715404
7.939999999999999,3.631845060775299,3.1574926873454916
7.949999999999998,3.6465492367714822,3.0427175710533803
7.959999999999999,3.6625531116856282,2.9321659022554027
7.969999999999999,3.6798273840987945,2.8256845680210163
7.979999999999999,3.698344914802633,2.723125688748498
7.989999999999998,3.718080584679607,2.6243464702207526
7.999999999999999,3.7390111659599903,2.529209055621125
8.009999999999998,3.7611151995199568,2.437580381808005
8.02,3.784372886109932,2.3493320342207187
8.03,3.8087659821693314,2.264340106466798
8.04,3.834277706374703,2.1824850605083888
8.049999999999999,3.860892655591928,2.1036515880212314
8.059999999999999,3.8885967231492855,2.0277284769725963
8.069999999999999,3.9173770155472205,1.9546084857091162
8.079999999999998,3.947221794958576,1.8841882074055216
8.089999999999998,3.9781204144030022,1.8163679451468728
8.1,4.010063251493366,1.7510515939565692
8.11,4.043041657529507,1.688146518869318
8.12,4.0770479101242625,1.6275634363579365
8.129999999999999,4.112075163472675,1.569216302722413
8.139999999999999,4.148117400658544,1.5130222064756746
8.149999999999999,4.185169399394257,1.4589012570712983
8.159999999999998,4.223226693080909,1.4067764816415078
8.169999999999998,4.262285532277504,1.356573726278612
8.179999999999998,4.302342854953193,1.3082215561633717
8.19,4.343396257070102,1.2616511599628404
8.2,4.385443962911215,1.2167962584901773
8.209999999999999,4.428484797892107,1.173593015865359
8.219999999999999,4.472518166725497,1.1319799515554299
8.229999999999999,4.517544030092644,1.0918978568976159
8.239999999999998,4.563562881844546,1.0532897152076826
8.249999999999998,4.610575731067745,1.0161006221086188
8.259999999999998,4.658584083911169,0.9802777095882611
8.27,4.707589925645313,0.945770073087747
8.28,4.75759570482241,0.912528700523878
8.29,4.808604319436662,0.8805064032200907
8.299999999999999,4.860619102869465,0.8496577498015155
8.309999999999999,4.913643810313102,0.819939002636048
8.319999999999999,4.967682607847087,0.7913080554574669
8.329999999999998,5.02274006131709,0.7637243737138432
8.339999999999998,5.0788211252066455,0.7371489373774008
8.349999999999998,5.135931133766452,0.7115441849707502
8.36,5.194075792763682,0.6868739595734359
8.37,5.2532611714879645,0.6631034569147543
8.379999999999999,5.313493693037629,0.6401991764739775
8.389999999999999,5.374780127439693,0.618128873184764
8.399999999999999,5.437127587631135,0.5968615096478793
8.409999999999998,5.500543522738315,0.5763672116084324
8.419999999999998,5.565035711507847,0.5566172253975884
8.429999999999998,5.630612255812414,0.5375838771360805
8.44,5.69728157871076,0.5192405306086683
8.45,5.765052419077367,0.5015615490819619
8.459999999999999,5.8339338276853185,0.48452225822316375
8.469999999999999,5.903935163823776,0.46809891125555525
8.479999999999999,5.975066091588648,0.452268652679986
8.489999999999998,6.0473365768679495,0.4370094852211589
8.499999999999998,6.120756884742101,0.4223002377392285
8.509999999999998,6.195337578716104,0.4081205353072571
8.52,6.271089516834227,0.39445076816053776
8.53,6.348023849970133,0.3812720630203118
8.54,6.426152020296446,0.36856625543781507
8.549999999999999,6.505485761161763,0.35631586413207533
8.559999999999999,6.586037094912172,0.34450406446518367
8.569999999999999,6.667818331724683,0.3331146635079739
8.579999999999998,6.750842068985115,0.32213207629199825
8.589999999999998,6.835121191519362,0.3115413037362926
8.599999999999998,6.920668870892612,0.3013279101948984
8.61,7.0074985647375865,0.2914780016574111
8.62,7.095624016906145,0.2819782054513188
8.629999999999999,7.185059258009776,0.27281565110373657
8.639999999999999,7.275818605860333,0.2639779515747152
8.649999999999999,7.367916665294315,0.25545318411177664
8.659999999999998,7.461368328971701,0.24722987295052906
8.669999999999998,7.556188778331059,0.23929697279142928
8.679999999999998,7.652393484826712,0.23164385316752434
8.69,7.749998210133319,0.22426028136538176
8.7,7.849019007484815,0.2171364077075802
8.709999999999999,7.9494722228386605,0.2102627508683979
8.719999999999999,8.051374496833962,0.20363018505309752
8.729999999999999,8.154742766710935,0.1972299273947083
8.739999999999998,8.259594266643003,0.19105352252492055
8.749999999999998,8.365946529937569,0.1850928310613688
8.759999999999998,8.473817390808362,0.1793400175042687
8.769999999999998,8.583224986714313,0.17378753977037487
8.78,8.694187760414865,0.16842813816852414
8.79,8.806724461547727,0.1632548233070436
8.799999999999999,8.920854149076373,0.1582608663776846
8.809999999999999,9.036596193570842,0.153439789146938
8.819999999999999,9.153970280095486,0.14878535577502183
8.829999999999998,9.272996410564753,0.14429156321011957
8.839999999999998,9.393694905994538,0.13995263136387467
8.849999999999998,9.516086409374715,0.13576299512380935
8.86,9.640191888436908,0.13171729613029387
8.87,9.766032638897945,0.12781037616951274
8.879999999999999,9.89363028720589,0.1240372688804805
8.889999999999999,10.023006793441702,0.12039319197747823
8.899999999999999,10.154184454554425,0.11687354058001338
8.909999999999998,10.287185907579662,0.11347388046900428
8.919999999999998,10.422034133201423,0.11018994269858953
8.929999999999998,10.55875245894027,0.10701761650895636
8.94,10.697364562582022,0.10395294314292435
8.95,10.837894475779688,0.10099211027443156
8.959999999999999,10.980366587700878,0.09813144649282192
8.969999999999999,11.124805649006712,0.09536741701907338
8.979999999999999,11.27123677541407,0.09269661757665767
8.989999999999998,11.419685451586057,0.09011576946469695
8.999999999999998,11.57017753513618,0.08762171494683736
9.009999999999998,11.722739260691961,0.08521141275366588
9.019999999999998,11.87739724417854,0.08288193449535206
9.03,12.034178486864489,0.08063045954931872
9.04,12.193110379679148,0.0784542711193673
9.049999999999999,12.354220707600364,0.07635075239113753
9.059999999999999,12.517537654137355,0.07431738291292464
9.069999999999999,12.683089806009402,0.07235173573079573
9.079999999999998,12.850906157565822,0.07045147284281938
9.089999999999998,13.021016115532408,0.06861434209405522
9.099999999999998,13.193449503797687,0.06683817397381264
9.11,13.368236568264606,0.0651208784455959
9.12,13.545407981994096,0.06346044300252908
9.129999999999999,13.72499485019086,0.06185492956175562
9.139999999999999,13.907028715131194,0.060302470721724045
9.149999999999999,14.091541561458973,0.058801267628406186
9.159999999999998,14.278565821462204,0.057349587394463816
9.169999999999998,14.468134380447612,0.055945760743839376
9.179999999999998,14.660280582284113,0.05458818049057909
9.189999999999998,14.8550382348138,0.053275298227507414
9.2,15.05244161548913,0.052005622333867754
9.209999999999999,15.252525477081186,0.05077771595109419
9.219999999999999,15.455325053460257,0.049590194925445655
9.229999999999999,15.66087606556803,0.048441726414797485
9.239999999999998,15.869214727395507,0.04733102711603778
9.249999999999998,16.08037775188873,0.04625686067551845
9.259999999999998,16.294402357153388,0.04521803634021762
9.269999999999998,16.511326272677874,0.04421340728379397
9.28,16.73118774565148,0.043241869061284646
9.29,16.95402554743414,0.04230235873145517
9.299999999999999,17.17987897997509,0.04139385267536153
9.309999999999999,17.408787882402812,0.04051536526081732
9.319999999999999,17.64079263770713,0.03966594757636287
9.329999999999998,17.875934179501456,0.03884468611225284
9.339999999999998,18.114253998888397,0.0380507017762698
9.349999999999998,18.355794151413367,0.037283148878095695
9.36,18.600597264078033,0.03654121342571146
9.37,18.848706542480585,0.03582411225926815
9.379999999999999,19.1001657780386,0.035131091985041274
9.389999999999999,19.355019355305995,0.03446142797791533
9.399999999999999,19.61331225940416,0.03381442388009353
9.409999999999998,19.875090083506738,0.03318941022072393
9.419999999999998,20.14039903643898,0.032585743519020806
9.429999999999998,20.409285950376425,0.03200280551824141
9.439999999999998,20.6817982886353,0.03144000236154113
9.45,20.95798415352662,0.03089676396177978
9.459999999999999,21.237892294294674,0.03037254345894892
9.469999999999999,21.521572115271884,0.029866816091081213
9.479999999999999,21.809073684013896,0.029379078685923692
9.489999999999998,22.10044773956253,0.028908849019522505
9.499999999999998,22.395745700798766,0.02845566521444192
9.509999999999998,22.695019674736237,0.028019085567923367
9.519999999999998,22.998322465218124,0.027598687608948607
9.53,23.30570758157972,0.027194067518818293
9.54,23.6172292473454,0.026804839734952117
9.549999999999999,23.932942409063966,0.026430636469883435
9.559999999999999,24.252902745240768,0.0260711072500377
9.569999999999999,24.5771666752198,0.025725918717491015
9.579999999999998,24.90579136781666,0.025394755023248314
9.589999999999998,25.238834751273373,0.025077316208865143
9.599999999999998,25.576355522302947,0.02477331827266786
9.609999999999998,25.91841315542207,0.024482492934498494
9.62,26.26506791241808,0.024204587352972005
9.629999999999999,26.61638085190876,0.023939363862353985
9.639999999999999,26.972413838228473,0.023686600221916827
9.649999999999999,27.33322955111378,0.023446089428004094
9.659999999999998,27.6988914964937,0.023217638891968272
9.669999999999998,28.06946401580058,0.02300107064579337
9.679999999999998,28.445012295893797,0.022796221227995166
9.689999999999998,28.825602379065057,0.02260294159066322
9.7,29.211301173003875,0.022421097084471233
9.709999999999999,29.602176459061003,0.022250568308975097
9.719999999999999,29.998296904278906,0.022091250233862544
9.729999999999999,30.399732071647783,0.021943052217976697
9.739999999999998,30.806552429938684,0.021805898284578355
9.749999999999998,31.21882936401052,0.02167972722653425
9.759999999999998,31.636635185174473,0.02156449273810661
9.769999999999998,32.060043140586835,0.021460163883756562
9.78,32.48912742096072,0.021366726117926414
9.79,32.923963175465836,0.021284180174058826
9.799999999999999,33.36462652049965,0.021212542847973057
9.809999999999999,33.8111945498251,0.02115184740887751
9.819999999999999,34.26374534491605,0.021102143988090252
9.829999999999998,34.72235798531087,0.02106350000496783
9.839999999999998,35.18711255462099,0.021036001750816
9.849999999999998,35.65809015150049,0.021019754733494878
9.859999999999998,36.1353729041783,0.021014883142576712
9.87,36.619043977808474,0.021021531201708032
9.879999999999999,37.109187584298404,0.02103986391982601
9.889999999999999,37.60588899206679,0.021070067897344842
9.899999999999999,38.10923453485089,0.021112352391945925
9.909999999999998,38.61931161065932,0.021166952720049627
9.919999999999998,39.136208702052514,0.021234128722862365
9.929999999999998,39.66001538428503,0.02131416609997504
9.939999999999998,40.19082233171078,0.02140737818490329
9.95,40.728721326012256,0.02151410733206274
9.959999999999999,41.27380526420406,0.021634726392664918
9.969999999999999,41.82616816001695,0.021769641719613677
9.979999999999999,42.385905137799625,0.02191929789516109
9.989999999999998,42.953112463146816,0.02208417422489759
9.999999999999998,43.52788753955071,0.02226478892125892
10.009999999999998,44.110328912694214,0.022461701603197975
10.019999999999998,44.70053627505641,0.022675515762568224
10.029999999999998,45.29861046995575,0.022906881393976605
10.04,45.90465347527458,0.023156502225804423
10.049999999999999,46.51876840738857,0.023425138449322005
10.059999999999999,47.141059536428365,0.023713606938955953
10.069999999999999,47.771632275355486,0.02402278739095987
10.079999999999998,48.41059317644235,0.024353626835254372
10.089999999999998,49.058049925155196,0.024707144745665273
10.099999999999998,49.714111332718176,0.025084438483223427
10.109999999999998,50.378887330660824,0.02548668838581645
10.12,51.05248896022813,0.025915163987828692
10.129999999999999,51.73502836118946,0.026371230425947207
10.139999999999999,52.42661874873401,0.026856357679127793
10.149999999999999,53.12737436663122,0.0273721354386817
10.159999999999998,53.837410498463335,0.027920274244991997
10.169999999999998,54.5568434297698,0.028502618253253165
10.179999999999998,55.285790416000644,0.02912115654239466
10.189999999999998,56.024369651716725,0.029778033539241137
10.2,56.77270022803043,0.03047556337306504
10.209999999999999,57.53090209024931,0.031216243496852553
10.219999999999999,58.29909598912503,0.032002769861625105
10.229999999999999,59.07740338662715,0.032838064098108896
10.239999999999998,59.8659464152256,0.033725286250201277
10.249999999999998,60.66484781347172,0.03466785364021597
10.259999999999998,61.47423083879433,0.035669465599680344
10.269999999999998,62.29421914164708,0.036734136014294476
10.279999999999998,63.12493666525881,0.03786622082154078
10.29,63.96650755722618,0.03907044332619281
10.299999999999999,64.81905602964584,0.04035193046914602
10.309999999999999,65.68270619391241,0.041716256270365716
10.319999999999999,66.55758186310578,0.04316949351443059
10.329999999999998,67.44380641080598,0.04471824986053192
10.339999999999998,68.34150254713322,0.04636972528939296
10.349999999999998,69.25079207018936,0.04813177315375963
10.359999999999998,70.17179562462714,0.050012962515091325
10.37,71.10463241914225,0.05202264869709622
10.379999999999999,72.04941985088819,0.05417106835202159
10.389999999999999,73.00627314807069,0.05646942861009721
10.399999999999999,73.97530500622891,0.05892999678358506
10.409999999999998,74.95662509967907,0.06156622186516285
10.419999999999998,75.95033950196657,0.06439287719932066
10.429999999999998,76.95655020778057,0.0674261795774678
10.439999999999998,77.9753544797621,0.0706839502869536
10.45,79.00684403494294,0.07418581790106893
10.459999999999999,80.05110426596977,0.07795341058698478
10.469999999999999,81.10821333998699,0.08201057876426729
10.479999999999999,82.17824116357436,0.08638364987825126
10.489999999999998,83.26124825993833,0.0911017071302742
10.499999999999998,84.35728441019019,0.09619692771068016
10.509999999999998,85.46638716071782,0.10170495454603637
10.519999999999998,86.58858026204459,0.10766528306072556
10.529999999999998,87.72387167968473,0.11412175695076283
10.54,88.87225156503175,0.12112307426784286
10.549999999999999,90.03368989861822,0.1287233768232638
10.559999999999999,91.20813366049245,0.136982962464766
10.569999999999999,92.39550387298245,0.14596902645296983
10.579999999999998,93.59569210953912,0.15575653822567087
10.589999999999998,94.80855663518433,0.16642921476119793
10.599999999999998,96.03391784892584,0.17808067576943806
10.609999999999998,97.27155331157408,0.19081570253283978
10.62,98.52119195271824,0.20475170778096097
10.629999999999999,99.78250756661515,0.22002039000865728
10.639999999999999,101.055111394375,0.23676962588947953
10.649999999999999,102.33854361718076,0.25516564487635124
10.659999999999998,103.63226387944145,0.27539545332558957
10.669999999999998,104.93564005527904,0.29766971594377445
10.679999999999998,106.24793589721864,0.3222259282751198
10.689999999999998,107.56829684815285,0.34933206709458337
10.699999999999998,108.89573366773658,0.3792908081097194
10.709999999999999,110.2291039247101,0.41244429922579007
10.719999999999999,111.56709083701173,0.4491796200833246
10.729999999999999,112.90817927805301,0.48993497815797094
10.739999999999998,114.25062825563921,0.5352068165769479
10.749999999999998,115.59243985783927,0.5855578321289361
10.759999999999998,116.93132367234102,0.6416261509156338
10.769999999999998,118.26465670964939,0.7041356532136187
10.779999999999998,119.58943788878544,0.7739076746071524
10.79,120.90223668840322,0.8518741581153263
10.799999999999999,122.19913544801166,0.9390923912204526
10.809999999999999,123.47566465434652,1.0367614114866741
10.819999999999999,124.72673090511118,1.1462401868565968
10.829999999999998,125.94653719558649,1.2690674815462408
10.839999999999998,127.12849521183587,1.4069835352721598
10.849999999999998,128.26513062796016,1.5619529485652333
10.859999999999998,129.34798085359427,1.736189029425408
10.87,130.3674876339976,1.9321785006480612
10.879999999999999,131.31288704030985,2.1527056390972494
10.889999999999999,132.17209881700293,2.4008751646814606
10.899999999999999,132.9316221594205,2.680131203161737
10.909999999999998,133.57644369491078,2.9942705244437477
10.919999999999998,134.08996753426706,3.3474465617033484
10.929999999999998,134.45397985886785,3.74416017316317
10.939999999999998,134.6486635092883,4.189232112612358
10.949999999999998,134.65268134572258,4.687751241275757
10.959999999999999,134.4433506097994,5.244991614103227
10.969999999999999,133.99693266117814,5.8662911207340995
10.979999999999999,133.2890637920794,6.556884371181081
10.989999999999998,132.295350481447,7.32168366546328
10.999999999999998,130.99214832308604,8.165003930484174
11.009999999999998,129.35753033283862,9.090232672073924
11.019999999999998,127.37244011187865,10.099449887448685
11.029999999999998,125.02199417853878,11.193013983468639
11.04,122.29687490638948,12.36913757639873
11.049999999999999,119.19472067928977,13.623488508944751
11.059999999999999,115.72139120249432,14.948860209757765
11.069999999999999,111.89196142685441,16.33496209834409
11.079999999999998,107.73129299464881,17.768379566755133
11.089999999999998,103.27404969747775,19.23274399051762
11.099999999999998,98.56406126344737,20.70913659453499
11.109999999999998,93.65301218231565,22.17672209237533
11.119999999999997,88.59851258773514,23.613578236249428
11.129999999999999,83.4616918770341,24.997658204783
11.139999999999999,78.30452950196037,26.30779892126789
11.149999999999999,73.18716592409318,27.524682273972804
11.159999999999998,68.16544578868059,28.631658084428214
11.169999999999998,63.28889881857923,29.61535977012823
11.179999999999998,58.599297804013275,30.466071890362752
11.189999999999998,54.1298502535847,31.17784171671067
11.199999999999998,49.90500279136115,31.748356102691876
11.209999999999999,45.940772181140105,32.17862827952355
11.219999999999999,42.24548388216946,32.472548378163864
11.229999999999999,38.82078065515919,32.636356409273645
11.239999999999998,35.66276469968034,32.67809264231307
11.249999999999998,32.76317189898591,32.60706372587401
11.259999999999998,30.110485798162497,32.43335892077874
11.269999999999998,27.690941915312873,32.167431698503506
11.279999999999998,25.489387213531,31.81975680543014
11.29,23.489987114098938,31.400561787969714
11.299999999999999,21.676782290510886,30.91962815050323
11.309999999999999,20.034109359485196,30.386153700662216
11.319999999999999,18.546903377683197,29.808666006189906
11.329999999999998,17.20090149400747,29.194977385893516
11.339999999999998,15.982768182676788,28.552171621964533
11.349999999999998,14.88015885501705,27.886614555954424
11.359999999999998,13.881737801780458,27.20398141728799
11.369999999999997,12.977162903337414,26.50929538164349
11.379999999999999,12.157047548580756,25.806972906547593
11.389999999999999,11.412907763169805,25.10087248977528
11.399999999999999,10.737100692138283,24.39434438532107
11.409999999999998,10.122758944682122,23.69027953115697
11.419999999999998,9.563724069837424,22.991156494848774
11.429999999999998,9.054481488314629,22.29908564157203
11.439999999999998,8.590098289128179,21.61585015260352
11.449999999999998,8.166164820871888,20.94294367080882
11.459999999999999,7.778740597898205,20.28160454544604
11.469999999999999,7.424304722442497,19.63284675813209
11.479999999999999,7.0997108294785525,18.99748768641624
11.489999999999998,6.802146343509359,18.37617293052701
11.499999999999998,6.529095872943695,17.769398409854023
11.509999999999998,6.278308437239328,17.17752997240655
11.519999999999998,6.047768220808869,16.600820746415685
11.529999999999998,5.835668522135856,16.03942646992545
11.539999999999997,5.640388585321068,15.493419007869214
11.549999999999999,5.460473103366706,14.962798221763656
11.559999999999999,5.294613975446099,14.447502428990987
11.569999999999999,5.141634171597732,13.94741757056138
11.579999999999998,5.0004734576627925,13.462385242916886
11.589999999999998,4.870175729449003,12.992209740567828
11.599999999999998,4.749877810089651,12.536664211490452
11.609999999999998,4.638799525829651,12.095496038744736
11.619999999999997,4.536234910597083,11.668431536676554
11.629999999999999,4.441544410603619,11.255180045730084
11.639999999999999,4.3541479676997525,10.855437500596096
11.649999999999999,4.2735188829524065,10.468889530076778
11.659999999999998,4.19917836246355,10.095214150946758
11.669999999999998,4.13069066689873,9.734084104102502
11.679999999999998,4.067658817683307,9.38516885977183
11.689999999999998,4.009720725363069,9.048136379827088
11.699999999999998,3.9565457924695027,8.72265459855103
11.709999999999999,3.9078318414473574,8.408392717524732
11.719999999999999,3.863302391819852,8.105022299077703
11.729999999999999,3.822704224413345,7.812218196429915
11.739999999999998,3.7858051840739377,7.529659350715022
11.749999999999998,3.752392242354656,7.257029440728794
11.759999999999998,3.7222697197910373,6.9940174484800774
11.769999999999998,3.695257734052762,6.740318098523912
11.779999999999998,3.6711907598239963,6.495632241187119
11.789999999999997,3.6499163754146307,6.259667134674084
11.799999999999999,3.631294097325763,6.032136685977153
11.809999999999999,3.615194358736884,5.812761615687596
11.819999999999999,3.6014975651208756,5.601269588002509
11.829999999999998,3.5900932565666652,5.397395287818776
11.839999999999998,3.5808793405276047,5.20088046690608
11.849999999999998,3.5737614015599273,5.011473954857636
11.859999999999998,3.56865207349399,4.828931643615423
11.869999999999997,3.56547047143684,4.653016447070891
11.879999999999999,3.5641416857753243,4.48349823420719
11.889999999999999,3.564596290620158,4.3201537649437896
11.899999999999999,3.566769933893135,4.162766586788127
11.909999999999998,3.57060294628996,4.011126930866515
11.919999999999998,3.576039977844293,3.8650316016134103
11.929999999999998,3.583029688112275,3.7242838441575623
11.939999999999998,3.591524438798763,3.588693220864795
11.949999999999998,3.601480028174678,3.458075471808876
11.959999999999997,3.612855447295583,3.3322523716981043
11.969999999999999,3.6256126464083844,3.211051590326023
11.979999999999999,3.6397163350421837,3.0943065415617834
11.989999999999998,3.655133787815476,2.9818562378200606
11.999999999999998,3.671834669403982,2.8735451415824214
12.009999999999998,3.6897908778523814,2.7692230143291274
12.019999999999998,3.7089763928242068,2.6687447712856867
12.029999999999998,3.7293671431325928,2.5719703318249563
12.039999999999997,3.750940881316653,2.478764473647805
12.049999999999999,3.77367706680394,2.38899668927278
12.059999999999999,3.7975567626467086,2.302541041855726
12.069999999999999,3.8225625354860124,2.2192760263167464
12.079999999999998,3.848678366138599,2.13908443077276
12.089999999999998,3.8758895663071717,2.061853201016495
12.099999999999998,3.904182699538626,1.9874733090107113
12.109999999999998,3.933545513511554,1.9158396208913844
12.119999999999997,3.9639668750419346,1.8468507694041
12.129999999999999,3.995436701740929,1.7804090344844463
12.139999999999999,4.0279459084454965,1.7164202204651562
12.149999999999999,4.061486359394549,1.6547935353419925
12.159999999999998,4.096050817400483,1.5954414773809547
12.169999999999998,4.131632892022893,1.5382797276688716
12.179999999999998,4.168227005670261,1.4832270364725315
12.189999999999998,4.205828353942277,1.4302051181749915
12.199999999999998,4.244432865686415,1.3791385512724208
12.209999999999997,4.284037169817991,1.329954678647743
12.219999999999999,4.3246385673813315,1.2825835089468582
12.229999999999999,4.366235001347956,1.2369576237926099
12.239999999999998,4.4088250264169995,1.1930120892034013
12.249999999999998,4.452407787255696,1.1506843656029582
12.259999999999998,4.496982995049084,1.1099142228589953
12.269999999999998,4.54255090423497,1.0706436587301675
12.279999999999998,4.589112291823955,1.0328168193692375
12.289999999999997,4.636668440434212,0.996379921209083
12.299999999999999,4.685221120191918,0.9612811766576363
12.309999999999999,4.734772570861538,0.9274707230928249
12.319999999999999,4.785325488037083,0.8949005522240199
12.329999999999998,4.836883009100313,0.8635244427266147
12.339999999999998,4.8894486994483275,0.8332978955117474
12.349999999999998,4.9430265397349755,0.8041780711324834
12.359999999999998,4.997620915552882,0.7761237285933731
12.369999999999997,5.053236606563902,0.7490951668948327
12.379999999999997,5.109878775912377,0.7230541688899742
12.389999999999999,5.167552961638915,0.6979639464093625
12.399999999999999,5.226265068352124,0.6737890875316621
12.409999999999998,5.286021358932907,0.6504955059836878
12.419999999999998,5.346828446856592,0.6280503923169116
12.429999999999998,5.408693290585237,0.6064221661165319
12.439999999999998,5.4716231872724,0.5855804304554795
12.449999999999998,5.535625766965662,0.5654959279670275
12.459999999999997,5.600708984395675,0.546140499792594
12.469999999999999,5.666881117420903,0.5274870432136178
12.479999999999999,5.734150762371174,0.5095094723312175
12.489999999999998,5.802526829920234,0.49218268007919214
12.499999999999998,5.872018539396764,0.47548250289248783
12.509999999999998,5.9426354160645625,0.45938568496965926
12.519999999999998,6.0143872893285275,0.44386984337600255
12.529999999999998,6.087284289222145,0.4289134356221495
12.539999999999997,6.1613368439775655,0.41449572853971783
12.549999999999999,6.236555677966909,0.40059676900517294
12.559999999999999,6.312951809344936,0.3871973528440789
12.569999999999999,6.390536548307584,0.37427899712406004
12.579999999999998,6.469321495577574,0.36182391302048433
12.589999999999998,6.549318542648482,0.3498149810818442
12.599999999999998,6.630539869322354,0.33823572473328967
12.609999999999998,6.712997942787747,0.3270702859522937
12.619999999999997,6.7967055170769335,0.3163034020054223
12.629999999999997,6.881675633401792,0.30592038385390247
12.639999999999999,6.96792161988672,0.2959070945235691
12.649999999999999,7.055457090542043,0.286249927241375
12.659999999999998,7.144295945661139,0.2769357857301848
12.669999999999998,7.234452372198383,0.2679520651300983
12.679999999999998,7.325940844914421,0.25928663452119716
12.689999999999998,7.4187761258433715,0.25092781750997206
12.699999999999998,7.512973265205503,0.24286437535214603
12.709999999999997,7.608547602222655,0.2350854903856584
12.719999999999999,7.705514766677517,0.227580751192832
12.729999999999999,7.803890679513077,0.22034013640637462
12.739999999999998,7.903691553896985,0.2133539996955874
12.749999999999998,8.004933896620614,0.20661305568307775
12.759999999999998,8.107634509831644,0.20010836692130088
12.769999999999998,8.211810492708782,0.19383133100216945
12.779999999999998,8.317479242554334,0.18777366663152467
12.789999999999997,8.424658456751581,0.18192740184059536
12.799999999999997,8.53336613457142,0.1762848620845147
12.809999999999999,8.643620579725404,0.17083866033478673
12.819999999999999,8.755440402509558,0.16558168635754272
12.829999999999998,8.868844521223002,0.16050709439965102
12.839999999999998,8.983852164782425,0.15560829391901512
12.849999999999998,9.100482875065829,0.15087893979814243
12.859999999999998,9.218756509718139,0.1463129240902062
12.869999999999997,9.338693244658362,0.1419043668737543
12.879999999999997,9.46031357640155,0.13764760656610864
12.889999999999999,9.583638324949568,0.1335371920801642
12.899999999999999,9.708688636597117,0.12956787474080472
12.909999999999998,9.835485987218792,0.1257346018105341
12.919999999999998,9.964052185149827,0.12203250865899609
12.929999999999998,10.094409374025231,0.11845691078179267
12.939999999999998,10.226580036097912,0.11500329739549889
12.949999999999998,10.360586995493101,0.11166732479388639
12.959999999999997,10.49645342182562,0.10844481105520998
12.969999999999999,10.634202833503268,0.10533172941352088
12.979999999999999,10.773859101115116,0.10232420186565912
12.989999999999998,10.915446451115672,0.09941849383979466
12.999999999999998,11.058989469504278,0.09661100873532948
13.009999999999998,11.20451310577365,0.09389828359523915
13.019999999999998,11.352042676643238,0.09127698350887156
13.029999999999998,11.50160386992695,0.08874389646797447
13.039999999999997,11.653222748588263,0.08629592893205644
13.049999999999997,11.806925754831063,0.08393010134186422
13.059999999999999,11.96273971446821,0.08164354468518362
13.069999999999999,12.120691841034724,0.07943349571016904
13.079999999999998,12.280809740087197,0.07729729276437779
13.089999999999998,12.443121413664947,0.07523237214495153
13.099999999999998,12.607655264792513,0.07323626442164677
13.109999999999998,12.774440102175422,0.07130659158030131
13.119999999999997,12.943505144769098,0.06944106303691193
13.129999999999997,13.11488002651374,0.06763747229404558
13.139999999999999,13.288594801180702,0.06589369390245235
13.149999999999999,13.464679947287982,0.06420768046258671
13.159999999999998,13.643166373217744,0.06257746043482877
13.169999999999998,13.824085422157268,0.06100113455672368
13.179999999999998,14.007468877259383,0.05947687315868037
13.189999999999998,14.193348966899237,0.058002913658096025
13.199999999999998,14.38175836998951,0.05657755800514829
13.209999999999997,14.572730221455542,0.05519917065449337
13.219999999999999,14.766298117900927,0.053866177230291024
13.229999999999999,14.962496122891869,0.05257706062453224
13.239999999999998,15.161358772722174,0.051330359426642644
13.249999999999998,15.362921082171045,0.05012466590475617
13.259999999999998,15.567218550335815,0.048958623997448984
13.269999999999998,15.774287166606527,0.0478309279987449
13.279999999999998,15.98416341666407,0.046740320622938626
13.289999999999997,16.19688428852101,0.04568559065238138
13.299999999999997,16.41248727873121,0.0446655715550959
13.309999999999999,16.63101039865727,0.043679139838072846
13.319999999999999,16.852492180835284,0.042725213516326244
13.329999999999998,17.076971685557126,0.041802751433929905
13.339999999999998,17.304488507279107,0.04091075100862281
13.349999999999998,17.535082781253294,0.04004824684995282
13.359999999999998,17.76879519027402,0.03921430957920038
13.369999999999997,18.005666971490022,0.03840804453784876
13.379999999999997,18.245739923317306,0.037628590726121465
13.389999999999999,18.489056412460375,0.03687512010697766
13.399999999999999,18.73565938096169,0.036146835712504176
13.409999999999998,18.985592353397028,0.03544297081547388
13.419999999999998,19.238899444152153,0.03476278791666589
13.429999999999998,19.495625364791717,0.034105577736986414
13.439999999999998,19.755815431505052,0.03347065860080295
13.449999999999998,20.019515572662485,0.03285737551045046
13.459999999999997,20.286772336483757,0.032265098888663746
13.469999999999997,20.55763289877322,0.031693223942944354
13.479999999999999,20.83214507075996,0.031141169860837804
13.489999999999998,21.11035730702996,0.030608379063580264
13.499999999999998,21.39231871350495,0.030094316920229777
13.509999999999998,21.678079055614067,0.02959847064541684
13.519999999999998,21.9676887665165,0.02912034862196674
13.529999999999998,22.26119895540767,0.028659479862741588
13.539999999999997,22.55866141593268,0.028215413408872084
13.549999999999997,22.860128634646216,0.02778771785268535
13.559999999999999,23.16565379946302,0.02737598109548994
13.569999999999999,23.475290808571547,0.026979809401592766
13.579999999999998,23.78909427914824,0.026598827062919012
13.589999999999998,24.107119556226195,0.026232675969732982
13.599999999999998,24.42942272167,0.025881015183836002
13.609999999999998,24.7560606029812,0.025543520830102508
13.619999999999997,25.087090782464205,0.02521988571206695
13.629999999999997,25.422571606801537,0.024909818596005537
13.639999999999999,25.762562196206474,0.024613044093760833
13.649999999999999,26.1071224538469,0.02432930236624376
13.659999999999998,26.456313075362935,0.024058348846186586
13.669999999999998,26.810195558448818,0.023799954001528123
13.679999999999998,27.168832211373108,0.023553904028161723
13.689999999999998,27.532286163607548,0.023319999967334488
13.699999999999998,27.90062137603141,0.0230980572469039
13.709999999999997,28.273902650432735,0.02288790586563097
13.719999999999997,28.65219563947708,0.022689390294976824
13.729999999999999,29.035566856757367,0.022502369402574496
13.739999999999998,29.424083686696324,0.022326716487575785
13.749999999999998,29.817814392466698,0.022162320159163664
13.759999999999998,30.216828128772054,0.022009083328107627
13.769999999999998,30.621194951797555,0.021866923377835794
13.779999999999998,31.0309858290795,0.021735772417987246
13.789999999999997,31.446272649831958,0.021615577404966613
13.799999999999997,31.86712823532836,0.021506300289047226
13.809999999999999,32.293626348402604,0.02140791848994908
13.819999999999999,32.725841700552515,0.02132042619063905
13.829999999999998,33.16384996741994,0.021243832964935667
13.839999999999998,33.60772779755576,0.021178164618075947
13.849999999999998,34.05755282243965,0.021123463662707002
13.859999999999998,34.51340366681378,0.021079789733731393
13.869999999999997,34.97535995902229,0.02104722004099379
13.879999999999997,35.44350233815979,0.021025850656691807
13.889999999999997,35.91791246088286,0.021015797925277527
13.899999999999999,36.398673019878196,0.02101719700450033
13.909999999999998,36.8858677500716,0.021030203501290142
13.919999999999998,37.379581438246205,0.021054994294944212
13.929999999999998,37.879899932705776,0.021091768385764764
13.939999999999998,38.386910152846205,0.02114074780310075
13.949999999999998,38.90070008942029,0.02120218072235701
13.959999999999997,39.421358815610404,0.02127634209773352
13.969999999999997,39.94897650488403,0.021363532749414937
13.979999999999999,40.48364443391063,0.021464081972942153
13.989999999999998,41.025454990568186,0.021578348997402984
13.999999999999998,41.57450168170614,0.02170672453686144
14.009999999999998,42.13087914011046,0.021849632559237452
14.019999999999998,42.69468311485364,0.022007535836488307
14.029999999999998,43.26601048820788,0.02218093554748409
14.039999999999997,43.84495928478486,0.022370372669684942
14.049999999999997,44.43162867109555,0.022576431566324075
14.059999999999999,45.02611895883346,0.022799742771716664
14.069999999999999,45.628531605451876,0.02304098639673251
14.079999999999998,46.23896921061341,0.023300896456903045
14.089999999999998,46.85753552450908,0.023580262726895222
14.099999999999998,47.48433544474966,0.02387993506771047
14.109999999999998,48.119475014579805,0.024200827519888158
14.119999999999997,48.76306142006071,0.024543922669929014
14.129999999999997,49.415202964051346,0.024910281473137903
14.139999999999997,50.07600906582399,0.02530104709920259
14.149999999999999,50.74559026137212,0.02571744863895963
14.159999999999998,51.42405818399172,0.02616080945203929
14.169999999999998,52.111525548645396,0.026632554555840203
14.179999999999998,52.80810613146175,0.027134218776577304
14.189999999999998,53.513914752648255,0.02766745504174988
14.199999999999998,54.22906725278325,0.02823404360519687
14.209999999999997,54.953680466775104,0.02883590189166256
14.219999999999997,55.68787217133223,0.029475101115648612
14.229999999999999,56.431761043035785,0.030153880106877973
14.239999999999998,57.18546664417073,0.03087465193382842
14.249999999999998,57.9491093641274,0.031640021850384274
14.259999999999998,58.72281036379592,0.03245280419720645
14.269999999999998,59.50669147077214,0.03331604998338857
14.279999999999998,60.3008751506118,0.0342330582662532
14.289999999999997,61.105484429376766,0.035207398117464754
14.299999999999997,61.920642803554934,0.03624293343399845
14.309999999999997,62.74647412486218,0.03734385425996157
14.319999999999999,63.5831024521212,0.03851471634787029
14.329999999999998,64.43065197294655,0.039760462628144186
14.339999999999998,65.28924684616916,0.04108646472342121
14.349999999999998,66.15901103780874,0.04249856447352262
14.359999999999998,67.04006815059306,0.044003118412415373
14.369999999999997,67.93254123603947,0.04560704622821799
14.379999999999997,68.83655256903117,0.04731788794963002
14.389999999999997,69.75222334322196,0.049143881961386214
14.399999999999999,70.67967343974188,0.05109402275042659
14.409999999999998,71.61902110521488,0.053178141647664726
14.419999999999998,72.57038260713105,0.05540699093488326
14.429999999999998,73.5338718512531,0.05779234038019744
14.439999999999998,74.50959994414114,0.06034708570907665
14.449999999999998,75.4976746520546,0.06308538519984502
14.459999999999997,76.49819991923073,0.06602277703700181
14.469999999999997,77.51127523607482,0.06917633604309846
14.479999999999999,78.53699489062572,0.07256485718406788
14.489999999999998,79.57544727177057,0.07620902896174822
14.499999999999998,80.62671397945334,0.08013165335994012
14.509999999999998,81.69086878099415,0.08435790635161912
14.519999999999998,82.76797661950009,0.08891558116186372
14.529999999999998,83.85809235746076,0.0938354003665415
14.539999999999997,84.961259267823,0.09915139056917202
14.549999999999997,86.0775075536436,0.10490124992962442
14.559999999999997,87.20685257395043,0.11112679099851203
14.569999999999999,88.34929288128461,0.11787442968265244
14.579999999999998,89.50480793051568,0.12519575794597396
14.589999999999998,90.67335545926029,0.13314820038587824
14.599999999999998,91.85486872428541,0.14179570688951443
14.609999999999998,93.04925310225535,0.15120960784133639
14.619999999999997,94.25638250798255,0.16146951533300005
14.629999999999997,95.47609509541024,0.17266441087003545
14.639999999999997,96.70818852517526,0.18489384327889297
14.649999999999999,97.95241464858373,0.19826927570940767
14.659999999999998,99.20847310917523,0.21291571280700092
14.669999999999998,100.47600447200624,0.22897345038687134
14.679999999999998,101.75458231636456,0.24660009495495247
14.689999999999998,103.04370413846647,0.2659728896701803
14.699999999999998,104.3427808814104,0.2872913979919289
14.709999999999997,105.65112527733409,0.3107804954245508
14.719999999999997,106.9679383472316,0.3366938394699791
14.729999999999997,108.29229411841794,0.3653178049347097
14.739999999999998,109.62312215510444,0.39697598837546044
14.749999999999998,110.95918763290227,0.43203434687857456
14.759999999999998,112.29906864998446,0.4709070555840518
14.769999999999998,113.64113035480392,0.5140631890732902
14.779999999999998,114.98349560594225,0.5620342995732646
14.789999999999997,116.32401141114218,0.6154230742135863
14.799999999999997,117.66021111151677,0.6749130888660481
14.809999999999997,118.98927120216663,0.7412799100737126
14.819999999999999,120.30796290999456,0.8154035354537268
14.829999999999998,121.61259725133802,0.898282424000029
14.839999999999998,122.8989637251772,0.9910491269789499
14.849999999999998,124.1622615697752,1.094987629988818
14.859999999999998,125.3970234721364,1.211552553084465
14.869999999999997,126.59703175662108,1.3423898564969492
14.879999999999997,127.75522659314679,1.4893593221079156
14.889999999999997,128.86360685302174,1.6545583936538424
14.899999999999999,129.9131253307779,1.8403465669679535
14.909999999999998,130.89357916450786,2.049370107028952
14.919999999999998,131.7934990446971,2.2845856441242507
14.929999999999998,132.60004141874577,2.54928115668109
14.939999999999998,133.2988897851402,2.8470921996588157
14.949999999999998,133.87417337209422,3.1820105591054904
14.959999999999997,134.30841445579168,3.5583815458423413
14.969999999999997,134.5825180337761,3.980885492307372
14.979999999999997,134.67582136002179,4.4544977911172445
14.989999999999998,134.56622420957322,4.984420959561345
14.999999999999998,134.2304230814242,5.575981666988283
15.009999999999998,133.64427449690274,6.234485350139343
15.019999999999998,132.78331358932797,6.96502119958447
15.029999999999998,131.62344704546118,7.7722130726012475
15.039999999999997,130.14183599010985,8.659913818317838
15.049999999999997,128.31796768335857,9.630846615428483
15.059999999999997,126.13489547244411,10.686204019294243
15.069999999999999,123.58060024744265,11.825224591056294
15.079999999999998,120.64939542213304,13.044777453189106
15.089999999999998,117.34326569195665,14.338995245043353
15.099999999999998,113.6730029779039,15.699003665557484
15.109999999999998,109.6589884065262,17.112798518371473
15.119999999999997,105.33147449244696,18.56531636456406
15.129999999999997,100.73025227746712,20.03873096917156
15.139999999999997,95.9036448896908,21.512984872731025
15.149999999999997,90.9068460414023,22.966536285075975
15.159999999999998,85.79970817311806,24.377270546984313
15.169999999999998,80.64416263973645,25.723499336988613
15.179999999999998,75.50150800346411,26.984955028643085
15.189999999999998,70.42981938467582,28.14368635152475
15.199999999999998,65.48170874303017,29.184775134350044
15.209999999999997,60.702608723501456,30.096819468711928
15.219999999999997,56.12967475210717,30.872160496237818
15.229999999999997,51.79131824453169,31.5068616137244
15.239999999999998,47.70731249846879,32.00047490175026
15.249999999999998,43.8893631580193,32.355646181829755
15.259999999999998,40.34201000015168,32.57761674102845
15.269999999999998,37.06372431663305,32.6736776394662
15.279999999999998,34.04808076461065,32.65262417245526
15.289999999999997,31.28490717142073,32.52424643968449
15.299999999999997,28.76134393626278,32.29887964662227
15.309999999999997,26.46277153092606,31.987026558816154
15.319999999999999,24.37358675787605,31.59905566058301
15.329999999999998,22.477827195584624,31.144971348839537
15.339999999999998,20.7596511946276,30.634249875870825
15.349999999999998,19.20369148094019,30.075730890300193
15.359999999999998,17.79530131191913,29.47755474108323
15.369999999999997,16.520712986189483,28.847135881740716
15.379999999999997,15.367127458543582,28.191163526079123
15.389999999999997,14.32275123571985,27.515622170450023
15.399999999999997,13.37679473839303,26.82582568380557
15.409999999999998,12.519443451240917,26.12646002520546
15.419999999999998,11.741810902843616,25.421630820002765
15.429999999999998,11.035880376474871,24.714912903418753
15.439999999999998,10.394440723257318,24.009399756588834
15.449999999999998,9.811019880924311,23.307751479272188
15.459999999999997,9.279818904980722,22.612240298408327
15.469999999999997,8.795648321429386,21.924793050722286
15.479999999999997,8.353867925295653,21.247030364053906
15.489999999999998,7.950330672330199,20.580302449427293
15.499999999999998,7.581331052273815,19.925721512919196
15.509999999999998,7.243557985361868,19.28419093301763
15.519999999999998,6.93405215251635,18.65643139150298
15.529999999999998,6.650167541130579,18.0430041822199
15.539999999999997,6.389536979948224,17.44433191521711
15.549999999999997,6.150041306419066,16.860716875919014
15.559999999999997,5.929781927836615,16.292357234402655
15.569999999999999,5.727056379901609,15.739361362065338
15.579999999999998,5.540336643714447,15.201760429164487
15.589999999999998,5.368249909029873,14.67951948422226
15.599999999999998,5.209561524978571,14.172547183769618
15.609999999999998,5.0631599005706125,13.680704325749371
15.619999999999997,4.9280431320641505,13.203811325608266
15.629999999999997,4.803307161660967,12.741654760163343
15.639999999999997,4.688135288164051,12.293993090767072
15.649999999999997,4.581788882664386,11.860561653799653
15.659999999999998,4.483599153278094,11.441077020567453
15.669999999999998,4.39295982234913,11.035240815675758
15.679999999999998,4.30932070935469,10.642742966697504
15.689999999999998,4.232181892376704,10.263264649006697
15.699999999999998,4.161088648925191,9.896480735178924
15.709999999999997,4.095626944778378,9.542061921846235
15.719999999999997,4.035419252409454,9.199676691404731
15.729999999999997,3.9801211129052163,8.868992796829762
15.739999999999998,3.9294177941606123,8.549678724614612
15.749999999999998,3.8830214540832815,8.241404851216243
15.759999999999998,3.840668632527376,7.943844409080115
15.769999999999998,3.8021178339945947,7.65667441617305
15.779999999999998,3.7671475948555915,7.379576315376655
15.789999999999997,3.7355545649791164,7.112236620388512
15.799999999999997,3.707151861890563,6.854347406902206
15.809999999999997,3.681767629931924,6.605606690923703
15.819999999999997,3.6592436296172868,6.3657188017604165
15.829999999999998,3.6394341014237375,6.134394598606986
15.839999999999998,3.62220464588393,5.9113516902103305
15.849999999999998,3.6074312426839503,5.696314581774934
15.859999999999998,3.594999395894487,5.489014756926377
15.869999999999997,3.584803294806657,5.289190762322965
15.879999999999997,3.5767451241043102,5.096588212899766
15.889999999999997,3.5707343938673115,4.91095979695487
15.899999999999997,3.5666873407347315,4.732065249394647
15.909999999999998,3.564526405841086,4.55967128946882
15.919999999999998,3.5641797239200046,4.393551563193394
15.929999999999998,3.5655806935081356,4.233486547149555
15.939999999999998,3.568667565486074,4.079263452199287
15.949999999999998,3.5733830691310566,3.930676114992042
15.959999999999997,3.5796740848406077,3.787524871277893
15.969999999999997,3.5874913255664698,3.6496164344792397
15.979999999999997,3.5967890629892083,3.5167637567311645
15.989999999999998,3.607524868371767,3.3887858909441047
15.999999999999998,3.619659374006379,3.26550784991096
16.009999999999998,3.633156062978055,3.1467604573169927
16.019999999999996,3.647981064603612,3.032380204674322
16.029999999999998,3.6641029798032014,2.9222090985700304
16.04,3.6814927172166616,2.816094510118108
16.049999999999997,3.7001233256483674,2.7138890356638403
16.06,3.719969864149632,2.615450341908533
16.069999999999997,3.7410092746269012,2.5206410177530407
16.08,3.7632202535530497,2.429328434467471
16.089999999999996,3.786583147850544,2.3413845985267576
16.099999999999998,3.8110798556836225,2.256686008720233
16.109999999999996,3.83669372556402,2.175113521983116
16.119999999999997,3.8634094741042992,2.096552213962441
16.13,3.891213108032317,2.0208912438502984
16.139999999999997,3.9200918458401883,1.9480237261092221
16.15,3.9500340516804457,1.8778466008415702
16.159999999999997,3.981029173640833,1.8102605075567493
16.169999999999998,4.013067681903104,1.7451696647660992
16.179999999999996,4.046141015834173,1.6824817498773617
16.189999999999998,4.080241534933903,1.622107782185663
16.2,4.115362469962506,1.5639620114412462
16.209999999999997,4.151497880354141,1.5079618073503667
16.22,4.188642615008243,1.454027551990099
16.229999999999997,4.226792273362183,1.402082536810366
16.24,4.265943171063057,1.3520528615898417
16.249999999999996,4.306092308529436,1.3038673361343458
16.259999999999998,4.347237339888913,1.2574573861185199
16.269999999999996,4.389376545238546,1.2127569610036661
16.279999999999998,4.432508805327479,1.1697024444723398
16.29,4.4766335763690135,1.1282325687025514
16.299999999999997,4.521750867932895,1.088288330588816
16.31,4.567861222933118,1.0498129103561356
16.319999999999997,4.614965698198081,1.01275159325764
16.33,4.663065843447664,0.9770516954966474
16.339999999999996,4.7121636867617225,0.9426624897017448
16.349999999999998,4.762261719259075,0.9095351339385073
16.359999999999996,4.8133628799740285,0.8776226036006305
16.369999999999997,4.865470540613407,0.8468796262681966
16.38,4.918588494873217,0.8172626167434672
16.389999999999997,4.972720946450632,0.7887296155312273
16.4,5.027872497487761,0.7612402296474992
16.409999999999997,5.084048137624226,0.7347555755784363
16.419999999999998,5.141253236014626,0.7092382230230948
16.429999999999996,5.19949353219435,0.6846521415773232
16.439999999999998,5.258775127260989,0.6609626494305457
16.449999999999996,5.319104476504173,0.6381363634717857
16.459999999999997,5.380488382930027,0.6161411510034493
16.47,5.442933990648307,0.5949460834863654
16.479999999999997,5.506448778264432,0.574521392055188
16.49,5.5710405538930505,0.5548384242628489
16.499999999999996,5.636717450192086,0.5358696025023446
16.509999999999998,5.703487919597057,0.5175883840111719
16.519999999999996,5.771360729635616,0.4999692224933875
16.529999999999998,5.8403449595395465,0.48298753069631695
16.54,5.910449996641786,0.4666196446227811
16.549999999999997,5.9816855330221586,0.4508427890244444
16.56,6.054061562425053,0.4356350441516823
16.569999999999997,6.127588377998158,0.4209753136624331
16.58,6.2022765698882365,0.4068432937518033
16.589999999999996,6.278137023013136,0.3932194434543175
16.599999999999998,6.355180915288064,0.38008495598598097
16.609999999999996,6.433419716207741,0.3674217311439075
16.619999999999997,6.5128651854572315,0.3552123487503303
16.63,6.593529371543963,0.3434400430712472
16.639999999999997,6.675424611178423,0.3320886781900584
16.65,6.7585635286272705,0.32114272429553303
16.659999999999997,6.842959035251011,0.31058723485322753
16.669999999999998,6.9286243288307965,0.3004078246146595
16.679999999999996,7.015572893003612,0.2905906484411097
16.689999999999998,7.103818498254302,0.2811223809496529
16.699999999999996,7.19337520179098,0.2719901968733827
16.709999999999997,7.284257347902347,0.26318175216903605
16.72,7.37647956777108,0.2546851661063834
16.729999999999997,7.470056780647257,0.24648900351649114
16.74,7.565004194670771,0.23858225786911005
16.749999999999996,7.661337307628032,0.2309543350262432
16.759999999999998,7.759071908017427,0.22359503795250377
16.769999999999996,7.8582240762763504,0.21649455229813586
16.779999999999998,7.958810185869036,0.2096434307950348
16.79,8.060846904695321,0.20303257965646407
16.799999999999997,8.164351196565448,0.19665324513460886
16.81,8.269340323282945,0.1904970017689246
16.819999999999997,8.375831846024795,0.18455573915253834
16.83,8.483843627046216,0.17882164968736305
16.839999999999996,8.59339383169112,0.17328721727269178
16.849999999999998,8.704500930539798,0.16794520654703052
16.859999999999996,8.81718370185958,0.16278865309268287
16.869999999999997,8.93146123335232,0.1578108518758021
16.88,9.04735292463042,0.15300534777382593
16.889999999999997,9.16487848964092,0.14836592607571222
16.9,9.284057959471367,0.14388660424024088
16.909999999999997,9.404911684805143,0.13956162262185867
16.919999999999998,9.52746033851681,0.13538543567591801
16.929999999999996,9.651724918533143,0.13135270402888383
16.939999999999998,9.77772675076835,0.1274582868408292
16.949999999999996,9.905487492293707,0.12369723499790464
16.959999999999997,10.035029134129148,0.12006478289916388
16.97,10.16637400446186,0.11655634175537713
16.979999999999997,10.299544771879713,0.11316749289346904
16.99,10.434564448867432,0.10989398205797285
16.999999999999996,10.571456395107882,0.10673171280438061
17.009999999999998,10.710244320860909,0.1036767401001338
17.019999999999996,10.85095229057826,0.10072526478758739
17.029999999999998,10.993604726529767,0.09787362796496069
17.04,11.138226412736035,0.09511830652194994
17.049999999999997,11.284842498913473,0.09245590858018869
17.06,11.433478503956735,0.08988316683385049
17.069999999999997,11.584160320088271,0.08739693454012258
17.08,11.736914216909868,0.08499418092634059
17.089999999999996,11.891766845583964,0.08267198705536533
17.099999999999998,12.048745243212942,0.08042754251912863
17.109999999999996,12.207876836899135,0.0782581400230144
17.119999999999997,12.369189448194026,0.07616117187334565
17.13,12.532711297562148,0.07413412624233934
17.139999999999997,12.69847100893664,0.07217458361323209
17.15,12.866497614570486,0.07028021440052942
17.159999999999997,13.036820559509133,0.06844877446957805
17.169999999999998,13.209469706398108,0.06667810200510575
17.179999999999996,13.384475340385418,0.06496611456477012
17.189999999999998,13.561868174072746,0.06331080608207668
17.199999999999996,13.741679352677826,0.06171024474893647
17.209999999999997,13.923940459084237,0.0601625698427108
17.22,14.108683518989896,0.05866598875469313
17.229999999999997,14.295941006233733,0.05721877467399681
17.24,14.485745848163923,0.0558192641158209
17.249999999999996,14.678131431138146,0.05446585493620054
17.259999999999998,14.873131606085106,0.05315700424383091
17.269999999999996,15.070780694048427,0.05189122558273616
17.279999999999998,15.271113491930961,0.05066708712002675
17.289999999999996,15.47416527828656,0.04948320961665042
17.299999999999997,15.679971819229984,0.04833826465208738
17.31,15.888569374489709,0.04723097325396423
17.319999999999997,16.0999947033374,0.04616010337043862
17.33,16.314285070774158,0.04512446839056013
17.339999999999996,16.53147825376726,0.044122925512958835
17.349999999999998,16.75161254757537,0.04315437419688239
17.359999999999996,16.974726772195186,0.04221775509491988
17.369999999999997,17.200860278823168,0.04131204810761557
17.38,17.43005295644922,0.04043627103432727
17.389999999999997,17.662345238541658,0.03958947828049005
17.4,17.89777810981815,0.038770759559682684
17.409999999999997,18.136393113142358,0.03797923911096442
17.419999999999998,18.378232356451402,0.037214074148553
17.429999999999996,18.623338519789495,0.0364744535553047
17.439999999999998,18.871754862457436,0.03575959691274747
17.449999999999996,19.12352523024229,0.03506875341960893
17.459999999999997,19.378694062741417,0.03440120084177281
17.47,19.637306400814065,0.03375624520378604
17.479999999999997,19.89940789409599,0.033133219867902526
17.49,20.16504480856304,0.032531483734716406
17.499999999999996,20.434264034258064,0.03195042085331418
17.509999999999998,20.70711309309165,0.03138943959761367
17.519999999999996,20.983640146737482,0.030847971870170562
17.529999999999998,21.263894004565934,0.030325472590982373
17.539999999999996,21.547924131628765,0.029821419402470118
17.549999999999997,21.83578065702952,0.02933531115213141
17.56,22.127514382120264,0.028866667566076646
17.569999999999997,22.423176788864552,0.028415028648713304
17.58,22.722820048301976,0.02797995408555073
17.589999999999996,23.02649702907122,0.027561022792908934
17.599999999999998,23.33426130586993,0.027157833030161026
17.609999999999996,23.64616716845388,0.02677000104869801
17.619999999999997,23.962269630414774,0.02639716083171109
17.63,24.28262443809023,0.02603896373015449
17.639999999999997,24.607288079592895,0.02569507804777326
17.65,24.936317793904536,0.02536518867927803
17.659999999999997,25.2697715795578,0.02504899729518709
17.669999999999998,25.607708204418522,0.024746221504150925
17.679999999999996,25.950187215093383,0.02445659452020603
17.689999999999998,26.297268946273647,0.024179865014694553
17.699999999999996,26.649014530284795,0.023915796867926806
17.709999999999997,27.005485906724463,0.023664168943900703
17.72,27.366745831454224,0.02342477533208264
17.729999999999997,27.732857886673653,0.02319742500448351
17.74,28.103886491277887,0.022981941373242838
17.749999999999996,28.479896910447373,0.022778162386536505
17.759999999999998,28.860955265642495,0.022585940450130487
17.769999999999996,29.247128544673625,0.022405142371643774
17.779999999999998,29.638484611078766,0.022235649640170243
17.789999999999996,30.035092213702814,0.022077358675920665
17.799999999999997,30.437020998564687,0.02193018020362639
17.81,30.844341518354845,0.021794039638337766
17.819999999999997,31.25712524270798,0.021668877207285123
17.83,31.675444568543,0.02155464809396206
17.839999999999996,32.099372829770424,0.021451322811998273
17.849999999999998,32.52898430553229,0.021358888056387443
17.859999999999996,32.964354233798836,0.021277346011188802
17.869999999999997,33.40555882064777,0.021206714976629213
17.88,33.852675250411025,0.021147029779657985
17.889999999999997,34.30578169599584,0.02109834217360238
17.9,34.76495732874906,0.021060721393031584
17.909999999999997,35.23028232441832,0.021034255736466483
17.919999999999998,35.7018378779741,0.021019051942576833
17.929999999999996,36.17970621304059,0.02101523597034115
17.939999999999998,36.66397059108566,0.021022953878609963
17.949999999999996,37.15471532122905,0.02104237258568647
17.959999999999997,37.65202576981531,0.02107368072272438
17.97,38.15598836321661,0.02111709109840458
17.979999999999997,38.666690601695066,0.021172840631263557
17.99,39.18422107062309,0.021241190933932095
17.999999999999996,39.70866944700749,0.021322430025836586
18.009999999999998,40.24012650794454,0.021416873634857152
18.019999999999996,40.77868413885966,0.02152486658522177
18.029999999999998,41.32443533322935,0.021646786142727848
18.039999999999996,41.87747419895958,0.0217830438981109
18.049999999999997,42.43789597618102,0.02193408511727989
18.06,43.00579703768501,0.022100392038582963
18.069999999999997,43.58127489456677,0.02228248603500732
18.08,44.16442820142441,0.022480929913692677
18.089999999999996,44.75535675286652,0.02269633219844586
18.099999999999998,45.35416147241415,0.02292935315328728
18.109999999999996,45.96094444233863,0.023180701677859666
18.119999999999997,46.575808894468345,0.023451140979108786
18.13,47.198859209786605,0.023741492311062293
18.139999999999997,47.83020091789177,0.024052638782814977
18.15,48.4699406907198,0.024385530498467218
18.159999999999997,49.118186309593376,0.024741195761651125
18.169999999999998,49.7750466888666,0.025120739519274436
18.179999999999996,50.44063186070914,0.02552535062452058
18.189999999999998,51.11505296060039,0.0259563089738456
18.199999999999996,51.79842221299824,0.026414992639878
18.209999999999997,52.490852913446105,0.026902885849750233
18.22,53.19245941266034,0.027421586529688177
18.229999999999997,53.903357094881294,0.027972815194302277
18.24,54.6236623543288,0.02855842429448629
18.249999999999996,55.35349255230284,0.029180412177518662
18.259999999999998,56.092965956705456,0.02984094123526767
18.269999999999996,56.84220173701807,0.030542342835535204
18.279999999999998,57.601319903829065,0.03128713546191189
18.289999999999996,58.37044125768289,0.032078040313067324
18.299999999999997,59.14968733355657,0.03291799780102474
18.31,59.939180331697536,0.033810188138225804
18.319999999999997,60.73904304883834,0.03475805100333042
18.33,61.549398774380805,0.035765314483570475
18.339999999999996,62.37037117819191,0.03683602600049545
18.349999999999998,63.20208424564265,0.03797457032324502
18.359999999999996,64.04466214734144,0.03918570475934603
18.369999999999997,64.89822907931679,0.040474600034905994
18.379999999999995,65.76290910119096,0.04184688192930417
18.389999999999997,66.63882601136118,0.04330866545873109
18.4,67.52610315033306,0.04486660459029598
18.409999999999997,68.42486316169114,0.04652795376359734
18.419999999999998,69.33522774222534,0.048300631703503585
18.429999999999996,70.2573174149826,0.05019327836333676
18.439999999999998,71.1912512156318,0.052215333452695835
18.449999999999996,72.13714635005638,0.054377120480476604
18.459999999999997,73.09511785383806,0.056689933147163606
18.47,74.06527817133484,0.0591661394930195
18.479999999999997,75.04773662518042,0.06181931555815873
18.49,76.04259897323027,0.0646643534040193
18.499999999999996,77.04996682298788,0.06771760650368884
18.509999999999998,78.06993689159292,0.07099707211513649
18.519999999999996,79.10260034490136,0.07452255495525346
18.529999999999998,80.14804200351855,0.07831586321083271
18.539999999999996,81.20633933646347,0.0824010588112739
18.549999999999997,82.27756141973987,0.08680471559655112
18.56,83.3617678044481,0.09155619924513633
18.569999999999997,84.45900718540196,0.0966879963074684
18.58,85.56931595710476,0.1022360731994603
18.589999999999996,86.69271647414676,0.1082403104931755
18.599999999999998,87.82921515262723,0.11474497675474028
18.609999999999996,88.97880041878877,0.12179923932612821
18.619999999999997,90.14144016898094,0.12945779984109637
18.629999999999995,91.31707916379357,0.1377815467595978
18.639999999999997,92.50563590001552,0.14683834205491983
18.65,93.70699903173052,0.15670392437477612
18.659999999999997,94.9210234829159,0.16746288802939266
18.669999999999998,96.14752592612629,0.1792098243860703
18.679999999999996,97.38627971226768,0.19205060761391013
18.689999999999998,98.6370089416218,0.2061039033072357
18.699999999999996,99.89938199879225,0.22150281133172578
18.709999999999997,101.17300388925742,0.2383968199898805
18.72,102.4574078408556,0.25695395176219404
18.729999999999997,103.75204538215114,0.2773633058923571
18.74,105.0562754540459,0.29983784948664716
18.749999999999996,106.36935153991067,0.32461772407933775
18.759999999999998,107.69040727790416,0.3519739472942065
18.769999999999996,109.01844009725848,0.3822126290577976
18.779999999999998,110.35229244461696,0.4156798131059909
18.789999999999996,111.69063029349901,0.45276702416213355
18.799999999999997,113.03191884682585,0.49391754107381924
18.81,114.37439480607061,0.5396335583690889
18.819999999999997,115.71603475179583,0.5904843487556253
18.83,117.05451941248143,0.647115482077176
18.839999999999996,118.38719285595087,0.7102593304580649
18.849999999999998,119.71101662717112,0.780746857894456
18.859999999999996,121.02251776966153,0.8595209350825131
18.869999999999997,122.31773051107547,0.947651210721443
18.879999999999995,123.59213090638332,1.0463506971031558
18.889999999999997,124.84056418502428,1.1569940273048107
18.9,126.05716392756312,1.2811377409237485
18.909999999999997,127.23526427243908,1.4205417370066122
18.919999999999998,128.3673039942699,1.5771925622233645
18.929999999999996,129.4447239686549,1.7533277087269419
18.939999999999998,130.45785947832985,1.951460299454797
18.949999999999996,131.39582955935364,2.174403328969561
18.959999999999997,132.24642721654592,2.425292059153323
18.97,132.99601572499517,2.7076027066289297
18.979999999999997,133.62943812364708,3.0251649706834964
18.99,134.12995013501435,3.3821649474250197
18.999999999999996,134.4791885746478,3.783134460450825
19.009999999999998,134.65719134768193,4.232921582745191
19.019999999999996,134.64248836574754,4.736636238270053
19.029999999999998,134.4122854739208,5.299564059221715
19.039999999999996,133.9427661680646,5.927041101402831
19.049999999999997,133.20953649234502,6.62428220350728
19.06,132.1882366268678,7.396156898370038
19.069999999999997,130.85533686574772,8.246909297962137
19.08,129.18912468270966,9.17982267884662
19.089999999999996,127.17087238244397,10.196835859714538
19.099999999999998,124.78615116776055,11.29812687504562
19.109999999999996,122.0262280974917,12.481689498850026
19.119999999999997,118.88945041861129,13.742938639656217
19.129999999999995,115.38249177549851,15.074389761163449
19.139999999999997,111.52131372800052,16.46546278507623
19.15,107.3316915535252,17.90245984484388
19.159999999999997,102.8491716187785,19.368756572543564
19.169999999999998,98.11837322321306,20.845227593807216
19.179999999999996,93.19161607967116,22.310900357393578
19.189999999999998,88.12694110259122,23.743799585337026
19.199999999999996,82.98567074405385,25.121917554151754
19.209999999999997,77.82972483950999,26.424222944893557
19.219999999999995,72.7189447290765,27.63161218813187
19.229999999999997,67.70866821580366,28.727716144455517
19.24,62.84776017888205,29.69949361144453
19.249999999999996,58.177226948651416,30.53757555868574
19.259999999999998,53.72946658349095,31.236353717513392
19.269999999999996,49.52812653924173,31.7938375149023
19.279999999999998,45.58847851076761,32.21132569229638
19.289999999999996,41.918187569146035,32.492947410101195
19.299999999999997,38.51833472643298,32.64513249138996
19.31,35.384571247513904,32.67605947893542
19.319999999999997,32.50828727815737,32.59512674659642
19.33,29.877719329158207,32.41247337970576
19.339999999999996,27.47894095872946,32.13856805685153
19.349999999999998,25.29670923986452,31.783872764926116
19.359999999999996,23.315156954162713,31.35858119340892
19.369999999999997,21.51833649434545,30.872425884134447
19.379999999999995,19.890628786191844,30.33454565919791
19.389999999999997,18.417035700281403,29.753403425776373
19.4,17.083375734336876,29.136744444267954
19.409999999999997,15.876402930490604,28.491585499665
19.419999999999998,14.783865864338715,27.824227246038717
19.429999999999996,13.794521583933705,27.14028299905805
19.439999999999998,12.898118007268874,26.444717986110323
19.449999999999996,12.08535420913978,25.74189510727759
19.459999999999997,11.347826510933565,25.03562387986206
19.469999999999995,10.677966387212312,24.329210157392605
19.479999999999997,10.068974672777756,23.625504887428672
19.49,9.514755048862964,22.92695084734967
19.499999999999996,9.009849144209424,22.235626559214964
19.509999999999998,8.5493747078027,21.553286967642077
19.519999999999996,8.128967558383325,20.881400787485305
19.529999999999998,7.744727953068908,20.221184413645247
19.539999999999996,7.393171381234194,19.573632568990252
19.549999999999997,7.071183912654165,18.939545789944056
19.56,6.775981864210593,18.319554982930583
19.569999999999997,6.505075559874328,17.714143282151547
19.58,6.256236901610576,17.123665438633257
19.589999999999996,6.0274703908618115,16.548364993914223
19.599999999999998,5.816987415294075,15.98838940692209
19.609999999999996,5.62318331926535,15.443803421043174
19.619999999999997,5.444617095514739,14.914600809455603
19.629999999999995,5.279993384671704,14.400714692244435
19.639999999999997,5.1281465082794675,13.902026598981461
19.65,4.988026342358756,13.418374406545722
19.659999999999997,4.858685805460942,12.949559292093301
19.669999999999998,4.739269776013201,12.495351814222204
19.679999999999996,4.629005278751417,12.055497225974253
19.689999999999998,4.527192786609902,11.629720114373086
19.699999999999996,4.433198511377312,11.217728443062839
19.709999999999997,4.346447562791395,10.819217074381642
19.719999999999995,4.266417874484049,10.433870832905377
19.729999999999997,4.192634830946641,10.061367148330854
19.74,4.124666435561939,9.701378385080021
19.749999999999996,4.0621190828498985,9.353573806675602
19.759999999999998,4.004633727793342,9.01762131315945
19.769999999999996,3.951882513251971,8.693188908561028
19.779999999999998,3.9035657473419487,8.379945966358026
19.789999999999996,3.8594091871204674,8.077564320744784
19.799999999999997,3.8191616499787457,7.785719168312409
19.81,3.7825928187232094,7.5040898654416806
19.819999999999997,3.7494913400428413,7.2323605572948
19.83,3.7196630526101058,6.970220740218859
19.839999999999996,3.6929294561674832,6.717365689671639
19.849999999999998,3.669126285855913,6.473496836447037
19.859999999999996,3.6481022663137086,6.238322045034838
19.869999999999997,3.629717964558332,6.011555844098529
19.879999999999995,3.6138447690702904,5.792919592241896
19.889999999999997,3.6003639643580514,5.582141597710125
19.9,3.589165890700855,5.378957198167701
19.909999999999997,3.580149192560038,5.183108798284087
19.919999999999998,3.5732201262416106,4.994345883038126
19.929999999999996,3.5682919557374517,4.812424988858528
19.939999999999998,3.5652843661778584,4.637109675881701
19.949999999999996,3.5641229646460926,4.468170457980429
19.959999999999997,3.5647388175706505,4.305384721632316
19.969999999999995,3.567068016453262,4.148536638361602
19.979999999999997,3.5710513065184726,3.9974170497066455
19.99,3.5766337227202856,3.851823358742035
