t,x,y
0.0,47.95532199661805,6.582439657116171
0.009999999999999998,47.535777398168406,6.695301889529466
0.019999999999999997,47.105754201381586,6.8068172039255
0.029999999999999995,46.66578529141376,6.916774741418312
0.039999999999999994,46.21642892590709,7.02496285304592
0.04999999999999999,45.75826650030001,7.131170219954725
0.05999999999999999,45.291899687969526,7.2351868870134615
0.06999999999999999,44.8179484177224,7.3368052895834435
0.07999999999999999,44.3370480683598,7.4358213482073845
0.08999999999999998,43.84984797068851,7.532035063676516
0.09999999999999998,43.35700699242319,7.6252521725081275
0.10999999999999999,42.85919096030621,7.715285154021666
0.11999999999999998,42.35707140732554,7.801953384447466
0.12999999999999998,41.85132158746674,7.885084651933817
0.13999999999999999,41.34261371683687,7.964516012032513
0.14999999999999997,40.83161660893044,8.040094364121614
0.15999999999999998,40.31899286403952,8.111677279239446
0.16999999999999998,39.80539632233372,8.179133642969644
0.17999999999999997,39.291469653557286,8.242344194663557
0.18999999999999997,38.77784205458481,8.301202013161383
0.19999999999999996,38.265127110080144,8.355612900150485
0.20999999999999996,37.75392075098445,8.405495708632252
0.21999999999999997,37.24479931194842,8.450782628153915
0.22999999999999995,36.73831829987676,8.491419074325202
0.23999999999999996,36.23501069551722,8.527363833694302
0.24999999999999997,35.735385622549806,8.5585891409172
0.25999999999999995,35.239927480700274,8.585080344854362
0.26999999999999996,34.74909497761788,8.606835814931838
0.27999999999999997,34.26332051509974,8.623866569997844
0.29,33.78300970754191,8.63619595766594
0.29999999999999993,33.308541098412775,8.643859192028932
0.30999999999999994,32.84026601082657,8.646902902273688
0.31999999999999995,32.378508624266495,8.645384567702726
0.32999999999999996,31.92356612913635,8.639371964724155
0.33999999999999997,31.47570908253145,8.6289425400551
0.3499999999999999,31.035181859762673,8.61418276824625
0.35999999999999993,30.602203208546907,8.595187502354998
0.36999999999999994,30.176967010164933,8.5720592411212
0.37999999999999995,29.75964292363239,8.544907505154162
0.38999999999999996,29.35037728135771,8.51384812589039
0.3999999999999999,28.949294019893184,8.479002524355769
0.4099999999999999,28.55649563786935,8.440497023417677
0.41999999999999993,28.172064152852503,8.39846221843972
0.42999999999999994,27.79606220460033,8.353032255245644
0.43999999999999995,27.428534053376307,8.304344240237613
0.44999999999999996,27.069506671343337,8.25253760027277
0.4599999999999999,26.718990814515635,8.197753487317785
0.4699999999999999,26.376982068821896,8.140134230169275
0.4799999999999999,26.04346193367301,8.07982277652134
0.48999999999999994,25.71839882666831,8.016962208992197
0.49999999999999994,25.40174912224686,7.951695257043172
0.5099999999999999,25.093458135428044,7.884163857473905
0.5199999999999999,24.79346106010791,7.814508756175449
0.5299999999999999,24.50168392531925,7.742869113591942
0.5399999999999999,24.218044445716092,7.669382179541912
0.5499999999999999,23.94245289895394,7.594182966490576
0.5599999999999999,23.674812919782763,7.517403974959228
0.57,23.415022239698665,7.439174955416212
0.58,23.16297345058124,7.3596226693003866
0.5899999999999999,22.918554695114672,7.278870691732065
0.5999999999999999,22.681650293081347,7.197039249994644
0.6099999999999999,22.4521413325476,7.114245090553474
0.6199999999999999,22.229906221669143,7.030601368168608
0.6299999999999999,22.014821258325068,6.946217523442661
0.6399999999999999,21.806761084369267,6.861199225993758
0.6499999999999999,21.60559910168766,6.775648336844503
0.6599999999999999,21.411207946063634,6.689662840126553
0.6699999999999999,21.223459840941114,6.603336837378503
0.6799999999999999,21.042226911388582,6.516760562256032
0.69,20.86738154210163,6.430020367646398
0.6999999999999998,20.698796650725647,6.343198756550774
0.7099999999999999,20.53634593436835,6.256374423337871
0.7199999999999999,20.379904117900526,6.169622292257778
0.7299999999999999,20.229347159454974,6.083013573905785
0.7399999999999999,20.084552423525484,5.99661583318171
0.7499999999999999,19.945398857663257,5.910493055070404
0.7599999999999999,19.81176713528416,5.824705721959732
0.7699999999999999,19.683539775528846,5.739310897925432
0.7799999999999999,19.560601257642183,5.6543623134628405
0.7899999999999999,19.442838114472995,5.569910455832198
0.7999999999999998,19.33013900583414,5.486002663941726
0.8099999999999998,19.222394787341646,5.402683223365737
0.8199999999999998,19.119498563843635,5.319993464009639
0.8299999999999998,19.02134572769004,5.237971859075718
0.8399999999999999,18.927833993564036,5.1566541249823015
0.8499999999999999,18.838863422250398,5.076073321582583
0.8599999999999999,18.75433643585504,4.996259952395996
0.8699999999999999,18.674157815739676,4.917242062833188
0.8799999999999999,18.59823470225989,4.839045339169876
0.8899999999999999,18.52647659709943,4.761693208076896
0.8999999999999999,18.458795347724458,4.685206933148289
0.9099999999999998,18.39510512930662,4.609605708370759
0.9199999999999998,18.335322419678104,4.534906746447585
0.9299999999999998,18.279365979140362,4.46112537781874
0.9399999999999998,18.227156819864923,4.388275138445261
0.9499999999999998,18.17861817418204,4.316367856980253
0.9599999999999999,18.133675464508297,4.245413730948851
0.9699999999999999,18.092256263103344,4.175421417832712
0.9799999999999999,18.054290253716818,4.106398115353834
0.9899999999999999,18.019709191607863,4.038349639203548
0.9999999999999999,17.988446869241887,3.971280491238721
1.0099999999999998,17.960439072157904,3.905193934871541
1.0199999999999998,17.935623532196388,3.840092069985035
1.0299999999999998,17.913939885670754,3.775975899255026
1.0399999999999998,17.895329632858882,3.7128453907421255
1.0499999999999998,17.879736099249676,3.650699536167113
1.0599999999999998,17.867104382787655,3.58953641977162
1.0699999999999998,17.857381312742564,3.529353273906364
1.0799999999999998,17.85051540676605,3.4701465343359703
1.0899999999999999,17.846456835682247,3.411911887589328
1.0999999999999999,17.84515737219188,3.3546443285664833
1.1099999999999999,17.84657034968889,3.2983382085888255
1.1199999999999999,17.85065062066788,3.242987282002465
1.13,17.857354521432097,3.1885847465923685
1.14,17.866639828266585,3.1351232885567994
1.15,17.878465715612055,3.082595124537959
1.16,17.89279271788449,3.030992039603208
1.17,17.90958269375063,2.9803054223620915
1.1799999999999997,17.928798790472825,2.930526298734641
1.1899999999999997,17.95040540245622,2.88164536823369
1.1999999999999997,17.974368136967207,2.833653034443748
1.2099999999999997,18.000653779822287,2.7865394344873717
1.2199999999999998,18.02923026514922,2.7402944650178993
1.2299999999999998,18.06006663646429,2.6949078123052805
1.2399999999999998,18.093133015153835,2.650368977000302
1.2499999999999998,18.128400568317712,2.6066672983630124
1.2599999999999998,18.165841480509854,2.563791975427232
1.2699999999999998,18.205428928356596,2.521732085716533
1.2799999999999998,18.247137042624946,2.480476610248122
1.2899999999999998,18.290940882715407,2.4400144507955694
1.2999999999999998,18.336816408747453,2.400334447805111
1.3099999999999998,18.384740456952056,2.361425396262468
1.3199999999999998,18.43469071401945,2.3232760612509056
1.3299999999999998,18.48664568843699,2.2858751940165924
1.3399999999999999,18.54058468704575,2.2492115453339534
1.3499999999999999,18.596487790802595,2.2132738785757744
1.3599999999999999,18.654335834187386,2.1780509805282353
1.3699999999999999,18.714110381323017,2.143531673266349
1.38,18.775793702616568,2.1097048253110815
1.3899999999999997,18.839368754203722,2.076559361010606
1.3999999999999997,18.904819157206916,2.044084269630958
1.4099999999999997,18.972129179441414,2.0122686135411607
1.4199999999999997,19.0412837144274,1.9811015362161455
1.4299999999999997,19.112268262268255,1.950572269472837
1.4399999999999997,19.185068911520283,1.9206701400851431
1.4499999999999997,19.25967232143295,1.8913845758902994
1.4599999999999997,19.336065705858484,1.8627051112476776
1.4699999999999998,19.41423681507883,1.8346213923377421
1.4799999999999998,19.49417391967489,1.8071231818134763
1.4899999999999998,19.57586579474046,1.7802003630349963
1.4999999999999998,19.659301704569586,1.7538429439539382
1.5099999999999998,19.7444713881196,1.7280410606979029
1.5199999999999998,19.83136504377565,1.7027849805437858
1.5299999999999998,19.919973315343103,1.67806510474172
1.5399999999999998,20.010287278236834,1.6538719709767293
1.5499999999999998,20.10229842626068,1.6301962556520158
1.5599999999999998,20.19599865879507,1.6070287759197892
1.5699999999999998,20.291380267549016,1.5843604910562206
1.5799999999999998,20.388435924362557,1.5621825039537207
1.5899999999999999,20.487158669117296,1.5404860622750007
1.5999999999999996,20.587541898022103,1.5192625595944438
1.6099999999999997,20.68957935211043,1.4985035361590915
1.6199999999999997,20.793265105932917,1.4782006792741949
1.6299999999999997,20.89859355661925,1.4583458237890587
1.6399999999999997,21.005559413150127,1.43893095233081
1.6499999999999997,21.11415768597298,1.4199481957017048
1.6599999999999997,21.22438367667154,1.4013898326498375
1.6699999999999997,21.336232967876846,1.3832482895948086
1.6799999999999997,21.44970141344226,1.365516140413191
1.6899999999999997,21.564785128777075,1.3481861060194367
1.6999999999999997,21.681480481380365,1.33125105418522
1.7099999999999997,21.799784081533186,1.3147039991315874
1.7199999999999998,21.919692773102252,1.298538100347339
1.7299999999999998,22.04120362454214,1.2827466621015702
1.7399999999999998,22.164313920019467,1.2673231326476044
1.7499999999999998,22.2890211506263,1.25226110346549
1.7599999999999998,22.4153230056171,1.2375543087071526
1.7699999999999998,22.54321736402973,1.2231966238036356
1.7799999999999998,22.672702286190013,1.2091820646264027
1.7899999999999998,22.80377600534291,1.1955047864937383
1.7999999999999998,22.936436919360585,1.1821590831531132
1.8099999999999998,23.07068358242168,1.1691393861486261
1.8199999999999996,23.206514696930427,1.156440263382892
1.8299999999999996,23.343929105396057,1.144056418042688
1.8399999999999996,23.482925782335116,1.1319826875851
1.8499999999999996,23.62350382622083,1.1202140426441334
1.8599999999999997,23.765662451284026,1.1087455861864535
1.8699999999999997,23.90940097951872,1.0975725523759237
1.8799999999999997,24.054718832756226,1.0866903053408214
1.8899999999999997,24.201615524550423,1.0760943382191521
1.8999999999999997,24.35009065211074,1.0657802721161436
1.9099999999999997,24.500143888133408,1.0557438551964278
1.9199999999999997,24.65177497255433,1.0459809618607476
1.9299999999999997,24.804983704540604,1.0364875914813685
1.9399999999999997,24.959769934163546,1.0272598675862012
1.9499999999999997,25.11613355407481,1.0182940369579834
1.9599999999999997,25.27407449107516,1.0095864687960514
1.9699999999999998,25.43359269742368,1.001133654100932
1.9799999999999998,25.5946881424563,0.9929322046478323
1.9899999999999998,25.75736080382859,0.9849788522931242
1.9999999999999998,25.921610658665042,0.9772704482946728
2.01,26.08743767459209,0.9698039626600367
2.0199999999999996,26.254841800431187,0.9625764837175187
2.03,26.423822957057435,0.9555852174544893
2.0399999999999996,26.594381028005888,0.9488274869854394
2.05,26.766515849807572,0.9423007321579885
2.0599999999999996,26.940227202186275,0.9360025091722337
2.07,27.11551479790851,0.9299304903586206
2.0799999999999996,27.29237827250716,0.9240824639575425
2.09,27.47081717400427,0.9184563338089224
2.0999999999999996,27.650830952113512,0.9130501192988527
2.11,27.83241894727851,0.9078619553139479
2.1199999999999997,28.015580379307085,0.9028900923365298
2.13,28.200314335542824,0.8981328967058739
2.1399999999999997,28.386619759614458,0.8935888505040098
2.1499999999999995,28.574495439097646,0.8892565519188821
2.1599999999999997,28.763939993038587,0.8851347155900354
2.1699999999999995,28.954951859162918,0.8812221730220635
2.1799999999999997,29.147529280735114,0.8775178730779031
2.1899999999999995,29.34167029289473,0.8740208826294279
2.1999999999999997,29.537372706780364,0.8707303881674794
2.2099999999999995,29.7346340972772,0.8676456955747419
2.2199999999999998,29.933451788082795,0.8647662310707929
2.2299999999999995,30.13382283602631,0.8620915423976416
2.2399999999999998,30.335744015316212,0.8596212999168605
2.2499999999999996,30.5392118013058,0.8573552978080954
2.26,30.744222353757788,0.8552934553713226
2.2699999999999996,30.95077149750982,0.8534358191482484
2.28,31.158854705076294,0.851782564302664
2.2899999999999996,31.36846708017616,0.8503339956017654
2.3,31.579603337371204,0.8490905496458385
2.3099999999999996,31.792257782269008,0.8480527968134723
2.32,32.006424291071994,0.8472214433355794
2.3299999999999996,32.22209628944893,0.8465973335012291
2.34,32.43926672970151,0.8461814522810615
2.3499999999999996,32.65792806581281,0.8459749284808065
2.3599999999999994,32.878072234116445,0.8459790362420738
2.3699999999999997,33.0996906274624,0.8461951983003181
2.3799999999999994,33.32277406986981,0.8466249890277304
2.3899999999999997,33.54731279046556,0.8472701375951502
2.3999999999999995,33.77329639652095,0.8481325313016658
2.4099999999999997,34.00071384525426,0.8492142191341491
2.4199999999999995,34.22955341110082,0.8505174161877636
2.4299999999999997,34.45980265975368,0.8520445067779465
2.4399999999999995,34.691448416821196,0.853798048573295
2.4499999999999997,34.924476734750904,0.8557807770477781
2.4599999999999995,35.158872859376814,0.8579956099902167
2.4699999999999998,35.394621195278866,0.8604456522249385
2.4799999999999995,35.63170526991329,0.863134200549616
2.4899999999999998,35.87010769356861,0.8660647493200375
2.4999999999999996,36.10981012140806,0.8692409957684447
2.51,36.35079321635835,0.8726668452364289
2.5199999999999996,36.59303660586908,0.8763464173399651
2.53,36.83651883887924,0.8802840521422904
2.5399999999999996,37.08121734124256,0.8844843165896119
2.55,37.32710836956189,0.8889520112169675
2.5599999999999996,37.57416696232627,0.8936921771574096
2.5699999999999994,37.82236688782994,0.8987101034735313
2.5799999999999996,38.071680597162675,0.9040113346156816
2.5899999999999994,38.32207916929832,0.9096016783296756
2.5999999999999996,38.57353225568379,0.9154872138402135
2.6099999999999994,38.82600802303897,0.9216743003481912
2.6199999999999997,39.079473094134386,0.9281695858544918
2.6299999999999994,39.33389248644197,0.9349800162391335
2.6399999999999997,39.58922954813113,0.9421128437155825
2.6499999999999995,39.84544589294795,0.9495756377328374
2.6599999999999997,40.102501332207595,0.9573762950761382
2.6699999999999995,40.36035380433981,0.9655230501443302
2.6799999999999997,40.61895930212428,0.9740244858041477
2.6899999999999995,40.87827179743502,0.9828895446174252
2.6999999999999997,41.138243163424384,0.9921275404486332
2.7099999999999995,41.39882309901989,1.0017481678917133
2.7199999999999998,41.65995904503275,1.0117615150459331
2.7299999999999995,41.92159609351877,1.0221780787578818
2.7399999999999998,42.1836769025232,1.0330087759966864
2.7499999999999996,42.446141605043465,1.0442649571316402
2.76,42.70892771508163,1.055958419588776
2.7699999999999996,42.971970030715866,1.0681014218905416
2.7799999999999994,43.23520054108231,1.0807066955217377
2.7899999999999996,43.498548340954486,1.0937874532428427
2.7999999999999994,43.76193949605229,1.1073574147461918
2.8099999999999996,44.025296945451274,1.1214308178614614
2.8199999999999994,44.28854039181594,1.1360224334129145
2.8299999999999996,44.55158618727057,1.1511475808312523
2.8399999999999994,44.8143472160665,1.1668221440723943
2.8499999999999996,45.07673279889691,1.1830625798442935
2.8599999999999994,45.33864860049429,1.1998859235555313
2.8699999999999997,45.59999640373611,1.217309836955104
2.8799999999999994,45.86067409064508,1.2353525920332393
2.8899999999999997,46.120575458925046,1.2540331019636917
2.8999999999999995,46.37959011578906,1.273370929459587
2.9099999999999997,46.63760334565318,1.293386301705337
2.9199999999999995,46.894495980069465,1.3141001237481387
2.9299999999999997,47.150144267419535,1.3355339911820956
2.9399999999999995,47.404419740327675,1.3577102024681202
2.9499999999999997,47.657189086913796,1.3806517694432858
2.9599999999999995,47.90831401722269,1.4043824281714503
2.9699999999999998,48.15765113557867,1.428926646967195
2.9799999999999995,48.40505181012267,1.4543096344934665
2.9899999999999993,48.65036204753614,1.4805573451704674
2.9999999999999996,48.89342236888858,1.507696483288187
3.0099999999999993,49.13406768870519,1.5357545051934214
3.0199999999999996,49.37212720123474,1.5647596181734744
3.0299999999999994,49.60742426605407,1.594740778682511
3.0399999999999996,49.83977630939501,1.6257276846460904
3.0499999999999994,50.06899471981253,1.657750768612317
3.0599999999999996,50.29488476875009,1.6908411823073972
3.0699999999999994,50.51724552328232,1.725030782605511
3.0799999999999996,50.73586979385154,1.7603521061366445
3.0899999999999994,50.95054405553747,1.7968383505386993
3.0999999999999996,51.16104840339616,1.8345233447397673
3.1099999999999994,51.367156573317224,1.873441499433742
3.1199999999999997,51.56863590442375,1.913627773033273
3.1299999999999994,51.765247348241815,1.9551176231394856
3.1399999999999997,51.95674551128184,1.9979469490812662
3.1499999999999995,52.142878714560766,2.0421520270684437
3.1599999999999997,52.32338907900191,2.087769436488529
3.1699999999999995,52.498012637159206,2.1348359800465713
3.1799999999999997,52.6664794743307,2.1833885944742426
3.1899999999999995,52.82851390718391,2.2334642475526088
3.1999999999999993,52.98383469797317,2.2850998274554515
3.2099999999999995,53.13215532114559,2.338332018651253
3.2199999999999993,53.27318423807504,2.3931971695856458
3.2299999999999995,53.40662523870023,2.4497311456032813
3.2399999999999993,53.53217784200191,2.5079691682773375
3.2499999999999996,53.649537716827204,2.567945643234619
3.2599999999999993,53.75839716870948,2.629693973096846
3.2699999999999996,53.85844569035648,2.6932463587936084
3.2799999999999994,53.94937055780973,2.758633582669797
3.2899999999999996,54.03085748845427,2.8258847767142075
3.2999999999999994,54.102591359233934,2.895027183340646
3.3099999999999996,54.16425699150607,2.9660858963160295
3.3199999999999994,54.215540008138795,3.0390835797312374
3.3299999999999996,54.256127736512205,3.1140401878223036
3.3399999999999994,54.28571017158797,3.1909726737082704
3.3499999999999996,54.30398106700188,3.269894652132594
3.3599999999999994,54.31063904990552,3.350816073720905
3.3699999999999997,54.30538871052711,3.4337429288143175
3.3799999999999994,54.287941901189214,3.5186768755175954
3.3899999999999997,54.25801908557068,3.6056148654787648
3.3999999999999995,54.215350658741755,3.6945488001474915
3.4099999999999997,54.159678207911966,3.78546522444995
3.4199999999999995,54.090756171436055,3.8783448870532924
3.4299999999999993,54.00835332709742,3.973162383086244
3.4399999999999995,53.91225418620284,4.069885845562534
3.4499999999999993,53.80226051024648,4.168476611446586
3.4599999999999995,53.678192991753384,4.268888848678462
3.4699999999999993,53.53989276880922,4.371069252358373
3.4799999999999995,53.38722300334999,4.474956741722881
3.4899999999999993,53.220070468500246,4.580482177743696
3.4999999999999996,53.03834691725124,4.687568163701693
3.5099999999999993,52.841990542756214,4.796128839095071
3.5199999999999996,52.6309674762553,4.906069682641029
3.5299999999999994,52.40527299002862,5.01728741222755
3.5399999999999996,52.16493272352257,5.12966991055628
3.5499999999999994,51.91000383908851,5.243096198924551
3.5599999999999996,51.64057591490572,5.3574364883717855
3.5699999999999994,51.356771788808295,5.472552280646539
3.5799999999999996,51.058748266641366,5.588296533075091
3.5899999999999994,50.746696575343414,5.704513882321848
3.5999999999999996,50.42084267482099,5.821040957102263
3.6099999999999994,50.08144737164277,5.937706769408986
3.6199999999999997,49.72880626467134,6.05433312435243
3.6299999999999994,49.363249405183076,6.170735162266542
3.6399999999999992,48.98514072210875,6.286721980028694
3.6499999999999995,48.59487739373633,6.4020972214550484
3.6599999999999993,48.19288879437696,6.516659843113362
3.6699999999999995,47.77963520887795,6.630204944997238
3.6799999999999993,47.355606602483164,6.7425245316788684
3.6899999999999995,46.92132092856028,6.853408435567827
3.6999999999999993,46.47732224700087,6.962645281049894
3.7099999999999995,46.02417879349897,7.07002343445413
3.7199999999999993,45.56248067192411,7.175332049758891
3.7299999999999995,45.09283762602708,7.278362051454575
3.7399999999999993,44.61587659386328,7.378907154901033
3.7499999999999996,44.13223898458055,7.476764946741213
3.7599999999999993,43.64257815207983,7.571737867090762
3.7699999999999996,43.14755655106671,7.663634236640138
3.7799999999999994,42.64784296718399,7.752269226033881
3.7899999999999996,42.14410980280154,7.837465767398171
3.7999999999999994,41.637030179421984,7.9190554598728085
3.8099999999999996,41.12727525904903,7.99687939075172
3.8199999999999994,40.61551153891328,8.07078889280625
3.8299999999999996,40.10239822273842,8.140646230881474
3.8399999999999994,39.58858472974585,8.20632523193144
3.849999999999999,39.074708322840195,8.26771178363216
3.8599999999999994,38.561391846094445,8.324704298207216
3.869999999999999,38.049241635798424,8.377214072463682
3.8799999999999994,37.538845659486306,8.425165509058749
3.8899999999999992,37.03077168322033,8.46849634640707
3.8999999999999995,36.52556580450161,8.507157693932726
3.9099999999999993,36.023751091754946,8.541114025400908
3.9199999999999995,35.525826325333526,8.570343134815344
3.9299999999999993,35.03226518286457,8.594835888750765
3.9399999999999995,34.54351534192373,8.614596029380829
3.9499999999999993,34.05999793585024,8.629639833859047
3.9599999999999995,33.58210722002095,8.639995695147576
3.9699999999999993,33.11021019560117,8.645703729818338
3.9799999999999995,32.6446467339669,8.646815205697488
3.9899999999999993,32.18572969313165,8.64339198592115
3.9999999999999996,31.733744972535376,8.6355060012843
4.01,31.288951998592843,8.623238595598602
4.02,30.851584199187997,8.606679892366063
4.029999999999999,30.421849762406083,8.585928047423039
4.039999999999999,29.99993228765576,8.561088593101355
4.05,29.585991431954902,8.5322738175087
4.06,29.180163939705736,8.499601998608592
4.069999999999999,28.78256467181006,8.46319667157212
4.079999999999999,28.393287325307725,8.423186059863252
4.089999999999999,28.012405551650605,8.379702362385167
4.1,27.639974173049996,8.332881025066417
4.109999999999999,27.276030026676768,8.282860204193408
4.119999999999999,26.920593084010797,8.229780135825859
4.129999999999999,26.57366759664439,8.173782528380316
4.14,26.235243082936503,8.115010033838441
4.1499999999999995,25.905295372623712,8.053605724628145
4.159999999999999,25.58378769229431,7.989712586831358
4.169999999999999,25.270671637893944,7.923473066844252
4.18,24.965888137297238,7.855028644939058
4.1899999999999995,24.669368408252026,7.784519441780908
4.199999999999999,24.38103486547386,7.712083855230855
4.209999999999999,24.10080198487199,7.637858225421103
4.22,23.828577136799264,7.561976539853425
4.2299999999999995,23.564261377244257,7.484570169515027
4.239999999999999,23.307750201643312,7.405767619574538
4.249999999999999,23.058934249610576,7.325694324674145
4.26,22.817699950851605,7.2444724829887575
4.27,22.583930183786745,7.162220873691915
4.279999999999999,22.35750486349919,7.079054723541985
4.289999999999999,22.138301457273574,6.995085621565308
4.299999999999999,21.926195469453358,6.910421450116694
4.31,21.72106097212161,6.825166274296058
4.319999999999999,21.522771027239056,6.739420305945594
4.329999999999999,21.33119803274658,6.653279903604796
4.339999999999999,21.146214111876045,6.56683754669901
4.35,20.967691477765733,6.480181820823115
4.359999999999999,20.795502727709568,6.393397438868822
4.369999999999999,20.629521058828328,6.306565302435721
4.379999999999999,20.469620569692882,6.219762512196474
4.39,20.315676487418777,6.133062415908464
4.3999999999999995,20.16756535506777,6.04653467257293
4.409999999999999,20.025165170208773,5.9602453345351245
4.419999999999999,19.888355590393736,5.874256900073757
4.43,19.757018062400846,5.788628395607628
4.4399999999999995,19.631035925897073,5.703415465619192
4.449999999999999,19.510294503473713,5.618670465717415
4.459999999999999,19.394681216768756,5.534442543367647
4.47,19.284085651630217,5.450777735818043
4.4799999999999995,19.178399605092398,5.367719069926338
4.489999999999999,19.077517139022124,5.285306659236961
4.499999999999999,18.981334625177382,5.203577801711736
4.509999999999999,18.88975077006604,5.122567080463993
4.52,18.80266662418892,5.042306464389947
4.529999999999999,18.71998560065411,4.962825407764545
4.539999999999999,18.64161347866356,4.884150949852056
4.549999999999999,18.56745839902024,4.806307813073422
4.56,18.497430853350544,4.729318497993286
4.569999999999999,18.431443671789253,4.653203382049386
4.579999999999999,18.369412003425985,4.577980813520047
4.589999999999999,18.31125329359745,4.50366720152141
4.6,18.25688725734909,4.430277105351697
4.609999999999999,18.206235848456053,4.357823327991821
4.619999999999999,18.15922322659547,4.286317001702448
4.629999999999999,18.115775721780615,4.2157676731658045
4.64,18.075821804356547,4.146183370566599
4.6499999999999995,18.039292040972875,4.077570693306769
4.659999999999999,18.006119052104644,4.0099348928099365
4.669999999999999,17.976237471107417,3.943279944794356
4.68,17.949583903673325,3.8776086195090733
4.6899999999999995,17.926096898501452,3.8129225378260565
4.699999999999999,17.90571688693037,3.749222254819519
4.709999999999999,17.88838614252559,3.6865073209930177
4.719999999999999,17.874048736914126,3.6247763445679455
4.7299999999999995,17.862650503156647,3.564027044307026
4.739999999999999,17.85413899670872,3.504256302295139
4.749999999999999,17.848463438218065,3.4454602315729383
4.759999999999999,17.845574675216003,3.387634223981979
4.77,17.84542513864302,3.330773001000429
4.779999999999999,17.847968812658294,3.2748706530190184
4.789999999999999,17.853161184864007,3.219920691231929
4.799999999999999,17.860959202041503,3.165916093848068
4.81,17.871321231805634,3.112849346411298
4.819999999999999,17.884207024255307,3.0607124807993653
4.829999999999999,17.89957768307579,3.009497106454713
4.839999999999999,17.91739561546662,2.9591944545418007
4.85,17.937624497378046,2.9097954105412827
4.859999999999999,17.960229237186965,2.8612905467050465
4.869999999999999,17.985175943765054,2.8136701506026323
4.879999999999999,18.01243189433116,2.7669242527244826
4.89,18.041965493385643,2.7210426587351675
4.8999999999999995,18.073746242215478,2.676014974034545
4.909999999999999,18.107744706321007,2.6318306287451176
4.919999999999999,18.14393248923812,2.5884788983137885
4.929999999999999,18.18228219852808,2.5459489274931335
4.9399999999999995,18.222767414551164,2.5042297519922356
4.949999999999999,18.265362662474782,2.463310317597313
4.959999999999999,18.310043384536932,2.423179498466697
4.969999999999999,18.356785916185977,2.3838261128098535
4.9799999999999995,18.40556745527903,2.345238941268044
4.989999999999999,18.456366037074467,2.307406741820479
4.999999999999999,18.509160509167028,2.270318264105792
5.009999999999999,18.563930508762514,2.2339622622465427
5.02,18.62065643987234,2.1983275070955104
5.029999999999999,18.67931944692193,2.1634027992600577
5.039999999999999,18.7399013935646,2.1291769796194724
5.049999999999999,18.80238484059846,2.095638939667217
5.06,18.866753025424657,2.062777630824584
5.069999999999999,18.93298984732156,2.030582071292143
5.079999999999999,19.00107984062358,1.999041356586556
5.089999999999999,19.071008156758523,1.9681446666249172
5.1,19.142760546024682,1.9378812724954104
5.109999999999999,19.216323339258782,1.908240542890574
5.119999999999999,19.291683432278212,1.8792119498711832
5.129999999999999,19.368828267794704,1.8507850743431993
5.139999999999999,19.447745817481405,1.8229496110924361
5.1499999999999995,19.528424566518233,1.7956953732441858
5.159999999999999,19.6108534977616,1.7690122963614954
5.169999999999999,19.695022077022855,1.7428904421189073
5.179999999999999,19.780920239658062,1.7173200015623062
5.1899999999999995,19.868538373772985,1.6922912981854374
5.199999999999999,19.957867306982408,1.667794790526422
5.209999999999999,20.048898292785655,1.6438210744777781
5.219999999999999,20.14162299727819,1.6203608853375293
5.2299999999999995,20.23603348706523,1.5974051001780027
5.239999999999999,20.3321222159037,1.5749447388535143
5.249999999999999,20.429882012366573,1.5529709652522707
5.259999999999999,20.529306068022407,1.5314750884662445
5.27,20.630387925733576,1.5104485636276879
5.279999999999999,20.73312146852288,1.489882992886077
5.289999999999999,20.837500908565875,1.4697701260370306
5.299999999999999,20.943520775886032,1.4501018603368128
5.31,21.051175907931505,1.430870240897053
5.319999999999999,21.160461439183493,1.412067460693777
5.329999999999999,21.271372790986778,1.3936858605410187
5.339999999999999,21.38390566161307,1.37571792943569
5.349999999999999,21.49805601645012,1.3581563035440085
5.359999999999999,21.613820078419934,1.340993765914169
5.369999999999999,21.73119431856394,1.3242232459920436
5.379999999999999,21.850175446787137,1.3078378189902888
5.389999999999999,21.970760402783664,1.2918307056831573
5.3999999999999995,22.092946347063695,1.276195271429079
5.409999999999999,22.216730652111885,1.2609250251122575
5.419999999999999,22.342110893693235,1.2460136184368176
5.429999999999999,22.469084842263047,1.2314548449968958
5.4399999999999995,22.597650454412978,1.2172426394761062
5.449999999999999,22.72780586433681,1.203371076999428
5.459999999999999,22.859549375709594,1.1898343715573498
5.469999999999999,22.992879453354778,1.176626875165401
5.4799999999999995,23.127794715044185,1.1637430768100714
5.489999999999999,23.26429392334019,1.1511776014028157
5.499999999999999,23.402375977271188,1.138925209264371
5.509999999999999,23.542039904493688,1.1269807944274721
5.52,23.68328485324058,1.1153393835527208
5.529999999999999,23.826110084251898,1.1039961349293375
5.539999999999999,23.970514962760454,1.0929463373544148
5.549999999999999,24.116498950481365,1.082185409002487
5.559999999999999,24.264061597351276,1.0717088968232613
5.569999999999999,24.413202532923997,1.0615124766541024
5.579999999999999,24.563921459216324,1.0515919501224422
5.589999999999999,24.716218142220832,1.0419432443857626
5.599999999999999,24.870092403675528,1.0325624112280027
5.609999999999999,25.02554411281241,1.0234456261015965
5.619999999999999,25.182573178042865,1.0145891871882147
5.629999999999999,25.34117953781205,1.0059895153505929
5.639999999999999,25.50136315228085,0.9976431530626203
5.6499999999999995,25.663123995352727,0.9895467628625082
5.659999999999999,25.82646204553704,0.9816971270501827
5.669999999999999,25.991377277078136,0.9740911469791941
5.679999999999999,26.157869650956833,0.9667258423843068
5.6899999999999995,26.325939105677254,0.9595983508463765
5.699999999999999,26.495585547137317,0.9527059282937544
5.709999999999999,26.666808840017154,0.9460459473679105
5.719999999999999,26.839608798029076,0.9396158970897901
5.7299999999999995,27.01398517389937,0.9334133826848247
5.739999999999999,27.18993764929666,0.9274361252751512
5.749999999999999,27.36746582455231,0.9216819616271887
5.759999999999999,27.546569207742053,0.9161488442122601
5.769999999999999,27.727247203110014,0.9108348415859902
5.779999999999999,27.90949910147193,0.9057381374663912
5.789999999999999,28.093324068323778,0.9008570311200298
5.799999999999999,28.278721132167156,0.8961899375128726
5.809999999999999,28.46568917258033,0.8917353875072399
5.819999999999999,28.65422690797632,0.8874920281339562
5.829999999999999,28.84433288213402,0.8834586234684112
5.839999999999999,29.03600545156454,0.8796340548955739
5.849999999999999,29.229242772831334,0.8760173212731873
5.859999999999999,29.42404278839621,0.8726075398226695
5.869999999999999,29.62040321248031,0.8694039468677878
5.879999999999999,29.81832151651076,0.8664058986652223
5.889999999999999,30.017794913983984,0.8636128723857035
5.8999999999999995,30.218820343605863,0.8610244676667734
5.909999999999999,30.421394454842698,0.8586404071898425
5.919999999999999,30.62551359122118,0.8564605380167154
5.929999999999999,30.83117377305424,0.8544848330549127
5.9399999999999995,31.038370679845197,0.8527133925527889
5.949999999999999,31.24709963212674,0.851146445710219
5.959999999999999,31.457355572106067,0.8497843525912202
5.969999999999999,31.669133043262367,0.8486276062904826
5.979999999999999,31.882426172157338,0.8476768343648385
5.989999999999999,32.09722864688301,0.8469328012103431
5.999999999999999,32.31353369550169,0.8463964103672722
6.009999999999999,32.53133406380185,0.8460687069532622
6.019999999999999,32.75062199228768,0.8459508802442381
6.029999999999999,32.97138919080186,0.8460442667591273
6.039999999999999,33.19362681455067,0.8463503530024684
6.049999999999999,33.41732543947517,0.8468707783227865
6.059999999999999,33.642475035081766,0.8476073383064564
6.069999999999999,33.869064936992444,0.8485619881987955
6.079999999999999,34.09708381853052,0.8497368465028583
6.089999999999999,34.326519660998905,0.8511341988156934
6.099999999999999,34.55735972082407,0.8527565022242094
6.109999999999999,34.789590500885296,0.8546063889641703
6.119999999999999,35.02319771718612,0.8566866709062534
6.129999999999999,35.2581662644876,0.859000344227424
6.139999999999999,35.49448018109497,0.8615505942324891
6.1499999999999995,35.732122612384636,0.8643408003977895
6.159999999999999,35.97107577302765,0.8673745416434859
6.169999999999999,36.21132090736806,0.8706556019022506
6.179999999999999,36.45283824468265,0.8741879763878941
6.189999999999999,36.69560696207817,0.8779758769970725
6.199999999999999,36.93960513991725,0.8820237387027136
6.209999999999999,37.18480971572791,0.8863362262084233
6.219999999999999,37.43119643713617,0.890918240798985
6.229999999999999,37.67873981307713,0.8957749274798594
6.239999999999999,37.92741306322271,0.9009116824148344
6.249999999999999,38.17718806584436,0.9063341605397883
6.259999999999999,38.428035306098465,0.912048282407153
6.269999999999999,38.679923816771804,0.9180602439428326
6.279999999999999,38.932821120534975,0.9243765248849799
6.289999999999999,39.1866931701553,0.9310038975320231
6.299999999999999,39.44150428610819,0.9379494360372871
6.309999999999999,39.69721709196106,0.9452205260516637
6.319999999999999,39.95379244745598,0.9528248747236511
6.329999999999999,40.21118938001396,0.9607705208003156
6.339999999999999,40.46936502108613,0.9690658426749115
6.349999999999999,40.72827452300147,0.9777195724672667
6.359999999999999,40.98787098374076,0.9867408069920686
6.369999999999999,41.24810536958039,0.996139018943626
6.379999999999999,41.508926433630755,1.005924068936242
6.389999999999999,41.770280631648404,1.0161062179223412
6.399999999999999,42.03211203504728,1.0266961399939085
6.409999999999999,42.294362242688294,1.0377049350345486
6.419999999999999,42.55697030645625,1.0491441363228409
6.429999999999999,42.81987261578848,1.0610257308936761
6.439999999999999,43.08300280195702,1.073362172869914
6.449999999999999,43.34629164118631,1.0861663965433166
6.459999999999999,43.609666951335015,1.0994518308963142
6.469999999999999,43.873053485564654,1.1132324144292702
6.479999999999999,44.13637282294768,1.127522610285199
6.489999999999999,44.39954325816504,1.1423374210297736
6.499999999999999,44.66247971475928,1.157692396008384
6.509999999999999,44.92509360325184,1.1736036539489751
6.519999999999999,45.18729270363446,1.1900878978579497
6.529999999999999,45.44898105064876,1.2071624284090396
6.539999999999999,45.71005881192762,1.2248451586617692
6.549999999999999,45.970422164160254,1.2431546285947377
6.559999999999999,46.22996315913026,1.2621100219641848
6.569999999999999,46.48856959541756,1.2817311805536789
6.579999999999999,46.74612489685901,1.3020386154498742
6.589999999999999,47.00250797571722,1.3230535221761437
6.599999999999999,47.25759309892076,1.3447977939486866
6.609999999999999,47.5112497529501,1.367294034405724
6.619999999999999,47.763342521430644,1.3905655657252667
6.629999999999999,48.01373099690028,1.4146364259109414
6.639999999999999,48.2622695930521,1.4395313937636824
6.649999999999999,48.50880743464859,1.4652759904161794
6.659999999999999,48.7531882356411,1.4918964831928023
6.669999999999999,48.9952501763115,1.5194198890024118
6.679999999999999,49.2348257743859,1.547873981468597
6.689999999999999,49.471741778701265,1.5772872842828485
6.699999999999999,49.70581905701055,1.6076890685625655
6.709999999999999,49.93687248816343,1.6391093480767216
6.719999999999999,50.16471086265426,1.6715788704501455
6.729999999999999,50.3891368431263,1.70512908779203
6.739999999999999,50.609946871695186,1.7397921439575368
6.749999999999999,50.826931091054085,1.7756008564440449
6.759999999999999,51.039873311833716,1.812588682264132
6.769999999999999,51.24855096798474,1.8507896915225177
6.779999999999999,51.452735083066386,1.8902385386274672
6.789999999999999,51.65219029714933,1.9309704007383055
6.799999999999999,51.8466748733441,1.9730209345019452
6.809999999999999,52.03594074285689,2.0164262158413595
6.819999999999999,52.219733611815464,2.061222652396932
6.829999999999999,52.39779301604536,2.1074469277927173
6.839999999999999,52.56985245308468,2.1551359116160946
6.849999999999999,52.735639542400065,2.2043265614771563
6.8599999999999985,52.89487623197174,2.2550558268636687
6.869999999999999,53.04727902310151,2.307360528149495
6.879999999999999,53.19255923791838,2.36127722535714
6.889999999999999,53.3304233390305,2.416842080530248
6.899999999999999,53.4605732741257,2.4740907074032608
6.909999999999999,53.582706866033874,2.5330580080836897
6.919999999999999,53.69651830027822,2.5937779891535704
6.929999999999999,53.801698623376836,2.6562835691806552
6.939999999999999,53.897936309243725,2.7206063725945464
6.949999999999999,53.984917881633386,2.7867765230594115
6.959999999999999,54.06232860927302,2.8548223891007605
6.969999999999999,54.129853261799006,2.9247703339442466
6.979999999999999,54.18717693237795,2.9966444479234413
6.989999999999999,54.23398582048708,3.0704662982065307
6.999999999999999,54.269968233187626,3.146254616660416
7.009999999999999,54.29481563285785,3.2240249803690126
7.019999999999999,54.30822370456064,3.303789493874181
7.029999999999999,54.30989344361568,3.38555647899417
7.039999999999999,54.29953231320831,3.469330152488575
7.049999999999999,54.27685564078669,3.555110228042407
7.059999999999999,54.24158791810354,3.642891571403353
7.0699999999999985,54.19346417779247,3.732663840658004
7.079999999999999,54.132231255243134,3.824411174431375
7.089999999999999,54.05764940097217,3.918111787341058
7.099999999999999,53.96949374624813,4.0137376252272565
7.1099999999999985,53.86755586902769,4.111254001973491
7.119999999999999,53.75164537191322,4.210619251135435
7.129999999999999,53.62159142793475,4.311784408775409
7.139999999999999,53.47724437242243,4.414692895921453
7.149999999999999,53.318477084295964,4.519280281205539
7.159999999999999,53.145186643624875,4.625473987077847
7.169999999999999,52.957295788638575,4.733193074301382
7.179999999999999,52.75475434112408,4.842348044743359
7.189999999999999,52.53754057327085,4.9528406834399865
7.199999999999999,52.30566243687087,5.064563984919917
7.209999999999999,52.05915873607646,5.177402096487553
7.219999999999999,51.79810019922277,5.291230309327598
7.229999999999999,51.52259036015135,5.405915141212017
7.239999999999999,51.23276630185931,5.521314475372404
7.249999999999999,50.92879928363956,5.637277735499623
7.259999999999999,50.610895205825976,5.753646117726304
7.269999999999999,50.27929472172202,5.870252988613396
7.2799999999999985,49.934273264119085,5.9869242831921206
7.289999999999999,49.576141056505136,6.10347891654883
7.299999999999999,49.20524256867557,6.2197293849005035
7.309999999999999,48.821955827158,6.335482411016638
7.3199999999999985,48.42669164512277,6.450539604686563
7.329999999999999,48.019892713721845,6.564698153329927
7.339999999999999,47.60203205056466,6.677751730489566
7.349999999999999,47.17361152369205,6.789491347435677
7.3599999999999985,46.73516035744683,6.89970620903089
7.369999999999999,46.287233106710424,7.008184701768345
7.379999999999999,45.83040747596899,7.114715406409535
7.389999999999999,45.36528212776981,7.219088096629562
7.399999999999999,44.892474414557164,7.321094743880157
7.409999999999999,44.41261769209368,7.4205305759404325
7.419999999999999,43.92635873035855,7.517195092881376
7.429999999999999,43.43435503132925,7.610893107749495
7.439999999999999,42.93727207163795,7.701435722757449
7.449999999999999,42.43578052519591,7.788641256674149
7.459999999999999,41.93055346842389,7.872336167929257
7.469999999999999,41.42226346107114,7.952356004825439
7.479999999999999,40.9115800128502,8.028546089484777
7.489999999999998,40.39916694416767,8.10076224496108
7.499999999999999,39.88567961575269,8.168871549342784
7.509999999999999,39.37176250426641,8.232752899570198
7.519999999999999,38.858047097238504,8.292297404100212
7.5299999999999985,38.34514965631322,8.347408816781439
7.539999999999999,37.833668850306466,8.398003990142424
7.549999999999999,37.32418429671576,8.4440129504103
7.559999999999999,36.81725491009546,8.48537903158273
7.5699999999999985,36.31341723506678,8.522058984935331
7.579999999999999,35.8131841208456,8.55402295248838
7.589999999999999,35.31704389947382,8.581254258027208
7.599999999999999,34.82545942931344,8.60374922426315
7.6099999999999985,34.33886720905085,8.62151692710138
7.619999999999999,33.85767704924852,8.634578810705749
7.629999999999999,33.382271745965326,8.64296827702914
7.639999999999999,32.91300689962364,8.64673020028139
7.649999999999999,32.45021091141033,8.645920389686335
7.659999999999999,31.99418516722562,8.640605057271184
7.669999999999999,31.54520432374994,8.630860209752095
7.679999999999999,31.10351684947412,8.616770929830476
7.689999999999999,30.669345486531387,8.598430784625986
7.699999999999998,30.242887872948305,8.575941169039742
7.709999999999999,29.824317364395537,8.549410575250683
7.719999999999999,29.41378397952049,8.518953835749333
7.729999999999999,29.011415082267806,8.484691544983844
7.739999999999998,28.617316366204285,8.446749351932603
7.749999999999999,28.23157304569718,8.405257193906055
7.759999999999999,27.854250747915717,8.360348696306502
7.769999999999999,27.48539649864445,8.312160557339901
7.7799999999999985,27.12503985216715,8.26083189924186
7.789999999999999,26.77319409572502,8.206503619262012
7.799999999999999,26.429857116835503,8.149317895643861
7.809999999999999,26.095012495078198,8.089417631430337
7.8199999999999985,25.76863064403828,8.02694591423774
7.829999999999999,25.45066977830951,7.962045551751024
7.839999999999999,25.141076861452376,7.894858636230558
7.849999999999999,24.839788594295246,7.825526123957268
7.8599999999999985,24.54673239037103,7.754187450294404
7.869999999999999,24.26182721137377,7.680980182649403
7.879999999999999,23.98498443511481,7.606039699234721
7.889999999999999,23.71610867319142,7.529498916154865
7.899999999999999,23.455098545491513,7.451488026651591
7.909999999999998,23.201847415308066,7.372134263219644
7.919999999999999,22.95624407970885,7.291561703977379
7.929999999999999,22.718173391636306,7.2098911273136315
7.939999999999999,22.487516902010267,7.127239835571077
7.949999999999998,22.264153429521944,7.043721534281278
7.959999999999999,22.047959559617816,6.959446254142532
7.969999999999999,21.838810136915228,6.874520272924734
7.979999999999999,21.636578750424587,6.7890460376781
7.989999999999998,21.441138142191132,6.70312213260876
7.999999999999999,21.252360547671696,6.61684328253559
8.009999999999998,21.0701180925343,6.530300321311797
8.02,20.89428311387773,6.443580200361936
8.03,20.724728427619016,6.356766022400416
8.04,20.561327583727387,6.269937078931469
8.049999999999999,20.40395513525308,6.183168878363547
8.059999999999999,20.252486841966498,6.096533204060052
8.069999999999999,20.10679983089801,6.010098188959476
8.079999999999998,19.966772790048047,5.923928373502881
8.089999999999998,19.83228611820328,5.838084780624782
8.1,19.703222043121738,5.752625001146796
8.11,19.579464724262333,5.667603283009356
8.12,19.460900367493497,5.583070614260629
8.129999999999999,19.34741730076575,5.49907481810316
8.139999999999999,19.238906027506147,5.415660651968057
8.149999999999999,19.135259294995603,5.332869901620397
8.159999999999998,19.03637214100995,5.250741479360109
8.169999999999998,18.94214192729434,5.169311523790714
8.179999999999998,18.85246834072505,5.088613503755405
8.19,18.76725342588088,5.008678315669338
8.2,18.686401595033484,4.9295343831978276
8.209999999999999,18.609819625525425,4.851207757193327
8.219999999999999,18.537416650318146,4.773722209957802
8.229999999999999,18.469104149354806,4.697099334589682
8.239999999999998,18.404795934021756,4.621358641137079
8.249999999999998,18.344408125865414,4.546517649894652
8.259999999999998,18.287859130853303,4.47259197893591
8.27,18.235069611701586,4.399595436471898
8.28,18.18596245661663,4.327540109890649
8.29,18.140462744843184,4.256436450903692
8.299999999999999,18.09849771521428,4.186293352771952
8.309999999999999,18.059996725992352,4.11711823397688
8.319999999999999,18.024891213739007,4.048917118661444
8.329999999999998,17.993114653213947,3.9816947115721804
8.339999999999998,17.964602519885535,3.9154544666199964
8.349999999999998,17.93929224562612,3.8501986596006605
8.36,17.917123173473335,3.785928458722863
8.37,17.898036514623165,3.722643989632221
8.379999999999999,17.881975309809796,3.660344394813208
8.389999999999999,17.868884384043,3.5990278956319544
8.399999999999999,17.85871029996822,3.5386918531004823
8.409999999999998,17.851401315459412,3.4793328231674927
8.419999999999998,17.846907343864185,3.420946607556237
8.429999999999998,17.845179910574906,3.363528305730416
8.44,17.846172108108263,3.307072366248322
8.45,17.849838555018543,3.251572633102073
8.459999999999999,17.856135357779795,3.197022388633818
8.469999999999999,17.86502007016194,3.1434143964472137
8.479999999999999,17.87645165058379,3.0907409440877873
8.489999999999998,17.890390423917243,3.0389938813663107
8.499999999999998,17.906798045738267,2.9881646556445607
8.509999999999998,17.925637464542802,2.9382443471847557
8.52,17.94687288187472,2.889223704667988
8.53,17.97046971702428,2.841093176486909
8.54,17.996394571452782,2.793842941143478
8.549999999999999,18.02461520261289,2.7474629306820995
8.559999999999999,18.055100483795258,2.701942861898536
8.569999999999999,18.087820370380076,2.6572722625728638
8.579999999999998,18.122745869129155,2.613440494889548
8.589999999999998,18.159849007829774,2.5704367779830712
8.599999999999998,18.199102809571087,2.5282502074080493
8.61,18.240481257623557,2.486869778187305
8.62,18.28395926808658,2.446284403407229
8.629999999999999,18.329512662034116,2.406482932298769
8.639999999999999,18.377118140319126,2.3674541661555404
8.649999999999999,18.426753258828434,2.3291868733793537
8.659999999999998,18.478396399078797,2.2916698065280365
8.669999999999998,18.53202674484476,2.2548917154507957
8.679999999999998,18.58762425790406,2.218841360401622
8.69,18.645169656758355,2.1835075236669446
8.7,18.704644392770934,2.148879021290335
8.709999999999999,18.76603062721918,2.1149447139528195
8.719999999999999,18.82931121036586,2.081693516733355
8.729999999999999,18.894469660756265,2.049114408283719
8.739999999999998,18.961490146761047,2.017196438902745
8.749999999999998,19.030357465207892,1.9859287389082794
8.759999999999998,19.101057022596848,1.955300525872598
8.769999999999998,19.173574816773293,1.9253011113108005
8.78,19.24789741926012,1.8959199068506631
8.79,19.32401195842693,1.8671464298610663
8.799999999999999,19.4019061016456,1.838970308747263
8.809999999999999,19.481568039160564,1.8113812876646616
8.819999999999999,19.56298646809325,1.7843692308303043
8.829999999999998,19.64615057747127,1.757924126529048
8.839999999999998,19.731050033096583,1.7320360906388528
8.849999999999998,19.81767496244479,1.7066953697303284
8.86,19.90601594064654,1.6818923439362257
8.87,19.996063976633142,1.6576175294720372
8.879999999999999,20.087810499907537,1.633861581044677
8.889999999999999,20.18124734721195,1.6106152936422102
8.899999999999999,20.276366749729313,1.5878696041999023
8.909999999999998,20.373161320660365,1.5656155930523545
8.919999999999998,20.471624043151312,1.5438444852176445
8.929999999999998,20.57174825869741,1.5225476516745517
8.94,20.673527655202548,1.5017166096829995
8.95,20.776956255806216,1.4813430235022205
8.959999999999999,20.882028407861988,1.4614187047972504
8.969999999999999,20.988738772136927,1.441935612842158
8.979999999999999,21.09708231242978,1.4228858548996612
8.989999999999998,21.207054285812536,1.404261687178909
8.999999999999998,21.318650231698037,1.3860555131430647
9.009999999999998,21.431865962221604,1.3682598837039806
9.019999999999998,21.546697552587606,1.3508674968851868
9.03,21.663141331557533,1.333871197298124
9.04,21.781193872095745,1.3172639758287765
9.049999999999999,21.900851982150908,1.301038969897655
9.059999999999999,22.022112695660145,1.2851894613309296
9.069999999999999,22.14497326362936,1.2697088760067075
9.079999999999998,22.269431145353202,1.2545907830512741
9.089999999999998,22.395483999754976,1.2398288939020885
9.099999999999998,22.523129676807596,1.2254170616242548
9.11,22.65236620899655,1.211349280833801
9.12,22.78319180306667,1.1976196853020922
9.129999999999999,22.915604831692267,1.1842225473558785
9.139999999999999,23.049603825250607,1.1711522768698126
9.149999999999999,23.185187463664203,1.1584034201652786
9.159999999999998,23.322354568185283,1.145970659130266
9.169999999999998,23.46110409299276,1.1338488108324871
9.179999999999998,23.60143511761799,1.1220328253473444
9.189999999999998,23.74334683875084,1.1105177850083674
9.2,23.886838562191397,1.099298903360036
9.209999999999999,24.031909694829384,1.0883715240587708
9.219999999999999,24.17855973650557,1.0777311199859778
9.229999999999999,24.326788271623084,1.0673732928023212
9.239999999999998,24.476594961552458,1.0572937710035852
9.249999999999998,24.62797953634143,1.0474884092117474
9.259999999999998,24.780941786517285,1.0379531872333467
9.269999999999998,24.93548155485991,1.02868420909564
9.28,25.09159872798786,1.019677702274311
9.29,25.24929322761544,1.0109300172938194
9.299999999999999,25.408565002617898,1.0024376261526027
9.309999999999999,25.569414020280828,0.9941971217574772
9.319999999999999,25.731840257594286,0.9862052171930117
9.329999999999998,25.895843692457987,0.9784587449951075
9.339999999999998,26.061424294625752,0.9709546566008471
9.349999999999998,26.228582016236718,0.9636900221186653
9.36,26.397316783165195,0.956662029176917
9.37,26.567628485426596,0.9498679826063711
9.379999999999999,26.73951696757414,0.9433053040122004
9.389999999999999,26.912982018939573,0.9369715313725058
9.399999999999999,27.088023363532628,0.9308643188028429
9.409999999999998,27.264640649436647,0.9249814366022064
9.419999999999998,27.442833439018216,0.9193207705785633
9.429999999999998,27.62260119806054,0.9138803220730098
9.439999999999998,27.803943284822243,0.9086582079189198
9.45,27.986858938863023,0.9036526604478748
9.459999999999999,28.171347269363604,0.8988620276929947
9.469999999999999,28.357407242775018,0.8942847738754766
9.479999999999999,28.545037671771848,0.8899194790749905
9.489999999999998,28.73423720249017,0.885764839749402
9.499999999999998,28.92500430174294,0.8818196691604957
9.509999999999998,29.117337243931612,0.8780828978548904
9.519999999999998,29.31123409759626,0.8745535742255128
9.53,29.506692711362753,0.8712308652667793
9.54,29.70371069737941,0.8681140584571749
9.549999999999999,29.902285419196087,0.865202561337403
9.559999999999999,30.10241397627844,0.862495902624224
9.569999999999999,30.30409318789637,0.8599937335042227
9.579999999999998,30.507319576943736,0.8576958288261358
9.589999999999998,30.712089353256967,0.8556020883980664
9.599999999999998,30.918398396390895,0.8537125383989422
9.609999999999998,31.126242235592393,0.8520273336096852
9.62,31.3356160326669,0.8505467586725437
9.629999999999999,31.546514564189252,0.84927122948837
9.639999999999999,31.758932200852378,0.8482012954405983
9.649999999999999,31.972862887098906,0.8473376414541898
9.659999999999998,32.188300120075496,0.8466810901868684
9.669999999999998,32.405236927885525,0.8462326043557736
9.679999999999998,32.62366584562729,0.845993289629528
9.689999999999998,32.843578890847645,0.8459643976143715
9.7,33.064967542867564,0.8461473276524178
9.709999999999999,33.28782271614936,0.8465436302467098
9.719999999999999,33.51213473431496,0.8471550102137341
9.729999999999999,33.737893303301576,0.8479833299929338
9.739999999999998,33.96508748358544,0.8490306131287854
9.749999999999998,34.19370566065447,0.8502990480686371
9.759999999999998,34.42373551182593,0.8517909926103964
9.769999999999998,34.65516398016503,0.8535089771056513
9.78,34.88797724098897,0.8554557089722991
9.79,35.12216066822059,0.8576340772368166
9.799999999999999,35.35769879990822,0.8600471572254259
9.809999999999999,35.59457530251861,0.8626982154720536
9.819999999999999,35.83277293377057,0.8655907148770677
9.829999999999998,36.07227350075064,0.8687283205922026
9.839999999999998,36.313057823492095,0.8721149051464131
9.849999999999998,36.55510569395811,0.8757545542801161
9.859999999999998,36.79839583236855,0.8796515732048982
9.87,37.042905842850715,0.8838104929998126
9.879999999999999,37.28861216750315,0.888236077277102
9.889999999999999,37.535490038821045,0.8929333291248401
9.899999999999999,37.783513428106815,0.8979074983389432
9.909999999999998,38.03265499480947,0.9031640889418912
9.919999999999998,38.28288603589289,0.9087088669978091
9.929999999999998,38.53417642952274,0.9145478687437435
9.939999999999998,38.78649457816493,0.9206874090345536
9.95,39.03980734966884,0.9271340901125836
9.959999999999999,39.294080016272375,0.9338948107105608
9.969999999999999,39.54927619143052,0.9409767750850274
9.979999999999999,39.805357764409145,0.9483875020736157
9.989999999999998,40.06228483278749,0.9561348365993965
9.999999999999998,40.32001563244923,0.9642269595484876
10.009999999999998,40.57850646520916,0.9726723985197437
10.019999999999998,40.837711623965475,0.9814800389826988
10.029999999999998,41.09758331530355,0.9906591358134454
10.04,41.35807158046871,1.0002193247212694
10.049999999999999,41.61912421971851,1.0101706310284386
10.059999999999999,41.8806866985061,1.0205234865649142
10.069999999999999,42.14270206137313,1.0312887416895968
10.079999999999998,42.40511084241021,1.0424776779878713
10.089999999999998,42.6678509718258,1.054102021844906
10.099999999999998,42.9308576795555,1.0661739583970642
10.109999999999998,43.19406339633931,1.0787061456844296
10.12,43.457397672203534,1.0917117217414305
10.129999999999999,43.72078705695891,1.1052043247196743
10.139999999999999,43.98415498575247,1.119198110389512
10.149999999999999,44.24742167546398,1.1337077648935825
10.159999999999998,44.51050401128543,1.1487485202338936
10.169999999999998,44.773315430098805,1.1643361700665327
10.179999999999998,45.035765816457484,1.1804870806100896
10.189999999999998,45.297761410532104,1.1972181968562177
10.2,45.55920463045384,1.214547075998684
10.209999999999999,45.81999396512286,1.2324918969918095
10.219999999999999,46.080023845967325,1.2510714761902986
10.229999999999999,46.339184518719854,1.270305282122102
10.239999999999998,46.59736196915785,1.2902134311299318
10.249999999999998,46.854437744953614,1.3108167173744605
10.259999999999998,47.110288819470306,1.3321366277787212
10.269999999999998,47.3647874666996,1.3541953522912433
10.279999999999998,47.617801152148104,1.37701578611625
10.29,47.869192381763405,1.4006215479323536
10.299999999999999,48.11881855695055,1.4250369946648365
10.309999999999999,48.36653184256753,1.450287230044671
10.319999999999999,48.612179089985716,1.4763980922507811
10.329999999999998,48.855601706473145,1.503396160344354
10.339999999999998,49.096635491521546,1.5313087719215392
10.349999999999998,49.33511053999739,1.5601640163382564
10.359999999999998,49.57085114680536,1.5899907286952033
10.37,49.80367566472947,1.6208184943791655
10.379999999999999,50.03339640357243,1.6526776418992486
10.389999999999999,50.25981961575575,1.6855992053432403
10.399999999999999,50.48274535718873,1.7196149276391477
10.409999999999998,50.70196738794951,1.754757249619134
10.419999999999998,50.917273167216095,1.7910592698451067
10.429999999999998,51.12844384701232,1.8285547043762187
10.439999999999998,51.33525413944892,1.8672778810259485
10.45,51.53747233750058,1.9072636891022392
10.459999999999999,51.73486044026572,1.948547497761771
10.469999999999999,51.92717404856374,1.9911651394288037
10.479999999999999,52.11416240909762,2.0351528493805273
10.489999999999998,52.29556861967699,2.0805471611992425
10.499999999999998,52.47112969913357,2.12738483709062
10.509999999999998,52.64057661502719,2.175702808060619
10.519999999999998,52.803634526678465,2.2255380562686944
10.529999999999998,52.9600231393232,2.276927467998826
10.54,53.109456717396455,2.329907771726553
10.549999999999999,53.25164440554622,2.3845153966302988
10.559999999999999,53.38629076646902,2.4407862790859243
10.569999999999999,53.51309599022131,2.4987557443537405
10.579999999999998,53.63175625068048,2.558458351581623
10.589999999999998,53.741964323039475,2.6199276793182786
10.599999999999998,53.84341019621339,2.6831961099995194
10.609999999999998,53.935781415302245,2.7482946681853067
10.62,54.01876381141316,2.8152527762887822
10.629999999999999,54.09204243583394,2.8840979739806776
10.639999999999999,54.155302075295246,2.9548557043481893
10.649999999999999,54.20822809257909,3.027549040105667
10.659999999999998,54.250507500623215,3.1021983806547127
10.669999999999998,54.28182987712322,3.1788211566125533
10.679999999999998,54.30188828421108,3.2574315250823926
10.689999999999998,54.310380442056314,3.338040044549177
10.699999999999998,54.30700998931821,3.4206533517629802
10.709999999999999,54.29148758282812,3.505273789797031
10.719999999999999,54.263532227214355,3.591899054631013
10.729999999999999,54.22287260769287,3.68052190463689
10.739999999999998,54.16924852290673,3.771129734240334
10.749999999999998,54.10241236764514,3.863704180791981
10.759999999999998,54.02213054941367,3.9582208200034836
10.769999999999998,53.92818492904029,4.05464886748238
10.779999999999998,53.8203745255428,4.152950736063232
10.79,53.69851695229765,4.253081742013561
10.799999999999999,53.56245007862668,4.354989750692497
10.809999999999999,53.4120336101471,4.458614873559288
10.819999999999999,53.24715038422744,4.563889306657212
10.829999999999998,53.06770820121354,4.670736945203076
10.839999999999998,52.8736410676031,4.779073251707209
10.849999999999998,52.66491057297439,4.888805091058077
10.859999999999998,52.44150746794077,4.999830515213717
10.87,52.20345249225139,5.112038819315694
10.879999999999999,51.95079781120996,5.225310409216377
10.889999999999999,51.68362797777971,5.339516839148705
10.899999999999999,51.40206045354591,5.454521003068444
10.909999999999998,51.10624679769842,5.5701771458969205
10.919999999999998,50.7963728019569,5.686331193980838
10.929999999999998,50.47265892597158,5.802821025512413
10.939999999999998,50.13536067308572,5.919476775635107
10.949999999999998,49.784768100679884,6.036121369815437
10.959999999999999,49.421205923258164,6.15257095781679
10.969999999999999,49.045032911386635,6.268635509491404
10.979999999999999,48.65664100079336,6.38411949161077
10.989999999999998,48.25645464431347,6.498822557959118
10.999999999999998,47.84492943589688,6.6125403203943405
11.009999999999998,47.42255078824169,6.725065208415146
11.019999999999998,46.98983238564457,6.8361873610932165
11.029999999999998,46.547314368911636,6.945695472326895
11.04,46.095561290280656,7.053377921183357
11.049999999999999,45.63515993645753,7.159023763124787
11.059999999999999,45.16671722852525,7.262423509901379
11.069999999999999,44.69085753006818,7.363370352194564
11.079999999999998,44.20822023133491,7.4616611699034205
11.089999999999998,43.719456974180936,7.557097609524444
11.099999999999998,43.22522890643772,7.649487061982538
11.109999999999998,42.726204133116724,7.738643497031992
11.119999999999997,42.223054536776274,7.82438861686659
11.129999999999999,41.716453421626504,7.9065525743642615
11.139999999999999,41.207072376221255,7.984974947456842
11.149999999999999,40.69557880440193,8.059505419647413
11.159999999999998,40.182633265474834,8.13000449036928
11.169999999999998,39.66888677044727,8.19634416969495
11.179999999999998,39.15497874290598,8.258408397976746
11.189999999999998,38.6415343217718,8.316093636641348
11.199999999999998,38.129162628915644,8.36930912509405
11.209999999999999,37.61845457899891,8.417977219754718
11.219999999999999,37.10998119462501,8.462033566064878
11.229999999999999,36.60429210302943,8.501427171735896
11.239999999999998,36.10191397053331,8.536120445379575
11.249999999999998,35.603349518936284,8.566089094132558
11.259999999999998,35.10907635748528,8.591321960198544
11.269999999999998,34.61954627485338,8.61182080106961
11.279999999999998,34.13518460828497,8.627599948002375
11.29,33.656389793408124,8.638685944787941
11.299999999999999,33.18353313225763,8.645117120859135
11.309999999999999,32.71695876522784,8.646942979461246
11.319999999999999,32.25698364375031,8.644223812436664
11.329999999999998,31.803897815491137,8.637030066744911
11.339999999999998,31.357964934641373,8.625441576254163
11.349999999999998,30.91942243251555,8.609547156876632
11.359999999999998,30.488482356459755,8.589443777725602
11.369999999999997,30.065332183242287,8.565235803740897
11.379999999999999,29.650135164227795,8.537034571989391
11.389999999999999,29.243031623411053,8.504957445907332
11.399999999999999,28.844139840469804,8.469127145932129
11.409999999999998,28.453556599525026,8.429671284532889
11.419999999999998,28.07135874898532,8.386721423290748
11.429999999999998,27.697604021027747,8.340412523523176
11.439999999999998,27.332331827420816,8.290882432459583
11.449999999999998,26.975564830920817,8.238271051092346
11.459999999999999,26.62730966645207,8.182719892942968
11.469999999999999,26.287557979104758,8.124371538583116
11.479999999999999,25.95628779325166,8.06336898697556
11.489999999999998,25.63346419721208,7.99985527952582
11.499999999999998,25.319040484458988,7.933972993536356
11.509999999999998,25.01295927392335,7.865863766057302
11.519999999999998,24.715153183849928,7.795667967282464
11.529999999999998,24.425545934361562,7.7235242890876
11.539999999999997,24.144053242412735,7.649569405876964
11.549999999999999,23.87058348632181,7.573937696775003
11.559999999999999,23.605038667303972,7.496760956539019
11.569999999999999,23.34731512686884,7.418168154538549
11.579999999999998,23.097304183752136,7.338285215842675
11.589999999999998,22.85489290391061,7.257234852392052
11.599999999999998,22.619964691091898,7.175136387357283
11.609999999999998,22.392399861442133,7.092105612006375
11.619999999999997,22.17207622264403,7.008254710133697
11.629999999999999,21.9588695776168,6.92369212948955
11.639999999999999,21.752654194502668,6.8385225247415065
11.649999999999999,21.553303236856642,6.752846739732267
11.659999999999998,21.36068919403167,6.666761722495756
11.669999999999998,21.174684226812566,6.580360546007667
11.679999999999998,20.995160494415344,6.49373242347728
11.689999999999998,20.821990510515548,6.40696266653292
11.699999999999998,20.655047371352918,6.32013276533137
11.709999999999999,20.494205012878783,6.233320421061752
11.719999999999999,20.339338487597846,6.146599547892176
11.729999999999999,20.190324098191407,6.060040389728831
11.739999999999998,20.047039611409275,5.973709557573813
11.749999999999998,19.909364447864885,5.887670077473963
11.759999999999998,19.777179746271344,5.801981525623192
11.769999999999998,19.650368498658217,5.716700099983471
11.779999999999998,19.52881572557166,5.6318786596882795
11.789999999999997,19.412408524323517,5.547566841006675
11.799999999999999,19.30103615003903,5.46381114279646
11.809999999999999,19.19459006715945,5.380655037597559
11.819999999999999,19.092963949547613,5.298139121549173
11.829999999999998,18.99605381149726,5.216301121194147
11.839999999999998,18.903758019976358,5.135176012130515
11.849999999999998,18.815977246774374,5.054796177453251
11.859999999999998,18.73261452462727,4.975191469045823
11.869999999999997,18.65357527098639,4.8963892896711965
11.879999999999999,18.578767267040853,4.818414707936434
11.889999999999999,18.50810062582816,4.741290577821111
11.899999999999999,18.441487813369907,4.6650376021736
11.909999999999998,18.378843622888375,4.589674434433168
11.919999999999998,18.32008513869573,4.5152177833853155
11.929999999999998,18.265131718629537,4.441682496960737
11.939999999999998,18.213904972418792,4.369081645055947
11.949999999999998,18.166328723985227,4.297426610001875
11.959999999999997,18.122328960783253,4.226727179886418
11.969999999999999,18.081833819370477,4.15699161741183
11.979999999999999,18.044773543529395,4.088226741095798
11.989999999999998,18.01108043390836,4.0204380093089025
11.999999999999998,17.98068881176968,3.9536295916623616
12.009999999999998,17.953534983972062,3.8878044365316753
12.019999999999998,17.929557196352842,3.822964343162649
12.029999999999998,17.90869557999344,3.759110034902359
12.039999999999997,17.890892124078608,3.6962412143427668
12.049999999999999,17.87609063124442,3.6343566261550424
12.059999999999999,17.864236669903637,3.573454119056962
12.069999999999999,17.85527751517723,3.513530711695465
12.079999999999998,17.849162128913523,3.4545826350280424
12.089999999999998,17.845841111904633,3.396605387834894
12.099999999999998,17.84526665792576,3.3395937885965763
12.109999999999998,17.847392503633817,3.2835420270071713
12.119999999999997,17.852173901247287,3.22844370413964
12.129999999999999,17.859567574841204,3.174291877568284
12.139999999999999,17.869531676811796,3.1210791047392923
12.149999999999999,17.88202574292014,3.068797485309291
12.159999999999998,17.89701066454283,3.017438694609858
12.169999999999998,17.91444864805597,2.966994021124652
12.179999999999998,17.934303174904542,2.917454401629706
12.189999999999998,17.956538962565315,2.868810454582366
12.199999999999998,17.981121935894407,2.821052509343386
12.209999999999997,18.008019190705888,2.774170636085169
12.219999999999999,18.037198957448236,2.7281546740625173
12.229999999999999,18.06863056703157,2.6829942581846553
12.239999999999998,18.102284423015263,2.6386788432363644
12.249999999999998,18.138131969014132,2.5951977277148357
12.259999999999998,18.17614565631538,2.5525400760985386
12.269999999999998,18.216298914011944,2.510694939850424
12.279999999999998,18.258566122431496,2.4696512772067765
12.289999999999997,18.302922584340834,2.4293979718694976
12.299999999999999,18.34934449608397,2.389923850205875
12.309999999999999,18.39780892125374,2.3512176977838783
12.319999999999999,18.448293766192844,2.313268275149314
12.329999999999998,18.500777754413846,2.2760643322646237
12.339999999999998,18.5552404003326,2.2395946209590814
12.349999999999998,18.61166198700755,2.20384790849791
12.359999999999998,18.670023544269284,2.1688129901573125
12.369999999999997,18.730306826004405,2.1344787001210817
12.379999999999997,18.792494288890435,2.100833922135426
12.389999999999999,18.85656907143196,2.0678675992037316
12.399999999999999,18.922514965736752,2.0355687364048918
12.409999999999998,18.990316405099954,2.0039264151216623
12.419999999999998,19.0599584457852,1.9729298016608314
12.429999999999998,19.13142674665996,1.9425681532132997
12.439999999999998,19.204707551271525,1.9128308248367771
12.449999999999998,19.27978766995409,1.8837072750610282
12.459999999999997,19.356654458078445,1.8551870632526775
12.469999999999999,19.43529580481345,1.82725986442754
12.479999999999999,19.51570011637525,1.7999154730121854
12.489999999999998,19.59785629962846,1.773143806078976
12.499999999999998,19.68175374686763,1.7469349076019316
12.509999999999998,19.767382320773965,1.7212789507461541
12.519999999999998,19.854732338802716,1.696166233434097
12.529999999999998,19.943794560728577,1.6715871918885454
12.539999999999997,20.034560174548627,1.6475324006771292
12.549999999999999,20.127020783017834,1.6239925743912988
12.559999999999999,20.221168390639882,1.600958569940083
12.569999999999999,20.316995391197768,1.5784213863021281
12.579999999999998,20.414494555925838,1.5563721604620468
12.589999999999998,20.513659020600173,1.5348021782655765
12.599999999999998,20.614482274072053,1.5137028723604724
12.609999999999998,20.716958146802348,1.4930658228765166
12.619999999999997,20.821080799609042,1.4728827583608133
12.629999999999997,20.92684471336921,1.4531455536936193
12.639999999999999,21.03424467906908,1.4338462274102837
12.649999999999999,21.143275785524988,1.414976949284037
12.659999999999998,21.253933409851253,1.3965300374693428
12.669999999999998,21.36621320740231,1.3784979584826627
12.679999999999998,21.480111101862363,1.360873327239869
12.689999999999998,21.5956232765969,1.3436489037535433
12.699999999999998,21.71274616535699,1.3268175921976386
12.709999999999997,21.83147644138484,1.3103724451715333
12.719999999999999,21.951811008982943,1.2943066609390188
12.729999999999999,22.07374699445085,1.2786135829134893
12.739999999999998,22.197281737136926,1.2632866991238723
12.749999999999998,22.322412781886236,1.2483196383233834
12.759999999999998,22.449137869869357,1.2337061705275565
12.769999999999998,22.57745492912401,1.2194402085136282
12.779999999999998,22.707362066623958,1.2055158055642616
12.789999999999997,22.838857559864184,1.1919271546417363
12.799999999999997,22.97193984853664,1.1786685874906202
12.809999999999999,23.106607527428427,1.1657345708538078
12.819999999999999,23.242859337351835,1.153119707666716
12.829999999999998,23.380694156661704,1.1408187368978358
12.839999999999998,23.520110993464733,1.1288265317576853
12.849999999999998,23.661108977507904,1.117138098761106
12.859999999999998,23.80368735213576,1.1057485766473443
12.869999999999997,23.947845467067648,1.0946532331266188
12.879999999999997,24.093582769473326,1.0838474661827808
12.889999999999999,24.240898795890676,1.0733268031019916
12.899999999999999,24.389793164280526,1.0630868990935354
12.909999999999998,24.54026556587861,1.053123536393415
12.919999999999998,24.692315757063685,1.0434326231641173
12.929999999999998,24.845943551545215,1.034010190985415
12.939999999999998,25.001148811559574,1.0248523959760723
12.949999999999998,25.157931439603395,1.0159555175986024
12.959999999999997,25.31629137004616,1.0073159576607322
12.969999999999999,25.47622856059643,0.9989302395796034
12.979999999999999,25.637742983660377,0.9907950074102679
12.989999999999998,25.800834617574363,0.9829070241546968
12.999999999999998,25.965503437761544,0.975263172606912
13.009999999999998,26.13174940772138,0.9678604543224022
13.019999999999998,26.299572469884538,0.9606959889953202
13.029999999999998,26.468972536318482,0.9537670139815891
13.039999999999997,26.63994947907833,0.9470708835984161
13.049999999999997,26.81250312021546,0.9406050682372132
13.059999999999999,26.986633222559647,0.9343671549757371
13.069999999999999,27.162339479435236,0.9283548469582298
13.079999999999998,27.339621504387637,0.9225659631696578
13.089999999999998,27.518478820707756,0.9169984383058408
13.099999999999998,27.698910850162264,0.9116503224878981
13.109999999999998,27.880916901622395,0.9065197811105825
13.119999999999997,28.06449616090329,0.901605095366233
13.129999999999997,28.24964767870757,0.8969046621853337
13.139999999999999,28.436370358769672,0.8924169944551982
13.149999999999999,28.624662945710604,0.8881407213243127
13.159999999999998,28.814524010866766,0.8840745884538874
13.169999999999998,29.00595193991782,0.8802174585274202
13.179999999999998,29.198944921472954,0.8765683119540956
13.189999999999998,29.393500932445008,0.873126247434319
13.199999999999998,29.58961772410729,0.8698904827037446
13.209999999999997,29.787292807771596,0.8668603553739069
13.219999999999999,29.98652344007557,0.8640353238719004
13.229999999999999,30.18730660552944,0.8614149684865393
13.239999999999998,30.389638995035064,0.8589989925261554
13.249999999999998,30.593517000246074,0.8567872235481041
13.259999999999998,30.798936692997124,0.854779614727994
13.269999999999998,31.005893807511562,0.8529762463333068
13.279999999999998,31.21438372254714,0.8513773273098834
13.289999999999997,31.424401443011927,0.8499831969846929
13.299999999999997,31.635941580335636,0.8487943269605215
13.309999999999999,31.848998322165386,0.8478113241890305
13.319999999999999,32.06356542337199,0.8470349318806515
13.329999999999998,32.27963618495107,0.8464660317441541
13.339999999999998,32.497203429629614,0.8461056466360839
13.349999999999998,32.716259479267215,0.8459549430892391
13.359999999999998,32.93679613155046,0.8460152339825291
13.369999999999997,33.15880463596236,0.8462879813550278
13.379999999999997,33.382275658745804,0.8467748007204183
13.389999999999999,33.60719925748707,0.8474774641623743
13.399999999999999,33.83356486792345,0.8483979018679642
13.409999999999998,34.061361268477874,0.8495382066485544
13.419999999999998,34.290576551329345,0.8509006376496725
13.429999999999998,34.521198092550655,0.8524876242352085
13.439999999999998,34.75321252128489,0.8543017700501343
13.449999999999998,34.98660568287392,0.8563458579930222
13.459999999999997,35.22136258977853,0.8586228569839991
13.469999999999997,35.45746741380182,0.8611359228370958
13.479999999999999,35.69490344142942,0.8638884044748781
13.489999999999998,35.93365303516118,0.8668838493231444
13.499999999999998,36.1736975950713,0.8701260087142946
13.509999999999998,36.415017519106854,0.8736188435135751
13.519999999999998,36.657592160949186,0.8773665301255638
13.529999999999998,36.90139976388868,0.8813734697558303
13.539999999999997,37.14641743956687,0.8856442917438825
13.549999999999997,37.39262112424868,0.8901838599498988
13.559999999999999,37.63998552466515,0.89499728058974
13.569999999999999,37.88848406850326,0.9000899095075772
13.579999999999998,38.138088853260975,0.9054673597246689
13.589999999999998,38.38877059342962,0.9111355092696963
13.599999999999998,38.6404985498686,0.9171005109577646
13.609999999999998,38.8932404696955,0.9233688011961539
13.619999999999997,39.14696255418256,0.9299471060130584
13.629999999999997,39.40162938363657,0.9368424516417818
13.639999999999999,39.65720385385793,0.9440621740267119
13.649999999999999,39.91364711059514,0.9516139286547219
13.659999999999998,40.17091848187569,0.9595057007259847
13.669999999999998,40.42897540296007,0.9677458157266453
13.679999999999998,40.68777332337376,0.9763429505229366
13.689999999999998,40.947265663839055,0.98530614425106
13.699999999999998,41.207403728965986,0.9946448100240048
13.709999999999997,41.46813662460701,1.0043687469336762
13.719999999999997,41.729411174842326,1.0144881524084346
13.729999999999999,41.991171836353175,1.0250136349560615
13.739999999999998,42.25336060989492,1.0359562270839995
13.749999999999998,42.515916942435524,1.0473273925769222
13.759999999999998,42.77877763921207,1.059139045765496
13.769999999999998,43.041876768238986,1.0714035668937107
13.779999999999998,43.305145558335795,1.0841338146151043
13.789999999999997,43.568512296232115,1.0973431407471133
13.799999999999997,43.83190222063753,1.111045405410218
13.809999999999999,44.095237413220936,1.125254992556177
13.819999999999999,44.35843669907643,1.1399868182920003
13.829999999999998,44.62141554281022,1.155256340309906
13.839999999999998,44.88408590776568,1.1710795879284321
13.849999999999998,45.14635614805537,1.187473170817381
13.859999999999998,45.40813088739793,1.204454294042713
13.869999999999997,45.66931089814316,1.2220407732776812
13.879999999999997,45.92979299363654,1.2402510500241128
13.889999999999997,46.18946987850485,1.2591042070093172
13.899999999999999,46.44823002261016,1.278619983526545
13.909999999999998,46.70595753018921,1.2988187907960669
13.919999999999998,46.96253200527622,1.3197217269771158
13.929999999999998,47.217828464927315,1.341350570172899
13.939999999999998,47.47171718580094,1.3637277994078594
13.949999999999998,47.72406354475864,1.3868766170686764
13.959999999999997,47.97472789718881,1.410820953715824
13.969999999999997,48.223565472088794,1.435585471452766
13.979999999999999,48.47042625376645,1.4611955694980696
13.989999999999998,48.715154799542425,1.4876774033446551
13.999999999999998,48.95759012565027,1.5150578877747327
14.009999999999998,49.19756560425196,1.5433646919546
14.019999999999998,49.43490892484698,1.572626209899453
14.029999999999998,49.669441888125895,1.6028715917028404
14.039999999999997,49.90098032571829,1.634130728246075
14.049999999999997,50.12933402600934,1.6664342403807775
14.059999999999999,50.35430661873775,1.6998134705400534
14.069999999999999,50.575695481914444,1.7343004705858576
14.079999999999998,50.79329174665088,1.7699279563417387
14.089999999999998,51.00688023233127,1.8067292845002207
14.099999999999998,51.21623933801331,1.8447384438123546
14.109999999999998,51.421141070635116,1.8839900024287457
14.119999999999997,51.62135111441395,1.9245190451626557
14.129999999999997,51.81662872159862,1.966361156152919
14.139999999999997,52.006726780108366,2.0095523534804984
14.149999999999999,52.191392002690215,2.054128987948144
14.159999999999998,52.37036488532932,2.100127705399423
14.169999999999998,52.54337980920004,2.1475853677151844
14.179999999999998,52.710165331611876,2.1965389240289293
14.189999999999998,52.87044431671039,2.2470253214051867
14.199999999999998,53.02393405537464,2.299081416656026
14.209999999999997,53.17034662289419,2.352743827344713
14.219999999999997,53.30938928728057,2.4080487690896417
14.229999999999999,53.440764641379204,2.4650319578280224
14.239999999999998,53.56417106252073,2.5237284318674154
14.249999999999998,53.679303358439846,2.584172332068094
14.259999999999998,53.785853039478155,2.64639676105542
14.269999999999998,53.88350887233803,2.710433578497124
14.279999999999998,53.97195768899914,2.776313145350105
14.289999999999997,54.050884954209614,2.8440641095803225
14.299999999999997,54.119975400394544,2.9137131753544505
14.309999999999997,54.17891394888982,2.985284822223583
14.319999999999999,54.227386653520774,3.0588010170633355
14.329999999999998,54.26508143112279,3.1342809464133983
14.339999999999998,54.2916891304467,3.211740703750127
14.349999999999998,54.30690472580031,3.291192972959898
14.359999999999998,54.3104282946627,3.3726466933907258
14.369999999999997,54.301966234500675,3.4561067159697103
14.379999999999997,54.28123256271056,3.5415734933390475
14.389999999999997,54.247950217335756,3.6290426916027654
14.399999999999999,54.20185243611172,3.7185048054087853
14.409999999999998,54.142684143292485,3.8099448395841318
14.419999999999998,54.070203388555,3.9033419766348896
14.429999999999998,53.98418294531889,3.998669146099921
14.439999999999998,53.88441171944787,4.095892725683844
14.449999999999998,53.77069638046234,4.1949721649428735
14.459999999999997,53.642862985347705,4.295859632364109
14.469999999999997,53.50075830866644,4.398499815159947
14.479999999999999,53.344251653155744,4.5028295141714025
14.489999999999998,53.17323629744989,4.608777412408396
14.499999999999998,52.98763076918193,4.716263924173714
14.509999999999998,52.787380670429435,4.825200858462284
14.519999999999998,52.572459712728225,4.935491383187763
14.529999999999998,52.342871049348396,5.047029901211919
14.539999999999997,52.09864874800115,5.159701892579579
14.549999999999997,51.83985835789978,5.2733840716063805
14.559999999999997,51.5665982177465,5.387944326614816
14.569999999999999,51.2790002776154,5.503241826348561
14.579999999999998,50.977230259570334,5.619127338109963
14.589999999999998,50.661488676317475,5.735443322261097
14.599999999999998,50.33201080489329,5.852024328140402
14.609999999999998,49.98906658175064,5.968697431353708
14.619999999999997,49.63296090919538,6.085282597794336
14.629999999999997,49.264032856414055,6.201593305068187
14.639999999999997,48.882655240792076,6.317437129746455
14.649999999999999,48.48923396486533,6.432616404805329
14.659999999999998,48.08420667897822,6.546928976470369
14.669999999999998,47.66804175192585,6.660169022286721
14.679999999999998,47.241236767803,6.772127897360313
14.689999999999998,46.80431677133827,6.882594997989634
14.699999999999998,46.35783241564208,6.991358823127713
14.709999999999997,45.9023579768237,7.098207842312821
14.719999999999997,45.438489083341224,7.202931529679653
14.729999999999997,44.96684018302143,7.305321520372584
14.739999999999998,44.48804240603382,7.405172405582775
14.749999999999998,44.00274061613862,7.502282955831187
14.759999999999998,43.51159064087191,7.596457179224421
14.769999999999998,43.015257020300545,7.687505059724484
14.779999999999998,42.514409809992635,7.775243714216878
14.789999999999997,42.00972191170155,7.8594982766150165
14.799999999999997,41.50186611864918,7.940102830148658
14.809999999999997,40.99151261901828,8.016901111084128
14.819999999999999,40.479326245440824,8.089747277144744
14.829999999999998,39.96596381603622,8.158506617960107
14.839999999999998,39.45207180090543,8.2230560963195
14.849999999999998,38.93828376758702,8.283284916844917
14.859999999999998,38.42521844946592,8.339094860488025
14.869999999999997,37.91347742359673,8.390400694289172
14.879999999999997,37.403643487066695,8.437130349917764
14.889999999999997,36.89627878161094,8.479225107472523
14.899999999999999,36.39192341408491,8.516639636144301
14.909999999999998,35.891094099630166,8.549341962648864
14.919999999999998,35.39428306182553,8.577313367790786
14.929999999999998,34.90195713365645,8.60054818051377
14.939999999999998,34.41455695344823,8.619053484174088
14.949999999999998,33.9324965596234,8.632848836559113
14.959999999999997,33.456162989895425,8.64196578692287
14.969999999999997,32.98591609085538,8.646447424753982
14.979999999999997,32.52208847062704,8.646347946332622
14.989999999999998,32.0649857733914,8.6417319310799
14.999999999999998,31.614886808819765,8.632673887597981
15.009999999999998,31.17204405159888,8.619257563109292
15.019999999999998,30.736684287492007,8.601575201865236
15.029999999999998,30.309008969406722,8.57972705952615
15.039999999999997,29.88919527507017,8.553820520308834
15.049999999999997,29.477396787876827,8.523969481722336
15.059999999999997,29.07374425286155,8.49029373653415
15.069999999999999,28.678346858755575,8.452918105515447
15.079999999999998,28.291292864676038,8.41197193940419
15.089999999999998,27.91265083287846,8.367588357300159
15.099999999999998,27.542470742928778,8.319903568822891
15.109999999999998,27.1807847526918,8.26905638208417
15.119999999999997,26.827608625112624,8.215187453368795
15.129999999999997,26.48294258466618,8.158438796220617
15.139999999999997,26.146772359284803,8.098953244631968
15.149999999999997,25.81907042010999,8.036873866503933
15.159999999999998,25.4997967473103,7.9723435649024745
15.169999999999998,25.188900007302877,7.905504572315403
15.179999999999998,24.886318501292735,7.836498035545862
15.189999999999998,24.59198096949578,7.765463662513192
15.199999999999998,24.305807665398753,7.692539330342136
15.209999999999997,24.027711093358633,7.617860782768771
15.219999999999997,23.757596856966178,7.541561339029586
15.229999999999997,23.495364487563737,7.463771629973218
15.239999999999998,23.24090810252904,7.384619363390501
15.249999999999998,22.99411716350471,7.304229133747785
15.259999999999998,22.754877110909426,7.222722235059473
15.269999999999998,22.523069965577232,7.140216507009904
15.279999999999998,22.298574935297943,7.056826246403864
15.289999999999997,22.0812689318717,6.972662079243812
15.299999999999997,21.871027048152243,6.887830836198327
15.309999999999997,21.667723031608908,6.802435579042519
15.319999999999999,21.47122970428093,6.716575529165272
15.329999999999998,21.28141938984292,6.630345974617129
15.339999999999998,21.098164208219995,6.5438383613899
15.349999999999998,20.921336410390698,6.457140281064296
15.359999999999998,20.750808745124814,6.370335405432049
15.369999999999997,20.5864546404808,6.283503613758958
15.379999999999997,20.42814844441702,6.196721032489247
15.389999999999997,20.27576573401661,6.110060003010518
15.399999999999997,20.1291834238552,6.023589215311378
15.409999999999998,19.98827991761057,5.937373791278656
15.419999999999998,19.85293535348544,5.851475285244006
15.429999999999998,19.723031677373918,5.765951808305841
15.439999999999998,19.598452715494126,5.680858143870713
15.449999999999998,19.479084355876637,5.596245778526561
15.459999999999997,19.364814608559264,5.5121630096315375
15.469999999999997,19.25553361359703,5.428655081199849
15.479999999999997,19.151133762844587,5.345764239487004
15.489999999999998,19.051509758133868,5.263529823247871
15.499999999999998,18.956558570221002,5.181988409282569
15.509999999999998,18.866179510538906,5.1011738848748625
15.519999999999998,18.780274286614965,5.02111752576955
15.529999999999998,18.698746930043267,4.941848140463665
15.539999999999997,18.621503830089146,4.863392151682119
15.549999999999997,18.54845377710356,4.785773669858801
15.559999999999997,18.479507880675662,4.709014625542578
15.569999999999999,18.414579571971807,4.633134855670436
15.579999999999998,18.353584630821846,4.558152175862669
15.589999999999998,18.296441106730583,4.484082496513891
15.599999999999998,18.24306929713477,4.410939909781706
15.609999999999998,18.193391757367067,4.33873676134427
15.619999999999997,18.14733323046345,4.2674837498658045
15.629999999999997,18.104820608310348,4.197190011130803
15.639999999999997,18.065782926052357,4.1278631884474155
15.649999999999997,18.03015130225207,4.059509517344803
15.659999999999998,17.997858889286544,3.992133904051708
15.669999999999998,17.968840859770125,3.925739992128884
15.679999999999998,17.943034348880847,3.860330236747169
15.689999999999998,17.92037839531264,3.7959059764885836
15.699999999999998,17.90081390471176,3.7324674976849006
15.709999999999997,17.884283651672366,3.670014090114044
15.719999999999997,17.87073218812691,3.6085441156066955
15.729999999999997,17.860105801170725,3.5480550657908565
15.739999999999998,17.852352481237176,3.48854361766542
15.749999999999998,17.84742189789998,3.430005687899651
15.759999999999998,17.845265325195,3.3724364832996456
15.769999999999998,17.845835606300994,3.315830549939106
15.779999999999998,17.849087125636352,3.2601818228305115
15.789999999999997,17.854975766628392,3.205483670563593
15.799999999999997,17.863458856605163,3.1517289350950746
15.809999999999997,17.874495132114802,3.0989099734137975
15.819999999999997,17.888044711305184,3.047018702803539
15.829999999999998,17.90406904592575,2.9960466325030843
15.839999999999998,17.92253088152407,2.945984897423199
15.849999999999998,17.943394223419844,2.8968242936355204
15.859999999999998,17.96662430732789,2.84855531719657
15.869999999999997,17.992187555676292,2.8011681849253045
15.879999999999997,18.020051544742564,2.7546528640985124
15.889999999999997,18.05018497315915,2.70899910367907
15.899999999999997,18.08255763067907,2.664196463105233
15.909999999999998,18.11714036267378,2.620234327662526
15.919999999999998,18.153905040359433,2.577101933730613
15.929999999999998,18.19282453170509,2.5347883983765263
15.939999999999998,18.233872671312927,2.493282734159657
15.949999999999998,18.277024231405953,2.45257386447009
15.959999999999997,18.32225489445449,2.412650643060176
15.969999999999997,18.369541226123218,2.373501871859208
15.979999999999997,18.41886064787901,2.3351163272540054
15.989999999999998,18.47019141334175,2.297482764139445
15.999999999999998,18.523512583782185,2.260589932961581
16.009999999999998,18.578804004721377,2.224426595219793
16.019999999999996,18.636046279320613,2.1889815311173217
16.029999999999998,18.69522074112848,2.1542435444772177
16.04,18.75630944176404,2.1202014882311473
16.049999999999997,18.81929512622715,2.0868442698374334
16.06,18.8841612124173,2.05416086137944
16.069999999999997,18.9508917672135,2.0221402999862454
16.08,19.01947148874521,1.990771699983962
16.089999999999996,19.089885689500708,1.960044265034195
16.099999999999998,19.162120276750077,1.9299472925546455
16.109999999999996,19.236161734530434,1.900470179885256
16.119999999999997,19.311997104195207,1.8716024256880157
16.13,19.389613969659926,1.8433336400773974
16.139999999999997,19.46900044069926,1.8156535490144627
16.15,19.55014513673617,1.7885519983820763
16.159999999999997,19.63303717115293,1.762018957291177
16.169999999999998,19.71766613588834,1.7360445202636727
16.179999999999996,19.80402208718352,1.7106189131791243
16.189999999999998,19.89209553107555,1.6857324953981823
16.2,19.981877409425913,1.66137576249465
16.209999999999997,20.073359086893806,1.637539347087582
16.22,20.166532337602554,1.614214021374726
16.229999999999997,20.26138933193519,1.5913907000579508
16.24,20.35792262422438,1.569060441384137
16.249999999999996,20.45612514057284,1.5472144484095487
16.259999999999998,20.555990167212183,1.5258440683162326
16.269999999999996,20.657511338661678,1.5049407950396232
16.279999999999998,20.76068262640007,1.4844962699482462
16.29,20.865498327813903,1.464502282193005
16.299999999999997,20.971953055561475,1.4449507685014078
16.31,21.080041727391684,1.4258338121100962
16.319999999999997,21.189759555053502,1.4071436452682469
16.33,21.301102034400483,1.3888726484010403
16.339999999999996,21.4140649354415,1.371013349984342
16.349999999999998,21.52864429254763,1.3535584264170242
16.359999999999996,21.64483639515358,1.3365007008210803
16.369999999999997,21.76263777916612,1.3198331400951098
16.38,21.88204521643184,1.3035488582735908
16.389999999999997,22.003055706106828,1.2876411144294762
16.4,22.125666465782718,1.2721033116399068
16.409999999999997,22.249874922696737,1.256928995981664
16.419999999999998,22.375678705044816,1.2421118562449698
16.429999999999996,22.503075633358037,1.227645725522083
16.439999999999998,22.63206371215668,1.2135245762622822
16.449999999999996,22.762641121569974,1.1997425203442145
16.459999999999997,22.894806209075437,1.18629380808371
16.47,23.028557481329308,1.1731728269593518
16.479999999999997,23.163893595784078,1.1603741011194506
16.49,23.300813351427376,1.14789229363674
16.499999999999996,23.43931568228295,1.1357222005785577
16.509999999999998,23.57939964891441,1.1238587511229186
16.519999999999996,23.72106443027498,1.1122970066704747
16.529999999999998,23.8643093156748,1.1010321596140664
16.54,24.00913369671067,1.0900595325807851
16.549999999999997,24.155537059006136,1.0793745798487209
16.56,24.303518974429714,1.0689728830071565
16.569999999999997,24.45307909294574,1.0588501506749388
16.58,24.604217134477285,1.0490022177505445
16.589999999999996,24.756932880753407,1.0394250444091964
16.599999999999998,24.91122616702285,1.0301147152269807
16.609999999999996,25.067096873207063,1.0210674389644487
16.619999999999997,25.224544916196336,1.0122795468322014
16.63,25.383570241266217,1.003747491802885
16.639999999999997,25.54417281345749,0.9954678478871821
16.65,25.70635260892565,0.9874373093555002
16.659999999999997,25.87010960610924,0.9796526900584454
16.669999999999998,26.035443776239568,0.9721109232672177
16.679999999999996,26.202355074923766,0.9648090604755686
16.689999999999998,26.370843432845863,0.9577442709064592
16.699999999999996,26.5409087463082,0.9509138410675854
16.709999999999997,26.712550867688904,0.9443151742817565
16.72,26.885769595670276,0.9379457903085743
16.729999999999997,27.060564664787247,0.9318033254235079
16.74,27.236935735793967,0.9258855317077672
16.749999999999996,27.41488238524165,0.9201902768684006
16.759999999999998,27.59440409477028,0.9147155441659482
16.769999999999996,27.775500240239484,0.9094594323360773
16.779999999999998,27.958170080564106,0.9044201556031103
16.79,28.14241274576312,0.899596044108303
16.799999999999997,28.328227225727915,0.8949855437314118
16.81,28.51561235819066,0.8905872163218151
16.819999999999997,28.70456681625617,0.8863997400859435
16.83,28.895089095701554,0.8824219099866583
16.839999999999996,29.08717750187232,0.8786526382463616
16.849999999999998,29.280830135309248,0.8750909553018217
16.859999999999996,29.47604487883309,0.8717360100981699
16.869999999999997,29.672819383351698,0.8685870708290072
16.88,29.871151052950278,0.8656435258893018
16.889999999999997,30.071037029772206,0.8629048848309371
16.9,30.272474178446092,0.8603707794148272
16.909999999999997,30.47545907004153,0.8580409647613431
16.919999999999998,30.679987963792318,0.8559153212563623
16.929999999999996,30.88605678954079,0.8539938560981198
16.939999999999998,31.093661132853192,0.8522767037482153
16.949999999999996,31.30279621524451,0.8507641281208783
16.959999999999997,31.513456875224218,0.8494565243609307
16.97,31.72563754872893,0.8483544207429318
16.979999999999997,31.93933224891438,0.8474584806970036
16.99,32.15453454462683,0.8467695051357373
16.999999999999996,32.3712375358904,0.8462884355134567
17.009999999999998,32.58943383565722,0.8460163551996079
17.019999999999996,32.80911554539966,0.8459544924069975
17.029999999999998,33.03027423073317,0.8461042230555933
17.04,33.25290089652143,0.8464670737110098
17.049999999999997,33.476985961125614,0.8470447246830888
17.06,33.70251922968254,0.8478390133083328
17.069999999999997,33.92948986307152,0.8488519381874583
17.08,34.157886351868555,0.850085662220325
17.089999999999996,34.38769648771728,0.8515425161896033
17.099999999999998,34.61890733137533,0.8532250030624927
17.109999999999996,34.85150518080027,0.8551358022271619
17.119999999999997,35.08547553810743,0.857277773931998
17.13,35.320803075359464,0.8596539639332437
17.139999999999997,35.55747159716855,0.8622676086300222
17.15,35.79546400200607,0.8651221404258288
17.159999999999997,36.03476224906276,0.8682211923732548
17.169999999999998,36.27534731641478,0.8715686040665604
17.179999999999996,36.51719915989431,0.8751684274862814
17.189999999999998,36.76029667055874,0.879024933087024
17.199999999999996,37.0046176306388,0.8831426161449261
17.209999999999997,37.250138667456426,0.8875262034011899
17.22,37.49683520271363,0.8921806601696063
17.229999999999997,37.74468140766628,0.8971111972490615
17.24,37.993650151463605,0.9023232784478009
17.249999999999996,38.243712947899915,0.9078226283926668
17.259999999999998,38.49483990080223,0.9136152406138409
17.269999999999996,38.74699964747902,0.9197073859456257
17.279999999999998,39.00015930016607,0.9261056212477138
17.289999999999996,39.25428438427281,0.9328167977686592
17.299999999999997,39.5093387761396,0.9398480708402578
17.31,39.765284638809725,0.9472069100441409
17.319999999999997,40.022082354216955,0.9549011089281408
17.33,40.279690453564875,0.9629387953987661
17.339999999999996,40.53806554530227,0.9713284424789501
17.349999999999998,40.797162240627,0.9800788794394512
17.359999999999996,41.056933078345985,0.9891993022390714
17.369999999999997,41.31732844908371,0.9986992832475258
17.38,41.578296506123976,1.0085887873934256
17.389999999999997,41.83978308343779,1.0188781831047236
17.4,42.1017316084952,1.0295782550073085
17.409999999999997,42.364083012013744,1.0407002171318067
17.419999999999998,42.626775634800076,1.0522557265065358
17.429999999999996,42.889745132050805,1.0642568969730943
17.439999999999998,43.15292438806036,1.0767163082530222
17.449999999999996,43.416243422011576,1.0896470175593562
17.459999999999997,43.67962923678811,1.1030625919884702
17.47,43.943005756127434,1.1169771072167838
17.479999999999997,44.20629371889557,1.1314051613056457
17.49,44.469410536703975,1.146361900819951
17.499999999999996,44.73227020440696,1.1618630267927246
17.509999999999998,44.994783176550364,1.177924812523167
17.519999999999996,45.25685624923727,1.194564118767615
17.529999999999998,45.51839243829914,1.2117984084693376
17.539999999999996,45.779290857203996,1.229645761642905
17.549999999999997,46.03944659172802,1.2481248900388648
17.56,46.29875057323742,1.2672551515571921
17.569999999999997,46.55708945185479,1.287056564348053
17.58,46.81434546472813,1.307549820177757
17.589999999999996,47.070396305850316,1.3287562975233174
17.599999999999998,47.32511499601856,1.35069807409978
17.609999999999996,47.57836975163244,1.373397937590607
17.619999999999997,47.83002385264611,1.3968793965826898
17.63,48.07993551161733,1.4211666900534001
17.639999999999997,48.32795774797421,1.4462847942484987
17.65,48.573938257196545,1.472259430054167
17.659999999999997,48.81771928639409,1.4991170675134127
17.669999999999998,49.05913751682371,1.5268849273239433
17.679999999999996,49.29802394130026,1.555590982655303
17.689999999999998,49.53420375400267,1.5852639563994393
17.699999999999996,49.767496247280874,1.6159333153333029
17.709999999999997,49.99771470590501,1.6476292637312306
17.72,50.224666320622816,1.6803827305531263
17.729999999999997,50.448152107038574,1.7142253538840464
17.74,50.667966828656816,1.7491894628758329
17.749999999999996,50.88389894522231,1.785308051745064
17.759999999999998,51.09573056491274,1.8226147512077049
17.769999999999996,51.30323741090587,1.8611437946802836
17.779999999999998,51.50618882220874,1.900929974436156
17.789999999999996,51.704347745978225,1.942008597776366
17.799999999999997,51.897470759126165,1.9844154342519067
17.81,52.085308125403635,2.028186652535922
17.819999999999997,52.267603911033085,2.0733587416820285
17.83,52.44409603554629,2.1199684445872085
17.839999999999996,52.61451641121317,2.168052668874398
17.849999999999998,52.778591131546456,2.2176483850996793
17.859999999999996,52.936040694194126,2.2687925146992383
17.869999999999997,53.0865801901696,2.3215218205817956
17.88,53.22991959512431,2.3758727741464036
17.889999999999997,53.36576412869143,2.4318814075683637
17.9,53.49381461092562,2.489583160016129
17.909999999999997,53.613767857110375,2.5490127118379933
17.919999999999998,53.72531715686026,2.6102038007350865
17.929999999999996,53.82815282865574,2.673189026575434
17.939999999999998,53.92196277575804,2.737999638950787
17.949999999999996,54.00643312558658,2.8046653103859693
17.959999999999997,54.081248934482694,2.873213898139935
17.97,54.14609495034435,2.943671201864924
17.979999999999997,54.20065644772259,3.0160606766522706
17.99,54.244620128421026,3.090403149044804
17.999999999999996,54.27767505880172,3.166716534180441
18.009999999999998,54.29951367385482,3.2450155396465785
18.019999999999996,54.30983293611638,3.325311305535847
18.029999999999998,54.30833549215431,3.4076110746308195
18.039999999999996,54.29473078786114,3.4919178954997094
18.049999999999997,54.26873639637392,3.5782302516872058
18.06,54.23007944516815,3.6665416672892586
18.069999999999997,54.178497997739186,3.756840351565253
18.08,54.11374230552109,3.8491089076533513
18.089999999999996,54.03557641856244,3.943323923292445
18.099999999999998,53.94377972601786,4.03945560616112
18.109999999999996,53.838148432390284,4.137467452462511
18.119999999999997,53.71849715880722,4.237315896878696
18.13,53.58466057389221,4.3389499707438635
18.139999999999997,53.43649481357126,4.44231104581599
18.15,53.27387900580172,4.547332563616058
18.159999999999997,53.09671695007572,4.65393973336013
18.169999999999998,52.90493847938526,4.7620493452193395
18.179999999999996,52.69850078305922,4.871569610819431
18.189999999999998,52.47738991031529,4.9823999897370355
18.199999999999996,52.24162194834442,5.094431116260884
18.209999999999997,51.99124402819541,5.207544793719774
18.22,51.726335506272086,5.321613980926752
18.229999999999997,51.44700880238269,5.436502882587952
18.24,51.153410010188985,5.55206709853509
18.249999999999996,50.84571954383055,5.66815383906516
18.259999999999998,50.524152494068744,5.784602212499522
18.269999999999996,50.18895880072746,5.901243545034512
18.279999999999998,49.84042320842693,6.01790183937327
18.289999999999996,49.478865002504726,6.134394292069842
18.299999999999997,49.10463764829422,6.250531792243729
18.31,48.71812804969732,6.366119596327472
18.319999999999997,48.31975554392666,6.480958090541996
18.33,47.909970946180465,6.594843473031132
18.339999999999996,47.48925521625752,6.707568573048516
18.349999999999998,47.0581176465275,6.818923846367333
18.359999999999996,46.617094276302375,6.928698224618578
18.369999999999997,46.16674614666359,7.036679994005335
18.379999999999995,45.70765672736184,7.142657967805081
18.389999999999997,45.24042977708553,7.246422444214804
18.4,44.76568729103639,7.347766101004093
18.409999999999997,44.284066424442685,7.446485212112063
18.419999999999998,43.796216927027025,7.542380642761461
18.429999999999996,43.30279884577967,7.6352587295480845
18.439999999999998,42.804479321026236,7.72493238936243
18.449999999999996,42.30192978490814,7.811222062811712
18.459999999999997,41.79582350445862,7.893956539854404
18.47,41.28683259038493,7.972973848057658
18.479999999999997,40.77562521451741,8.048122041197153
18.49,40.26286313652937,8.119259910001572
18.499999999999996,39.749199127277635,8.186257607473705
18.509999999999998,39.2352744953303,8.248997181020409
18.519999999999996,38.72171680581782,8.307373092259049
18.529999999999998,38.209137752705054,8.361292604173059
18.539999999999996,37.69813126611077,8.410675979348753
18.549999999999997,37.18927164447873,8.45545674411814
18.56,36.6831118153201,8.495581885856929
18.569999999999997,36.18018220577367,8.531011692917357
18.58,35.6809894248082,8.56171974667691
18.589999999999996,35.186014924508605,8.587692930801145
18.599999999999998,34.69571460104462,8.608930986717835
18.609999999999996,34.21051809638498,8.625446241852043
18.619999999999997,33.73082793618702,8.637263415862966
18.629999999999995,33.25701967224186,8.644419008577797
18.639999999999997,32.78944180369086,8.64696080259859
18.65,32.328415450188494,8.644947468671964
18.659999999999997,31.874234827538174,8.63844788669136
18.669999999999998,31.427167706293467,8.627540491144929
18.679999999999996,30.987455606661538,8.61231271155188
18.689999999999998,30.555314469295137,8.592860282098625
18.699999999999996,30.130935502030542,8.569286516688615
18.709999999999997,29.71448580197588,8.54170164978468
18.72,29.306109170125097,8.510222149429369
18.729999999999997,28.905927167661602,8.47497000801084
18.74,28.514040016998106,8.43607205921291
18.749999999999996,28.130527563917408,8.393659292592847
18.759999999999998,27.755450371421215,8.347866227577175
18.769999999999996,27.388850757524715,8.298830265832226
18.779999999999998,27.030753886514297,8.24669102609725
18.789999999999996,26.681168793146902,8.191589824561476
18.799999999999997,26.340089446373536,8.133669105523365
18.81,26.00749589263309,8.07307183398772
18.819999999999997,25.683355192181008,8.009941070139915
18.83,25.367622416973163,7.944419506618054
18.839999999999996,25.06024175618369,7.876648953277379
18.849999999999998,24.76114738125331,7.80676998578506
18.859999999999996,24.47026431838307,7.734921599583614
18.869999999999997,24.18750944499645,7.66124080628594
18.879999999999995,23.91279229673266,7.585862343903338
18.889999999999997,23.646015789693838,7.508918441262933
18.9,23.387077068061576,7.430538528252162
18.909999999999997,23.13586824953085,7.350849005277399
18.919999999999998,22.89227699927009,7.269973101554259
18.929999999999996,22.65618722251185,7.1880306865311185
18.939999999999998,22.427479724352118,7.105138105009627
18.949999999999996,22.206032661020455,7.021408105274506
18.959999999999997,21.991722090118344,6.936949733580503
18.97,21.78442251475415,6.851868240622992
18.979999999999997,21.58400724937713,6.766265055677225
18.99,21.390348839964847,6.680237748421096
18.999999999999996,21.203319486667315,6.593879999931018
19.009999999999998,21.022791343156502,6.5072816109052285
19.019999999999996,20.848636826813937,6.420528513644138
19.029999999999998,20.680728930108263,6.333702794445241
19.039999999999996,20.51894145991497,6.246882730644854
19.049999999999997,20.363149260244267,6.160142836823256
19.06,20.213228430652997,6.07355392383144
19.069999999999997,20.069056507239747,5.987183161410088
19.08,19.930512618806787,5.901094145601344
19.089999999999996,19.79747763260336,5.8153469838963145
19.099999999999998,19.6698342786099,5.729998377652747
19.109999999999996,19.54746725570142,5.645101696073957
19.119999999999997,19.43026332482523,5.56070706579555
19.129999999999995,19.318111382634985,5.476861482013513
19.139999999999997,19.210902522686183,5.3936089214118
19.15,19.108530098871555,5.310990395390612
19.159999999999997,19.010889767113238,5.229044059539894
19.169999999999998,18.917879505808685,5.147805325651239
19.179999999999996,18.82939961361241,5.067306990329028
19.189999999999998,18.745352766347896,4.987579282888343
19.199999999999996,18.665644013986498,4.908649976232299
19.209999999999997,18.590180771785374,4.830544493058444
19.219999999999995,18.51887277671861,4.75328603871296
19.229999999999997,18.45163212859128,4.676895645889212
19.24,18.388373263209566,4.601392279177523
19.249999999999996,18.32901292595434,4.5267929318882
19.259999999999998,18.273470104644495,4.4531127495366105
19.269999999999996,18.221666052913733,4.380365078203971
19.279999999999998,18.173524252343157,4.308561556436673
19.289999999999996,18.12897037554294,4.237712201911024
19.299999999999997,18.08793221106296,4.167825520660986
19.31,18.050339667187192,4.098908557809855
19.319999999999997,18.01612473149463,4.030966975743025
19.33,17.985221427991668,3.9640051305897313
19.339999999999996,17.9575657441587,3.898026164165138
19.349999999999998,17.93309561702965,3.8330320560869655
19.359999999999996,17.911750894397205,3.7690236887029323
19.369999999999997,17.8934732893102,3.7060009135398304
19.379999999999995,17.878206313517136,3.6439626267550564
19.389999999999997,17.865895250615523,3.5829068198409746
19.4,17.85648712038528,3.522830633005148
19.409999999999997,17.84993063296604,3.4637304120797303
19.419999999999998,17.846176130578968,3.405601769127728
19.429999999999996,17.845175552386017,3.348439629550247
19.439999999999998,17.846882402096995,3.292238275904079
19.449999999999996,17.85125170361808,3.236991395819561
19.459999999999997,17.858239950844343,3.1826921301844435
19.469999999999995,17.867805068527467,3.129333114934897
19.479999999999997,17.87990638283321,3.076906517123158
19.49,17.894504579588375,3.0254040745932844
19.499999999999996,17.911561661308284,2.97481713408437
19.509999999999998,17.93104090740403,2.9251366867623427
19.519999999999996,17.952906847111397,2.8763533980926597
19.529999999999998,17.97712522114251,2.828457640088
19.539999999999996,18.003662943630683,2.7814395216422514
19.549999999999997,18.032488064450938,2.7352889174219417
19.56,18.06356974621241,2.689995492314009
19.569999999999997,18.0968782293447,2.6455487272027
19.58,18.13238480197922,2.6019379425557014
19.589999999999996,18.17006175916521,2.5591523223315296
19.599999999999998,18.209882374412636,2.517180935016982
19.609999999999996,18.251820881407298,2.4760127521635202
19.619999999999997,18.29585244107574,2.435636668004304
19.629999999999995,18.341953114602116,2.3960415172214913
19.639999999999997,18.39009983059225,2.3572160904911565
19.65,18.440270363494356,2.3191491508827795
19.659999999999997,18.492443310588317,2.2818294489301376
19.669999999999998,18.5465980662126,2.245245736195621
19.679999999999996,18.602714797938223,2.2093867781004612
19.689999999999998,18.660774418690547,2.174241364090738
19.699999999999996,18.720758569218212,2.1397983208052103
19.709999999999997,18.78264959614381,2.1060465225483433
19.719999999999995,18.84643053026974,2.07297490094587
19.729999999999997,18.912085065738967,2.040572453612172
19.74,18.979597538116252,2.008828250081873
19.749999999999996,19.048952907663047,1.9777314429224306
19.759999999999998,19.120136739936257,1.9472712742389544
19.769999999999996,19.19313518745557,1.9174370823239588
19.779999999999998,19.267934971611734,1.888218306856296
19.789999999999996,19.344523364751463,1.859604492772291
19.799999999999997,19.422888174688456,1.8315852986861731
19.81,19.503017727997275,1.804150500556891
19.819999999999997,19.584900854196757,1.777289996111043
19.83,19.668526870335747,1.7509938071765103
19.839999999999996,19.75388556604418,1.7252520828287128
19.849999999999998,19.84096718908472,1.7000551048677432
19.859999999999996,19.92976243118018,1.6753932897338686
19.869999999999997,20.02026241425434,1.651257191166841
19.879999999999995,20.11245867722833,1.6276375004066792
19.889999999999997,20.206343162893322,1.6045250491827083
19.9,20.30190820511314,1.5819108124619947
19.909999999999997,20.399146516486585,1.5597859093386937
19.919999999999998,20.498051176290875,1.5381416042354181
19.929999999999996,20.598615619276266,1.5169693056097264
19.939999999999998,20.700833623623154,1.496260569069857
19.949999999999996,20.804699299687176,1.476007098169594
19.959999999999997,20.910207079107288,1.4562007445916514
19.969999999999995,21.017351704030734,1.436833508684381
19.979999999999997,21.12612821729125,1.4178975371569726
19.99,21.236531952119346,1.3993851231978103
