t,x,y
0.0,80.4055139288196,8.613092304828719
0.009999999999999998,78.98927238503634,9.161597299420366
0.019999999999999997,77.44440482758515,9.726167671156228
0.029999999999999995,75.77554003145185,10.303834992762933
0.039999999999999994,73.98905094174742,10.89115390388416
0.04999999999999999,72.0930385779029,11.484236564858692
0.05999999999999999,70.09725585060902,12.0788070608765
0.06999999999999999,68.01296761386466,12.67027615954197
0.07999999999999999,65.8527542037047,13.25383199126733
0.08999999999999998,63.630261141513024,13.824545497643962
0.09999999999999998,61.35990362065753,14.377486497377795
0.10999999999999999,59.0565451118788,14.907842307799486
0.11999999999999998,56.73516002704821,15.411035813996314
0.12999999999999998,54.41049863456929,15.882835920600105
0.13999999999999999,52.09677040947445,16.31945533345914
0.14999999999999997,49.807360460438275,16.71763052831127
0.15999999999999998,47.55458954917916,17.0746816082136
0.16999999999999998,45.34952603302478,17.388549806737622
0.17999999999999997,43.20185352227828,17.657812591868172
0.18999999999999997,41.11979411679012,17.881677608119407
0.19999999999999996,39.11008769043505,18.059956358414798
0.20999999999999996,37.17801298185363,18.193024240394923
0.21999999999999997,35.32745313386962,18.281766080771337
0.22999999999999995,33.56099043886733,18.327514152677907
0.23999999999999996,31.880025075004557,18.331980486762117
0.24999999999999997,30.28490726637726,18.29718792134354
0.25999999999999995,28.77507678017803,18.225402026340745
0.26999999999999996,27.34920334198983,18.119066251788723
0.27999999999999997,26.00532228013252,17.980742196252987
0.29,24.740961573435445,17.813056118542665
0.29999999999999993,23.553259021596226,17.61865181853676
0.30999999999999994,22.43906717205587,17.40015048325022
0.31999999999999995,21.395044378264018,17.160117677468012
0.32999999999999996,20.417733380599877,16.90103661771777
0.33999999999999997,19.503627326732435,16.62528743687062
0.3499999999999999,18.64922416068439,16.335131812299522
0.35999999999999993,17.851070425704464,16.032702280777954
0.36999999999999994,17.10579560842509,15.719995595370833
0.37999999999999995,16.41013830595806,15.398869453492662
0.38999999999999996,15.760965460656665,15.071041968632668
0.3999999999999999,15.155285534495263,14.738093433229428
0.4099999999999999,14.590256864304994,14.401469780363382
0.41999999999999993,14.063192037730493,14.06248736917446
0.42999999999999994,13.571559012044007,13.722338763590235
0.43999999999999995,13.112979757835495,13.38209915246473
0.44999999999999996,12.685226993807703,13.042733175386402
0.4599999999999999,12.286219449548605,12.705101978249411
0.4699999999999999,11.914016091391717,12.369970322069799
0.4799999999999999,11.566809673175536,12.038013603341371
0.48999999999999994,11.242919916570301,11.709824674994623
0.49999999999999994,10.94078628594183,11.385920514659537
0.5099999999999999,10.658960794316037,11.066748561849233
0.5199999999999999,10.396101038642476,10.752692641967855
0.5299999999999999,10.150963121906438,10.444078693405382
0.5399999999999999,9.922395025741944,10.141180031378632
0.5499999999999999,9.709330145541179,9.844222312933558
0.5599999999999999,9.510781198009399,9.553388124483503
0.57,9.325834429880555,9.268821242449189
0.58,9.153644167144641,8.990630565484832
0.5899999999999999,8.99342774156467,8.718893721580965
0.5999999999999999,8.844460713778084,8.453660391704046
0.6099999999999999,8.706072446611804,8.194955345301471
0.6199999999999999,8.577641988882174,7.942781219324065
0.6299999999999999,8.458594256951402,7.697121052883115
0.6399999999999999,8.348396507693783,7.457940591894253
0.6499999999999999,8.246555048766236,7.225190398818485
0.6599999999999999,8.152612265559624,6.99880773997267
0.6699999999999999,8.066143812365254,6.778718323639924
0.6799999999999999,7.986756065506159,6.564837858899008
0.69,7.914083763912822,6.357073468575811
0.6999999999999998,7.847787833911423,6.15532496546478
0.7099999999999999,7.787553404769537,5.959485996548185
0.7199999999999999,7.733087960709403,5.769445080685641
0.7299999999999999,7.684119662418078,5.585086535013574
0.7399999999999999,7.640395787578478,5.406291308432544
0.7499999999999999,7.601681308894459,5.2329377275273385
0.7599999999999999,7.567757579078675,5.064902162503949
0.7699999999999999,7.538421124245383,4.902059622479599
0.7799999999999999,7.513482533937444,4.744284283807289
0.7899999999999999,7.492765439457826,4.591449960421433
0.7999999999999998,7.476105574220605,4.443430520107704
0.8099999999999998,7.463349908771472,4.300100250920619
0.8199999999999998,7.454355853090396,4.161334185717215
0.8299999999999998,7.448990523814997,4.027008384294057
0.8399999999999999,7.447130065447749,3.8970001834231875
0.8499999999999999,7.448659032480281,3.7711884058239544
0.8599999999999999,7.453469816350817,3.6494535437278217
0.8699999999999999,7.461462099652255,3.531677933517141
0.8799999999999999,7.4725423811106095,3.417745876436364
0.8899999999999999,7.486623528712924,3.3075437476226686
0.8999999999999999,7.503624344967066,3.2009601056434254
0.9099999999999998,7.523469186733048,3.0978857644568394
0.9199999999999998,7.5460876209394945,2.998213843960018
0.9299999999999998,7.571414083952122,2.9018398265559253
0.9399999999999998,7.5993875679903296,2.808661599139024
0.9499999999999998,7.629951356544815,2.718579461731793
0.9599999999999999,7.6630527566031725,2.63149614656852
0.9699999999999999,7.6986428431473275,2.5473168340115366
0.9799999999999999,7.736676249995617,2.4659491372625695
0.9899999999999999,7.777110959407599,2.3873030946156146
0.9999999999999999,7.819908096864472,2.3112911627652575
1.0099999999999998,7.865031760507332,2.2378281892587895
1.0199999999999998,7.912448856221268,2.1668313856064603
1.0299999999999998,7.962128935022786,2.0982203040401566
1.0399999999999998,8.01404405086904,2.031916803192836
1.0499999999999998,8.068168631259857,1.9678450086584482
1.0599999999999998,8.12447934848862,1.905931277916281
1.0699999999999998,8.182955000519401,1.8461041622965682
1.0799999999999998,8.243576409135978,1.7882943601191656
1.0899999999999999,8.306326317143075,1.7324346747795876
1.0999999999999999,8.371189290251237,1.678459973402112
1.1099999999999999,8.438151634757276,1.6263071373351172
1.1199999999999999,8.507201315288285,1.575915016513135
1.13,8.578327874571725,1.5272243860261474
1.14,8.651522366671138,1.4801778960182457
1.15,8.726777291989269,1.4347200237723459
1.16,8.804086533835997,1.3907970280578728
1.17,8.88344529423854,1.3483569074455093
1.1799999999999997,8.964850048907786,1.3073493470344697
1.1899999999999997,9.04829849524906,1.2677256737476728
1.1999999999999997,9.133789502755212,1.2294388126101456
1.2099999999999997,9.221323068801592,1.1924432419136224
1.2199999999999998,9.310900280989971,1.156694946376707
1.2299999999999998,9.402523278171389,1.1221513738377726
1.2399999999999998,9.496195211172834,1.0887713952279499
1.2499999999999998,9.59192021193225,1.0565152602292873
1.2599999999999998,9.689703363140573,1.0253445551977383
1.2699999999999998,9.789550668397867,0.9952221631474578
1.2799999999999998,9.891469022759399,0.9661122255408466
1.2899999999999998,9.995466189970845,0.9379801016254796
1.2999999999999998,10.10155077845681,0.9107923306490664
1.3099999999999998,10.209732218270332,0.8845165954039966
1.3199999999999998,10.320020739684564,0.8591216865570112
1.3299999999999998,10.432427355651468,0.8345774661509291
1.3399999999999999,10.546963843413966,0.8108548335022618
1.3499999999999999,10.66364272674495,0.7879256926912599
1.3599999999999999,10.78247726091528,0.7657629195375364
1.3699999999999999,10.903481418693142,0.7443403295427273
1.38,11.026669876656982,0.7236326473096404
1.3899999999999997,11.152058001667246,0.7036154771341219
1.3999999999999997,11.279661840276637,0.6842652734182231
1.4099999999999997,11.409498107919864,0.6655593124545796
1.4199999999999997,11.541584178705468,0.6474756652551656
1.4299999999999997,11.675938075820941,0.6299931713687662
1.4399999999999997,11.812578463727316,0.6130914125539764
1.4499999999999997,11.951524640227673,0.5967506879711021
1.4599999999999997,12.092796528719502,0.5809519903047456
1.4699999999999998,12.23641467191942,0.5656769821844132
1.4799999999999998,12.38240022632691,0.5509079732527127
1.4899999999999998,12.530774956757458,0.5366278981961925
1.4999999999999998,12.681561231154461,0.522820295626494
1.5099999999999998,12.834782014566422,0.5094692884127626
1.5199999999999998,12.990460867197058,0.4965595625881344
1.5299999999999998,13.14862194035638,0.48407634837732705
1.5399999999999998,13.309289973308244,0.4720054015785271
1.5499999999999998,13.472490289645322,0.46033298605826256
1.5599999999999998,13.638248795227337,0.44904585616349024
1.5699999999999998,13.806591976596117,0.43813123964718104
1.5799999999999998,13.977546899030756,0.4275768215613225
1.5899999999999999,14.151141204961387,0.41737072866931074
1.5999999999999996,14.32740311205104,0.4075015147331299
1.6099999999999997,14.506361413310374,0.397958145388962
1.6199999999999997,14.688045476230206,0.3887299841993406
1.6299999999999997,14.872485242406274,0.3798067790712617
1.6399999999999997,15.059711226882547,0.3711786493544466
1.6499999999999997,15.249754518419193,0.3628360731257528
1.6599999999999997,15.442646780005768,0.3547698749117687
1.6699999999999997,15.63842024918182,0.34697121400600334
1.6799999999999997,15.837107738564889,0.33943157318742034
1.6899999999999997,16.038742636227227,0.33214274794289156
1.6999999999999997,16.24335890712954,0.3250968358377052
1.7099999999999997,16.45099109404465,0.31828622646043414
1.7199999999999998,16.661674318739713,0.3117035917113371
1.7299999999999998,16.875444282975067,0.30534187655568934
1.7399999999999998,17.092337270020064,0.2991942900069147
1.7499999999999998,17.312390146266747,0.2932542964582671
1.7599999999999998,17.53564036271434,0.28751560742178567
1.7699999999999998,17.76212595651901,0.2819721735772615
1.7799999999999998,17.991885552392855,0.2766181771574362
1.7899999999999998,18.224958364642948,0.27144802460147743
1.7999999999999998,18.461384198802524,0.2664563395449598
1.8099999999999998,18.701203453366343,0.2616379560999258
1.8199999999999996,18.944457121300356,0.2569879124480375
1.8299999999999996,19.191186791854232,0.2525014446840286
1.8399999999999996,19.441434652339108,0.2481739809361546
1.8499999999999996,19.69524348971561,0.24400113577203184
1.8599999999999997,19.9526566920717,0.23997870486442066
1.8699999999999997,20.213718249835814,0.2361026599193205
1.8799999999999997,20.47847275763634,0.23236914384273497
1.8899999999999997,20.746965415468384,0.2287744661680266
1.8999999999999997,21.019242029881163,0.2253150987249679
1.9099999999999997,21.295349015025135,0.22198767154982887
1.9199999999999997,21.575333392479003,0.21878896906449108
1.9299999999999997,21.859242792546663,0.21571592644117527
1.9399999999999997,22.147125455016024,0.21276562620924533
1.9499999999999997,22.43903022906731,0.20993529511059247
1.9599999999999997,22.735006573224563,0.20722230117468404
1.9699999999999998,23.03510455460447,0.20462415104736248
1.9799999999999998,23.33937484725793,0.20213848758369624
1.9899999999999998,23.647868732565605,0.19976308752132288
1.9999999999999998,23.96063809725886,0.1974958595045148
2.01,24.277735431501753,0.19533484230840623
2.0199999999999996,24.599213826531518,0.1932782032955532
2.03,24.925126970113993,0.1913242372701102
2.0399999999999996,25.255529144192806,0.18947136530619238
2.05,25.59047522127236,0.18771813388354047
2.0599999999999996,25.930020659288754,0.1860632143538453
2.07,26.27422149625666,0.1845054026135683
2.0799999999999996,26.623134343271786,0.18304361915631245
2.09,26.97681637564707,0.1816769095337115
2.0999999999999996,27.33532532793271,0.1804044444526715
2.11,27.698719483951212,0.17922552069877562
2.1199999999999997,28.067057666817917,0.1781395622188984
2.13,28.440399227846708,0.17714612151525616
2.1399999999999997,28.81880403061938,0.17624488195024535
2.1499999999999995,29.202332439845478,0.17543565940245795
2.1599999999999997,29.591045307043387,0.17471840456373394
2.1699999999999995,29.985003953050743,0.17409320587566704
2.1799999999999997,30.384270149872417,0.17356029269939613
2.1899999999999995,30.78890609854489,0.17312003929789457
2.1999999999999997,31.198974402979584,0.17277296963638714
2.2099999999999995,31.61453805262209,0.1725197606956835
2.2199999999999998,32.03566039347943,0.1723612479679872
2.2299999999999995,32.46240509920951,0.17229843103549544
2.2399999999999998,32.89483613951812,0.1723324797313277
2.2499999999999996,33.33301773673283,0.17246474263157446
2.26,33.77701433492104,0.17269675319925248
2.2699999999999996,34.226890560557806,0.17303023760854194
2.28,34.68271117605667,0.17346712399582695
2.2899999999999996,35.14454103178034,0.1740095520579262
2.3,35.6124450079009,0.17465988470484017
2.3099999999999996,36.08648794731299,0.17542072152330437
2.32,36.56673461066218,0.17629490783278903
2.3299999999999996,37.0532496022378,0.1772855495867714
2.34,37.54609729664912,0.1783960281299005
2.3499999999999996,38.04534175882861,0.17963001630824865
2.3599999999999994,38.551046633377474,0.18099150086688023
2.3699999999999997,39.06327506925049,0.18248479753633548
2.3799999999999994,39.582089620841415,0.18411457094391503
2.3899999999999997,40.10755213226752,0.18588585794519252
2.3999999999999995,40.6397236182533,0.18780409161125805
2.4099999999999997,41.17866412187288,0.1898751300013336
2.4199999999999995,41.72443254934675,0.1921052896725601
2.4299999999999997,42.27708654704837,0.1945013701857789
2.4399999999999995,42.83668231924379,0.19707069099110863
2.4499999999999997,43.40327444290464,0.19982112881092642
2.4599999999999995,43.97691566473409,0.2027611586660314
2.4699999999999998,44.557656686015335,0.2058998973065909
2.4799999999999995,45.14554592911425,0.20924715037537667
2.4899999999999998,45.74062928372632,0.21281346370414594
2.4999999999999996,46.342949817635116,0.21661018210996008
2.51,46.952547427549334,0.22064952108675567
2.5199999999999996,47.5694585665836,0.22494462108281338
2.53,48.193715868283505,0.229509624285092
2.5399999999999996,48.82534775470574,0.23435975447069757
2.55,49.46437797011905,0.23951141198540649
2.5599999999999996,50.1108251243189,0.24498226695130382
2.5699999999999994,50.76470221123018,0.25079135765692134
2.5799999999999996,51.42601604508331,0.25695920580770426
2.5899999999999994,52.09476665241793,0.2635079413845072
2.5999999999999996,52.77094654765759,0.2704614537832921
2.6099999999999994,53.45454005999278,0.2778455290232309
2.6199999999999997,54.14552253058674,0.28568801620696516
2.6299999999999994,54.84385944551731,0.2940190058265212
2.6399999999999997,55.549505497142796,0.3028710223928189
2.6499999999999995,56.26240355200623,0.312279240695602
2.6599999999999997,56.98248353415015,0.3222817164058023
2.6699999999999995,57.709661119448334,0.33291966216713853
2.6799999999999997,58.44383641775474,0.34423772108753303
2.6899999999999995,59.18489251753706,0.3562842704402125
2.6999999999999997,59.932693845348446,0.3691117659261866
2.7099999999999995,60.687084334949915,0.38277712212214554
2.7199999999999998,61.44788554168552,0.3973421119328753
2.7299999999999995,62.214894509613956,0.4128738140043472
2.7399999999999998,62.987881399130785,0.4294451140024481
2.7499999999999996,63.76658691081487,0.44713524934936943
2.76,64.55071955495546,0.46603038381543416
2.7699999999999996,65.33995257665875,0.48622425884666076
2.7799999999999994,66.13392047211362,0.5078189248820297
2.7899999999999996,66.93221539299152,0.5309255049022996
2.7999999999999994,67.73438315059443,0.5556650403851517
2.8099999999999996,68.5399187846343,0.5821694264659916
2.8199999999999994,69.34826167857304,0.6105824400890932
2.8299999999999996,70.1587904002226,0.6410608337021684
2.8399999999999994,70.97081695944287,0.6737755459005141
2.8499999999999996,71.7835805121761,0.7089130124841996
2.8599999999999994,72.59624055058661,0.746676591692786
2.8699999999999997,73.40786955431678,0.7872881125167489
2.8799999999999994,74.2174449437274,0.830989545083419
2.8899999999999997,75.0238404767696,0.8780447479100107
2.8999999999999995,75.82581686352691,0.9287413938166755
2.9099999999999997,76.62201172768226,0.9833930175739488
2.9199999999999995,77.41092882054882,1.042341194010495
2.9299999999999997,78.19092646369681,1.1059578272093225
2.9399999999999995,78.96020553539934,1.174647434675995
2.9499999999999997,79.7167965061615,1.2488496470785955
2.9599999999999995,80.45854600981856,1.3290417322186392
2.9699999999999998,81.18310285427603,1.4157410901083334
2.9799999999999995,81.88790381830545,1.5095076535822214
2.9899999999999993,82.5701591016318,1.6109462787250934
2.9999999999999996,83.22683810871045,1.7207088400319115
3.0099999999999993,83.85465547184779,1.8394960496508193
3.0199999999999996,84.45005802040941,1.9680588028323063
3.0299999999999994,85.00921317061751,2.1071989069049764
3.0399999999999996,85.52799975355134,2.2577688656021135
3.0499999999999994,86.00200098902395,2.4206708008553934
3.0599999999999996,86.42650170983319,2.596853900174598
3.0699999999999994,86.79649072826844,2.7873101290586986
3.0799999999999996,87.10666901641505,2.9930680334342683
3.0899999999999994,87.3514655179475,3.215184101828678
3.0999999999999996,87.52506233321078,3.4547312315780165
3.1099999999999994,87.62143047999331,3.7127840091693227
3.1199999999999997,87.63437823583185,3.990400274131962
3.1299999999999994,87.55761362487046,4.288598656050439
3.1399999999999997,87.38482236928625,4.608331790566415
3.1499999999999995,87.1097629165503,4.95045496344765
3.1599999999999997,86.72637854048203,5.315690427599233
3.1699999999999995,86.22892748536903,5.704587291048088
3.1799999999999997,85.61212944745837,6.117477922293177
3.1899999999999995,84.87132651616052,6.55443170510705
3.1999999999999993,84.00265549659682,7.015207477539511
3.2099999999999995,83.00322701237582,7.499206393458167
3.2199999999999993,81.87130430954633,8.005427759313852
3.2299999999999995,80.60647444034906,8.532430342033786
3.2399999999999993,79.20980259727096,9.078302176969801
3.2499999999999996,77.68395998810914,9.64064188606217
3.2599999999999993,76.03331579071389,10.216554301669818
3.2699999999999996,74.26398163286811,10.802663683912561
3.2799999999999994,72.38380271697571,11.39514562133113
3.2899999999999996,70.40229085863223,11.989778490000106
3.2999999999999994,68.33049653771246,12.582014171753455
3.3099999999999996,66.18081701072016,13.167067997875186
3.3199999999999994,63.96675568384476,13.740021422521862
3.3299999999999996,61.70263265975667,14.295936734019916
3.3399999999999994,59.40326573871194,14.829975937479995
3.3499999999999996,57.08363415197526,15.33751938489257
3.3599999999999994,54.75854237281692,15.814277630164366
3.3699999999999997,52.44229992641285,16.256391258990465
3.3799999999999994,50.14843176462995,16.660513997431742
3.3899999999999997,47.88943155751714,17.023875429012588
3.3999999999999995,45.67656579919191,17.344321958848973
3.4099999999999997,43.519731789216,17.620335641394192
3.4199999999999995,41.42737354432078,17.85103082807712
3.4299999999999993,39.40645250047224,18.036130848117644
3.4399999999999995,37.46246279206366,18.175929915250183
3.4499999999999993,35.59949138512125,18.27124027273052
3.4599999999999995,33.82030855030195,18.323331302432713
3.4699999999999993,32.126483423059014,18.333862530008737
3.4799999999999995,30.51851480547648,18.30481459741266
3.4899999999999993,28.995969997462534,18.23842090385755
3.4999999999999996,27.55762533123951,18.137102176517455
3.5099999999999993,26.20160248734019,18.003406036433127
3.5199999999999996,24.92549795322314,17.839952117300374
3.5299999999999994,23.72650128225394,17.649384217426913
3.5399999999999996,22.601501450105207,17.434329267281086
3.5499999999999994,21.547180618939983,17.197363009527308
3.5599999999999996,20.560094360764175,16.940982457277915
3.5699999999999994,19.636739494169863,16.66758430561641
3.5799999999999996,18.773610206606044,16.379448771365126
3.5899999999999994,17.96724336892755,16.078728253199756
3.5999999999999996,17.21425417462984,15.767440140930452
3.6099999999999994,16.51136350984939,15.447463057312063
3.6199999999999997,15.85541810270445,15.120535977664318
3.6299999999999994,15.24340456209255,14.788259667496531
3.6399999999999992,14.672458402962025,14.45209991579922
3.6499999999999995,14.13986892420618,14.113392170926764
3.6599999999999993,13.643080835014214,13.773347149555647
3.6699999999999995,13.179693218043084,13.43305718424872
3.6799999999999993,12.747456485534792,13.09350303364229
3.6899999999999995,12.344267773286273,12.755560931599954
3.6999999999999993,11.968165510228019,12.4200095914574
3.7099999999999995,11.617322784154904,12.087537385714468
3.7199999999999993,11.290040734840026,11.758749111739125
3.7299999999999995,10.984741313531725,11.434172721319404
3.7399999999999993,10.699960153776484,11.114265666175985
3.7499999999999996,10.434339482032813,10.799420934836752
3.7599999999999993,10.186621057760508,10.489972801682464
3.7699999999999996,9.955639533223984,10.186202135242652
3.7799999999999994,9.740315887380113,9.888341439540223
3.7899999999999996,9.539651324916855,9.596579476958825
3.7999999999999994,9.352721425288319,9.311065584108652
3.8099999999999996,9.17867064104786,9.031913650954142
3.8199999999999994,9.016707177625493,8.759205771779863
3.8299999999999996,8.866098151868998,8.492995617734527
3.8399999999999994,8.726165129899766,8.233311509645864
3.849999999999999,8.596279967424964,7.980159233786853
3.8599999999999994,8.475860948001865,7.733524610870374
3.869999999999999,8.364369181886696,7.493375845534436
3.8799999999999994,8.261305335062824,7.259665645188341
3.8899999999999992,8.166206561918202,7.032333156255832
3.8999999999999995,8.07864370337452,6.8113057157124
3.9099999999999993,7.998218683680894,6.596500438071834
3.9199999999999995,7.924562132714771,6.387825649810661
3.9299999999999993,7.857331185605161,6.1851821811889405
3.9399999999999995,7.7962074623505275,5.98846453685348
3.9499999999999993,7.740895209478125,5.797561941239867
3.9599999999999995,7.691119588575311,5.612359287397827
3.9699999999999993,7.646625108165248,5.432737978210328
3.9799999999999995,7.6071741735576035,5.258576690421571
3.9899999999999993,7.572545763180992,5.0897520464873445
3.9999999999999996,7.54253420501347,4.9261392216314235
4.01,7.516948056116988,4.76761247886348
4.02,7.495609041743828,4.614045671327545
4.029999999999999,7.478351125130482,4.465312646693063
4.039999999999999,7.465019658727124,4.321287596423424
4.05,7.455470536746823,4.181845419947867
4.06,7.449569463336616,4.046862006290334
4.069999999999999,7.447191264439019,3.9162144941739876
4.079999999999999,7.448219282246219,3.7897814605059303
4.089999999999999,7.452544775636236,3.6674431297062022
4.1,7.460066351327445,3.5490815684957666
4.109999999999999,7.47068952596129,3.4345807673375455
4.119999999999999,7.48432624472361,3.3238267803570576
4.129999999999999,7.50089443507489,3.2167078446002835
4.14,7.520317651031766,3.1131144254048664
4.1499999999999995,7.542524699828325,3.01293929240499
4.159999999999999,7.567449300529803,2.9160775786328834
4.169999999999999,7.595029788007161,2.8224268036693165
4.18,7.625208822058249,2.731886903964826
4.1899999999999995,7.657933114386125,2.6443602524640637
4.199999999999999,7.693153194954396,2.559751658515697
4.209999999999999,7.730823180423251,2.477968368911324
4.22,7.770900557570903,2.398920064311432
4.2299999999999995,7.813345995210871,2.322518837989915
4.239999999999999,7.858123159908382,2.2486791781459012
4.249999999999999,7.905198542718427,2.1773179473289277
4.26,7.95454130832192,2.1083543485528464
4.27,8.006123147003859,2.041709894932063
4.279999999999999,8.059918134888193,1.9773083774516795
4.289999999999999,8.115902614845952,1.9150758220125301
4.299999999999999,8.17405507929135,1.854940449246966
4.31,8.234356051317189,1.7968326399024819
4.319999999999999,8.296787988603537,1.7406848872887497
4.329999999999999,8.361335191866047,1.6864317503578088
4.339999999999999,8.427983713399417,1.6340098105249625
4.35,8.49672127085543,1.5833576282409207
4.359999999999999,8.567537176801153,1.5344156917247571
4.369999999999999,8.64042226595293,1.4871263707582338
4.379999999999999,8.715368823365585,1.4414338738958787
4.39,8.792370525664369,1.3972841984480513
4.3999999999999995,8.871422383919093,1.3546250828083453
4.409999999999999,8.95252068740731,1.3134059613464883
4.419999999999999,9.035662951124406,1.2735779194785422
4.43,9.120847871750758,1.2350936455685875
4.4399999999999995,9.208075282548323,1.197907386359069
4.449999999999999,9.297346109394718,1.1619749042692953
4.459999999999999,9.388662334301651,1.127253431958278
4.47,9.482026959598668,1.0937016289198038
4.4799999999999995,9.57744397309196,1.061279540087602
4.489999999999999,9.674918316018546,1.0299485548002558
4.499999999999999,9.774455855156333,0.9996713647335393
4.509999999999999,9.876063354892633,0.9704119244625647
4.52,9.979748450090547,0.9421354132965212
4.529999999999999,10.08551962347504,0.9148081963554997
4.539999999999999,10.193386183276273,0.888397787288806
4.549999999999999,10.303358241678305,0.8628728125444406
4.56,10.41544669526214,0.8382029760609371
4.569999999999999,10.529663207547522,0.8143590241740881
4.579999999999999,10.646020191758788,0.7913127122994441
4.589999999999999,10.76453079410265,0.769036772836601
4.6,10.885208880472105,0.7475048825313875
4.609999999999999,11.008069022833,0.7266916315401265
4.619999999999999,11.13312648675754,0.7065724932598979
4.629999999999999,11.260397217027547,0.6871237969342429
4.64,11.389897828805653,0.668322697946174
4.6499999999999995,11.52164559808995,0.6501471499723203
4.659999999999999,11.65565845215882,0.6325758784782779
4.669999999999999,11.791954959881283,0.6155883555953858
4.68,11.930554323819019,0.5991647750414852
4.6899999999999995,12.071476374243867,0.5832860269609692
4.699999999999999,12.214741562111175,0.567933674633545
4.709999999999999,12.360370952652145,0.5530899319023441
4.719999999999999,12.508386218822038,0.538737641799784
4.7299999999999995,12.658809637864675,0.5248602541040848
4.739999999999999,12.811664086365063,0.5114418049591732
4.749999999999999,12.966973036142358,0.4984668968986121
4.759999999999999,13.124760549687858,0.48592068003294486
4.77,13.285051277868083,0.4737888328188853
4.779999999999999,13.447870457022365,0.4620575440229189
4.789999999999999,13.613243906459111,0.45071349527527593
4.799999999999999,13.781198025717563,0.43974384447287923
4.81,13.951759793072526,0.42913620933082935
4.819999999999999,14.124956764298235,0.41887865151429576
4.829999999999999,14.300817071354405,0.408959661483385
4.839999999999999,14.479369421229963,0.399368143959896
4.85,14.660643095097237,0.39009340388020236
4.859999999999999,14.844667948330642,0.3811251324805914
4.869999999999999,15.031474410169741,0.3724533942231457
4.879999999999999,15.221093483677896,0.3640686141133282
4.89,15.413556745601099,0.35596156555472974
4.8999999999999995,15.608896347217676,0.34812335843057607
4.909999999999999,15.807145014819762,0.34054542776126506
4.919999999999999,16.008336050444683,0.3332195227571786
4.929999999999999,16.21250333250428,0.3261376963766909
4.9399999999999995,16.419681317022636,0.31929229509748275
4.949999999999999,16.62990503882325,0.31267594915061275
4.959999999999999,16.843210112774845,0.30628156313921623
4.969999999999999,17.059632734848908,0.30010230705896807
4.9799999999999995,17.2792096837389,0.2941316075943359
4.989999999999999,17.501978322656356,0.2883631397404231
4.999999999999999,17.7279766008672,0.2827908188085091
5.009999999999999,17.95724305544499,0.2774087927278345
5.02,18.189816812558774,0.2722114347460159
5.029999999999999,18.425737588118057,0.2671933365464662
5.039999999999999,18.665045691452026,0.26234930115086613
5.049999999999999,18.90778202647088,0.2576743365319346
5.06,19.153988093434453,0.2531636493976789
5.069999999999999,19.40370599065167,0.2488126392693323
5.079999999999999,19.656978414311528,0.2446168933986047
5.089999999999999,19.91384866183114,0.24057218081561665
5.1,20.17436063350967,0.23667444713556465
5.109999999999999,20.438558833652177,0.23291980974473867
5.119999999999999,20.706488371980118,0.22930455309597966
5.129999999999999,20.97819496386517,0.22582512499103882
5.139999999999999,21.25372493109635,0.22247813261865684
5.1499999999999995,21.533125204335512,0.21926033751095045
5.159999999999999,21.8164433231374,0.21616865232821736
5.169999999999999,22.103727436513903,0.2132001373397432
5.179999999999999,22.395026302839856,0.21035199741664404
5.1899999999999995,22.69038928775294,0.20762158041992188
5.199999999999999,22.989866366605916,0.20500637258811955
5.209999999999999,23.29350812323476,0.20250399640715866
5.219999999999999,23.60136574889391,0.20011220837389956
5.2299999999999995,23.913491041003823,0.19782889685684366
5.239999999999999,24.229936398049954,0.19565208171358414
5.249999999999999,24.55075481940294,0.19357991174976444
5.259999999999999,24.87599990401867,0.19161066269465551
5.27,25.205725846227512,0.1897427364775106
5.279999999999999,25.539987432104216,0.18797466023780482
5.289999999999999,25.87884003273147,0.1863050863866218
5.299999999999999,26.22233959548467,0.1847327933413724
5.31,26.57054264516109,0.18325668307204776
5.319999999999999,26.92350627467857,0.1818757820536368
5.329999999999999,27.28128813760737,0.1805892416193996
5.339999999999999,27.64394643908339,0.1793963387680533
5.349999999999999,28.01153991703092,0.17829647955309094
5.359999999999999,28.384127841068985,0.17728919782522018
5.369999999999999,28.7617700000197,0.1763741569905684
5.379999999999999,29.144526687592933,0.17555115225095597
5.389999999999999,29.53245868837728,0.1748201127556215
5.3999999999999995,29.925627251814166,0.17418110656781963
5.409999999999999,30.324094075438367,0.17363434349029463
5.419999999999999,30.727921296053246,0.173180176052445
5.429999999999999,31.137171463252926,0.17281910460193534
5.4399999999999995,31.551907516724462,0.1725517815101214
5.449999999999999,31.972192755859872,0.17237901705635048
5.459999999999999,32.39809079297297,0.17230178887089592
5.469999999999999,32.829665550009864,0.17232124195806134
5.4799999999999995,33.26698121752614,0.1724386968880213
5.489999999999999,33.71010221782052,0.17265565707774935
5.499999999999999,34.15909316548104,0.17297381660630987
5.509999999999999,34.614018791767634,0.1733950756041716
5.52,35.07494392261004,0.17392154439893398
5.529999999999999,35.54193343508299,0.17455555215669866
5.539999999999999,36.01505219468916,0.1752996595256866
5.549999999999999,36.49436499700467,0.17615667034090957
5.559999999999999,36.97993648382806,0.1771296486074288
5.569999999999999,37.47183104820318,0.1782219377686898
5.579999999999999,37.97011279619231,0.1794371681392733
5.589999999999999,38.47484544454566,0.1807792776299819
5.599999999999999,38.98609222652766,0.18225253070585637
5.609999999999999,39.50391578763861,0.18386153927013266
5.619999999999999,40.02837808141739,0.18561128374737706
5.629999999999999,40.55954025275102,0.18750713652557188
5.639999999999999,41.097462511583586,0.1895548873560142
5.6499999999999995,41.64220394134153,0.19176078273099156
5.659999999999999,42.19382237659445,0.19413155014539893
5.669999999999999,42.752374254725176,0.19667442781401828
5.679999999999999,43.31791442681733,0.1993972030326406
5.6899999999999995,43.890495934692986,0.20230825708325
5.699999999999999,44.47016977784674,0.20541661219322638
5.709999999999999,45.0569847354181,0.2087319676250097
5.719999999999999,45.65098709881408,0.2122647535469393
5.7299999999999995,46.2522203913394,0.21602618796138903
5.739999999999999,46.86072500291749,0.22002835231631213
5.749999999999999,47.47653792360256,0.22428424440436326
5.759999999999999,48.09969237433306,0.22880785390045325
5.769999999999999,48.730217411249924,0.2336142418996139
5.779999999999999,49.36813750823022,0.238719626020392
5.789999999999999,50.01347210848633,0.24414147220013935
5.799999999999999,50.66623510937708,0.24989860013545145
5.809999999999999,51.32643424483009,0.256011312111178
5.819999999999999,51.99407057426003,0.26250149541401085
5.829999999999999,52.66913781541377,0.26939276025098136
5.839999999999999,53.351621564606674,0.27671059975676654
5.849999999999999,54.0414985543467,0.28448254324195327
5.859999999999999,54.738735835023235,0.292738325168835
5.869999999999999,55.4432898144768,0.3015100844032431
5.879999999999999,56.155105169938544,0.31083259192383345
5.889999999999999,56.87411381180883,0.3207434648118903
5.8999999999999995,57.600233633769115,0.33128342643329384
5.909999999999999,58.33336717204959,0.3424965849612802
5.919999999999999,59.073400184024976,0.354430731286077
5.929999999999999,59.82019998936245,0.3671376874141204
5.9399999999999995,60.57361370717918,0.38067367689210585
5.949999999999999,61.33346641195804,0.3950997109648303
5.959999999999999,62.099558942815754,0.41048204906908564
5.969999999999999,62.87166562563336,0.4268926786332512
5.979999999999999,63.64953180772426,0.44440983524626965
5.989999999999999,64.43287097996871,0.4631186108063057
5.999999999999999,65.22136182109132,0.4831115778400338
6.009999999999999,66.01464492767053,0.5044894807984326
6.019999999999999,66.81231902566367,0.5273620351002499
6.029999999999999,67.61393712972247,0.5518487409948704
6.039999999999999,68.41900221383706,0.5780797987347805
6.049999999999999,69.22696229649068,0.6061971432984967
6.059999999999999,70.03720542858964,0.6363555058424288
6.069999999999999,70.84905400659487,0.6687236102254114
6.079999999999999,71.66175844434419,0.7034854949583723
6.089999999999999,72.4744906590702,0.7408418892221982
6.099999999999999,73.28633670686743,0.7810117435836106
6.109999999999999,74.09628876693148,0.8242338832064532
6.119999999999999,74.9032367210815,0.8707687707706183
6.129999999999999,75.70595886045452,0.9209003910108768
6.139999999999999,76.50311191341765,0.9749382669872225
6.1499999999999995,77.2932203513338,1.0332196546593702
6.159999999999999,78.07466508182425,1.0961117486731935
6.169999999999999,78.8456714007221,1.1640140101817669
6.179999999999999,79.60429616265985,1.2373606513696545
6.189999999999999,80.3484144442998,1.3166231375146342
6.199999999999999,81.07570551524519,1.4023127267729487
6.209999999999999,81.7836389123363,1.494982801102331
6.219999999999999,82.46945975113692,1.5952313278055485
6.229999999999999,83.13017438161623,1.7037030279782783
6.239999999999999,83.76253642589353,1.8210912087098396
6.249999999999999,84.36303362809288,1.948139177980426
6.259999999999999,84.92787610189185,2.085641054810728
6.269999999999999,85.45298631201761,2.234441825804816
6.279999999999999,85.93399200484234,2.395436320774316
6.289999999999999,86.36622278513863,2.5695668827405447
6.299999999999999,86.74471152688899,2.7578193898424086
6.309999999999999,87.06420147016529,2.961217411246964
6.319999999999999,87.3191610122659,3.180813892736743
6.329999999999999,87.50380724359539,3.4176801301012376
6.339999999999999,87.6121400721161,3.672891532122322
6.349999999999999,87.63798856731593,3.947509774960238
6.359999999999999,87.57507118882054,4.242560964232729
6.369999999999999,87.41707133097373,4.559009522403679
6.379999999999999,87.15772951965391,4.897727583083765
6.389999999999999,86.79095396394825,5.259459640214698
6.399999999999999,86.31094672026018,5.644783469060808
6.409999999999999,85.71234821011791,6.054066873367947
6.419999999999999,84.99039643039643,6.487421688873177
6.429999999999999,84.14109787529806,6.944656293179069
6.439999999999999,83.16140576629213,7.4252283512929695
6.449999999999999,82.04939942398521,7.928200023022833
6.459999999999999,80.8044571614211,8.45219826028791
6.469999999999999,79.42741383328965,8.995383123078883
6.479999999999999,77.92069330421566,9.555427185189984
6.489999999999999,76.28840582904832,10.129509020198368
6.499999999999999,74.53640082849064,10.714323407117824
6.509999999999999,72.67226691324738,11.306110246244574
6.519999999999999,70.70527329228248,11.900703234667748
6.529999999999999,68.64624981589088,12.493598162658396
6.539999999999999,66.50740692264188,13.080039166229378
6.549999999999999,64.30209881336802,13.65512120886039
6.559999999999999,62.04454336053528,14.21390161016929
6.569999999999999,59.74950493843543,14.751519853222735
6.579999999999999,57.43196010111089,15.263316249637125
6.589999999999999,55.106760470737925,15.744945148352754
6.599999999999999,52.78830908400752,16.192476943786215
6.609999999999999,50.490265485808415,16.60248385480968
6.619999999999999,48.22529166802758,16.972106077073967
6.629999999999999,46.004847866033074,17.299096056614076
6.639999999999999,43.839043370163225,17.581840233713603
6.649999999999999,41.73654368345523,17.819358993438858
6.659999999999999,39.70453171536855,18.011286901723484
6.669999999999999,37.74871907834026,18.15783534351697
6.679999999999999,35.87339888386851,18.259742524260115
6.689999999999999,34.08153157843191,18.318213644937945
6.699999999999999,32.374858211969716,18.33485415744254
6.709999999999999,30.754029377225173,18.31160092080497
6.719999999999999,29.218742952578257,18.25065374780324
6.729999999999999,27.767884914931305,18.154409304268604
6.739999999999999,26.399666725836394,18.025399773731337
6.749999999999999,25.111755718268334,17.86623723918756
6.759999999999999,23.901395322262523,17.679564675025237
6.769999999999999,22.76551337606987,17.468013844851463
6.779999999999999,21.700817555896894,17.234170097497213
6.789999999999999,20.703877770183944,16.98054373628348
6.799999999999999,19.771195814919686,16.709547683220357
6.809999999999999,18.899263167742287,16.42348041565966
6.819999999999999,18.084607796378968,16.12451404418008
6.829999999999999,17.323831132237984,15.814686561004486
6.839999999999999,16.61363681907301,15.495897475399408
6.849999999999999,15.950851721473782,15.169906636287656
6.8599999999999985,15.332440752937336,14.838335376500973
6.869999999999999,14.755516676648918,14.502669461468201
6.879999999999999,14.217345648324475,14.164263494763738
6.889999999999999,13.715349093902688,13.824346498574391
6.899999999999999,13.247103043336113,13.484028159125756
6.909999999999999,12.810335498156604,13.144305504136325
6.919999999999999,12.402922001718595,12.806069949262433
6.929999999999999,12.022880130419368,12.470114405554936
6.939999999999999,11.668363246292733,12.137140324157576
6.949999999999999,11.337653749435916,11.807764597747
6.959999999999999,11.029155947444085,11.482526278507644
6.969999999999999,10.74138889306597,11.161892988485155
6.979999999999999,10.472979273395417,10.846267011009603
6.989999999999999,10.22265439532795,10.535991058445546
6.999999999999999,9.989235390897669,10.23135368336677
7.009999999999999,9.771630717542719,9.932594328237444
7.019999999999999,9.568829937997855,9.639908028453746
7.029999999999999,9.379897824172486,9.35344977245645
7.039999999999999,9.203968858030462,9.073338514632557
7.049999999999999,9.040242001779637,8.79966089932736
7.059999999999999,8.887975839331043,8.532474647004635
7.0699999999999985,8.746484056319984,8.271811695375506
7.079999999999999,8.61513122169584,8.017681037892869
7.089999999999999,8.493328889526884,7.7700713330394775
7.099999999999999,8.38053197066481,7.528953288481619
7.1099999999999985,8.276235409116435,7.294281798931183
7.119999999999999,8.179971072228929,7.065997933188459
7.129999999999999,8.091304913263466,6.844030699678941
7.139999999999999,8.009834360958703,6.628298645754402
7.149999999999999,7.935185918654706,6.41871129790753
7.159999999999999,7.8670128650545665,6.215170550261376
7.169999999999999,7.8049932562801585,6.017571808450192
7.179999999999999,7.748828079519212,5.825805003247211
7.189999999999999,7.6982394441168465,5.639755642925659
7.199999999999999,7.652969066854919,5.459305588637763
7.209999999999999,7.612776752994534,5.28433388557194
7.219999999999999,7.577439080044663,5.114717421000515
7.229999999999999,7.546748146539005,4.950331554637889
7.239999999999999,7.520510439120867,4.7910506601753085
7.249999999999999,7.498545781726129,4.63674861392021
7.259999999999999,7.480686373104987,4.487299227406542
7.269999999999999,7.466775904177702,4.342576625790722
7.2799999999999985,7.456668733322447,4.20245558939982
7.289999999999999,7.450229144295693,4.0668118400374595
7.299999999999999,7.447330642805272,3.9355223079928794
7.309999999999999,7.44785533040438,3.8084653457328295
7.3199999999999985,7.451693297937743,3.685520935937378
7.329999999999999,7.458742092447463,3.5665708497503754
7.339999999999999,7.468906224844282,3.451498781137012
7.349999999999999,7.482096699890137,3.3401904717426834
7.3599999999999985,7.498230579068823,3.2325338202264593
7.369999999999999,7.517230595466546,3.1284189554950794
7.379999999999999,7.539024795716192,3.027738296307059
7.389999999999999,7.563546180197502,2.930386620950506
7.399999999999999,7.5907324114387285,2.8362610882357124
7.409999999999999,7.620525519353227,2.7452612692786653
7.419999999999999,7.652871623534738,2.657289173191718
7.429999999999999,7.687720697404686,2.572249243547886
7.439999999999999,7.725026331953564,2.490048363822239
7.449999999999999,7.764745523046277,2.410595849655089
7.459999999999999,7.806838475481888,2.333803433659581
7.469999999999999,7.851268415520441,2.259585248362794
7.479999999999999,7.898001422590206,2.187857800852786
7.489999999999998,7.947006270546301,2.1185399448124653
7.499999999999999,7.998254278576144,2.051552850578866
7.509999999999999,8.051719176170321,1.9868199683078014
7.519999999999999,8.10737697425258,1.924266991558069
7.5299999999999985,8.165205846228769,1.8638218177205967
7.539999999999999,8.225186018674622,1.8054145056425706
7.549999999999999,8.287299666270284,1.7489772344056456
7.559999999999999,8.351530818038485,1.6944442571238123
7.5699999999999985,8.417865269324587,1.6417518545507213
7.579999999999999,8.486290497547795,1.5908382899201914
7.589999999999999,8.556795577494007,1.5416437683685715
7.599999999999999,8.62937111818647,1.4941103824446764
7.6099999999999985,8.704009194371373,1.448182066091355
7.619999999999999,8.780703279576647,1.4038045504110706
7.629999999999999,8.85944818514921,1.3609253182540122
7.639999999999999,8.940240011903809,1.319493552922542
7.649999999999999,9.023076097252076,1.279460092931658
7.659999999999999,9.107954962729554,1.240777390058125
7.669999999999999,9.194876271945978,1.2033994618750774
7.679999999999999,9.283840790590363,1.167281845667242
7.689999999999999,9.374850346480791,1.1323815552419723
7.699999999999998,9.46790778951512,1.098657040376149
7.709999999999999,9.563016961387024,1.0660681415244337
7.719999999999999,9.660182663580178,1.0345760483006192
7.729999999999999,9.759410626551082,1.0041432593690982
7.739999999999998,9.86070748020957,0.9747335436051104
7.749999999999999,9.964080730906794,0.9463118989443386
7.759999999999999,10.069538736562935,0.9188445145205981
7.769999999999999,10.177090682716056,0.8922987344978609
7.7799999999999985,10.286746561773308,0.8666430213472636
7.789999999999999,10.398517154372673,0.8418469194485426
7.799999999999999,10.512414010732295,0.8178810207597569
7.809999999999999,10.628449432140606,0.7947169319777411
7.8199999999999985,10.746636456253192,0.7723272409368327
7.829999999999999,10.8669888424095,0.7506854845723346
7.839999999999999,10.989521057557265,0.7297661180830004
7.849999999999999,11.11424826264573,0.7095444853964371
7.8599999999999985,11.241186301830039,0.6899967890277564
7.869999999999999,11.370351691299312,0.6711000617704269
7.879999999999999,11.501761608465747,0.6528321394831353
7.889999999999999,11.635433882545007,0.6351716342974836
7.899999999999999,11.77138698675738,0.6180979080593942
7.909999999999998,11.909640030236814,0.601591047193568
7.919999999999999,12.050212750546494,0.5856318383780024
7.929999999999999,12.193125504731766,0.5702017463414516
7.939999999999999,12.338399265749363,0.5552828892628715
7.949999999999998,12.486055616444636,0.5408580168673554
7.959999999999999,12.636116744437933,0.5269104889790587
7.969999999999999,12.788605436505685,0.5134242553324307
7.979999999999999,12.943545074736234,0.5003838352944128
7.989999999999998,13.100959633610309,0.4877742979608004
7.999999999999999,13.260873676433553,0.47558124351213
8.009999999999998,13.423312352276609,0.4637907851459553
8.02,13.588301392482531,0.45238953213747496
8.03,13.755867109753343,0.4413645720664456
8.04,13.926036396013703,0.43070345462541904
8.049999999999999,14.09883672088944,0.42039417579902544
8.059999999999999,14.27429612980037,0.4104251628769581
8.069999999999999,14.452443243342813,0.4007852595548316
8.079999999999998,14.633307256870532,0.39146371157928894
8.089999999999998,14.816917939904059,0.38245015307844826
8.1,15.003305635761212,0.3737345933706194
8.11,15.192501261123317,0.36530740434997716
8.12,15.384536306856285,0.3571593079385253
8.129999999999999,15.579442838212785,0.3492813642847423
8.139999999999999,15.777253495398467,0.341664960326426
8.149999999999999,15.978001493919374,0.33430179894730394
8.159999999999998,16.181720625720995,0.32718388825896005
8.169999999999998,16.38844526028173,0.32030353136507483
8.179999999999998,16.59821034570784,0.3136533165714175
8.19,16.81105140985677,0.3072261079549147
8.2,17.02700456148767,0.30101503630402915
8.209999999999999,17.24610649207918,0.29501349034314417
8.219999999999999,17.468394477231655,0.2892151083571914
8.229999999999999,17.693906378257495,0.28361377013671346
8.239999999999998,17.922680643575625,0.27820358930205863
8.249999999999998,18.15475631061,0.27297890584442186
8.259999999999998,18.390173007515934,0.26793427901894856
8.27,18.628970954893227,0.26306448054546666
8.28,18.8711909673294,0.2583644880997004
8.29,19.116874455045227,0.25382947908544534
8.299999999999999,19.36606342592837,0.2494548246714208
8.309999999999999,19.618800487073777,0.2452360841139945
8.319999999999999,19.87512884643317,0.24116899934021302
8.329999999999998,20.135092314209658,0.23724948979747343
8.339999999999998,20.398735303448678,0.23347364758370256
8.349999999999998,20.666102832459853,0.22983773275879535
8.36,20.937240525757023,0.2263381689504954
8.37,21.212194615069553,0.22297153919479262
8.379999999999999,21.49101194025381,0.21973458201295878
8.389999999999999,21.773739949191175,0.21662418775870587
8.399999999999999,22.06042669880844,0.2136373951436974
8.409999999999998,22.35112085556251,0.21077138800686532
8.419999999999998,22.645871695237325,0.20802349233112374
8.429999999999998,22.94472910269018,0.2053911734787986
8.44,23.247743570682633,0.20287203369277873
8.45,23.55496619837849,0.20046380982516135
8.459999999999999,23.866448691201615,0.19816437118659258
8.469999999999999,24.182243358551872,0.19597171773266792
8.479999999999999,24.502403111594592,0.19388397844885727
8.489999999999998,24.82698146033568,0.1918994099934905
8.499999999999998,25.156032508813897,0.19001639571802792
8.509999999999998,25.489610952929226,0.18823344459590619
8.52,25.82777207558343,0.18654919061027386
8.53,26.17057174133638,0.18496239237218942
8.54,26.51806639049216,0.18347193297954217
8.549999999999999,26.870313030378092,0.1820768204193968
8.559999999999999,27.227369228596398,0.18077618785150104
8.569999999999999,27.589293105291617,0.17956929418153708
8.579999999999998,27.95614332289129,0.178455525137405
8.589999999999998,28.327979075439927,0.17743439455511048
8.599999999999998,28.70486007533401,0.1765055462153011
8.61,29.086846537974132,0.17566875614523994
8.62,29.47399917083023,0.17492393432523512
8.629999999999999,29.86637915581209,0.17427112761210167
8.639999999999999,30.264048131489098,0.17371052281119428
8.649999999999999,30.66706817309561,0.17324245024552715
8.659999999999998,31.075501765858835,0.17286738862654394
8.669999999999998,31.489411786658383,0.1725859685113347
8.679999999999998,31.908861477590673,0.17239897731565335
8.69,32.33391441719816,0.17230736484042056
8.7,32.7646344899463,0.17231224920613844
8.709999999999999,33.20108584625138,0.1724149246657435
8.719999999999999,33.64333286756438,0.17261686850439437
8.729999999999999,34.09144013095757,0.17291974809255722
8.739999999999998,34.54547236313015,0.17332543002984577
8.749999999999998,35.00549439349661,0.17383598951984583
8.759999999999998,35.47157109880371,0.17445372146470592
8.769999999999998,35.943767337546575,0.17518115362284076
8.78,36.42214790419383,0.1760210558188352
8.79,36.90677745793541,0.17697645426933048
8.799999999999999,37.397720450951795,0.17805064601766735
8.809999999999999,37.8950410496394,0.17924721479956598
8.819999999999999,38.398803029068965,0.18057005239543264
8.829999999999998,38.909069700049386,0.1820233732369733
8.839999999999998,39.425903809042815,0.18361173457034832
8.849999999999998,39.94936742684906,0.1853400588932497
8.86,40.47952183228537,0.18721365737946263
8.87,41.016427360795674,0.189238260592498
8.879999999999999,41.56014326559873,0.1914200464695162
8.889999999999999,42.110727591891504,0.19376566545997795
8.899999999999999,42.66823700100962,0.19628227608266643
8.909999999999998,43.232726594358006,0.19897758041828684
8.919999999999998,43.80424971142491,0.20185986497999817
8.929999999999998,44.38285767927942,0.2049380517910953
8.94,44.9685996251857,0.2082217357564626
8.95,45.561522211355005,0.21172123850428123
8.959999999999999,46.16166935855256,0.21544766440131147
8.969999999999999,46.76908195435817,0.21941295961730728
8.979999999999999,47.38379752754799,0.22362997823066025
8.989999999999998,48.00584989964748,0.22811255296850153
8.999999999999998,48.63526880979977,0.23287557140104903
9.009999999999998,49.27207946506711,0.23793506831724373
9.019999999999998,49.91630206833463,0.24330832251258003
9.03,50.567951350820714,0.24901395187623193
9.04,51.22703601003152,0.2550720289264041
9.049999999999999,51.893558148528136,0.2615041940783106
9.059999999999999,52.56751260911583,0.26833379322054735
9.069999999999999,53.24888627888901,0.2755860204388495
9.079999999999998,53.93765730491103,0.2832880807121232
9.089999999999998,54.63379420977661,0.2914693754315163
9.099999999999998,55.33725503452536,0.3001616768973822
9.11,56.04798631491826,0.30939934245142203
9.12,56.76592195001806,0.3192195463587356
9.129999999999999,57.49098201150375,0.32966252879835245
9.139999999999999,58.22307143866388,0.3407718684183799
9.149999999999999,58.9620785873005,0.3525947852701238
9.159999999999998,59.707873620543815,0.3651824821246287
9.169999999999998,60.460306824083894,0.37859049363733893
9.179999999999998,61.2192067200733,0.3928790843010379
9.189999999999998,61.98437792836754,0.4081136960783992
9.2,62.755598890076364,0.4243654274502277
9.209999999999999,63.5326194440775,0.4417115463990169
9.219999999999999,64.31515807821359,0.46023606945609774
9.229999999999999,65.10289887647592,0.48003040801213825
9.239999999999998,65.89548831492384,0.5011940447535922
9.249999999999998,66.69253169463484,0.5238352887347729
9.259999999999998,67.49358917791373,0.5480721117712632
9.269999999999998,68.2981714421843,0.5740330644310624
9.28,69.10573510716097,0.6018582477187684
9.29,69.91567759064097,0.6317003980638802
9.299999999999999,70.72733144925681,0.6637260697773683
9.309999999999999,71.53995833084896,0.6981169129921537
9.319999999999999,72.35274235850238,0.735071065458395
9.329999999999998,73.16478291310152,0.7748046553021196
9.339999999999998,73.97508682629437,0.8175534035185741
9.349999999999998,74.782559871299,0.8635744106616451
9.36,75.5859975833998,0.9131480421796004
9.37,76.38407555179187,0.9665798779082974
9.379999999999999,77.1753388493162,1.0242028404273287
9.389999999999999,77.9581907131821,1.0863794527009856
9.399999999999999,78.73088056944299,1.1535041938187045
9.409999999999998,79.49149123703951,1.2260059653577946
9.419999999999998,80.23792581328424,1.304350519354211
9.429999999999998,80.96789396137041,1.3890429214464002
9.439999999999998,81.67889756804854,1.4806300843648619
9.45,82.36821626786642,1.5797031776505959
9.459999999999999,83.03289293699844,1.6868998425941755
9.469999999999999,83.669720081447,1.802905938894195
9.479999999999999,84.2752261769495,1.9284571820800356
9.489999999999998,84.8456634544414,2.0643401211326946
9.499999999999998,85.37699804743492,2.211392138835004
9.509999999999998,85.86490217809099,2.3705006996736175
9.519999999999998,86.30475021635765,2.542601227647855
9.53,86.6916191927756,2.7286734088829716
9.54,87.02029490609229,2.929735651333975
9.549999999999999,87.28528574052937,3.146837112440085
9.559999999999999,87.48084452437185,3.3810471696202535
9.569999999999999,87.60100104449275,3.6334416625808124
9.579999999999998,87.63960651970818,3.9050856123394633
9.589999999999998,87.59039150886802,4.19701201556047
9.599999999999998,87.44703931540559,4.510196349661367
9.609999999999998,87.20327550806827,4.845526666348358
9.62,86.85297528601993,5.203769037582876
9.629999999999999,86.39028767301426,5.585528963588109
9.639999999999999,85.80977811724134,5.991208399643286
9.649999999999999,85.1065841882407,6.420960638543276
9.659999999999998,84.27658601865852,6.874642559804022
9.669999999999998,83.31658350710364,7.35176731891356
9.679999999999998,82.2244759769766,7.851459022164201
9.689999999999998,80.99943653841235,8.37241210332485
9.7,79.64207273673513,8.912858143971366
9.709999999999999,78.15456313418817,9.470543585604563
9.719999999999999,76.54076070758192,10.042720821791326
9.729999999999999,74.80625292338189,10.626155750048342
9.739999999999998,72.95837003215686,11.217153820485601
9.749999999999998,71.00613549512913,11.811605712469428
9.759999999999998,68.96015542887076,12.40505274933944
9.769999999999998,66.8324470018088,12.992770758539622
9.78,64.63621054645729,13.569869735466423
9.79,62.38555378754963,14.131405329082616
9.799999999999999,60.09517937242235,14.672497415636915
9.809999999999999,57.780054618614884,15.188448367405748
9.819999999999999,55.45507055305146,15.674858859193673
9.829999999999998,53.13471722103676,16.12773095786271
9.839999999999998,50.83278283810051,16.543556987074812
9.849999999999998,48.56209317671711,16.919388662858292
9.859999999999998,46.33429941617667,17.252884763035755
9.87,44.15972059657149,17.542336224995953
9.879999999999999,42.04724216219416,17.786669270486275
9.889999999999999,40.00426988194981,17.985428260178104
9.899999999999999,38.036733287496695,18.138741205621823
9.909999999999998,36.14913283250916,18.247271173953074
9.919999999999998,34.344622244402885,18.31215736891883
9.929999999999998,32.625117494538614,18.334949579920675
9.939999999999998,30.991423801470297,18.317539471987946
9.95,29.443372754429227,18.262091763749577
9.959999999999999,27.97996397146172,18.170977325889503
9.969999999999999,26.599500226163894,18.046712259516557
9.979999999999999,25.299723081484085,17.891899668792423
9.989999999999998,24.077932103386015,17.709180832606652
9.999999999999998,22.931095995409876,17.501191613253546
10.009999999999998,21.85594996939791,17.270526237640386
10.019999999999998,20.84907976123385,17.01970788812236
10.029999999999998,19.90699344816832,16.75116523388006
10.04,19.02618078963034,16.46721479248763
10.049999999999999,18.203161698101475,16.170048206405422
10.059999999999999,17.434524688941853,15.86172386438908
10.069999999999999,16.716956518131173,15.544162191806034
10.079999999999998,16.04726447146956,15.219143967483431
10.089999999999998,15.422392076483732,14.888311104808789
10.099999999999998,14.83942955344356,14.553169409546033
10.109999999999998,14.295619807461575,14.21509284266678
10.12,13.78836100591409,13.8753288462498
10.129999999999999,13.315206175412241,13.535004557540917
10.139999999999999,12.873860765203663,13.195133455120782
10.149999999999999,12.462178545616544,12.856622322705652
10.159999999999998,12.078156181374274,12.520278387419417
10.169999999999998,11.719927130142592,12.186816352316386
10.179999999999998,11.38575490193229,11.856865347474875
10.189999999999998,11.074025969864751,11.530975683475146
10.2,10.783242700604937,11.209625266612584
10.209999999999999,10.512016068632489,10.89322581329167
10.219999999999999,10.259058741920432,10.582128608518618
10.229999999999999,10.02317819818832,10.276629997099947
10.239999999999998,9.80327023198177,9.976976460961547
10.249999999999998,9.59831260541372,9.683369418428901
10.259999999999998,9.407359215948167,9.395969581044934
10.269999999999998,9.229534433609764,9.114901063197685
10.279999999999998,9.064027873122546,8.840255123576625
10.29,8.910089485061176,8.57209361453453
10.299999999999999,8.767024971683227,8.310452147236028
10.309999999999999,8.634191536062767,8.055342980647673
10.319999999999999,8.510993925160186,7.806757666656792
10.329999999999998,8.396880777634301,7.564669455404142
10.339999999999998,8.291341242003963,7.329035484583488
10.349999999999998,8.193901838021977,7.099798775639194
10.359999999999998,8.10412358778507,6.876890033154184
10.37,8.021599366420853,6.660229275660772
10.379999999999999,7.9459514324220555,6.449727323209113
10.389999999999999,7.876829204250095,6.245287122921017
10.399999999999999,7.813907160926465,6.046804961254465
10.409999999999998,7.756882956465416,5.854171541348472
10.419999999999998,7.705475655128252,5.6672729607117756
10.429999999999998,7.65942412404649,5.48599158562478
10.439999999999998,7.6184855503922115,5.310206834492243
10.45,7.582434077231325,5.139795879411922
10.459999999999999,7.551059552649928,4.97463427250805
10.469999999999999,7.52416637518097,4.814596502729876
10.479999999999999,7.501572433759504,4.6595564931323175
10.489999999999998,7.483108132668694,4.509388038474081
10.499999999999998,7.468615492572065,4.363965195934699
10.509999999999998,7.45794732492922,4.223162625996273
10.519999999999998,7.450966469709217,4.0868558940181385
10.529999999999998,7.44754509408117,3.9549217331597575
10.54,7.447564045617181,3.8272382735158845
10.549999999999999,7.450912255016793,3.7036852414240884
10.559999999999999,7.457486192357987,3.584144123952369
10.569999999999999,7.467189358359072,3.468498315626055
10.579999999999998,7.479931801174562,3.3566332554974414
10.589999999999998,7.495629703360653,3.2484365114827596
10.599999999999998,7.514204981161663,3.143797866067266
10.609999999999998,7.535584895881264,3.042609400580069
10.62,7.559701728416852,2.944765534998575
10.629999999999999,7.586492466950524,2.8501630651245957
10.639999999999999,7.615898499701104,2.758701203537652
10.649999999999999,7.647865348864704,2.670281593818331
10.659999999999998,7.682342428350479,2.5848083123439833
10.669999999999998,7.719282802741308,2.5021878760414085
10.679999999999998,7.758642966889455,2.422329239841646
10.689999999999998,7.8003826575363835,2.3451437744938093
10.699999999999998,7.8444646630199975,2.2705452517678415
10.709999999999999,7.890854641969292,2.19844982758513
10.719999999999999,7.939520974093117,2.1287760062164085
10.729999999999999,7.990434609297838,2.0614446103612063
10.739999999999998,8.043568921827612,1.9963787527540782
10.749999999999998,8.098899587827745,1.933503793801947
10.759999999999998,8.156404466201442,1.8727473016141785
10.769999999999998,8.216063481713949,1.8140390146614347
10.779999999999998,8.27785852329781,1.7573107971539044
10.79,8.341773349713563,1.7024965929513676
10.799999999999999,8.40779349630386,1.6495323826861257
10.809999999999999,8.47590618990045,1.598356138578864
10.819999999999999,8.546100273815197,1.548907775295846
10.829999999999998,8.618366132824091,1.501129104556289
10.839999999999998,8.692695622279194,1.454963790143281
10.849999999999998,8.769082009180996,1.4103572972617602
10.859999999999998,8.847519912794967,1.367256845596118
10.87,8.928005244494825,1.3256113662865243
10.879999999999999,9.010535155367327,1.2853714561053962
10.889999999999999,9.095107993279218,1.246489327419356
10.899999999999999,9.181723256070665,1.2089187641432368
10.909999999999998,9.270381545602639,1.172615079650887
10.919999999999998,9.361084530902728,1.1375350708299987
10.929999999999998,9.453834912514488,1.1036369738074123
10.939999999999998,9.54863638738228,1.0708804218429626
10.949999999999998,9.645493613216283,1.039226406455392
10.959999999999999,9.744412182189976,1.0086372333358848
10.969999999999999,9.84539859257052,0.9790764825402699
10.979999999999999,9.948460221617239,0.9505089698851256
10.989999999999998,10.053605299627707,0.922900709590758
10.999999999999998,10.16084288959617,0.8962188750977482
11.009999999999998,10.270182865393112,0.8704317628308413
11.019999999999998,10.381635890642517,0.8455087573646943
11.029999999999998,10.495213400335258,0.8214202965339764
11.04,10.610927584649247,0.7981378367886495
11.049999999999999,10.728791372534669,0.7756338204277266
11.059999999999999,10.848818415649298,0.7538816445349575
11.069999999999999,10.971023075288619,0.7328556290555484
11.079999999999998,11.095420409680019,0.7125309863410229
11.089999999999998,11.222026161758224,0.6928837918864339
11.099999999999998,11.350856747110932,0.6738909561976918
11.109999999999998,11.481929244727526,0.6555301965022939
11.119999999999997,11.615261387326033,0.6377800098674947
11.129999999999999,11.750871552290464,0.6206196473112583
11.139999999999999,11.888778753262986,0.6040290887685879
11.149999999999999,12.029002633303552,0.5879890180497339
11.159999999999998,12.171563457931166,0.5724807992170912
11.169999999999998,12.316482108313586,0.5574864538581449
11.179999999999998,12.463780075883351,0.5429886386371402
11.189999999999998,12.613479457564633,0.5289706235116237
11.199999999999998,12.765602951083906,0.5154162708518141
11.209999999999999,12.92017385053907,0.5023100153662278
11.219999999999999,13.07721604116384,0.4896368453939977
11.229999999999999,13.236753997892972,0.4773822829298899
11.239999999999998,13.398812781969115,0.465532365608629
11.249999999999998,13.563418038372417,0.4540736290477659
11.259999999999998,13.730595992849343,0.4429930902004869
11.269999999999998,13.900373450257595,0.4322782307473014
11.279999999999998,14.072777793506216,0.4219169808983127
11.29,14.247836982069916,0.41189770414384064
11.299999999999999,14.42557955089512,0.40220918247091586
11.309999999999999,14.606034608901492,0.39284060243994556
11.319999999999999,14.78923183940167,0.3837815409160596
11.329999999999998,14.975201499658082,0.37502195185121595
11.339999999999998,15.16397442084183,0.36655215345181413
11.349999999999998,15.355582007790431,0.35836281594870045
11.359999999999998,15.550056239425883,0.35044494964466844
11.369999999999997,15.747429669638146,0.34278989329330445
11.379999999999999,15.947735427844721,0.3353893030805264
11.389999999999999,16.151007219807134,0.32823514197038195
11.399999999999999,16.357279328210986,0.3213196695439246
11.409999999999998,16.566586614251083,0.3146354320029635
11.419999999999998,16.77896451879162,0.30817525268591084
11.429999999999998,16.994449063703616,0.3019322229299809
11.439999999999998,17.2130768530808,0.29589969334748323
11.449999999999998,17.43488507474578,0.2900712653904721
11.459999999999999,17.659911502068823,0.28444078318542787
11.469999999999999,17.888194495516824,0.27900232578470036
11.479999999999999,18.11977300431675,0.2737501997072445
11.489999999999998,18.354686567870708,0.26867893180191127
11.499999999999998,18.592975317791858,0.26378326238001093
11.509999999999998,18.834679979595094,0.2590581386584306
11.519999999999998,19.079841874409027,0.2544987084865605
11.529999999999998,19.328502920514502,0.2501003143652435
11.539999999999997,19.58070563495477,0.24585848772955324
11.549999999999999,19.836493135345044,0.24176894347800423
11.559999999999999,20.09590914132353,0.23782757478666383
11.569999999999999,20.35899797596177,0.23403044817255836
11.579999999999998,20.625804566716425,0.23037379881489117
11.589999999999998,20.89637444709396,0.22685402610688268
11.599999999999998,21.170753757677442,0.2234676894598078
11.609999999999998,21.448989247030248,0.2202115043454105
11.619999999999997,21.731128272491418,0.21708233857285783
11.629999999999999,22.017218800040002,0.21407720882403442
11.639999999999999,22.307309404207583,0.2111932774109509
11.649999999999999,22.601449269345885,0.2084278492083282
11.659999999999998,22.89968818883722,0.205778368874861
11.669999999999998,23.202076564560542,0.20324241828287534
11.679999999999998,23.508665405932717,0.2008177141827139
11.689999999999998,23.819506327146716,0.19850210620091163
11.699999999999998,24.13465154680484,0.1962935748624851
11.709999999999999,24.45415388577257,0.1941902299424719
11.719999999999999,24.77806676428453,0.19219030907013024
11.729999999999999,25.106444198822867,0.19029217654720157
11.739999999999998,25.439340797519343,0.18849432250595496
11.749999999999998,25.776811754435865,0.18679536236740996
11.759999999999998,26.118912846919997,0.18519403614023724
11.769999999999998,26.465700428819297,0.183689208349118
11.779999999999998,26.817231423851872,0.1822798681227557
11.789999999999997,27.173563318109963,0.18096512955782093
11.799999999999999,27.534754148647604,0.1797442327971771
11.809999999999999,27.900862496044105,0.17861654468110005
11.819999999999999,28.27194747454645,0.17758155989584987
11.829999999999998,28.64806871957817,0.176638902650007
11.839999999999998,29.029286374821254,0.17578832856005058
11.849999999999998,29.415661076548695,0.1750297271182388
11.859999999999998,29.80725393376901,0.17436312498527234
11.869999999999997,30.204126516427085,0.17378868803502565
11.879999999999999,30.60634083425073,0.17330672509704312
11.889999999999999,31.013959315463694,0.17291769183612085
11.899999999999999,31.427044783795825,0.17262219503580173
11.909999999999998,31.845660426788317,0.17242099857282958
11.919999999999998,32.26986977053902,0.17231502828655249
11.929999999999998,32.69973665303658,0.1723053771910895
11.939999999999998,33.13532518874732,0.17239331238309827
11.949999999999998,33.576699732810575,0.17258028210249649
11.959999999999997,34.023924839808366,0.17286792390195896
11.969999999999999,34.47706520944805,0.17325807542032087
11.979999999999999,34.93618565407614,0.1737527809337838
11.989999999999998,35.40135104453384,0.17435430218227507
11.999999999999998,35.87262625423064,0.17506512958441223
12.009999999999998,36.350076099923356,0.1758879941353399
12.019999999999998,36.83376526331935,0.17682588319441
12.029999999999998,37.32375821956405,0.177882054878854
12.039999999999997,37.82011917571597,0.17906005043154358
12.049999999999999,38.32291197972968,0.18036371255921618
12.059999999999999,38.83220003059684,0.18179720352743484
12.069999999999999,39.34804617741739,0.1833650255092095
12.079999999999998,39.87051257969164,0.18507204894325713
12.089999999999998,40.399660625668766,0.1869235287624633
12.099999999999998,40.9355508021709,0.1889251306482022
12.109999999999998,41.478242554040904,0.19108295937335126
12.119999999999997,42.027794137517645,0.1934035883340055
12.129999999999999,42.58426243985919,0.19589409612077116
12.139999999999999,43.14770278053302,0.19856210686787654
12.149999999999999,43.71816875644581,0.2014158211038492
12.159999999999998,44.295712015032926,0.20446406177010007
12.169999999999998,44.880382025259074,0.20771632052088856
12.179999999999998,45.47222583638133,0.21118280644902318
12.189999999999998,46.071287804388795,0.21487450150243997
12.199999999999998,46.677609302905054,0.21880321901010572
12.209999999999997,47.29122841164065,0.22298166677875192
12.219999999999999,47.912179541867225,0.22742352381083444
12.229999999999999,48.54049303492337,0.23214352254633278
12.239999999999998,49.176194783816435,0.2371575253683764
12.249999999999998,49.81930576064698,0.2424826215931403
12.259999999999998,50.46984155469488,0.24813722015914763
12.269999999999998,51.12781182456944,0.25414116235763473
12.279999999999998,51.79321971508959,0.26051584129415595
12.289999999999997,52.466061223030756,0.2672843321108874
12.299999999999999,53.14632444068171,0.2744715514893297
12.309999999999999,53.833988858473,0.2821043982679234
12.319999999999999,54.52902452428282,0.2902119285465275
12.329999999999998,55.23139111700093,0.29882554603883343
12.339999999999998,55.94103693803012,0.30797920914437776
12.349999999999998,56.6578978551925,0.31770965312006777
12.359999999999998,57.381896108631345,0.3280566366642295
12.369999999999997,58.112938981596386,0.33906322345930134
12.379999999999997,58.850917397484864,0.3507760736478313
12.389999999999999,59.595704384352636,0.3632457643719905
12.399999999999999,60.34715336194317,0.3765271498216506
12.409999999999998,61.10509617591989,0.3906797703379634
12.419999999999998,61.86934115128192,0.4057682649816599
12.429999999999998,62.639670844134464,0.4218628439068803
12.439999999999998,63.41583955388681,0.43903981332617315
12.449999999999998,64.19757059574344,0.45738215247810665
12.459999999999997,64.9845534365603,0.476980116976586
12.469999999999999,65.77644046351219,0.4979319230993025
12.479999999999999,66.57284334801082,0.5203445131789521
12.489999999999998,67.37332922561086,0.5443343649561839
12.499999999999998,68.17741652634238,0.5700283753363287
12.509999999999998,68.9845703280609,0.5975648412906979
12.519999999999998,69.79419719593476,0.6270945409012789
12.529999999999998,70.6056397753232,0.6587818814331798
12.539999999999997,71.41817077385596,0.6928061664715306
12.549999999999999,72.23098639454717,0.7293629661299689
12.559999999999999,73.04319918786139,0.7686655980457733
12.569999999999999,73.85383035309766,0.810946753766789
12.579999999999998,74.6618013289481,0.8564602398595067
12.589999999999998,75.46592482145626,0.9054827990051771
12.599999999999998,76.26489508884029,0.9583160767237712
12.609999999999998,77.0572774473809,1.0152887466230072
12.619999999999997,77.84149712902924,1.0767587602642483
12.629999999999997,78.61582730448059,1.14311569871578
12.639999999999999,79.37837659819807,1.214783144711184
12.649999999999999,80.12707601322506,1.2922211189721406
12.659999999999998,80.85966504598672,1.3759286590269346
12.669999999999998,81.57367757301063,1.4664462793351714
12.679999999999998,82.26642744360402,1.564358367870053
12.689999999999998,82.93499405651308,1.670295418493173
12.699999999999998,83.57620822160908,1.7849359948179127
12.709999999999997,84.1866386970886,1.9090082997312554
12.719999999999999,84.76257989271541,2.0432911946633823
12.729999999999999,85.30004134595514,2.18861448029845
12.739999999999998,85.79473971212846,2.345858213700747
12.749999999999998,86.2420939962676,2.5159508453061488
12.759999999999998,86.63722552218442,2.699865732718848
12.769999999999998,86.97496315293195,2.8986159026115197
12.779999999999998,87.2498556160149,3.1132465192394543
12.789999999999997,87.45619222742117,3.3448247226549124
12.799999999999997,87.58803369842883,3.5944263903250464
12.809999999999999,87.63925463977723,3.8631194146471635
12.819999999999999,87.60359945258998,4.151943101055779
12.829999999999998,87.47475319570621,4.461883345534809
12.839999999999998,87.24642876595853,4.793843367391948
12.849999999999998,86.91247138152038,5.148609904254355
12.859999999999998,86.46698053919252,5.526815097207015
12.869999999999997,85.90444927270279,5.928894379077664
12.879999999999997,85.21991914035793,6.355041198231975
12.889999999999999,84.4091478471005,6.805159885939502
12.899999999999999,83.46878596834468,7.278818075885924
12.909999999999998,82.39655684849416,7.775200874501005
12.919999999999998,81.19143220529685,8.293069378453442
12.929999999999998,79.85379510078914,8.830726309332945
12.939999999999998,78.38558126820661,9.385991685690959
12.949999999999998,76.79038796166317,9.956191835348474
12.959999999999997,75.07354080874127,10.538164389404816
12.969999999999999,73.24211069947306,11.12828133568496
12.979999999999999,71.30487304863081,11.72249180120824
12.989999999999998,69.2722060342901,12.316384640159153
12.999999999999998,67.15592865091621,12.905269432169032
13.009999999999998,64.96908047999209,13.484274155063419
13.019999999999998,62.72565205084581,14.04845529081703
13.029999999999998,60.4402784514209,14.59291515124542
13.039999999999997,58.12790843774009,15.112921534111836
13.049999999999997,55.80346575986464,15.60402344169641
13.059999999999999,53.481520346602686,16.06215675929086
13.069999999999999,51.175983418210876,16.483735395811927
13.079999999999998,48.899839593811784,16.865723728476002
13.089999999999998,46.66492756065133,17.2056873699045
13.099999999999998,44.48177394568752,17.501821742717304
13.109999999999998,42.359483143571886,17.75295857747994
13.119999999999997,40.30568353958615,17.95855142469237
13.129999999999997,38.32652410718826,18.118643548132194
13.139999999999999,36.42671472260559,18.233821475158784
13.149999999999999,34.60960446128145,18.305157133845444
13.159999999999998,32.87728708900029,18.33414310856247
13.169999999999998,31.230725614253323,18.32262428932459
13.179999999999998,29.669888629275654,18.272728765372182
13.189999999999998,28.19389079461014,18.186800874004287
13.199999999999998,26.801131528972654,18.067338353533632
13.209999999999997,25.489428089115222,17.916934791111373
13.219999999999999,24.25613906409798,17.73822860895281
13.229999999999999,23.098276226529048,17.533858945434456
13.239999999999998,22.012603926982493,17.306428373474297
13.249999999999998,20.99572554931844,17.05847230099498
13.259999999999998,20.04415672006924,16.79243482076483
13.269999999999998,19.15438657649118,16.51065018731001
13.279999999999998,18.322927844446227,16.215329376668638
13.289999999999997,17.546356666342824,15.908551120989136
13.299999999999997,16.821343521752524,15.59225668944451
13.309999999999999,16.14467649354898,15.268247778963374
13.319999999999999,15.513277916140417,14.938186985904599
13.329999999999998,14.924215484927826,14.60360032076436
13.339999999999998,14.374709099151264,14.26588107966005
13.349999999999998,13.86213347535343,13.926295384476694
13.359999999999998,13.38401873254795,13.585987871613526
13.369999999999997,12.938047545848598,13.245988708825077
13.379999999999997,12.522051951306022,12.90722011791991
13.389999999999999,12.134007420186196,12.570503878120595
13.399999999999999,11.772027493707993,12.236568026558409
13.409999999999998,11.434356495507753,11.906054153259062
13.419999999999998,11.119363046757613,11.579523903272266
13.429999999999998,10.825532504371205,11.257465681454946
13.439999999999998,10.551460088144962,10.940300710105689
13.449999999999998,10.295843645137486,10.628388983691655
13.459999999999997,10.057476896544442,10.32203473382106
13.469999999999997,9.835242795695441,10.021491611044661
13.479999999999999,9.628107220392156,9.726967489601408
13.489999999999998,9.435113025985398,9.43862891467927
13.499999999999998,9.255374348424011,9.15660524426476
13.509999999999998,9.088071364418921,8.880992427384108
13.519999999999998,8.932445266817492,8.611856520112939
13.529999999999998,8.787793697795783,8.349236869850284
13.539999999999997,8.653466389731337,8.093149064324775
13.549999999999997,8.528861216310736,7.843587596828818
13.559999999999999,8.41342045366887,7.600528316691703
13.569999999999999,8.30662738643448,7.36393064562206
13.579999999999998,8.208003124570984,7.133739599164539
13.589999999999998,8.117103698804291,6.909887616495245
13.599999999999998,8.033517365173797,6.69229621957348
13.609999999999998,7.956862141688359,6.480877523023307
13.619999999999997,7.886783507098558,6.27553556894805
13.629999999999997,7.822952310898737,6.076167573145881
13.639999999999999,7.765062849204961,5.882665011247054
13.649999999999999,7.7128310867257355,5.694914608252105
13.659999999999998,7.665993014821299,5.512799246406476
13.669999999999998,7.624303172860211,5.336198729752868
13.679999999999998,7.587533239400399,5.164990532294956
13.689999999999998,7.555470787939562,4.99905040874408
13.699999999999998,7.5279181081723285,4.838252972799299
13.709999999999997,7.504691125544733,4.682472208695488
13.719999999999997,7.485618436556575,4.531581897237557
13.729999999999999,7.470540368205491,4.385456039754177
13.739999999999998,7.459308170166183,4.24396918202846
13.749999999999998,7.451783224677122,4.106996737197691
13.759999999999998,7.447836341364928,3.9744152501780654
13.769999999999998,7.44734711213609,3.8461026236833145
13.779999999999998,7.450203289044261,3.721938336080205
13.789999999999997,7.456300250537082,3.6018035975204707
13.799999999999997,7.4655404679890935,3.4855815147540516
13.809999999999999,7.477833035004967,3.3731572145117985
13.819999999999999,7.493093244005082,3.2644179375105953
13.829999999999998,7.51124217509666,3.159253130390875
13.839999999999998,7.532206315992716,3.057554521788172
13.849999999999998,7.555917212632293,2.9592161813724656
13.859999999999998,7.5823111695527,2.8641345455337937
13.869999999999997,7.611328931633537,2.7722084650784518
13.879999999999997,7.642915418626594,2.683339218068683
13.889999999999997,7.677019480435432,2.597430512761351
13.899999999999999,7.713593643868425,2.514388504991264
13.909999999999998,7.752593905649411,2.4341217830043895
13.919999999999998,7.793979529495926,2.3565413560494775
13.929999999999998,7.837712853577804,2.281560640606259
13.939999999999998,7.883759120307347,2.209095434709699
13.949999999999998,7.93208631232196,2.139063892297859
13.959999999999997,7.982665000330114,2.0713864932724917
13.969999999999997,8.035468205701028,2.0059860077933553
13.979999999999999,8.090471268206517,1.9427874613298968
13.989999999999998,8.147651725128625,1.8817180953414625
13.999999999999998,8.206989199459402,1.8227073252691355
14.009999999999998,8.268465292886104,1.7656866990887055
14.019999999999998,8.332063489031182,1.7105898525606404
14.029999999999998,8.39776906217752,1.65735246427232
14.039999999999997,8.465568990584288,1.6059122113955988
14.049999999999997,8.53545187982536,1.5562087207325863
14.059999999999999,8.607407889552015,1.5081835213980501
14.069999999999999,8.681428661989303,1.4617800000841061
14.079999999999998,8.757507253310921,1.4169433578309285
14.089999999999998,8.83563808183989,1.3736205560768542
14.099999999999998,8.915816870505406,1.3317602714814372
14.109999999999998,8.998040589866685,1.2913128527310747
14.119999999999997,9.082307409223064,1.2522302745671343
14.129999999999997,9.168616655950679,1.2144660888566567
14.139999999999997,9.256968771550925,1.1779753805384507
14.149999999999999,9.347365267490952,1.142714727124295
14.159999999999998,9.439808690564442,1.108642153060789
14.169999999999998,9.534302589765188,1.075717085666159
14.179999999999998,9.63085148310706,1.0439003138268492
14.189999999999998,9.729460823849237,1.0131539494176274
14.199999999999998,9.830136975358094,0.9834413847079253
14.209999999999997,9.932887184786297,0.9547272528828986
14.219999999999997,10.037719557754096,0.9269773899517886
14.229999999999999,10.144643032922902,0.900158798681256
14.239999999999998,10.253667363329548,0.874239609931483
14.249999999999998,10.36480309584622,0.8491890470890971
14.259999999999998,10.478061551806102,0.8249773917103187
14.269999999999998,10.59345480857903,0.8015759503941143
14.279999999999998,10.710995685076812,0.7789570201661808
14.289999999999997,10.830697726258697,0.7570938566617507
14.299999999999997,10.952575188179281,0.7359606433347761
14.309999999999997,11.076643024870961,0.7155324610364675
14.319999999999999,11.202916877155523,0.6957852578615893
14.329999999999998,11.3314130611232,0.6766958205687661
14.339999999999998,11.46214855692937,0.6582417473206695
14.349999999999998,11.595140999604041,0.6404014202976975
14.359999999999998,11.730408670460784,0.6231539792434372
14.369999999999997,11.867970488735033,0.6064792961632113
14.379999999999997,12.007846003167412,0.5903579512104663
14.389999999999997,12.150055386080243,0.574771208201207
14.399999999999999,12.294619427108813,0.559700991445599
14.409999999999998,12.441559527567517,0.545129863263881
14.419999999999998,12.59089769420684,0.5310410029253676
14.429999999999998,12.74265653378089,0.5174181860929888
14.439999999999998,12.89685925075406,0.5042457632943618
14.449999999999998,13.053529642771242,0.491508640725399
14.459999999999997,13.212692097279135,0.4791922612432444
14.469999999999997,13.374371587359917,0.46728258664202593
14.479999999999999,13.538593670157681,0.4557660793222711
14.489999999999998,13.705384484645556,0.44462968511651885
14.499999999999998,13.874770749609704,0.4338608167622442
14.509999999999998,14.046779761634692,0.42344733813466895
14.519999999999998,14.221439393276981,0.4133775490986988
14.529999999999998,14.398778093043385,0.4036401700057679
14.539999999999997,14.578824884272235,0.39422432751783476
14.549999999999997,14.761609364628137,0.38511954072090726
14.559999999999997,14.947161705147941,0.37631570798980374
14.569999999999999,15.135512650689193,0.3678030938797529
14.579999999999998,15.326693520152396,0.35957231664735384
14.589999999999998,15.520736206732858,0.35161433628519617
14.599999999999998,15.71767317826822,0.3439204430106897
14.609999999999998,15.917537477584396,0.3364822462311148
14.619999999999997,16.1203627238774,0.329291663646578
14.629999999999997,16.326183113514013,0.3223409109772892
14.639999999999997,16.535033421149084,0.31562249202198245
14.649999999999999,16.746949000601834,0.3091291892209588
14.659999999999998,16.96196578641335,0.3028540543858847
14.669999999999998,17.180120295360037,0.296790399836879
14.679999999999998,17.401449627907283,0.2909317899388474
14.689999999999998,17.625991469698672,0.2852720329543269
14.699999999999998,17.8537840929246,0.27980517323423476
14.709999999999997,18.084866358377834,0.2745254836851747
14.719999999999997,18.319277717050504,0.2694274585771782
14.729999999999997,18.55705821186753,0.26450580664539314
14.739999999999998,18.79824847918663,0.25975544451960764
14.749999999999998,19.042889750639752,0.25517149039341125
14.759999999999998,19.291023854929037,0.2507492579775016
14.769999999999998,19.54269321944536,0.24648425074697058
14.779999999999998,19.797940871790278,0.2423721564487979
14.789999999999997,20.056810441011322,0.23840884187362718
14.799999999999997,20.31934615954707,0.23459034787456523
14.809999999999997,20.585592864463315,0.23091288464469695
14.819999999999999,20.855595998719803,0.2273728272398712
14.829999999999998,21.12940161231724,0.22396671134459722
14.839999999999998,21.4070563622519,0.22069122930478738
14.849999999999998,21.68860751387611,0.21754322635554274
14.859999999999998,21.974102941838296,0.21451969708850124
14.869999999999997,22.263591130127708,0.2116177821682336
14.879999999999997,22.557121172189998,0.20883476526981662
14.889999999999997,22.854742770392704,0.2061680702678834
14.899999999999999,23.156506234571733,0.2036152586908185
14.909999999999998,23.462462482599733,0.20117402726189937
14.919999999999998,23.772663038678925,0.1988422057831022
14.929999999999998,24.08716003168196,0.19661775522104474
14.939999999999998,24.406006193085563,0.19449876602304364
14.949999999999998,24.72925485281469,0.19248345681363244
14.959999999999997,25.056959937136803,0.1905701730933001
14.969999999999997,25.3891759654451,0.18875738622679442
14.979999999999997,25.725958045530728,0.18704369275707347
14.989999999999998,26.067361868659226,0.18542781392508037
14.999999999999998,26.413443703104203,0.18390859555358666
15.009999999999998,26.764260385832074,0.18248500833448228
15.019999999999998,27.11986931794918,0.1811561477825401
15.029999999999998,27.480328455389355,0.17992123497355933
15.039999999999997,27.845696299570303,0.17877961744648113
15.049999999999997,28.216031886998934,0.17773077040742477
15.059999999999997,28.59139477427872,0.17677429879769557
15.069999999999999,28.97184502759663,0.17590993877818917
15.079999999999998,29.35744320928956,0.17513755980908932
15.089999999999998,29.748250361323528,0.17445716735127784
15.099999999999998,30.14432798814977,0.17386890579654563
15.109999999999998,30.545738035793093,0.17337306216908754
15.119999999999997,30.952542867047864,0.1729700706192693
15.129999999999997,31.364805245083815,0.1726605155201195
15.139999999999997,31.782588305992373,0.17244513662949768
15.149999999999997,32.205955531365106,0.1723248343441553
15.159999999999998,32.634970718308644,0.17230067551246284
15.169999999999998,33.06969793824115,0.1723739014539693
15.179999999999998,33.51020150752898,0.17254593378292324
15.189999999999998,33.95654595012066,0.17281838182155895
15.199999999999998,34.408795953383105,0.17319305137191343
15.209999999999997,34.86701632247334,0.17367195382691075
15.219999999999997,35.33127192503613,0.17425731723794993
15.229999999999997,35.801627627519274,0.17495159907881036
15.239999999999998,36.27814825224401,0.17575749489459527
15.249999999999998,36.76089850692114,0.176677952463843
15.259999999999998,37.24994291487807,0.17771618583682317
15.269999999999998,37.74534573887536,0.17887569067491815
15.279999999999998,38.24717087591596,0.18016026552720113
15.289999999999997,38.755481785671996,0.18157402617561103
15.299999999999997,39.270341396046774,0.18312142464729056
15.309999999999997,39.79181199314097,0.1848072713967798
15.319999999999999,40.319955107860345,0.18663675814032207
15.329999999999998,40.85483137617133,0.1886154861427459
15.339999999999998,41.39650038115591,0.19074949823904222
15.349999999999998,41.9450205495872,0.19304529931104372
15.359999999999998,42.50044897575897,0.19550989194141877
15.369999999999997,43.062841249046514,0.19815081117676167
15.379999999999997,43.63225126585533,0.20097616246751138
15.389999999999997,44.20873097766945,0.20399467310477942
15.399999999999997,44.79233019477456,0.2072157315585926
15.409999999999998,45.38309634522527,0.21064943619682538
15.419999999999998,45.98107419776116,0.2143066515118559
15.429999999999998,46.58630557879273,0.2181990653846034
15.439999999999998,47.19882906111632,0.22233925217632
15.449999999999998,47.818679614719514,0.22674074371343794
15.459999999999997,48.44588824437913,0.23141810282429162
15.469999999999997,49.08048157652356,0.23638700767594378
15.479999999999997,49.72248135587795,0.2416643558183352
15.489999999999998,50.37190401018309,0.24726835222660704
15.499999999999998,51.02876009792343,0.2532186230070409
15.509999999999998,51.69305375804721,0.2595363266677027
15.519999999999998,52.36478208460114,0.266244282203782
15.529999999999998,53.043934425084196,0.27336711404448527
15.539999999999997,53.73049164304273,0.2809314035085768
15.549999999999997,54.4244252281895,0.28896587716869376
15.559999999999997,55.125696465723706,0.29750157542542244
15.569999999999999,55.83425544981814,0.3065720585006258
15.579999999999998,56.55003999055227,0.31621363132311703
15.589999999999998,57.27297443255555,0.3264655876056239
15.599999999999998,58.00296839508095,0.33737047521762564
15.609999999999998,58.73991536190834,0.3489743888441706
15.619999999999997,59.48369111889046,0.3613273025500023
15.629999999999997,60.23415210080917,0.37448341252237205
15.639999999999997,60.99113356390185,0.3885015216090375
15.649999999999997,61.75444752970514,0.4034454706206022
15.659999999999998,62.52388051794041,0.4193846128263458
15.669999999999998,63.29919121983472,0.436394308232122
15.679999999999998,64.08010781880995,0.4545564870638462
15.689999999999998,64.8663250317554,0.47396027662781415
15.699999999999998,65.65750096725691,0.4947026643688058
15.709999999999997,66.45325366505301,0.5168892299616666
15.719999999999997,67.25315725182865,0.540634957399442
15.729999999999997,68.05673768689994,0.5660651305681798
15.739999999999998,68.86346831696075,0.5933162784303001
15.749999999999998,69.67276486872593,0.6225372316639703
15.759999999999998,70.48397994101755,0.6538902754110758
15.769999999999998,71.29639709767886,0.6875523962448826
15.779999999999998,72.10922442582738,0.7237166391379822
15.789999999999997,72.92158749284836,0.7625935762771312
15.799999999999997,73.73252172167498,0.8044128753516513
15.809999999999997,74.54096408923911,0.8494250440267462
15.819999999999997,75.34574415409107,0.89790327789335
15.829999999999998,76.14557453806434,0.9501453783233555
15.839999999999998,76.93904058254344,1.0064758394243398
15.849999999999998,77.7245892367411,1.0672480745212645
15.859999999999998,78.50051731973589,1.132846736493407
15.869999999999997,79.26495892393095,1.2036901604204977
15.879999999999997,80.01587241928215,1.2802327975270598
15.889999999999997,80.75102694712729,1.3629676540544773
15.899999999999997,81.46798813727231,1.4524288529865665
15.909999999999998,82.16410376244689,1.5491940591423965
15.919999999999998,82.83648907087276,1.6538867972664235
15.929999999999998,83.48201310449059,1.7671782716855384
15.939999999999998,84.09728478848014,1.8897891307044128
15.949999999999998,84.67864025566477,2.022490656405119
15.959999999999997,85.22213234100856,2.166105022329371
15.969999999999997,85.72352189675922,2.321504852944524
15.979999999999997,86.17827276323098,2.489611501327856
15.989999999999998,86.58155068611688,2.6713918856147028
15.999999999999998,86.92822764031031,2.867853532827743
16.009999999999998,87.21289329604554,3.080037353601148
16.019999999999996,87.42987409469953,3.309007971466005
16.029999999999998,87.57326262485293,3.5558409209138024
16.04,87.63695815568497,3.821606510937499
16.049999999999997,87.61472043311149,4.107349804493399
16.06,87.50023828607816,4.414066457670045
16.069999999999997,87.28721419122616,4.742674117617096
16.08,86.96946623062706,5.093979292488486
16.089999999999996,86.54104719305481,5.468639930640202
16.099999999999998,85.99638209507525,5.867123585477158
16.109999999999996,85.33041960678206,6.28966304886811
16.119999999999997,84.53879885122679,6.7362090795468195
16.13,83.61802555771915,7.206382600111106
16.139999999999997,82.56565084644241,7.699428867408028
16.15,81.38044845511968,8.21417494143113
16.159999999999997,80.06258046277037,8.748994003155577
16.169999999999998,78.61374226499171,9.301779433840231
16.179999999999996,77.0372765971698,9.869931673790303
16.189999999999998,75.3382478695497,10.45036051959054
16.2,73.52346664644585,11.039505500499667
16.209999999999997,71.60145773039807,11.633375659806
16.22,69.58236833720896,12.227608976455807
16.229999999999997,67.47781428452845,12.817551030421331
16.24,65.30066790163785,13.398350409618807
16.249999999999996,63.06479637845298,13.965066812394983
16.259999999999998,60.784759062594496,14.512788009540044
16.269999999999996,58.47547892517603,15.036749591235777
16.279999999999998,56.15190484680765,15.532451358501962
16.29,53.82868018721522,15.995764973758991
16.299999999999997,51.519832678614335,16.423027712392592
16.31,49.23850117015936,16.81111760718652
16.319999999999997,46.99670806261908,17.157507811783123
16.33,44.80518455859997,17.460298601027016
16.339999999999996,42.67325308754919,17.71822672196595
16.349999999999998,40.60876490924482,17.930654091756757
16.359999999999996,38.61808855348836,18.09753845767097
16.369999999999997,36.70614544561058,18.219388355867
16.38,34.876482597694306,18.297206922133306
16.389999999999997,33.131374151394915,18.332428076910077
16.4,31.47194401265288,18.32684832945041
16.409999999999997,29.898300940876805,18.282557654430853
16.419999999999998,28.40967848240288,18.201872172420025
16.429999999999996,27.00457461183793,18.087270408388147
16.439999999999998,25.680885759567374,17.941334973774662
16.449999999999996,24.43603171694085,17.76670059638099
16.459999999999997,23.267069510122184,17.56600887023099
16.47,22.17079488919338,17.34186989255119
16.479999999999997,21.14383032306361,17.096830846507135
16.49,20.18270033896798,16.83335083827256
16.499999999999996,19.283894641489354,16.55378153130246
16.509999999999998,18.443919668507302,16.260353039770006
16.519999999999996,17.659339857538956,15.955164335485133
16.529999999999998,16.92680990050177,15.640177481934469
16.54,16.243099066747615,15.317215114193662
16.549999999999997,15.605108736281364,14.98796056205124
16.56,15.009884345781288,14.653960013780774
16.569999999999997,14.454622656307105,14.316626421271351
16.58,13.936675206817705,13.977244533566111
16.589999999999996,13.453548829268971,13.636976833073634
16.599999999999998,13.002903640757202,13.2968701504194
16.609999999999996,12.582549492709983,12.957862491349532
16.619999999999997,12.190440853595998,12.620790167287165
16.63,11.824670862880899,12.286394876877248
16.639999999999997,11.483464810383754,11.955330664764588
16.65,11.165173056409172,11.628170776810203
16.659999999999997,10.868263978160009,11.30541416223682
16.669999999999998,10.59131677199511,10.987491735113222
16.679999999999996,10.333014349923213,10.674772302935382
16.689999999999998,10.092136505745053,10.367568110547376
16.699999999999996,9.867553225714921,10.066140074678753
16.709999999999997,9.658218358290014,9.770702633335471
16.72,9.463163586363864,9.481428255519951
16.729999999999997,9.2814927140284,9.198451620313358
16.74,9.11237636222906,8.92187344602633
16.749999999999996,8.955046879994153,8.651764059281776
16.759999999999998,8.808793728089833,8.388166617710706
16.769999999999996,8.67295910540465,8.131100089660276
16.779999999999998,8.546933909773465,7.8805619685743915
16.79,8.430153994829245,7.636530750087484
16.799999999999997,8.322096703664238,7.398968183921714
16.81,8.222277675259464,7.167821323286727
16.819999999999997,8.130247884156331,6.9430243821399795
16.83,8.045590923926055,6.7245004211914505
16.839999999999996,7.96792049638132,6.512162869206311
16.849999999999998,7.896878104325748,6.305916901935175
16.859999999999996,7.832130926193401,6.10566068172613
16.869999999999997,7.7733698656473225,5.911286472805593
16.88,7.720307747442925,5.722681655928377
16.889999999999997,7.672677655182592,5.539729644497643
16.9,7.630231447003173,5.362310648412338
16.909999999999997,7.592738318253642,5.190302447312297
16.919999999999998,7.559983524221633,5.023581029869017
16.929999999999996,7.531767236745658,4.862021130610926
16.939999999999998,7.507903395103509,4.70549680566052
16.949999999999996,7.48821875174665,4.553881844895383
16.959999999999997,7.472551946984009,4.40705017927505
16.97,7.460752625786874,4.2648762688459785
16.979999999999997,7.452680710677927,4.127235369056583
16.99,7.448205644604228,3.994003837017886
16.999999999999996,7.447205727662648,3.865059371015343
17.009999999999998,7.449567543882579,3.7402811871769726
17.019999999999996,7.455185351477458,3.619550235152909
17.029999999999998,7.463960589401057,3.502749329672585
17.04,7.475801402146643,3.389763276210447
17.049999999999997,7.490622170284946,3.2804790004484086
17.06,7.508343131968786,3.174785613798966
17.069999999999997,7.528889987180452,3.0725744998033018
17.08,7.552193543214122,2.9737393755112427
17.089999999999996,7.578189413149659,2.8781763186167306
17.099999999999998,7.60681769274745,2.785783817749015
17.109999999999996,7.638022693597043,2.696462785799978
17.119999999999997,7.671752692275196,2.610116567059885
17.13,7.707959676569999,2.52665095245048
17.139999999999997,7.746599139530324,2.445974164036678
17.15,7.787629868166288,2.367996849065915
17.159999999999997,7.8310137494590615,2.292632066233292
17.169999999999998,7.876715606349452,2.21979525451595
17.179999999999996,7.924703018807346,2.1494042181588506
17.189999999999998,7.97494617231369,2.08137909589866
17.199999999999996,8.02741773564191,2.0156423127546534
17.209999999999997,8.082092709474717,1.952118558475402
17.22,8.138948305464176,1.8907347475364187
17.229999999999997,8.197963844443564,1.8314199696732405
17.24,8.259120638298752,1.7741054559764307
17.249999999999996,8.322401891012406,1.7187245351591722
17.259999999999998,8.387792617214206,1.6652125804661029
17.269999999999996,8.455279546571383,1.61350697127346
17.279999999999998,8.52485104327776,1.563547046992504
17.289999999999996,8.596497039205842,1.515274054737648
17.299999999999997,8.670208957578172,1.468631107027701
17.31,8.745979647142063,1.4235631353233187
17.319999999999997,8.823803327623844,1.3800168389200378
17.33,8.903675528242838,1.337940641551894
17.339999999999996,8.985593033870959,1.2972846456623264
17.349999999999998,9.069553840212201,1.2580005831220573
17.359999999999996,9.155557104307247,1.2200417721263677
17.369999999999997,9.243603100434049,1.1833630729610778
17.38,9.333693183435516,1.1479208414341835
17.389999999999997,9.42582974870507,1.113672886846832
17.4,9.520016196147418,1.0805784297565306
17.409999999999997,9.616256900922757,1.0485980576372915
17.419999999999998,9.714557179588764,1.0176936857194958
17.429999999999996,9.814923259889133,0.9878285176086883
17.439999999999998,9.917362254720283,0.9589670052933288
17.449999999999996,10.021882145065105,0.931074805451435
17.459999999999997,10.128491747533452,0.9041187474647742
17.47,10.237200693361707,0.8780667960114668
17.479999999999997,10.34801941003403,0.8528880140485637
17.49,10.460959106116645,0.8285525257837071
17.499999999999996,10.576031747209031,0.8050314859876017
17.509999999999998,10.693250040732188,0.7822970461380152
17.519999999999996,10.81262742323804,0.7603223206113716
17.529999999999998,10.934178046578104,0.7390813549946106
17.539999999999996,11.057916761090619,0.7185490975086799
17.549999999999997,11.18385910423675,0.698701368745999
17.56,11.312021291939251,0.6795148315939358
17.569999999999997,11.442420206314205,0.660966964008012
17.58,11.575073384694727,0.6430360323787264
17.589999999999996,11.709999011139836,0.6257010649458341
17.599999999999998,11.847215910448224,0.6089418254203928
17.609999999999996,11.986743538153364,0.5927387890842883
17.619999999999997,12.12860197343722,0.5770731188273026
17.63,12.272811913186851,0.5619266417382653
17.639999999999997,12.419394667565458,0.5472818260924196
17.65,12.568372152644338,0.5331217602686448
17.659999999999997,12.719766885883915,0.519430131529258
17.669999999999998,12.873601982402908,0.5061912054955349
17.679999999999996,13.02990115158381,0.4933898063204633
17.689999999999998,13.18868869222693,0.48101129787494173
17.699999999999996,13.349989489798295,0.46904156523455914
17.709999999999997,13.513829015151613,0.4574669966826046
17.72,13.680233321087913,0.4462744666200927
17.729999999999997,13.849229039370101,0.4354513190416205
17.74,14.020843379221565,0.4249853514305614
17.749999999999996,14.195104125480807,0.41486479927724723
17.759999999999998,14.372039638833707,0.40507832100078645
17.769999999999996,14.5516788600414,0.3956149831181613
17.779999999999998,14.734051301000427,0.38646424687504166
17.789999999999996,14.91918704668825,0.3776159545918289
17.799999999999997,15.107116755062291,0.3690603166354015
17.81,15.297871656820874,0.36078789887674845
17.819999999999997,15.491483560228346,0.3527896110609222
17.83,15.687984848632224,0.3450566948897856
17.839999999999996,15.887408478828272,0.3375807125851373
17.849999999999998,16.08978798325691,0.3303535362038413
17.859999999999996,16.295157470713335,0.32336733718162664
17.869999999999997,16.503551628118785,0.3166145765767981
17.88,16.71500572427115,0.3100879963174089
17.889999999999997,16.929555606938578,0.30378060850802535
17.9,17.147237705464594,0.29768568692113373
17.909999999999997,17.368089032305125,0.2917967584290158
17.919999999999998,17.59214718447174,0.2861075947128476
17.929999999999996,17.819450346704073,0.28061220562876804
17.939999999999998,18.05003729210762,0.2753048308168464
17.949999999999996,18.283947383105634,0.2701799318311482
17.959999999999997,18.521220573651348,0.26523218554375744
17.97,18.76189741090772,0.26045647738882494
17.979999999999997,19.006019037086254,0.2558478953538406
17.99,19.253627191581973,0.2514017251431047
17.999999999999996,19.50476421193708,0.2471134422909462
18.009999999999998,19.759473035689656,0.24297870720058476
18.019999999999996,20.017797201973508,0.23899335985774414
18.029999999999998,20.279780853012326,0.23515341471964063
18.039999999999996,20.545468734935145,0.23145505734535043
18.049999999999997,20.8149061994026,0.22789463893075618
18.06,21.08813920500091,0.22446867136105203
18.069999999999997,21.36521431808112,0.22117382356689913
18.08,21.646178713640417,0.21800691761658866
18.089999999999996,21.93108017545322,0.21496492553487143
18.099999999999998,22.21996709495314,0.2120449672748442
18.109999999999996,22.512888473798057,0.20924430542667685
18.119999999999997,22.809893923027623,0.20656034296164408
18.13,23.111033662644328,0.203990620575915
18.139999999999997,23.416358520952798,0.2015328141808708
18.15,23.725919930282576,0.19918473428069466
18.159999999999997,24.039769927481736,0.1969443229482779
18.169999999999998,24.35796115331376,0.1948096513767839
18.179999999999996,24.680546849132565,0.1927789188190435
18.189999999999998,25.007580854157027,0.19085045120987226
18.199999999999996,25.33911760047963,0.1890227006338885
18.209999999999997,25.675212104403556,0.18729424612885964
18.22,26.01591996898733,0.18566379052228985
18.229999999999997,26.361297376329517,0.18413016092357473
18.24,26.711401081284766,0.1826923087036647
18.249999999999996,27.06628840459437,0.18134930965267781
18.259999999999998,27.426017216752907,0.18010036674845525
18.269999999999996,27.79064593427707,0.1789448094847645
18.279999999999998,28.160233513004442,0.1778820940377718
18.289999999999996,28.534839434607395,0.17691180532443007
18.299999999999997,28.914523694686018,0.1760336586128702
18.31,29.299346785306724,0.17524750248565074
18.319999999999997,29.689369668790544,0.17455332391451134
18.33,30.084653778768033,0.17395124681587204
18.339999999999996,30.485260996249554,0.17344153658934514
18.349999999999998,30.891253629321742,0.1730246037827922
18.359999999999996,31.302694391460285,0.17270100806516792
18.369999999999997,31.719646357449758,0.1724714671311747
18.379999999999995,32.14217294974345,0.17233685892166767
18.389999999999997,32.57033791723659,0.17229822551019888
18.4,33.004205298033554,0.17235678049844694
18.409999999999997,33.443839386082175,0.17251391554851028
18.419999999999998,33.88930468422099,0.17277120977962843
18.429999999999996,34.3406658363841,0.17313044355234888
18.439999999999998,34.797987626393606,0.1735935982131506
18.449999999999996,35.26133491576126,0.1741628686752546
18.459999999999997,35.73077259070346,0.17484067403851125
18.47,36.2063655062295,0.17562966879769432
18.479999999999997,36.6881783866642,0.17653276310165136
18.49,37.176275772853494,0.17755313326402788
18.499999999999996,37.670721961161654,0.178694233951232
18.509999999999998,38.17158091119353,0.1799598168466496
18.519999999999996,38.67891615626242,0.1813539486218613
18.529999999999998,39.19279070665361,0.1828810303111252
18.539999999999996,39.713266949394246,0.18454581763144018
18.549999999999997,40.24040653773917,0.18635344313669652
18.56,40.77427026635278,0.18830944140340566
18.569999999999997,41.31491788113804,0.19041978822317784
18.58,41.86240798949572,0.19269091791039006
18.589999999999996,42.416797899340594,0.1951297558719924
18.599999999999998,42.97814344435673,0.19774375398556313
18.609999999999996,43.546498757761015,0.20054093603563544
18.619999999999997,44.12191607784817,0.20352993696317462
18.629999999999995,44.70444556164986,0.20672004058571652
18.639999999999997,45.294135035055305,0.2101212298880215
18.65,45.89102971938949,0.21374424267880243
18.659999999999997,46.495171887892404,0.21760064264210469
18.669999999999998,47.10660061841907,0.22170286820669272
18.679999999999996,47.725351436333106,0.22606430568321662
18.689999999999998,48.35145594023107,0.2306993641180508
18.699999999999996,48.9849414069084,0.23562355604907245
18.709999999999997,49.625830365226435,0.240853584506396
18.72,50.274140102626895,0.24640744409757093
18.729999999999997,50.929882081295744,0.2523045427253475
18.74,51.59306145686426,0.2585657976918136
18.749999999999996,52.26367644225499,0.26521376720587325
18.759999999999998,52.94171756507148,0.2722728024727344
18.769999999999996,53.62716696775744,0.2797691920651311
18.779999999999998,54.31999763095849,0.2877313221062718
18.789999999999996,55.02017246382973,0.29618986475333475
18.799999999999997,55.727643267846176,0.30517799498245124
18.81,56.44234975835145,0.31473159228500713
18.819999999999997,57.164218380784476,0.32488948689976527
18.83,57.893161037694064,0.3356937237410394
18.839999999999996,58.629073744145835,0.3471898440748013
18.849999999999998,59.37183506284831,0.3594272136698078
18.859999999999996,60.12130441841873,0.37245937712599025
18.869999999999997,60.87732036439736,0.3863444200430282
18.879999999999995,61.63969851197695,0.40114540425244744
18.889999999999997,62.40822935488887,0.4169308253871756
18.9,63.18267595196498,0.43377510162213206
18.909999999999997,63.96277120456987,0.45175914869804656
18.919999999999998,64.74821503328108,0.4709709761175431
18.929999999999996,65.53867130832027,0.49150633576127123
18.939999999999998,66.33376425752209,0.5134694796932454
18.949999999999996,67.13307479741817,0.5369739370478557
18.959999999999997,67.9361364708087,0.5621433735429424
18.97,68.74243076878476,0.5891125769774374
18.979999999999997,69.55138235283113,0.6180284688356843
18.99,70.36235370768517,0.6490512321888954
18.999999999999996,71.17463909064385,0.6823555767939339
19.009999999999998,71.98745833305777,0.7181320491072994
19.019999999999996,72.79994988321856,0.7565884865426407
19.029999999999998,73.61116310971288,0.7979516050514595
19.039999999999996,74.42005029470586,0.8424686799474738
19.049999999999997,75.2254577665822,0.8904093644444706
19.06,76.02611631960129,0.9420676202483943
19.069999999999997,76.82063100049055,0.9977638312157657
19.08,77.6074701570238,1.0578469783145856
19.089999999999996,78.38495387059425,1.1226968736314706
19.099999999999998,79.15124146645638,1.1927266181735323
19.109999999999996,79.90431863394679,1.2683850454168448
19.119999999999997,80.64198360540209,1.3501592939792044
19.129999999999995,81.36183343582385,1.4385771704290649
19.139999999999997,82.06124937734543,1.5342096763388537
19.15,82.73738270648168,1.6376732313469136
19.159999999999997,83.38713991552746,1.7496319022945364
19.169999999999998,84.0071697738898,1.8707988317858275
19.179999999999996,84.5938500914315,2.0019376349104987
19.189999999999998,85.14327672935816,2.143862873385259
19.199999999999996,85.65125474080321,2.2974396893116955
19.209999999999997,86.11329260663871,2.4635823028094848
19.219999999999995,86.52460058737837,2.643251072071228
19.229999999999997,86.88009417298649,2.837447833711617
19.24,87.17440425897404,3.0472090620433128
19.249999999999996,87.40189514129358,3.2735965552271615
19.259999999999998,87.55669218865657,3.5176851452185898
19.269999999999996,87.63272053222873,3.7805470990601675
19.279999999999998,87.62375685975398,4.063232694751709
19.289999999999996,87.52349563524966,4.366746694953351
19.299999999999997,87.32563126672171,4.692020427246771
19.31,87.02395731052509,5.039879344528004
19.319999999999997,86.61248325999783,5.411006148348803
19.33,86.08556868101302,5.805899825780985
19.339999999999996,85.43807364057923,6.224831240635365
19.349999999999998,84.6655230415061,6.667796359315271
19.359999999999996,83.76428118341398,7.134468598195931
19.369999999999997,82.73173117552268,7.624152295612538
19.379999999999995,81.56645274116985,8.135739609192557
19.389999999999997,80.26839012467036,8.667673651034814
19.4,78.83900079367127,9.217920879029526
19.409999999999997,77.28137497756096,9.783955820242593
19.419999999999998,75.60031625321282,10.362760962077834
19.429999999999996,73.80237413907935,10.950844240976615
19.439999999999998,71.89582114146467,11.5442758259237
19.449999999999996,69.89056958512147,12.13874478797064
19.459999999999997,67.79802726425056,12.729634859504541
19.469999999999995,65.6308941705054,13.312117392028895
19.479999999999997,63.40290686104055,13.881258124201063
19.49,61.12854122839998,14.432133073616445
19.499999999999996,58.82268729550162,14.959948094306673
19.509999999999998,56.50031172817293,15.460156219978128
19.519999999999996,54.17612392060835,15.928567098353183
19.529999999999998,51.86426230087518,16.36144295403438
19.539999999999996,49.57801459200311,16.755576828773535
19.549999999999997,47.32958282581462,17.108350168013946
19.56,45.12990060071954,17.417768129441118
19.569999999999997,42.988506670319516,17.682472360405164
19.58,40.9134743227127,17.90173268390799
19.589999999999996,38.911393219766445,18.075420029499618
19.599999999999998,36.98739784275552,18.203963743755523
19.609999999999996,35.14523545523028,18.28829670908329
19.619999999999997,33.387362941783664,18.32979279015503
19.629999999999995,31.715068232623505,18.330198547940473
19.639999999999997,30.128603374594192,18.29156431656948
19.65,28.62732385564079,18.2161765695108
19.659999999999997,27.20982933820708,18.106493277761842
19.669999999999998,25.87409815895232,17.9650849390885
19.679999999999996,24.617613955928068,17.794581522564584
19.689999999999998,23.437481464164737,17.5976261507534
19.699999999999996,22.33052958203628,17.376835833647068
19.709999999999997,21.29340160359641,17.13476893922356
19.719999999999995,20.322632473878414,16.87389911940751
19.729999999999997,19.414713570837765,16.596595147442294
19.74,18.566145945090714,16.305106060579305
19.749999999999996,17.773483123199696,16.001550920359804
19.759999999999998,17.033364503873134,15.68791255387589
19.769999999999996,16.34254095613872,15.366034515274343
19.779999999999998,15.697893177410274,15.037620905441718
19.789999999999996,15.096444441949275,14.704238270538875
19.799999999999997,14.535368560736996,14.367319210619094
19.81,14.011993779139965,14.028167320866487
19.819999999999997,13.523803708641468,13.68796301000486
19.83,13.068435732013052,13.34776998578016
19.839999999999996,12.643677538724813,13.008542117557784
19.849999999999998,12.24746229262309,12.671130498235913
19.859999999999996,11.877862788362869,12.336290540459032
19.869999999999997,11.533084960362347,12.004688973996293
19.879999999999995,11.211460845717427,11.676910756718911
19.889999999999997,10.911441651754313,11.353465532060628
19.9,10.631590367067215,11.034794051279906
19.909999999999997,10.370574857360458,10.721274038391652
19.919999999999998,10.127160802068438,10.413225885724868
19.929999999999996,9.900205093585491,10.110917879035059
19.939999999999998,9.68864942304952,9.814571116130642
19.949999999999996,9.491514166107628,9.524364088907522
19.959999999999997,9.30789270504485,9.24043686923573
19.969999999999995,9.136945929363662,8.962895051634314
19.979999999999997,8.9778972879796,8.691813283597863
19.99,8.830027943959077,8.427238609777982
