t,x,y
0.0,1.2888925770548227,1.3904720750487378
0.009999999999999998,1.296260711745245,1.339967722156697
0.019999999999999997,1.3038701990545414,1.2913043975441245
0.029999999999999995,1.3117174818979822,1.244414967229844
0.039999999999999994,1.319799225967386,1.1992347259927627
0.04999999999999999,1.3281123091445242,1.1557013319011158
0.05999999999999999,1.3366538077810124,1.1137546904828477
0.06999999999999999,1.3454209877607803,1.0733368891634234
0.07999999999999999,1.354411296541675,1.0343921295553196
0.08999999999999998,1.3636223586663836,0.9968666908757392
0.09999999999999998,1.3730519586581575,0.9607087746919828
0.10999999999999999,1.3826980308266954,0.9258684277627075
0.11999999999999998,1.3925586582374507,0.89229751968763
0.12999999999999998,1.402632074968754,0.859949741610914
0.13999999999999999,1.4129166469762853,0.8287804500419317
0.14999999999999997,1.4234108659779112,0.7987466041907212
0.15999999999999998,1.4341133489551674,0.7698067451130438
0.16999999999999998,1.445022831680553,0.7419209303516967
0.17999999999999997,1.456138163050282,0.7150506735279945
0.18999999999999997,1.4674583002670845,0.6891588909745656
0.19999999999999996,1.4789823051065274,0.6642098549406241
0.20999999999999996,1.4907093390494353,0.640169139598287
0.21999999999999997,1.5026386601439774,0.617003578889579
0.22999999999999995,1.5147696188377857,0.5946812173780136
0.23999999999999996,1.527101655187478,0.5731712709994518
0.24999999999999997,1.539634293846312,0.5524440714170692
0.25999999999999995,1.5523671414138203,0.532471028000756
0.26999999999999996,1.565299885744214,0.5132246064021972
0.27999999999999997,1.5784322920762055,0.49467827976041995
0.29,1.5917642012762065,0.47680649742312115
0.29999999999999993,1.6052955246497334,0.4595846325449243
0.30999999999999994,1.6190262423560144,0.44298895248888437
0.31999999999999995,1.6329564038618487,0.4269966025456274
0.32999999999999996,1.6470861243213697,0.4115855644250218
0.33999999999999997,1.6614155808448219,0.3967346147253546
0.3499999999999999,1.6759450132650933,0.38242331143606634
0.35999999999999993,1.6906747217102236,0.36863196133170406
0.36999999999999994,1.7056050642616,0.35534158875659017
0.37999999999999995,1.720736456039104,0.34253391293042734
0.38999999999999996,1.736069367852289,0.3301913233480943
0.3999999999999999,1.751604324310218,0.3182968520607253
0.4099999999999999,1.767341902530175,0.30683415025545746
0.41999999999999993,1.7832827313563504,0.2957874686338131
0.42999999999999994,1.799427489956526,0.2851416340250507
0.43999999999999995,1.8157769064211524,0.2748820264046663
0.44999999999999996,1.8323317571581712,0.2649945616271064
0.4599999999999999,1.8490928658183081,0.2554656713631454
0.4699999999999999,1.8660611019638793,0.24628228119411963
0.4799999999999999,1.8832373805782185,0.23743179561094183
0.48999999999999994,1.9006226613139898,0.22890208125325193
0.49999999999999994,1.9182179476172658,0.22068144940942216
0.5099999999999999,1.9360242853481449,0.21275863452522992
0.5199999999999999,1.954042762784432,0.20512278456931413
0.5299999999999999,1.972274509899291,0.19776344557317707
0.5399999999999999,1.9907206976164842,0.19067054610045478
0.5499999999999999,2.009382536876622,0.18383438000428956
0.5599999999999999,2.028261278559003,0.17724559763616402
0.57,2.0473582128786663,0.17089519218089028
0.58,2.066674668769256,0.1647744859296628
0.5899999999999999,2.086212013176873,0.15887511576987995
0.5999999999999999,2.105971651046857,0.15318902604172085
0.6099999999999999,2.1259550248101355,0.14770845634673724
0.6199999999999999,2.146163613863095,0.14242592925795225
0.6299999999999999,2.1665989341101755,0.1373342388612702
0.6399999999999999,2.1872625379092474,0.13242644404886666
0.6499999999999999,2.2081560136775837,0.12769585802325992
0.6599999999999999,2.22928098545845,0.12313603723077901
0.6699999999999999,2.2506391126655765,0.11874077265619952
0.6799999999999999,2.272232089986697,0.11450408323742137
0.69,2.2940616471054693,0.11042020701968827
0.6999999999999998,2.3161295483296165,0.1064835910363114
0.7099999999999999,2.3384375924936758,0.10268888498757489
0.7199999999999999,2.360987612843662,0.09903093472865891
0.7299999999999999,2.383781476846888,0.09550477477791822
0.7399999999999999,2.4068210859068664,0.09210561936296162
0.7499999999999999,2.4301083753569426,0.08882885770066014
0.7599999999999999,2.453645314364968,0.08567004795635516
0.7699999999999999,2.4774339058119037,0.0826249108341652
0.7799999999999999,2.501476186182421,0.07968932333859013
0.7899999999999999,2.5257742253928823,0.07685931152208368
0.7999999999999998,2.5503301268363345,0.07413104680604349
0.8099999999999998,2.575146027278749,0.07150083988277019
0.8199999999999998,2.6002240967868597,0.06896513515825986
0.8299999999999998,2.625566538848649,0.06652050766034295
0.8399999999999999,2.651175590409331,0.06416365892203521
0.8499999999999999,2.677053521614294,0.06189140922973059
0.8599999999999999,2.703202635909825,0.059700694368995104
0.8699999999999999,2.7296252700500587,0.05758856123589906
0.8799999999999999,2.756323794267691,0.055552165862720736
0.8899999999999999,2.783300612198699,0.05358876783555295
0.8999999999999999,2.8105581608936854,0.05169572599006926
0.9099999999999998,2.838098910900301,0.049870495155893764
0.9199999999999998,2.8659253663350595,0.04811062273137613
0.9299999999999998,2.894040065016719,0.046413746105532235
0.9399999999999998,2.9224455784692407,0.04477758831015448
0.9499999999999998,2.951144512028027,0.04319995508362412
0.9599999999999999,2.98013950493988,0.04167873185227238
0.9699999999999999,3.009433230503585,0.04021188109489488
0.9799999999999999,3.0390283962123164,0.03879743975224599
0.9899999999999999,3.0689277438153786,0.03743351592041427
0.9999999999999999,3.0991340494798045,0.036118286482681436
1.0099999999999998,3.129650123932539,0.03484999458986628
1.0199999999999998,3.1604788125863217,0.033626947289040025
1.0299999999999998,3.191622995707275,0.03244751313839671
1.0399999999999998,3.223085588582592,0.03131011991700998
1.0499999999999998,3.2548695416815394,0.03021325244259436
1.0599999999999998,3.2869778408344885,0.029155450510430742
1.0699999999999998,3.3194135074478255,0.028135307227793564
1.0799999999999998,3.352179598656649,0.027151466656403493
1.0899999999999999,3.385279207528288,0.026202622011493842
1.0999999999999999,3.4187154632680135,0.025287513877398863
1.1099999999999999,3.452491531436645,0.024404928594632974
1.1199999999999999,3.486610614174238,0.023553696702829186
1.13,3.5210759504035276,0.02273269099755612
1.14,3.5558908160664027,0.021940825091284755
1.15,3.5910585243584903,0.02117705189299027
1.16,3.626582425970937,0.02044036216549299
1.17,3.6624659093616567,0.019729783647489105
1.1799999999999997,3.698712400986804,0.019044379221546066
1.1899999999999997,3.735325365558805,0.01838324558156186
1.1999999999999997,3.772308306316423,0.017745512081250227
1.2099999999999997,3.8096647652955515,0.01713033951450065
1.2199999999999998,3.8473983236152156,0.016536919105691106
1.2299999999999998,3.8855126017736916,0.015964471617616494
1.2399999999999998,3.92401125991162,0.015412245804425241
1.2499999999999998,3.9628979981170884,0.014879517550288284
1.2599999999999998,4.002176556726544,0.014365588867048083
1.2699999999999998,4.041850716631391,0.013869786929395767
1.2799999999999998,4.0819242996047675,0.013391463470278692
1.2899999999999998,4.1224011686076265,0.01292999361843125
1.2999999999999998,4.163285228109679,0.012484774975559679
1.3099999999999998,4.204580424421947,0.012055226859357315
1.3199999999999998,4.246290746031176,0.011640789492732702
1.3299999999999998,4.2884202239462805,0.01124092332529559
1.3399999999999999,4.3309729320571915,0.010855108491390764
1.3499999999999999,4.3739529874648335,0.010482843736664998
1.3599999999999999,4.417364550846726,0.010123645854980934
1.3699999999999999,4.461211826820732,0.009777049028836641
1.38,4.50549906431384,0.009442604186174802
1.3899999999999997,4.550230556942187,0.009119878569353618
1.3999999999999997,4.59541064338704,0.008808455010011824
1.4099999999999997,4.6410437077783975,0.008507931295666097
1.4199999999999997,4.687134180087479,0.008217919668459694
1.4299999999999997,4.733686536522972,0.007938046286575164
1.4399999999999997,4.780705299936662,0.0076679507625474486
1.4499999999999997,4.828195040241415,0.007407285823436424
1.4599999999999997,4.87616037480884,0.007155716589988676
1.4699999999999998,4.924605968893718,0.006912920196990314
1.4799999999999998,4.973536536059401,0.006678585357915887
1.4899999999999998,5.0229568386082315,0.00645241193565718
1.4999999999999998,5.0728716880241915,0.0062341106578334485
1.5099999999999998,5.123285945411318,0.006023402651339496
1.5199999999999998,5.174204521938302,0.005820019000271852
1.5299999999999998,5.225632379294051,0.005623700421379794
1.5399999999999998,5.277574530146684,0.005434196906995035
1.5499999999999998,5.330036038609719,0.005251267408876981
1.5599999999999998,5.383022020717988,0.005074679611474102
1.5699999999999998,5.436537644896644,0.004904209468537221
1.5799999999999998,5.490588132445653,0.004739640940031846
1.5899999999999999,5.545178758028286,0.004580765703997486
1.5999999999999996,5.6003148501650335,0.0044273828699994845
1.6099999999999997,5.656001791740083,0.004279298788963756
1.6199999999999997,5.712245020504952,0.004136326757922026
1.6299999999999997,5.769050029586228,0.003998286709152418
1.6399999999999997,5.826422368006411,0.0038650050004843005
1.6499999999999997,5.88436764120805,0.0037363141781219644
1.6599999999999997,5.9428915115851115,0.0036120527558982226
1.6699999999999997,6.001999699021461,0.0034920650968703584
1.6799999999999997,6.061697981431749,0.003376201053299527
1.6899999999999997,6.121992195308502,0.003264315837803187
1.6999999999999997,6.182888236278588,0.003156269812700409
1.7099999999999997,6.244392059664282,0.003051928300598331
1.7199999999999998,6.306509681056741,0.0029511614712192215
1.7299999999999998,6.369247176887736,0.0028538441394091174
1.7399999999999998,6.4326106850042875,0.002759855528303723
1.7499999999999998,6.4966064052584604,0.0026690791410838386
1.7599999999999998,6.56124060010016,0.0025814025990859354
1.7699999999999998,6.626519595176217,0.002496717484752414
1.7799999999999998,6.692449779946983,0.002414919268422541
1.7899999999999998,6.7590376083135855,0.0023359072705595426
1.7999999999999998,6.826289599202403,0.002259584283925285
1.8099999999999998,6.894212337204581,0.002185856543271498
1.8199999999999996,6.96281247320874,0.0021146336078901257
1.8299999999999996,7.0320967250393815,0.00204582824478402
1.8399999999999996,7.102071878110291,0.001979356311299348
1.8499999999999996,7.172744786124235,0.0019151366151368824
1.8599999999999997,7.244122371666653,0.0018530908592641838
1.8699999999999997,7.316211626886972,0.001793143535017385
1.8799999999999997,7.38901961417771,0.0017352218268211468
1.8899999999999997,7.462553466854124,0.0016792555265870111
1.8999999999999997,7.53682038984345,0.001625176943633068
1.9099999999999997,7.611827660455276,0.0015729205760261367
1.9199999999999997,7.687582629015011,0.0015224232569191207
1.9299999999999997,7.764092719558775,0.001473624126749109
1.9399999999999997,7.841365430571543,0.0014264644909087285
1.9499999999999997,7.919408335710721,0.0013808877519438402
1.9599999999999997,7.998229084536612,0.0013368393462048012
1.9699999999999998,8.077835403319126,0.0012942665215525011
1.9799999999999998,8.15823509578062,0.0012531182861017808
1.9899999999999998,8.239436043762499,0.0012133455571568057
1.9999999999999998,8.321446208035404,0.0011749009926155887
2.01,8.40427362906965,0.001137738936625385
2.0199999999999996,8.487926427812896,0.0011018153688366454
2.03,8.572412806510398,0.0010670877862148083
2.0399999999999996,8.657741049568447,0.0010335150161052964
2.05,8.743919524222767,0.0010010574396059815
2.0599999999999996,8.830956681399954,0.0009696768448996258
2.07,8.918861056541234,0.000939336374604171
2.0799999999999996,9.007641270429508,0.0009100004845086407
2.09,9.097306030038808,0.0008816348840878693
2.0999999999999996,9.187864129488696,0.000854206340679323
2.11,9.279324450758772,0.0008276828402256173
2.1199999999999997,9.37169596457474,0.0008020335164800024
2.13,9.464987731296564,0.0007772285910600052
2.1399999999999997,9.55920890179768,0.00075323933983219
2.1499999999999995,9.654368718355977,0.0007300380581915656
2.1599999999999997,9.750476515701195,0.0007075978923616394
2.1699999999999995,9.847541721788165,0.0006858929318144779
2.1799999999999997,9.94557385866396,0.0006648982251793513
2.1899999999999995,10.044582543447062,0.0006445897028996368
2.1999999999999997,10.144577489260318,0.0006249441519507982
2.2099999999999995,10.245568506172159,0.0006059391924947427
2.2199999999999998,10.347565502146264,0.0005875532564705273
2.2299999999999995,10.4505784841055,0.0005697654805509874
2.2399999999999998,10.55461755912945,0.0005525554977390809
2.2499999999999996,10.659692934967568,0.0005359038027608825
2.26,10.765814921206543,0.0005197915862082473
2.2699999999999996,10.872993930290527,0.0005042006989136622
2.28,10.981240478532218,0.000489113632777945
2.2899999999999996,11.090565187132823,0.0004745135030186441
2.3,11.200978783218293,0.00046038402828969653
2.3099999999999996,11.312492101194255,0.0004467093600183612
2.32,11.425116083524888,0.000433474200621217
2.3299999999999996,11.538861781692198,0.00042066383888312117
2.34,11.653740357387045,0.00040826407733681244
2.3499999999999996,11.769763083594265,0.0003962612174682939
2.3599999999999994,11.886941345687461,0.00038464204602818764
2.3699999999999997,12.005286642533362,0.0003733938224490768
2.3799999999999994,12.124810587724221,0.0003625042218816643
2.3899999999999997,12.245524910966083,0.00035196122317800334
2.3999999999999995,12.367441458688745,0.0003417533005822471
2.4099999999999997,12.490572195396185,0.0003318693358502984
2.4199999999999995,12.614929204852254,0.0003222985983975228
2.4299999999999997,12.740524691255615,0.00031303073441351514
2.4399999999999995,12.8673709804249,0.0003040557568113257
2.4499999999999997,12.9954805210024,0.00029536403370027515
2.4599999999999995,13.124865886032259,0.00028694617392843323
2.4699999999999998,13.25553977386556,0.00027879310815295713
2.4799999999999995,13.387515009268315,0.00027089611586673896
2.4899999999999998,13.520804544808353,0.0002632467767729131
2.4999999999999996,13.655421462115765,0.00025583696193626275
2.51,13.791378973154467,0.0002486588255539522
2.5199999999999996,13.92869042150477,0.00024170479734559523
2.53,14.067369283796573,0.00023496755348824546
2.5399999999999996,14.20742917133354,0.00022843995968234207
2.55,14.348883830783308,0.0002221151644236628
2.5599999999999996,14.491747145750825,0.00021598655486029263
2.5699999999999994,14.636033138156822,0.0002100477458745461
2.5799999999999996,14.781755969602179,0.00020429257376001293
2.5899999999999994,14.928929942744213,0.00019871509038435026
2.5999999999999996,15.077569502694061,0.00019330955657595282
2.6099999999999994,15.227689238855286,0.00018807037660082939
2.6199999999999997,15.379303885974139,0.00018299214383207807
2.6299999999999994,15.532428325418032,0.00017806965697608236
2.6399999999999997,15.687077586790453,0.0001732978919052688
2.6499999999999995,15.84326684939451,0.00016867199655211596
2.6599999999999997,16.001011443709363,0.0001641872861654271
2.6699999999999995,16.160326852879365,0.00015983923892887207
2.6799999999999997,16.321228714393573,0.00015562347639321917
2.6899999999999995,16.483732822000224,0.00015153572478513033
2.6999999999999997,16.647855126413553,0.0001475718836555961
2.7099999999999995,16.813611737178146,0.00014372799455219186
2.7199999999999998,16.981018924271822,0.00014000023410547875
2.7299999999999995,17.15009311968711,0.00013638491046344043
2.7399999999999998,17.320850919026462,0.0001328784600183133
2.7499999999999996,17.493309083110947,0.00012947744442581467
2.76,17.667484539775284,0.0001261785363681457
2.7699999999999996,17.843394386270884,0.00012297846582888042
2.7799999999999994,18.021055889665305,0.00011987410163845211
2.7899999999999996,18.200486488887076,0.00011686242412487272
2.7999999999999994,18.381703796525272,0.0001139405153784104
2.8099999999999996,18.5647256005433,0.00011110555646299062
2.8199999999999994,18.749569866007405,0.00010835482483906489
2.8299999999999996,18.93625473683009,0.00010568569199794305
2.8399999999999994,19.124798537626003,0.0001030956171415877
2.8499999999999996,19.315219776325073,0.00010058210943494884
2.8599999999999994,19.50753714482119,9.814277482372998e-05
2.8699999999999997,19.701769520983152,9.577530563736023e-05
2.8799999999999994,19.897935970654277,9.347747151525814e-05
2.8899999999999997,20.096055749507688,9.124711733137193e-05
2.8999999999999995,20.296148304917466,8.9082161279151e-05
2.9099999999999997,20.498233277845998,8.698059311694584e-05
2.9199999999999995,20.702330504798407,8.494047098801138e-05
2.9299999999999997,20.90846002068988,8.295989065883953e-05
2.9399999999999995,21.11664205972447,8.103701692883632e-05
2.9499999999999997,21.326897057326466,7.91700831362523e-05
2.9599999999999995,21.539245652393383,7.735738136571797e-05
2.9699999999999998,21.753708689304872,7.559726086660416e-05
2.9799999999999995,21.97030721994886,7.388812659035507e-05
2.9899999999999993,22.189062505765182,7.222843784679139e-05
2.9999999999999996,22.409996019823136,7.061670672135025e-05
3.0099999999999993,22.633129449849513,6.905147659953848e-05
3.0199999999999996,22.85848469952723,6.753133827438432e-05
3.0299999999999994,23.086083890249487,6.605493677246536e-05
3.0399999999999996,23.315949363661463,6.462096178358939e-05
3.0499999999999994,23.54810368383535,6.322814644318695e-05
3.0599999999999996,23.782569639464295,6.187526620260518e-05
3.0699999999999994,24.019370246075006,6.056113778730529e-05
3.0799999999999996,24.258528748260026,5.92846182337122e-05
3.0899999999999994,24.500068622791517,5.804459249463054e-05
3.0999999999999996,24.74401358051022,5.683997773722109e-05
3.1099999999999994,24.990387567795334,5.5669733571201266e-05
3.1199999999999997,25.23921476944207,5.453285382727224e-05
3.1299999999999994,25.490519611016556,5.342836564891501e-05
3.1399999999999997,25.744326761231285,5.23553286511281e-05
3.1499999999999995,26.000661134340774,5.131283414610832e-05
3.1599999999999997,26.259547892557766,5.0300004435873275e-05
3.1699999999999995,26.52101244919512,4.931598498954442e-05
3.1799999999999997,26.785080471276697,4.8359942302905405e-05
3.1899999999999995,27.05177788066711,4.743107710841676e-05
3.1999999999999993,27.321130857303416,4.652861646315145e-05
3.2099999999999995,27.593165841751695,4.5651812982844e-05
3.2199999999999993,27.867909537778814,4.479994419536999e-05
3.2299999999999995,28.14538891494643,4.397231194383323e-05
3.2399999999999993,28.425631211226825,4.316824183926159e-05
3.2499999999999996,28.708663936350202,4.238707817372311e-05
3.2599999999999993,28.994514875188706,4.16281787862837e-05
3.2699999999999996,29.283212088101244,4.0890929792425015e-05
3.2799999999999994,29.574783914731004,4.017473815903865e-05
3.2899999999999996,29.869258976810077,3.947903089930006e-05
3.2999999999999994,30.16666618093502,3.880325464653972e-05
3.3099999999999996,30.467034721365934,3.8146875269928106e-05
3.3199999999999994,30.770394082848597,3.7509377531975425e-05
3.3299999999999996,31.07677404346009,3.689026478784523e-05
3.3399999999999994,31.386204677495776,3.628905863162689e-05
3.3499999999999996,31.69871636133348,3.5705283275004275e-05
3.3599999999999994,32.01433977411123,3.51384769691828e-05
3.3699999999999997,32.3331058987792,3.458820165132702e-05
3.3799999999999994,32.65504602671556,3.4054034279689624e-05
3.3899999999999997,32.980191760766935,3.353556649783048e-05
3.3999999999999995,33.308575018314464,3.303240432762686e-05
3.4099999999999997,33.640228034365855,3.254416789107407e-05
3.4199999999999995,33.97518336467302,3.207049116087726e-05
3.4299999999999993,34.31347388887569,3.161102173983363e-05
3.4399999999999995,34.655132814058646,3.116541956218299e-05
3.4499999999999993,35.000193681348705,3.0733347024160674e-05
3.4599999999999995,35.34869036419665,3.0314482941933048e-05
3.4699999999999993,35.700657072540984,2.990851982928094e-05
3.4799999999999995,36.05612835685186,2.9515161620281917e-05
3.4899999999999993,36.415139111485374,2.9134123461133284e-05
3.4999999999999996,36.7777245780665,2.8765131523568878e-05
3.5099999999999993,37.14392034890005,2.8407922839870192e-05
3.5199999999999996,37.51376237041022,2.8062245159471273e-05
3.5299999999999994,37.88728694660815,2.7727856827157938e-05
3.5399999999999996,38.264530744036904,2.7404523765669108e-05
3.5499999999999994,38.64553079750705,2.7092014944490928e-05
3.5599999999999996,39.03032450784673,2.6790114006695556e-05
3.5699999999999994,39.418949648006844,2.64986141507278e-05
3.5799999999999996,39.811444366918224,2.6217317617719075e-05
3.5899999999999994,40.207847193193544,2.5946035569513133e-05
3.5999999999999996,40.60819703886063,2.5684587982542544e-05
3.6099999999999994,41.01253320312672,2.5432803557556415e-05
3.6199999999999997,41.42089537617413,2.5190519645198915e-05
3.6299999999999994,41.83332364299079,2.495758218312638e-05
3.6399999999999992,42.249858490654056,2.4733841951182488e-05
3.6499999999999995,42.67054081025143,2.4519156671487904e-05
3.6599999999999993,43.095411897697126,2.4313394351388132e-05
3.6699999999999995,43.52451345997235,2.4116430814852597e-05
3.6799999999999993,43.95788761917651,2.392814964877477e-05
3.6899999999999995,44.395576916613095,2.3748442161727564e-05
3.6999999999999993,44.83762431690942,2.3577207355174302e-05
3.7099999999999995,45.28407321217114,2.3414351907134932e-05
3.7199999999999993,45.734967426170634,2.325979016830784e-05
3.7299999999999995,46.19035121896753,2.3113444006045045e-05
3.7399999999999993,46.65026929586931,2.2975240877359196e-05
3.7499999999999996,47.11476680538545,2.2845116487158846e-05
3.7599999999999993,47.58388934429842,2.2723014525524195e-05
3.7699999999999996,48.0576829632454,2.260888622023349e-05
3.7799999999999994,48.53619417118884,2.2502690376013433e-05
3.7899999999999996,49.01946993992518,2.240439342482275e-05
3.7999999999999994,49.50755770863087,2.2313969487169053e-05
3.8099999999999996,50.000505388446555,2.2231400444458898e-05
3.8199999999999994,50.49836136709858,2.21566760223811e-05
3.8299999999999996,51.001174514823575,2.208979399610077e-05
3.8399999999999994,51.508994194278024,2.2030760752207917e-05
3.849999999999999,52.021870254353615,2.1979590448884068e-05
3.8599999999999994,52.53985304054363,2.193630563329938e-05
3.869999999999999,53.0629933994093,2.190093735003804e-05
3.8799999999999994,53.59134268352177,2.1873525298879202e-05
3.8899999999999992,54.12495275644286,2.185411800373675e-05
3.8999999999999995,54.66387599774578,2.184277299279193e-05
3.9099999999999993,55.20816530807543,2.1839556989853188e-05
3.9199999999999995,55.75787411424941,2.1844546116977337e-05
3.9299999999999993,56.31305638018743,2.1857830818855347e-05
3.9399999999999995,56.87376660932419,2.187951383379003e-05
3.9499999999999993,57.440059842621956,2.1909704561328953e-05
3.9599999999999995,58.01199166882163,2.1948523367076918e-05
3.9699999999999993,58.58961822983478,2.19961019103065e-05
3.9799999999999995,59.172996226182484,2.2052583486145486e-05
3.9899999999999993,59.762182922482076,2.2118123383412598e-05
3.9999999999999996,60.35723615298286,2.2192889258244224e-05
4.01,60.95821432715075,2.2277061523654874e-05
4.02,61.56517643530292,2.2370833755174128e-05
4.029999999999999,62.17818205429265,2.2474413112702797e-05
4.039999999999999,62.79729135324489,2.2588020778730968e-05
4.05,63.422565099343245,2.2711892413060777e-05
4.06,64.05406466463658,2.2846280514410766e-05
4.069999999999999,64.69185204813745,2.299148655595486e-05
4.079999999999999,65.3359898598905,2.314781877429533e-05
4.089999999999999,65.98654132813004,2.331559495668148e-05
4.1,66.64357031054182,2.3495153154814105e-05
4.109999999999999,67.30714130054064,2.3686852577251572e-05
4.119999999999999,67.9773194336136,2.389107451928318e-05
4.129999999999999,68.65417049372891,2.410822333094427e-05
4.14,69.33776091981173,2.433872742384805e-05
4.1499999999999995,70.02815781228733,2.458304031750865e-05
4.159999999999999,70.72542893969324,2.4841641725830513e-05
4.169999999999999,71.42964274535998,2.5115038684438424e-05
4.18,72.14086835416211,2.540376671952327e-05
4.1899999999999995,72.85917557933976,2.5708391058877977e-05
4.199999999999999,73.58463492794874,2.6029527919369913e-05
4.209999999999999,74.31731760360744,2.6367904345777195e-05
4.22,75.0572955226977,2.6724232410677885e-05
4.2299999999999995,75.80464131801644,2.709925863051529e-05
4.239999999999999,76.55942834533414,2.7493774132281752e-05
4.249999999999999,77.32173069059785,2.7908616965085186e-05
4.26,78.0916231772072,2.8344674507702345e-05
4.27,78.86918137336366,2.8802885974090146e-05
4.279999999999999,79.65448159949469,2.9284245018827655e-05
4.289999999999999,80.44760093575204,2.9789802444459773e-05
4.299999999999999,81.24861722958622,3.032066901271514e-05
4.31,82.05760910339713,3.0878018361569906e-05
4.319999999999999,82.87465596226144,3.1463090030129016e-05
4.329999999999999,83.6998380017385,3.207719259329764e-05
4.339999999999999,84.53323621127473,3.2721846213360594e-05
4.35,85.37493238252429,3.339877488042822e-05
4.359999999999999,86.22500912588538,3.4109645729215136e-05
4.369999999999999,87.08354987357026,3.48562298064007e-05
4.379999999999999,87.95063888769272,3.564040942444809e-05
4.39,88.82636126847457,3.6464184490308307e-05
4.3999999999999995,89.71080296252988,3.732967910317925e-05
4.409999999999999,90.60405077122837,3.823914842710683e-05
4.419999999999999,91.5061923591373,3.919498584421262e-05
4.43,92.41731626254352,4.019973039433495e-05
4.4399999999999995,93.33751189805531,4.125607450686865e-05
4.449999999999999,94.26686957128594,4.236687203059035e-05
4.459999999999999,95.20548048561793,4.353514656725379e-05
4.47,96.15343675100813,4.476412401588424e-05
4.4799999999999995,97.11083139164083,4.605797227124139e-05
4.489999999999999,98.07775835645448,4.742094345718064e-05
4.499999999999999,99.05431252841692,4.885728072153288e-05
4.509999999999999,100.040589733197,5.037151979751629e-05
4.52,101.0366867484165,5.19685071713104e-05
4.529999999999999,102.04270131298621,5.365341906432258e-05
4.539999999999999,103.05873213652825,5.543178124849744e-05
4.549999999999999,104.08487890888327,5.730948971301484e-05
4.56,105.12124230970457,5.9292832200726944e-05
4.569999999999999,106.16792401813872,6.138851063268082e-05
4.579999999999999,107.22502672259445,6.360366443907783e-05
4.589999999999999,108.29265413059875,6.594589481501449e-05
4.6,109.37091097874217,6.842328991935615e-05
4.609999999999999,110.45990304161703,7.104465620123515e-05
4.619999999999999,111.55973713544736,7.382076174798733e-05
4.629999999999999,112.67052113552305,7.676301231394427e-05
4.64,113.79236398442075,7.98838707275187e-05
4.6499999999999995,114.92537570108826,8.319713245723421e-05
4.659999999999999,116.06966739160855,8.671791046748339e-05
4.669999999999999,117.22535127063988,9.046070319378681e-05
4.68,118.39254066104704,9.444143196457515e-05
4.6899999999999995,119.57135000492036,9.867743266095653e-05
4.699999999999999,120.76189487658824,0.00010318710405496931
4.709999999999999,121.96429199330505,0.00010798998888754596
4.719999999999999,123.17865921129024,0.00011310933972022776
4.7299999999999995,124.40511554665653,0.00011857050667759493
4.739999999999999,125.64378118998671,0.00012440041158157016
4.749999999999999,126.89477751247108,0.00013062846047636208
4.759999999999999,128.15822707612602,0.0001372867842870777
4.77,129.43425364396384,0.00014441048913211408
4.779999999999999,130.72298219023608,0.00015203792850324488
4.789999999999999,132.0245389107082,0.0001602109928863563
4.799999999999999,133.33905123287175,0.00016897540792055367
4.81,134.66664782618676,0.00017838104998217668
4.819999999999999,136.0074586088292,0.00018848300184135625
4.829999999999999,137.36161475625022,0.00019934224946195015
4.839999999999999,138.7292487166902,0.00021102495374880742
4.85,140.11049421833846,0.0002236034695431856
4.859999999999999,141.50548627901927,0.00023715685722388975
4.869999999999999,142.9143612063963,0.00025177280161958884
4.879999999999999,144.33725659236939,0.00026755040044558747
4.89,145.7743113484803,0.000284596961884331
4.8999999999999995,147.2256657030823,0.0003030304238226595
4.909999999999999,148.6914612080893,0.0003229803879832687
4.919999999999999,150.17184073789653,0.00034459046193497376
4.929999999999999,151.66694846823347,0.0003680239075954762
4.9399999999999995,153.17692991943184,0.0003934587390244002
4.949999999999999,154.70193194882623,0.0004210911782484085
4.959999999999999,156.24210275201003,0.0004511376736339438
4.969999999999999,157.79759185934012,0.00048383768079380445
4.9799999999999995,159.36855008760006,0.0005194635915160892
4.989999999999999,160.95512957231279,0.0005583178544839914
4.999999999999999,162.55748375509847,0.0006007372621728818
5.009999999999999,164.17576736964241,0.0006470974911413162
5.02,165.81013643057994,0.0006978171976701647
5.029999999999999,167.4607482170793,0.0007533629369185884
5.039999999999999,169.12776125390496,0.0008142545467121286
5.049999999999999,170.81133522567112,0.0008810813419529201
5.06,172.51163098576842,0.0009545030046363843
5.069999999999999,174.22881052917256,0.0010352563306872487
5.079999999999999,175.96303691453747,0.0011241701472051414
5.089999999999999,177.71447415160628,0.00122218578610731
5.1,179.48328721749385,0.0013303569401851149
5.109999999999999,181.26964196227007,0.0014498672763406705
5.119999999999999,183.07370494307932,0.0015820600829617214
5.129999999999999,184.89564331842107,0.0017284578872222719
5.139999999999999,186.735624752062,0.0018907804104841969
5.1499999999999995,188.59381721184732,0.0020709796126531146
5.159999999999999,190.47038882390163,0.002271265998693711
5.169999999999999,192.3655076535466,0.0024941469419781925
5.179999999999999,194.27934134584035,0.002742488447240026
5.1899999999999995,196.21205696794533,0.0030195430094710693
5.199999999999999,198.16382058780155,0.0033290214688277576
5.209999999999999,200.13479679957558,0.0036751736404420417
5.219999999999999,202.12514843433533,0.004062838203083734
5.2299999999999995,204.13503584700828,0.004497563542514668
5.239999999999999,206.16461626076,0.004985718889187758
5.249999999999999,208.21404308179265,0.005534610183541481
5.259999999999999,210.28346499082838,0.006152633482048761
5.27,212.37302496794626,0.006849439851870037
5.279999999999999,214.48285888130638,0.007636174095741507
5.289999999999999,216.61309432223874,0.00852567117528162
5.299999999999999,218.7638486495999,0.00953278687786375
5.31,220.935227147894,0.010674709241405242
5.319999999999999,223.12732068608372,0.01197135561011938
5.329999999999999,225.34020303027359,0.013445827741262384
5.339999999999999,227.5739274365243,0.015124990198263511
5.349999999999999,229.82852293632027,0.017040101593849468
5.359999999999999,232.10398975025083,0.019227594997499535
5.369999999999999,234.40029392377437,0.021729992708779605
5.379999999999999,236.71736081781327,0.024597018142260903
5.389999999999999,239.05506766627778,0.02788686787092122
5.3999999999999995,241.41323446436317,0.03166777330480204
5.409999999999999,243.7916132324393,0.036019843234924714
5.419999999999999,246.18987506610873,0.041037289985562365
5.429999999999999,248.60759485249554,0.04683106204566699
5.4399999999999995,251.04423308552742,0.053531981122045255
5.449999999999999,253.49911343143748,0.06129462015054636
5.459999999999999,255.97139675576125,0.07030179915659483
5.469999999999999,258.4600493845707,0.08077008948906096
5.4799999999999995,260.9638049959703,0.09295643274434827
5.489999999999999,263.481118926718,0.10716608896678413
5.499999999999999,266.01011312620676,0.12376222695725758
5.509999999999999,268.54850977794473,0.1431775031266229
5.52,271.09355116094804,0.16592805932286472
5.529999999999999,273.6419032852793,0.19263037236329153
5.539999999999999,276.18953941605395,0.22402163995643262
5.549999999999999,278.73159951105885,0.2609843994673177
5.559999999999999,281.2622208392361,0.3045762097262998
5.569999999999999,283.77433376114374,0.3560654441151418
5.579999999999999,286.2594159927693,0.41697435351749584
5.589999999999999,288.7071974275715,0.48913076219900053
5.599999999999999,291.10530653319853,0.5747299243018636
5.609999999999999,293.43884834891026,0.6764082085908095
5.619999999999999,295.6899033525456,0.7973303587256149
5.629999999999999,297.8369363032076,0.9412920235273521
5.639999999999999,299.8541050015848,1.112838981927133
5.6499999999999995,301.7104614368995,1.3174038607063923
5.659999999999999,303.3690429904121,1.561459962573426
5.669999999999999,304.7858602870686,1.8526898964702183
5.679999999999999,305.9088051580432,2.200163052072214
5.6899999999999995,306.6765212267075,2.614512281578313
5.699999999999999,307.01732042631335,3.108091400208412
5.709999999999999,306.84826998192153,3.6950872933365004
5.719999999999999,306.0746421743675,4.391546719192844
5.7299999999999995,304.589995891777,5.215263172106072
5.739999999999999,302.2772446071342,6.185453108130603
5.749999999999999,299.01114913823034,7.322136074922303
5.759999999999999,294.66271735345714,8.645127857103514
5.769999999999999,289.10596661671974,10.172566090642112
5.779999999999999,282.2273382225945,11.918928182212717
5.789999999999999,273.9376823601863,13.892583999080454
5.799999999999999,264.18616448528843,16.093048500928838
5.809999999999999,252.97464214274058,18.508265802212257
5.819999999999999,240.37025564179902,21.112416301929517
5.829999999999999,226.51341227730015,23.86483770753013
5.839999999999999,211.61837336321452,26.710615304199276
5.849999999999999,195.96458165706187,29.583167561202426
5.859999999999999,179.87863279036205,32.40875194002638
5.869999999999999,163.7090397767001,35.112329787112756
5.879999999999999,147.79778648194724,37.623852992926786
5.889999999999999,132.45357974387366,39.88388149610188
5.8999999999999995,117.9311115399375,41.8476229428781
5.909999999999999,104.41895954933793,43.48689608973473
5.919999999999999,92.0365955699149,44.79001320098645
5.929999999999999,80.83908679078857,45.75998873808454
5.9399999999999995,70.8270352972531,46.41168654311029
5.949999999999999,61.959039018077156,46.768548639686834
5.959999999999999,54.16441195295569,46.859417745851346
5.969999999999999,47.354612220172456,46.71578770487217
5.979999999999999,41.43257101904906,46.36963812105607
5.989999999999999,36.29970139277435,45.85187461889246
5.999999999999999,31.86074699976919,45.191312053424284
6.009999999999999,28.02682639233317,44.414098353891674
6.019999999999999,24.717083837667214,43.54346930127108
6.029999999999999,21.859337430249834,42.599733872141506
6.039999999999999,19.3900560333278,41.600407272399345
6.049999999999999,17.253912248757064,40.560431153698346
6.059999999999999,15.403104778649737,39.49243467323855
6.069999999999999,13.796576322501675,38.40700698653105
6.079999999999999,12.399209816856246,37.312962620785754
6.089999999999999,11.18105576646051,36.21758842306032
6.099999999999999,10.116618756037429,35.126866755373776
6.109999999999999,9.184216557966106,34.04567304791168
6.119999999999999,8.365415586154231,32.97794799970909
6.129999999999999,7.644540398827654,31.9268460462477
6.139999999999999,7.008251894351296,30.894862300299074
6.1499999999999995,6.445187276733844,29.88394042410805
6.159999999999999,5.945654403026763,28.89556388646155
6.169999999999999,5.50137323619496,27.930832913922526
6.179999999999999,5.105257814869531,26.990529213318162
6.189999999999999,4.751232635562338,26.0751703310495
6.199999999999999,4.434078182016116,25.185055255696856
6.209999999999999,4.149301016160994,24.320302648301627
6.219999999999999,3.8930245094616724,23.48088288199707
6.229999999999999,3.6618968914066046,22.666644887238903
6.239999999999999,3.4530137736702033,21.877338654453393
6.249999999999999,3.263852870331811,21.112634075335116
6.259999999999999,3.092218874852107,20.37213673491808
6.269999999999999,2.9361967993774476,19.655401162239297
6.279999999999999,2.7941125124883004,18.96194191493184
6.289999999999999,2.664499222346304,18.291242878266054
6.299999999999999,2.546069036100934,17.642765038015828
6.309999999999999,2.437688717279253,17.015952992188343
6.319999999999999,2.338359012065766,16.410240390821162
6.329999999999999,2.2471969781645216,15.825054477674335
6.339999999999999,2.1634208535484594,15.259819870307783
6.349999999999999,2.0863370742279024,14.71396170075254
6.359999999999999,2.015329124603378,14.18690821126323
6.369999999999999,1.9498479027151654,13.67809290311467
6.379999999999999,1.889403432981514,13.186956288284522
6.389999999999999,1.8335576961670856,12.712947315821907
6.399999999999999,1.7819183995247099,12.255524526974728
6.409999999999999,1.7341335866891494,11.814156969240159
6.419999999999999,1.6898869444269426,11.388324913902993
6.429999999999999,1.6488937062071236,10.977520407219473
6.439999999999999,1.6108970849512503,10.581247676729156
6.449999999999999,1.5756651494505887,10.199023418457474
6.459999999999999,1.5429880850475353,9.830376983041216
6.469999999999999,1.5126757939373168,9.474850475061942
6.479999999999999,1.4845557815476202,9.131998781471342
6.489999999999999,1.4584712956277306,8.801389539266186
6.499999999999999,1.43427969378052,8.482603049993182
6.509999999999999,1.4118509756893771,8.175232160130642
6.519999999999999,1.391066515942797,7.878882096424283
6.529999999999999,1.371817914178183,7.593170281251946
6.539999999999999,1.3540059934790667,7.317726118500516
6.549999999999999,1.3375398933394378,7.052190766103332
6.559999999999999,1.3223362751721761,6.796216889366022
6.569999999999999,1.3083186045075146,6.549468405947778
6.579999999999999,1.2954165151809889,6.311620220357086
6.589999999999999,1.2835652370981139,6.08235795338405
6.599999999999999,1.2727050858407831,5.861377666859
6.609999999999999,1.2627810037468523,5.64838558638579
6.619999999999999,1.253742147754728,5.443097823105656
6.629999999999999,1.2455415192505073,5.245240095781742
6.639999999999999,1.2381356297092272,5.054547454780415
6.649999999999999,1.23148420028596,4.870764008044372
6.659999999999999,1.225549888416225,4.693642650917627
6.669999999999999,1.2202980460734738,4.5229447980538335
6.679999999999999,1.215696495855571,4.358440121368394
6.689999999999999,1.2117153238683405,4.199906294020752
6.699999999999999,1.2083267066585632,4.047128734602249
6.709999999999999,1.205504736991478,3.899900362362215
6.719999999999999,1.2032252770381955,3.758021354060642
6.729999999999999,1.2014658220066923,3.6212989075389426
6.739999999999999,1.2002053699884105,3.4895470130657755
6.749999999999999,1.1994243135259353,3.36258622706943
6.759999999999999,1.1991043316504642,3.240243454916783
6.769999999999999,1.1992282957138436,3.122351738069317
6.779999999999999,1.1997801834808608,3.008750047105884
6.789999999999999,1.2007449966107462,2.8992830818456956
6.799999999999999,1.20210869020172,2.793801075670727
6.809999999999999,1.2038581041891872,2.69215960695574
6.819999999999999,1.2059809017933099,2.5942194156743272
6.829999999999999,1.2084655138738232,2.499846225280698
6.839999999999999,1.2113010853745738,2.408910570861601
6.849999999999999,1.2144774285861788,2.321287631880716
6.8599999999999985,1.217984978431158,2.2368570707321336
6.869999999999999,1.2218147514795727,2.1555028763701984
6.879999999999999,1.2259583089226105,2.077113212717936
6.889999999999999,1.2304077206806352,2.0015802725251652
6.899999999999999,1.2351555347197394,1.928800135272354
6.909999999999999,1.2401947480577482,1.858672629954556
6.919999999999999,1.2455187769481022,1.7911012033021292
6.929999999999999,1.2511214306277254,1.7259927919780058
6.939999999999999,1.2569968912703264,1.6632576978075726
6.949999999999999,1.263139691128621,1.602809468503739
6.959999999999999,1.2695446888271393,1.5445647830909923
6.969999999999999,1.2762070537048935,1.488443339448932
6.979999999999999,1.2831222484235534,1.4343677465175046
6.989999999999999,1.29028601115379,1.3822634206440085
6.999999999999999,1.2976943396892788,1.3320584853038233
7.009999999999999,1.3053434793446625,1.2836836735685098
7.019999999999999,1.3132299091600244,1.2370722346486929
7.029999999999999,1.3213503280997732,1.1921598438879162
7.039999999999999,1.3297016449084487,1.1488845152463742
7.049999999999999,1.3382809674942822,1.1071865171362554
7.059999999999999,1.3470855922843092,1.067008291318033
7.0699999999999985,1.3561129944634418,1.0282943746030486
7.079999999999999,1.365360820167498,0.9909913231236749
7.089999999999999,1.374826878014476,0.9550476394472961
7.099999999999999,1.3845091307197002,0.9204137023702669
7.1099999999999985,1.3944056884953542,0.8870416989653558
7.119999999999999,1.4045148023748666,0.8548855591441276
7.129999999999999,1.4148348576065288,0.8239008925659744
7.139999999999999,1.42536436749273,0.794044927781081
7.149999999999999,1.436101968283439,0.7652764535266259
7.159999999999999,1.4470464138150416,0.7375557621347635
7.169999999999999,1.4581965702498882,0.7108445949601179
7.179999999999999,1.4695514117217325,0.6851060897643216
7.189999999999999,1.4811100160302573,0.6603047299888462
7.199999999999999,1.492871560294919,0.6364062958204502
7.209999999999999,1.5048353169938316,0.6133778170266835
7.219999999999999,1.5170006508477112,0.5911875275591238
7.229999999999999,1.5293670153396444,0.5698048217306425
7.239999999999999,1.541933949683247,0.54920021200416
7.249999999999999,1.5547010749434678,0.5293452881350442
7.259999999999999,1.567668090430049,0.5102126778021653
7.269999999999999,1.5808347730429015,0.4917760091231616
7.2799999999999985,1.5942009740251166,0.47400987408785755
7.289999999999999,1.6077666167139342,0.45688979346038316
7.299999999999999,1.6215316935932507,0.44039218271073294
7.309999999999999,1.6354962633443408,0.42449431913871377
7.3199999999999985,1.6496604506910628,0.40917431096732493
7.329999999999999,1.6640244438332292,0.3944110668459702
7.339999999999999,1.6785884927270163,0.38018426667909155
7.349999999999999,1.6933529069799276,0.36647433327052253
7.3599999999999985,1.7083180536294518,0.3532624048878521
7.369999999999999,1.7234843568649598,0.3405303097503798
7.379999999999999,1.7388522961572979,0.32826054063026555
7.389999999999999,1.754422404939967,0.31643623061567133
7.399999999999999,1.7701952690919098,0.30504112953418966
7.409999999999999,1.7861715252844392,0.29405958106342023
7.419999999999999,1.8023518606325204,0.2834765016653163
7.429999999999999,1.818737011334647,0.27327735944799514
7.439999999999999,1.8353277616631114,0.2634481540305019
7.449999999999999,1.8521249428560878,0.25397539696839566
7.459999999999999,1.8691294318872216,0.24484609269422286
7.469999999999999,1.886342151119034,0.23604772107006428
7.479999999999999,1.9037640673082474,0.22756821982775205
7.489999999999998,1.9213961908369495,0.21939596784852253
7.499999999999999,1.939239574896333,0.2115197689117446
7.509999999999999,1.9572953145663678,0.20392883581213292
7.519999999999999,1.9755645465162515,0.19661277593622095
7.5299999999999985,1.9940484482730172,0.18956157667126133
7.539999999999999,2.0127482376405736,0.18276559152070676
7.549999999999999,2.0316651721014556,0.1762155266212624
7.559999999999999,2.0508005481383997,0.1699024275244853
7.5699999999999985,2.070155700983522,0.16381766724984978
7.579999999999999,2.0897320040877805,0.1579529341727884
7.589999999999999,2.109530868689665,0.15230022049664727
7.599999999999999,2.129553743382168,0.14685181107077983
7.6099999999999985,2.149802113619934,0.14160027239933795
7.619999999999999,2.1702775015239006,0.13653844273612384
7.629999999999999,2.19098146550418,0.1316594220376453
7.639999999999999,2.211915599949462,0.12695656239384923
7.649999999999999,2.23308153492192,0.12242345875373935
7.659999999999999,2.2544809358072624,0.1180539397782285
7.669999999999999,2.2761155031774605,0.11384205963952504
7.679999999999999,2.297986972532595,0.10978208968460433
7.689999999999999,2.32009711408843,0.10586851049029457
7.699999999999998,2.342447732573572,0.10209600417469974
7.709999999999999,2.3650406669954647,0.09845944680237981
7.719999999999999,2.3878777905549344,0.09495390157332442
7.729999999999999,2.4109610104840846,0.091574611914132
7.739999999999998,2.434292267915637,0.0883169948841302
7.749999999999999,2.4578735377629215,0.0851766348001818
7.759999999999999,2.4817068285775266,0.08214927692117983
7.769999999999999,2.5057941825149763,0.07923082180404076
7.7799999999999985,2.5301376752501983,0.07641731957528373
7.789999999999999,2.5547394159154737,0.07370496445710156
7.799999999999999,2.579601547049284,0.07109008948196188
7.809999999999999,2.604726244530154,0.06856916124762684
7.8199999999999985,2.630115717588394,0.0661387752317516
7.829999999999999,2.6557722087864386,0.06379565104481959
7.839999999999999,2.6816979940155194,0.06153662788624546
7.849999999999999,2.707895382502914,0.05935866016266491
7.8599999999999985,2.7343667168099004,0.05725881313522107
7.869999999999999,2.7611143728857828,0.05523425902687003
7.879999999999999,2.7881407601034693,0.053282273090003364
7.889999999999999,2.8154483213073447,0.0514002298352199
7.899999999999999,2.843039532870866,0.04958559939824587
7.909999999999998,2.870916904748103,0.04783594392202267
7.919999999999999,2.899082980568106,0.046148914328359485
7.929999999999999,2.927540337718102,0.04452224705925598
7.939999999999999,2.956291587436331,0.042953760945510955
7.949999999999998,2.985339374914055,0.04144135419453645
7.959999999999999,3.014686379395073,0.039983001391356826
7.969999999999999,3.0443353143061027,0.03857675081247243
7.979999999999999,3.0742889273823906,0.037220721727320244
7.989999999999998,3.1045500008011326,0.03591310179940626
7.999999999999999,3.135121351323291,0.034652144588599276
8.009999999999998,3.1660058304345493,0.03343616706001751
8.02,3.1972063245105975,0.03226354735414986
8.03,3.2287257549807076,0.031132722551569156
8.04,3.2605670784980463,0.030042186514954286
8.049999999999999,3.2927332871176946,0.02899048781695564
8.059999999999999,3.3252274084757065,0.02797622767754715
8.069999999999999,3.3580525059863313,0.026998058102154533
8.079999999999998,3.391211679040955,0.02605468003764152
8.089999999999998,3.4247080632123206,0.025144841577452587
8.1,3.458544830466136,0.02426733624227397
8.11,3.4927251893736355,0.02342100124838661
8.12,3.527252385342217,0.02260471599617364
8.129999999999999,3.562129700846662,0.021817400539242814
8.139999999999999,3.5973604556658807,0.021058014099357536
8.149999999999999,3.6329480071271716,0.02032555365378841
8.159999999999998,3.668895750350435,0.019619052494038208
8.169999999999998,3.705207118493936,0.01893757877565397
8.179999999999998,3.7418855830355864,0.018280234502484123
8.19,3.7789346540335487,0.0176461542084047
8.2,3.816357880399676,0.017034503774399606
8.209999999999999,3.85415885017925,0.01644447929308257
8.219999999999999,3.8923411908279095,0.015875305870312537
8.229999999999999,3.9309085695076975,0.015326236626722264
8.239999999999998,3.9698646933871626,0.014796551716172578
8.249999999999998,4.009213309940781,0.014285557302232313
8.259999999999998,4.048958207256715,0.013792584600592657
8.27,4.089103214351678,0.013316988987066876
8.28,4.129652201496745,0.012858149256312913
8.29,4.170609080533455,0.012415466569327047
8.299999999999999,4.211977805206527,0.011988363677063399
8.309999999999999,4.253762371500418,0.01157628413340339
8.319999999999999,4.295966817980687,0.011178691518793497
8.329999999999998,4.338595226147983,0.010795068865924441
8.339999999999998,4.381651720791599,0.01042491796366941
8.349999999999998,4.425140470338929,0.010067758447522532
8.36,4.4690656872238055,0.009723127245094457
8.37,4.513431628255759,0.00939057793252442
8.379999999999999,4.558242594995923,0.00906968013165726
8.389999999999999,4.603502934150563,0.008760019154073134
8.399999999999999,4.649217037944407,0.00846119518839684
8.409999999999998,4.695389344513198,0.008172822760943043
8.419999999999998,4.742024338303369,0.007894530244119354
8.429999999999998,4.789126550474936,0.007625959340060611
8.44,4.83670055931482,0.007366764662299087
8.45,4.884750990658348,0.007116613378310136
8.459999999999999,4.933282518295586,0.006875184520488825
8.469999999999999,4.982299864402567,0.006642168635427001
8.479999999999999,5.031807799973014,0.006417267361773712
8.489999999999998,5.0818111452555135,0.0062001930198373485
8.499999999999998,5.132314770202469,0.005990668351016411
8.509999999999998,5.183323594914822,0.005788426051520688
8.52,5.23484259009419,0.005593208357705375
8.53,5.286876777504756,0.005404766734109781
8.54,5.339431230439033,0.005222861530921906
8.549999999999999,5.392511074190964,0.005047261680559011
8.559999999999999,5.446121486540271,0.004877744495069115
8.569999999999999,5.500267698226448,0.004714095206726823
8.579999999999998,5.554954993440582,0.004556106717469136
8.589999999999998,5.61018871032104,0.004403579325194389
8.599999999999998,5.665974241454403,0.004256320448744557
8.61,5.722317034387146,0.004114144434287924
8.62,5.779222592138748,0.003976872303196405
8.629999999999999,5.836696473715463,0.0038443314268624125
8.639999999999999,5.894744294638283,0.003716355333756116
8.649999999999999,5.953371727474199,0.0035927834820132032
8.659999999999998,6.0125845023745885,0.0034734610385282515
8.669999999999998,6.07238840762181,0.0033582387899669867
8.679999999999998,6.13278929017815,0.0032469727812774575
8.69,6.193793056238132,0.0031395241939348715
8.7,6.255405671793416,0.0030357591446895566
8.709999999999999,6.317633163201386,0.0029355485044143966
8.719999999999999,6.380481617763486,0.0028387677629469234
8.729999999999999,6.443957184310289,0.0027452969020888575
8.739999999999998,6.508066073779671,0.0026550201168923926
8.749999999999998,6.572814559815106,0.002567825704043119
8.759999999999998,6.638208979366398,0.0024836059086300725
8.769999999999998,6.704255733296628,0.002402256773751765
8.78,6.770961286999885,0.002323678025571687
8.79,6.838332171046986,0.002247773114127315
8.799999999999999,6.9063749817774855,0.0021744488390549677
8.809999999999999,6.975096381940954,0.0021036152798849734
8.819999999999999,7.0445031013405055,0.0020351857019563747
8.829999999999998,7.114601937479403,0.0019690764441011675
8.839999999999998,7.185399756215372,0.0019052068108112428
8.849999999999998,7.256903492470395,0.0018434989395142768
8.86,7.329120150859262,0.0017838777270326523
8.87,7.402056806347987,0.0017262707468828898
8.879999999999999,7.475720604951852,0.0016706081514884503
8.889999999999999,7.550118764423635,0.0016168225895817213
8.899999999999999,7.625258574948546,0.0015648491287426993
8.909999999999998,7.701147399891882,0.0015146250434714282
8.919999999999998,7.777792676531734,0.0014660896738874895
8.929999999999998,7.855201916684268,0.0014191846349154618
8.94,7.933382707472626,0.0013738536159430483
8.95,8.012342712060121,0.001330042313570047
8.959999999999999,8.092089670389985,0.0012876983702748803
8.969999999999999,8.17263139995539,0.0012467712661486214
8.979999999999999,8.253975796649042,0.001207212056932274
8.989999999999998,8.336130835384104,0.0011689736292448277
8.999999999999998,8.419104570907097,0.0011320105571655358
9.009999999999998,8.502905138587654,0.0010962790285610946
9.019999999999998,8.587540755205922,0.0010617367958927447
9.03,8.673019719752231,0.001028343121259808
9.04,8.759350414335884,0.000996058536137303
9.049999999999999,8.84654130489855,0.0009648449803553636
9.059999999999999,8.934600942021513,0.0009346657839031948
9.069999999999999,9.023537961782967,0.0009054855731233587
9.079999999999998,9.113361086595411,0.0008772702306868143
9.089999999999998,9.204079126050768,0.0008499868582258045
9.099999999999998,9.295700977851384,0.0008236036384418182
9.11,9.388235628676659,0.0007980897950847539
9.12,9.481692154945332,0.0007734157034462022
9.129999999999999,9.576079723754752,0.0007495527802454152
9.139999999999999,9.671407593771118,0.0007264734508985512
9.149999999999999,9.767685116127865,0.000704151118979212
9.159999999999998,9.864921735381824,0.0006825600957683571
9.169999999999998,9.96312699055505,0.0006616754662602611
9.179999999999998,10.062310515818563,0.0006414732673045561
9.189999999999998,10.162482041514412,0.0006219303883257498
9.2,10.263651395111442,0.0006030245371957806
9.209999999999999,10.365828502158294,0.0005847342173420534
9.219999999999999,10.46902338724509,0.0005670387066770539
9.229999999999999,10.573246174977557,0.0005499180351674534
9.239999999999998,10.678507091261695,0.0005333527347404223
9.249999999999998,10.784816464064678,0.0005173239954976679
9.259999999999998,10.892184724272624,0.0005018137565587112
9.269999999999998,11.00062240683344,0.0004868045885164174
9.28,11.110140151780538,0.00047227967469484197
9.29,11.220748705265585,0.00045822279374206924
9.299999999999999,11.332458920600544,0.0004446183035580052
9.309999999999999,11.44528175939976,0.00043145108531698087
9.319999999999999,11.559228292920121,0.0004187064033311337
9.329999999999998,11.674309702636258,0.00040637011661259206
9.339999999999998,11.790537281495975,0.000394428588004544
9.349999999999998,11.907922435046443,0.00038286865726227566
9.36,12.026476682542693,0.0003716776276176929
9.37,12.146211658065784,0.00036084325338292625
9.379999999999999,12.267139111653616,0.00035035372763926375
9.389999999999999,12.389270910770184,0.00034019755456921914
9.399999999999999,12.512619041239747,0.0003303636157045639
9.409999999999998,12.637195608211876,0.0003208412297264237
9.419999999999998,12.763012837495923,0.0003116200860168427
9.429999999999998,12.890083076750606,0.0003026902339875805
9.439999999999998,13.018418796684054,0.00029404207319237474
9.45,13.148032592264398,0.000285666344222668
9.459999999999999,13.278937184036256,0.00027755409538145784
9.469999999999999,13.411145419702304,0.00026969658356942644
9.479999999999999,13.544670274782314,0.00026208542008452224
9.489999999999998,13.67952485406061,0.0002547125136292869
9.499999999999998,13.815722392900703,0.0002475700516122597
9.509999999999998,13.953276258532759,0.00024065049208206435
9.519999999999998,14.09219995135233,0.00023394655624288735
9.53,14.232507106231852,0.00022745122133577088
9.54,14.37421149421824,0.00022115765937005908
9.549999999999999,14.517327023663785,0.0002150592608355912
9.559999999999999,14.661867741294976,0.00020914966965874236
9.569999999999999,14.807847833780178,0.00020342274759188418
9.579999999999998,14.955281629111076,0.0001978725680054006
9.589999999999998,15.104183597996249,0.0001924934101354741
9.599999999999998,15.254568355266851,0.00018727975378764192
9.609999999999998,15.406450661393912,0.00018222626183414975
9.62,15.559845424350875,0.00017732772076622876
9.629999999999999,15.714767700372294,0.00017257912373387475
9.639999999999999,15.871232695619176,0.0001679756402123343
9.649999999999999,16.029255767713632,0.0001635126042705621
9.659999999999998,16.188852427233815,0.00015918550991047512
9.669999999999998,16.350038339221847,0.00015499000674595018
9.679999999999998,16.51282932470532,0.0001509218959781671
9.689999999999998,16.677241362689273,0.00014697708986375534
9.7,16.843290591487893,0.00014315162575949131
9.709999999999999,17.01099330986905,0.0001394416966248481
9.719999999999999,17.18036597892298,0.00013584362460333189
9.729999999999999,17.351425223663547,0.000132353857509759
9.739999999999998,17.52418783464355,0.00012896896559204944
9.749999999999998,17.69867076958378,0.0001256856385675395
9.759999999999998,17.87489115501597,0.00012250068293381448
9.769999999999998,18.052866288428973,0.00011941098937435685
9.78,18.232613640124278,0.00011641351922144568
9.79,18.4141508538521,0.00011350536722463481
9.799999999999999,18.597495749060286,0.00011068372602018051
9.809999999999999,18.78266632263756,0.0001079458828895959
9.819999999999999,18.969680750663887,0.00010528921721433715
9.829999999999998,19.15855739017594,0.00010271119812870063
9.839999999999998,19.349314780947594,0.00010020938237093098
9.849999999999998,19.541971647599766,9.778140004104263e-05
9.859999999999998,19.73654690196121,9.542493132911193e-05
9.87,19.933059643639012,9.31377540644911e-05
9.879999999999999,20.131529162387597,9.091772169380672e-05
9.889999999999999,20.331974940029195,8.876275960627319e-05
9.899999999999999,20.534416652348618,8.667086323833929e-05
9.909999999999998,20.738874171004518,8.464009632865236e-05
9.919999999999998,20.945367565456923,8.266858932334234e-05
9.929999999999998,21.153917105116765,8.075453208174563e-05
9.939999999999998,21.364543262177815,7.88961477947314e-05
9.95,21.57726671214906,7.709173290136935e-05
9.959999999999999,21.792108336298845,7.533964325683679e-05
9.969999999999999,22.0090892238008,7.363828940297506e-05
9.979999999999999,22.228230673785614,7.19861351202575e-05
9.989999999999998,22.44955419741065,7.038169609110009e-05
9.999999999999998,22.673081519947203,6.882353867451714e-05
10.009999999999998,22.89883458299451,6.731027664686684e-05
10.019999999999998,23.1268355476661,6.584054927982818e-05
10.029999999999998,23.35710679533183,6.441304794676706e-05
10.04,23.589670929991943,6.302651109385519e-05
10.049999999999999,23.824550780697088,6.167971876207514e-05
10.059999999999999,24.061769403770356,6.037149146976984e-05
10.069999999999999,24.30135008504806,5.910068917738804e-05
10.079999999999998,24.54331634213988,5.786621033442237e-05
10.089999999999998,24.787691926748302,5.666699051768162e-05
10.099999999999998,25.03450082809533,5.550198786203272e-05
10.109999999999998,25.28376727410589,5.437019620593275e-05
10.12,25.535515733564043,5.327064667331251e-05
10.129999999999999,25.789770918865038,5.220240229001091e-05
10.139999999999999,26.046557788421254,5.1164557149933414e-05
10.149999999999999,26.305901549088457,5.015623564378207e-05
10.159999999999998,26.567827658613005,4.917659175035391e-05
10.169999999999998,26.832361828103842,4.822480835297606e-05
10.179999999999998,27.099530025562643,4.730008695768875e-05
10.189999999999998,27.369358477779716,4.6401652886038925e-05
10.2,27.641873672100107,4.5528761933044125e-05
10.209999999999999,27.91710235957286,4.46806943984084e-05
10.219999999999999,28.195071557556005,4.385675444654193e-05
10.229999999999999,28.475808552343594,4.305626951291916e-05
10.239999999999998,28.759340901815424,4.227858975677336e-05
10.249999999999998,29.0456964381093,4.152308756012831e-05
10.259999999999998,29.334903271361597,4.078915090366361e-05
10.269999999999998,29.626989792468173,4.007618270022569e-05
10.279999999999998,29.921984673870167,3.938361196033423e-05
10.29,30.21991687342354,3.8710886944238086e-05
10.299999999999999,30.52081563721918,3.8057474682915226e-05
10.309999999999999,30.82471050241849,3.742286059002139e-05
10.319999999999999,31.131631300112147,3.680654811298204e-05
10.329999999999998,31.441608158202854,3.6208058423225984e-05
10.339999999999998,31.754671504311762,3.5626930145561234e-05
10.349999999999998,32.07085206875703,3.506271889817417e-05
10.359999999999998,32.39018089085957,3.451498126008333e-05
10.37,32.71268931889864,3.398328890001573e-05
10.379999999999999,33.03840901169697,3.3467235152953e-05
10.389999999999999,33.36737194322929,3.296642746432779e-05
10.399999999999999,33.699610405728095,3.24804870837662e-05
10.409999999999998,34.03515701281608,3.200904878577636e-05
10.419999999999998,34.37404470266472,3.155176061738364e-05
10.429999999999998,34.71630674117927,3.110828367271236e-05
10.439999999999998,35.06197672520999,3.067829189451413e-05
10.45,35.411088586137666,3.026147100397368e-05
10.459999999999999,35.76367659679771,2.9857508899608023e-05
10.469999999999999,36.11977536967733,2.9466108697948983e-05
10.479999999999999,36.479419860974744,2.9086986723221914e-05
10.489999999999998,36.84264537484604,2.8719870108374542e-05
10.499999999999998,37.20948756683247,2.836449660790348e-05
10.509999999999998,37.579982447316624,2.802061443091703e-05
10.519999999999998,37.95416638500762,2.7687982094434217e-05
10.529999999999998,38.33207611045505,2.736636829692009e-05
10.54,38.71374871959204,2.7055551812057214e-05
10.549999999999999,39.099221678372956,2.6755319484900165e-05
10.559999999999999,39.488532829647596,2.6465460278191268e-05
10.569999999999999,39.881720390307486,2.6185776889270754e-05
10.579999999999998,40.27882295728088,2.5916081521694554e-05
10.589999999999998,40.67987951167821,2.5656195056477466e-05
10.599999999999998,41.08492942257488,2.5405946947637364e-05
10.609999999999998,41.49401245082605,2.5165175132691427e-05
10.62,41.90716875291317,2.4933725958104432e-05
10.629999999999999,42.324438884822186,2.4711454119689286e-05
10.639999999999999,42.745863805954116,2.44982226179592e-05
10.649999999999999,43.17148488538784,2.42939005833812e-05
10.659999999999998,43.60134390706362,2.4098362143660602e-05
10.669999999999998,44.03548306778953,2.3911491968805397e-05
10.679999999999998,44.473944984334025,2.3733182462692096e-05
10.689999999999998,44.91677269764332,2.3563333656527633e-05
10.699999999999998,45.36400967701673,2.3401853185433027e-05
10.709999999999999,45.81569982431726,2.3248656276985113e-05
10.719999999999999,46.271887478216755,2.3103665751716592e-05
10.729999999999999,46.73261741847711,2.296681203557395e-05
10.739999999999998,47.19793487028069,2.2838033180010633e-05
10.749999999999998,47.66788551277632,2.2717273695573353e-05
10.759999999999998,48.14251548058544,2.2604485425927986e-05
10.769999999999998,48.62187136511228,2.249962849996398e-05
10.779999999999998,49.10600022152297,2.240267068069758e-05
10.79,49.59494957331499,2.231358742703119e-05
10.799999999999999,50.0887674169249,2.2232361966455422e-05
10.809999999999999,50.58750222637548,2.2158985378693657e-05
10.819999999999999,51.09120295796068,2.2093456690289423e-05
10.829999999999998,51.59991905496964,2.203578298013633e-05
10.839999999999998,52.11370045224083,2.1985979446968853e-05
10.849999999999998,52.632597588948826,2.194407141392776e-05
10.859999999999998,53.1566614022795,2.191009184248547e-05
10.87,53.68594333592578,2.1884082332072586e-05
10.879999999999999,54.22049534558428,2.186609341664177e-05
10.889999999999999,54.76036990400853,2.185618475864874e-05
10.899999999999999,55.30562000610107,2.1854425354285906e-05
10.909999999999998,55.85629917404655,2.186089375006246e-05
10.919999999999998,56.41246146248528,2.1875678270824932e-05
10.929999999999998,56.97416146372812,2.1898877259312088e-05
10.939999999999998,57.54145431469739,2.1930601052241163e-05
10.949999999999998,58.114395709412904,2.1970979602212852e-05
10.959999999999999,58.693041890580304,2.202014867228196e-05
10.969999999999999,59.27744965947415,2.207825472991612e-05
10.979999999999999,59.86767638262506,2.2145456535765205e-05
10.989999999999998,60.463779997378985,2.2221925546202044e-05
10.999999999999998,61.065819017506236,2.2307846333470725e-05
11.009999999999998,61.67385253886015,2.24034170236797e-05
11.019999999999998,62.28794024508612,2.2508849752876966e-05
11.029999999999998,62.908142413381384,2.2624371141444555e-05
11.04,63.53451992030641,2.275022278704967e-05
11.049999999999999,64.16713424764757,2.288666177638952e-05
11.059999999999999,64.8060474883334,2.3033961215967506e-05
11.069999999999999,65.45132235240285,2.3192410782137544e-05
11.079999999999998,66.10302218147592,2.3362337176514795e-05
11.089999999999998,66.76121095836797,2.3544113042555846e-05
11.099999999999998,67.4259532905271,2.3738104160137535e-05
11.109999999999998,68.09731442823976,2.394469836584711e-05
11.119999999999997,68.7753602713627,2.416430735714725e-05
11.129999999999999,69.46015737580261,2.4397367790116664e-05
11.139999999999999,70.1517729600624,2.4644342423078065e-05
11.149999999999999,70.85027491185699,2.490572130700669e-05
11.159999999999998,71.55573179479681,2.518202302361126e-05
11.169999999999998,72.26821285514184,2.5473795971980556e-05
11.179999999999998,72.98778802862614,2.5781619704688e-05
11.189999999999998,73.71452794735384,2.6106106314246923e-05
11.199999999999998,74.44850394676747,2.6447901870809115e-05
11.209999999999999,75.18978807262197,2.680768895650966e-05
11.219999999999999,75.93845308259809,2.7186273351759475e-05
11.229999999999999,76.69457245887925,2.758450227389391e-05
11.239999999999998,77.45822041784498,2.8003228449580622e-05
11.249999999999998,78.22947191455937,2.844335598802521e-05
11.259999999999998,79.00840265012714,2.8905843120176524e-05
11.269999999999998,79.79508907912422,2.9391705053702538e-05
11.279999999999998,80.5896084171032,2.9902016946188382e-05
11.29,81.3920386481745,3.0437916999008367e-05
11.299999999999999,82.20245853266348,3.100060967432297e-05
11.309999999999999,83.02094761484587,3.159136903765393e-05
11.319999999999999,83.84758623075969,3.2211542228487114e-05
11.329999999999998,84.6824555160965,3.28625530613563e-05
11.339999999999998,85.5256374141717,3.3545905759858926e-05
11.349999999999998,86.37721468296989,3.4263225206239894e-05
11.359999999999998,87.2372708957708,3.501653265066035e-05
11.369999999999997,88.10589046162801,3.580780579182678e-05
11.379999999999999,88.98315863079536,3.663908691092304e-05
11.389999999999999,89.8691615014016,3.751254893107799e-05
11.399999999999999,90.763986027829,3.8430503016743306e-05
11.409999999999998,91.66772002916976,3.939540650168538e-05
11.419999999999998,92.58045219776325,4.040987115278284e-05
11.429999999999998,93.50227210781357,4.147667177681833e-05
11.439999999999998,94.43327022408826,4.259875517745415e-05
11.449999999999998,95.37353791069869,4.37792494695811e-05
11.459999999999999,96.32316743996293,4.502147375823034e-05
11.469999999999999,97.28225200135067,4.6328948189236235e-05
11.479999999999999,98.25088571051327,4.7705404378843045e-05
11.489999999999998,99.22916361796852,4.915496168599933e-05
11.499999999999998,100.21718171746132,5.0682462367162346e-05
11.509999999999998,101.21503695681082,5.22928779278419e-05
11.519999999999998,102.22282724662008,5.399157597449815e-05
11.529999999999998,103.2406514696151,5.5784376959821003e-05
11.539999999999997,104.26860949011419,5.767759391319288e-05
11.549999999999999,105.30680216364587,5.967802484271456e-05
11.559999999999999,106.35533134720086,6.179254024203292e-05
11.569999999999999,107.41429990823106,6.402865404271684e-05
11.579999999999998,108.48381173456073,6.639448475076511e-05
11.589999999999998,109.56397174439874,6.889870455515133e-05
11.599999999999998,110.65488589632858,7.15505662242864e-05
11.609999999999998,111.75666119935906,7.435993691034845e-05
11.619999999999997,112.86940572030896,7.733811669197441e-05
11.629999999999999,113.99322859547159,8.049746041917421e-05
11.639999999999999,115.1282400425213,8.385095456881149e-05
11.649999999999999,116.27455136955396,8.741263633522228e-05
11.659999999999998,117.43227498539785,9.119767404639498e-05
11.669999999999998,118.60152440999684,9.522245137623757e-05
11.679999999999998,119.78241428339963,9.950492116674142e-05
11.689999999999998,120.97506037451524,0.00010406501847475725
11.699999999999998,122.17957959578413,0.00010892401720662111
11.709999999999999,123.39609001194101,0.0001141049754166284
11.719999999999999,124.62471085050115,0.000119632884500149
11.729999999999999,125.8655625123809,0.00012553481120783157
11.739999999999998,127.118766581463,0.00013184026273956742
11.749999999999998,128.38444582832955,0.00013858270758976122
11.759999999999998,129.6627242300328,0.00014579798470691085
11.769999999999998,130.95372697871002,0.0001535249069994143
11.779999999999998,132.25758049117812,0.00016180569117340944
11.789999999999997,133.57441241950443,0.0001706862147607438
11.799999999999999,134.90435166119448,0.00018021635110777444
11.809999999999999,136.24752835081813,0.00019045330129957832
11.819999999999999,137.60407388424798,0.00020145970588347133
11.829999999999998,138.9741209353743,0.00021330298084834662
11.839999999999998,140.35780345934668,0.00022605683373589353
11.849999999999998,141.75525670221904,0.00023980176797448348
11.859999999999998,143.16661721055374,0.0002546256100985821
11.869999999999997,144.5920228236465,0.0002706268579293052
11.879999999999999,146.03161266810673,0.0002879176641052702
11.889999999999999,147.48552720221434,0.0003066187963667267
11.899999999999999,148.95390820888116,0.00032686289362671964
11.909999999999998,150.43689879830282,0.0003487962003340311
11.919999999999998,151.93464338066332,0.00037258539413487256
11.929999999999998,153.44728771161425,0.00039841204217909546
11.939999999999998,154.9749788926747,0.00042647472067268476
11.949999999999998,156.5178653727744,0.00045699094040255954
11.959999999999997,158.07609689401767,0.0004902086134126835
11.969999999999999,159.6498244952547,0.0005264076358684435
11.979999999999999,161.2392005558211,0.0005658946029978264
11.989999999999998,162.84437875847956,0.0006090112629872876
11.999999999999998,164.4655140483667,0.0006561435239450933
12.009999999999998,166.10276267497147,0.0007077166959235648
12.019999999999998,167.7562821656783,0.0007642020898304075
12.029999999999998,169.42623121692617,0.0008261374365537372
12.039999999999997,171.11276972690027,0.0008941236022423447
12.049999999999999,172.81605877318958,0.0009688304269075959
12.059999999999999,174.53626049687537,0.0010510177602727092
12.069999999999999,176.27353813383138,0.0011415327728852775
12.079999999999998,178.02805592367656,0.0012413271554171385
12.089999999999998,179.79997894325768,0.0013514868249161407
12.099999999999998,181.58947318152048,0.0014732217099081078
12.109999999999998,183.39670534248023,0.0016079003093386996
12.119999999999997,185.22184265149653,0.001757083642196563
12.129999999999999,187.06505284687765,0.0019225289762741379
12.139999999999999,188.92650391209096,0.0021062361593943116
12.149999999999999,190.80636401049327,0.0023104604775668544
12.159999999999998,192.7048010800014,0.002537781661453629
12.169999999999998,194.62198273719844,0.0027911218621319606
12.179999999999998,196.55807588528467,0.003073812537264908
12.189999999999998,198.5132463127673,0.0033896628595617906
12.199999999999998,200.4876583349642,0.0037430213965046625
12.209999999999997,202.48147435286216,0.004138851290384155
12.219999999999999,204.49485415952017,0.004582847539197588
12.229999999999999,206.52795441248617,0.005081526673178764
12.239999999999998,208.58092767216215,0.005642389057365362
12.249999999999998,210.65392174319572,0.006274030520666763
12.259999999999998,212.7470783230901,0.006986370535717822
12.269999999999998,214.86053188273365,0.007790841386643777
12.279999999999998,216.99440824842588,0.008700627750254299
12.289999999999997,219.14882274021278,0.009730981551626907
12.299999999999999,221.323878249051,0.010899547216168417
12.309999999999999,223.51966275999644,0.012226780974824724
12.319999999999999,225.73624652541866,0.0137364304494526
12.329999999999998,227.9736786717151,0.015456110646128575
12.339999999999998,230.2319833780036,0.01741795344536615
12.349999999999998,232.51115506176626,0.019659427451994286
12.359999999999998,234.8111528510633,0.022224280416139015
12.369999999999997,237.13189399888145,0.02516366417929864
12.379999999999997,239.47324614174295,0.028537459002692455
12.389999999999999,241.8350176804376,0.03241592237721702
12.399999999999999,244.21694697700917,0.036881543449180446
12.409999999999998,246.61868891494032,0.04203135457806423
12.419999999999998,249.03979908058517,0.04797965638328291
12.429999999999998,251.4797147991507,0.05486129085625595
12.439999999999998,253.937732496973,0.06283555473992208
12.449999999999998,256.4129801793345,0.07209096610274547
12.459999999999997,258.9043850324174,0.08285088374260913
12.469999999999999,261.41063393820724,0.09538036734639822
12.479999999999999,263.93012621381996,0.10999440082773339
12.489999999999998,266.46091664992264,0.12706781812618853
12.499999999999998,269.0006469603686,0.14704726415929253
12.509999999999998,271.5464626779951,0.17046571341528216
12.519999999999998,274.09491372816996,0.19795985796047783
12.529999999999998,276.64183368843317,0.2302912424481477
12.539999999999997,279.1821945448851,0.26837170584059405
12.549999999999999,281.7099314715354,0.3132940875613148
12.559999999999999,284.217731502261,0.3663692663960473
12.569999999999999,286.69677986023703,0.42917061034246
12.579999999999998,289.13645432751605,0.5035874935644069
12.589999999999998,291.5239605840225,0.5918890689299561
12.599999999999998,293.843896555101,0.6968003032054952
12.609999999999998,296.07773596082575,0.8215918484852478
12.619999999999997,298.2032194735882,0.9701855465887572
12.629999999999997,300.1936448416431,1.1472767168904443
12.639999999999999,302.0170482605321,1.3584740184827968
12.649999999999999,303.6352760804851,1.6104561862369449
12.659999999999998,305.0029563833312,1.911142721234139
12.669999999999998,306.0663953191958,2.2698723450930673
12.679999999999998,306.7624506139802,2.6975773279686033
12.689999999999998,307.01746668226116,3.206935405833339
12.699999999999998,306.74641187491676,3.8124696028088754
12.709999999999997,305.85242050746484,4.530554179264418
12.719999999999999,304.2270230978791,5.379269299685833
12.729999999999999,301.7514387040155,6.37803014247429
12.739999999999998,298.2993759040385,7.5469038719934725
12.749999999999998,293.74182787359774,8.905523674969745
12.759999999999998,287.95429931176517,10.47152408436601
12.769999999999998,280.8267010891177,12.258469568471291
12.779999999999998,272.27575853923224,14.273334489775085
12.789999999999997,262.2591205445718,16.51373558032387
12.799999999999997,250.78960555557018,18.96526871349183
12.809999999999999,237.94717556428643,21.599472962753218
12.819999999999999,223.8857723618867,24.37301676491831
12.829999999999998,208.83232979828185,27.228633709368356
12.839999999999998,193.07635724806062,30.098074164690043
12.849999999999998,176.95039124986178,32.90691026663426
12.859999999999998,160.8038334316246,35.58055620251711
12.869999999999997,144.97447296904548,38.050507616650066
12.879999999999997,129.76253248884092,40.25973418903471
12.889999999999999,115.4113644141855,42.16636530920858
12.899999999999999,102.09702370892109,43.74526428600452
12.909999999999998,89.92681332910105,44.98756938920029
12.919999999999998,78.94513022913374,45.898662741007236
12.929999999999998,69.14404703132257,46.49519854603718
12.939999999999998,60.475969817739376,46.801815423389726
12.949999999999998,52.86621388337595,46.848017747529134
12.959999999999997,46.22409102269032,46.66552500178699
12.969999999999999,40.45182106963173,46.28621745752553
12.979999999999999,35.45113006041914,45.74068105684355
12.989999999999998,31.12774363599015,45.05727819655582
12.999999999999998,27.394149543500962,44.2616392340556
13.009999999999998,24.17104052395212,43.37646572539165
13.019999999999998,21.387819058638815,42.421547910481706
13.029999999999998,18.982480016169244,41.41391778390865
13.039999999999997,16.90111213256195,40.368078983927006
13.049999999999997,15.097193211849815,39.29627182391768
13.059999999999999,13.530798722638373,38.20874570382179
13.069999999999999,12.167801246405412,37.11402161768886
13.079999999999998,10.979106750486048,36.01913512714855
13.089999999999998,9.93995368508674,34.92985495529754
13.099999999999998,9.029285994534705,33.85087584820842
13.109999999999998,8.229202094148638,32.78598637606094
13.119999999999997,7.524477854382507,31.738213209783414
13.129999999999997,6.902155522845437,30.709944632368515
13.139999999999999,6.3511950404581805,29.703035018208396
13.149999999999999,5.862176799582475,28.71889348668977
13.159999999999998,5.427051205962304,27.758558425642114
13.169999999999998,5.03892719296822,26.8227602305212
13.179999999999998,4.6918942515902895,25.91197397022885
13.189999999999998,4.3808727235886415,25.026463557661515
13.199999999999998,4.101487887233281,24.16631878334681
13.209999999999997,3.8499640480204764,23.33148634730967
13.219999999999999,3.623035394908888,22.521795862563337
13.229999999999999,3.417870903706759,21.7369816438747
13.239999999999998,3.2320110014801067,20.97670096619422
13.249999999999998,3.063314078705539,20.240549365584815
13.259999999999998,2.9099112506045417,19.52807346151566
13.269999999999998,2.7701680334205756,18.83878170070478
13.279999999999998,2.642651822856667,18.172153356740363
13.289999999999997,2.5261042466499446,17.527646064703813
13.299999999999997,2.4194176172777975,16.904702124122387
13.309999999999999,2.321614839662172,16.30275376512514
13.319999999999999,2.2318322409949967,15.721227539234055
13.329999999999998,2.149304813103298,15.159547989082972
13.339999999999998,2.073353626462268,14.617140670105387
13.349999999999998,2.003374957354602,14.093434665324288
13.359999999999998,1.938830919387204,13.58786465510721
13.369999999999997,1.879241380709338,13.099872609560048
13.379999999999997,1.82417697378945,12.62890916295251
13.389999999999999,1.7732530359429528,12.174434719372263
13.399999999999999,1.7261243478677495,11.735920330610309
13.409999999999998,1.6824805410796795,11.312848385814233
13.419999999999998,1.6420421328383612,10.904713125575155
13.429999999999998,1.6045570176282993,10.511021033332874
13.439999999999998,1.5697974335414384,10.131291098138576
13.449999999999998,1.5375572734880967,9.765054988485169
13.459999999999997,1.5076497496699326,9.411857134940144
13.469999999999997,1.479905324966383,9.071254747712178
13.479999999999999,1.4541698954046791,8.742817774394874
13.489999999999998,1.4303031858504742,8.42612880862142
13.499999999999998,1.4081773309816212,8.120782958513004
13.509999999999998,1.3876756182989607,7.826387681916202
13.519999999999998,1.3686913748458915,7.542562593466722
13.529999999999998,1.3511269768962648,7.268939249860364
13.539999999999997,1.3348929692885347,7.005160917099559
13.549999999999997,1.3199072871399298,6.750882321591456
13.559999999999999,1.306094544150371,6.505769396015034
13.569999999999999,1.2933854202526467,6.269499009271164
13.579999999999998,1.281716091339596,6.041758697958328
13.589999999999998,1.2710277357885704,5.822246388343832
13.599999999999998,1.2612660798433146,5.610670120295561
13.609999999999998,1.252380995467302,5.406747768412148
13.619999999999997,1.244326136698742,5.210206764481497
13.629999999999997,1.2370586108310806,5.020783822046546
13.639999999999999,1.2305386851204536,4.838224662396563
13.649999999999999,1.224729517047679,4.662283745432998
13.659999999999998,1.2195969162965674,4.492724002557629
13.669999999999998,1.2151091230713984,4.329316576045142
13.679999999999998,1.2112366131856407,4.171840561128709
13.689999999999998,1.2079519157870233,4.020082755071443
13.699999999999998,1.2052294523725824,3.8738374100961988
13.709999999999997,1.2030453867167374,3.7329059931481905
13.719999999999997,1.2013774909547437,3.5970969504640484
13.729999999999999,1.2002050209422088,3.466225478846669
13.739999999999998,1.1995086060122166,3.3401133017003803
13.749999999999998,1.1992701479862513,3.2185884511610396
13.759999999999998,1.1994727205370288,3.101485058901409
13.769999999999998,1.200100489428893,2.988643148696879
13.779999999999998,1.2011386343333912,2.8799084366911165
13.789999999999997,1.2025732713033366,2.775132139335775
13.799999999999997,1.2043913920571085,2.674170783657411
13.809999999999999,1.2065808024549416,2.5768860251580117
13.819999999999999,1.2091300630811677,2.4831444722227465
13.829999999999998,1.212028442104795,2.3928175134576772
13.839999999999998,1.2152658666903964,2.3057811522008786
13.849999999999998,1.2188328777214574,2.22191584641684
13.859999999999998,1.222720592258081,2.1411063523618266
13.869999999999997,1.226920665140092,2.06324157447253
13.879999999999997,1.2314252540346602,1.9882144199478085
13.889999999999997,1.2362269894124258,1.9159216574526927
13.899999999999999,1.241318944110633,1.8462637813045824
13.909999999999998,1.2466946061420157,1.7791448798603888
13.919999999999998,1.252347854441911,1.7144725079959386
13.929999999999998,1.2582729346729,1.6521575643807052
13.939999999999998,1.2644644378180103,1.5921141726107941
13.949999999999998,1.2709172805461515,1.5342595663184926
13.959999999999997,1.2776266858805658,1.4785139784945989
13.969999999999997,1.2845881661741403,1.4248005343350718
13.979999999999999,1.2917975071028296,1.3730451478189913
13.989999999999998,1.2992507518579488,1.3231764220664535
13.999999999999998,1.3069441880550607,1.2751255527730343
14.009999999999998,1.3148743349771193,1.2288262351272332
14.019999999999998,1.3230379315042922,1.1842145740090266
14.029999999999998,1.3314319217344446,1.1412289979998715
14.039999999999997,1.3400534472885168,1.0998101751454838
14.049999999999997,1.3488998375559995,1.0599009322541808
14.059999999999999,1.3579686002610951,1.0214461770991625
14.069999999999999,1.3672574102596833,0.984392823773796
14.079999999999998,1.3767641037160454,0.9486897198420919
14.089999999999998,1.3864866706959977,0.9142875764311519
14.099999999999998,1.3964232478665315,0.8811389008656934
14.109999999999998,1.4065721101171764,0.8491979318825285
14.119999999999997,1.4169316657468105,0.8184205767462982
14.129999999999997,1.4275004507849014,0.788764350768352
14.139999999999997,1.4382771233366072,0.760188319027115
14.149999999999999,1.4492604573456498,0.7326530402030951
14.159999999999998,1.46044933857196,0.706120512327965
14.169999999999998,1.4718427601939696,0.6805541205164772
14.179999999999998,1.4834398184144038,0.6559185865868165
14.189999999999998,1.4952397077015465,0.6321799203983601
14.199999999999998,1.5072417175025834,0.6093053730644882
14.209999999999997,1.5194452288085663,0.587263391812286
14.219999999999997,1.531849710703251,0.5660235764455723
14.229999999999999,1.544454716710125,0.5455566373250498
14.239999999999998,1.5572598821043369,0.5258343549641765
14.249999999999998,1.5702649212068271,0.506829541065453
14.259999999999998,1.583469624659882,0.48851600094476666
14.269999999999998,1.596873856592614,0.47086849719537005
14.279999999999998,1.6104775524303485,0.4538627148505949
14.289999999999997,1.6242807167498599,0.4374752277797123
14.299999999999997,1.6382834211162718,0.421683466250651
14.309999999999997,1.6524858018658932,0.4064656855701755
14.319999999999999,1.6668880583232788,0.39180093602624844
14.329999999999998,1.681490451092458,0.37766903390968204
14.339999999999998,1.6962933003320875,0.36405053353228745
14.349999999999998,1.7112969840112169,0.35092670017249955
14.359999999999998,1.7265019364594187,0.3382794841497908
14.369999999999997,1.741908647000367,0.32609149584645303
14.379999999999997,1.7575176585729944,0.3143459815776986
14.389999999999997,1.7733295663509643,0.3030268002476926
14.399999999999999,1.7893450165660585,0.29211840099448366
14.409999999999998,1.8055647054140478,0.2816058016692506
14.419999999999998,1.821989377949684,0.27147456802447484
14.429999999999998,1.8386198269957075,0.2617107936080433
14.439999999999998,1.8554568921851382,0.25230108046777405
14.449999999999998,1.872501459088926,0.24323252062080192
14.459999999999997,1.889754458330556,0.23449267811260563
14.469999999999997,1.9072168647014267,0.2260695716456512
14.479999999999999,1.924889696411417,0.2179516579901616
14.489999999999998,1.942774014408695,0.2101278160474184
14.499999999999998,1.9608709216814437,0.2025873313997584
14.509999999999998,1.9791815625695757,0.1953198813740013
14.519999999999998,1.9977071219823181,0.18831552042140276
14.529999999999998,2.0164488250556647,0.18156466671441915
14.539999999999997,2.035407936549261,0.17505808873661946
14.549999999999997,2.054585760332082,0.16878689245298642
14.559999999999997,2.0739836387650823,0.16274250885824815
14.569999999999999,2.0936029523206163,0.15691668211123597
14.579999999999998,2.1134451191955397,0.15130145806584772
14.589999999999998,2.1335115948699217,0.14588917314523053
14.599999999999998,2.153803871733065,0.14067244383297334
14.609999999999998,2.1743234787417913,0.13564415675465608
14.619999999999997,2.195071981056646,0.1307974581678435
14.629999999999997,2.216050979732996,0.12612574457726425
14.639999999999997,2.23726211142761,0.12162265352912492
14.649999999999999,2.2587070482240144,0.11728205548426422
14.659999999999998,2.2803874973058536,0.11309804469855189
14.669999999999998,2.3023052007104416,0.10906493088122216
14.679999999999998,2.3244619351276903,0.10517723135866372
14.689999999999998,2.3468595117409006,0.10142966373906218
14.699999999999998,2.369499776089668,0.09781713889735502
14.709999999999997,2.3923846078197832,0.09433475315460146
14.719999999999997,2.415515920567877,0.09097778170014588
14.729999999999997,2.4388956618329005,0.08774167203202726
14.739999999999998,2.462525812925006,0.08462203821960748
14.749999999999998,2.4864083888033774,0.08161465423315041
14.759999999999998,2.5105454379901233,0.07871544807317458
14.769999999999998,2.5349390425017284,0.07592049615220922
14.779999999999998,2.559591317815104,0.07322601812372785
14.789999999999997,2.584504412828832,0.07062837172744157
14.799999999999997,2.6096805097861715,0.06812404729374277
14.809999999999997,2.6351218242659913,0.06570966302577501
14.819999999999999,2.6608306051749646,0.06338196036204675
14.829999999999998,2.6868091347902974,0.061137799978621635
14.839999999999998,2.713059728708174,0.05897415671168433
14.849999999999998,2.73958473587166,0.05688811545697946
14.859999999999998,2.7663865386000026,0.05487686711750963
14.869999999999997,2.7934675526209394,0.05293770461629791
14.879999999999997,2.820830227201904,0.051068020122684105
14.889999999999997,2.848477045191355,0.049265301221011394
14.899999999999999,2.8764105230033374,0.047527126417130056
14.909999999999998,2.904633210735936,0.04585116227075334
14.919999999999998,2.9331476922536655,0.044235160108187246
14.929999999999998,2.961956585289722,0.042676953024078916
14.939999999999998,2.9910625416061536,0.04117445374197734
14.949999999999998,3.0204682470265043,0.03972565054394493
14.959999999999997,3.050176421570819,0.03832860472450605
14.969999999999997,3.080189819585499,0.03698144795043943
14.979999999999997,3.1105112298741435,0.03568237961732759
14.989999999999998,3.1411434758858605,0.0344296650304411
14.999999999999998,3.172089415849861,0.03322163278028927
15.009999999999998,3.20335194289225,0.032056671836360615
15.019999999999998,3.2349339852209122,0.030933229616401742
15.029999999999998,3.2668385062946377,0.029849809800623656
15.039999999999997,3.299068505009435,0.028804970374193262
15.049999999999997,3.331627015928514,0.027797322289703233
15.059999999999997,3.364517109413342,0.026825526630485895
15.069999999999999,3.397741891838016,0.025888292979260777
15.079999999999998,3.431304505798283,0.02498437767419496
15.089999999999998,3.4652081303227824,0.02411258206327657
15.099999999999998,3.4994559811059345,0.02327175124162398
15.109999999999998,3.5340513107265865,0.022460772288735612
15.119999999999997,3.5689974088681247,0.02167857243725808
15.129999999999997,3.6042976025610325,0.020924117745009973
15.139999999999997,3.639955256424848,0.020196411642035728
15.149999999999997,3.675973772924463,0.019494493648713206
15.159999999999998,3.7123565926572506,0.018817438504642015
15.169999999999998,3.749107194570408,0.018164354235921422
15.179999999999998,3.7862290962411405,0.017534381097882745
15.189999999999998,3.823725854152735,0.016926690414399988
15.199999999999998,3.861601063973868,0.016340483419896162
15.209999999999997,3.899858360856668,0.015774990453189155
15.219999999999997,3.9385014197222095,0.015229469750576041
15.229999999999997,3.977533955550277,0.014703206242707625
15.239999999999998,4.016959723686882,0.014195510676564833
15.249999999999998,4.056782520152412,0.013705718653183938
15.259999999999998,4.09700618195934,0.01323318977919814
15.269999999999998,4.137634587444955,0.012777307048194396
15.279999999999998,4.1786716565780555,0.012337475592488363
15.289999999999997,4.220121351295788,0.011913121977427606
15.299999999999997,4.261987675841168,0.011503693422860999
15.309999999999997,4.304274677105103,0.011108657029890624
15.319999999999999,4.346986444989112,0.01072749928125951
15.329999999999998,4.390127112754504,0.010359725254966437
15.339999999999998,4.433700857370974,0.010004857760386048
15.349999999999998,4.477711899888375,0.009662436786683383
15.359999999999998,4.522164505807468,0.009332018865095677
15.369999999999997,4.567062985457148,0.009013176484540246
15.379999999999997,4.612411694382284,0.008705497694731902
15.389999999999997,4.658215033723942,0.008408585303026437
15.399999999999997,4.704477450613877,0.00812205637620306
15.409999999999998,4.751203438573621,0.007845541732439423
15.419999999999998,4.79839753791829,0.007578685427411105
15.429999999999998,4.846064336174292,0.007321144383665337
15.439999999999998,4.89420846849681,0.00707258794913929
15.449999999999998,4.942834618079302,0.0068326972641050004
15.459999999999997,4.991947516586033,0.006601164909028114
15.469999999999997,5.041551944584586,0.006377694480759782
15.479999999999997,5.091652731984636,0.006162000195329004
15.489999999999998,5.142254758489578,0.005953806641352984
15.499999999999998,5.193362954038477,0.005752848254637001
15.509999999999998,5.244982299262132,0.005558868964584185
15.519999999999998,5.297117825945518,0.005371621867156101
15.529999999999998,5.349774617494701,0.005190868884553102
15.539999999999997,5.402957809412012,0.0050163804902213505
15.549999999999997,5.456672589777378,0.004847935452630703
15.559999999999997,5.510924199726681,0.004685320403225911
15.569999999999999,5.56571793394458,0.004528329598468109
15.579999999999998,5.621059141160671,0.004376764639174365
15.589999999999998,5.676953224651875,0.004230434201411693
15.599999999999998,5.7334056427589815,0.00408915387715887
15.609999999999998,5.790421909394172,0.0039527458412933255
15.619999999999997,5.848007594560023,0.0038210385934306416
15.629999999999997,5.906168324877974,0.003693866749020574
15.639999999999997,5.964909784120828,0.003571070813379774
15.649999999999997,6.024237713752961,0.0034524969822849146
15.659999999999998,6.084157913476532,0.0033379970137019732
15.669999999999998,6.144676241780738,0.0032274278887088666
15.679999999999998,6.2057986164982,0.0031206516918626174
15.689999999999998,6.267531015369698,0.0030175354096281296
15.699999999999998,6.3298794766140265,0.002917950750995289
15.709999999999997,6.392850099511367,0.002821774054217071
15.719999999999997,6.456449044980867,0.002728886060509192
15.729999999999997,6.5206825361664364,0.002639171713157368
15.739999999999998,6.585556859034848,0.0025525200291831073
15.749999999999998,6.651078362977444,0.002468823944997525
15.759999999999998,6.717253461418297,0.0023879801666559165
15.769999999999998,6.78408863244279,0.002309889120639735
15.779999999999998,6.85159041942934,0.0022344548870636078
15.789999999999997,6.919765431644705,0.002161584848825626
15.799999999999997,6.988620344893514,0.002091189668651974
15.809999999999997,7.058161902159919,0.0020231831748328917
15.819999999999997,7.128396914255395,0.0019574822500807746
15.829999999999998,7.1993322604834376,0.001894006718978863
15.839999999999998,7.270974889349352,0.0018326792159723665
15.849999999999998,7.343331819158957,0.001773425133924773
15.859999999999998,7.416410138712893,0.001716172520840341
15.869999999999997,7.490217007994917,0.0016608519898864763
15.879999999999997,7.56475965886137,0.001607396638070295
15.889999999999997,7.640045395740474,0.0015557419603820831
15.899999999999997,7.716081596416867,0.0015058255301474129
15.909999999999998,7.792875712671114,0.0014575871456533004
15.919999999999998,7.870435270984076,0.0014109688048091985
15.929999999999998,7.948767873286638,0.0013659145676053568
15.939999999999998,8.027881197693603,0.00132237049164907
15.949999999999998,8.107782999244598,0.0012802845719471
15.959999999999997,8.188481110718794,0.00123960653794455
15.969999999999997,8.269983443401447,0.001200287775982348
15.979999999999997,8.352297987746343,0.001162281499911682
15.989999999999998,8.435432814201862,0.0011255425817728287
15.999999999999998,8.519396073992459,0.0010900274997569875
16.009999999999998,8.60419599990745,0.0010556942899161014
16.019999999999996,8.689840907126364,0.0010225024462037675
16.029999999999998,8.77633919411019,0.0009904127144741144
16.04,8.863699343271017,0.0009593873183974776
16.049999999999997,8.951929921842353,0.0009293898269313585
16.06,9.041039582717348,0.0009003850990499093
16.069999999999997,9.131037065287334,0.0008723392444197496
16.08,9.22193119629716,0.0008452195753120803
16.089999999999996,9.313730890818519,0.0008189944138278286
16.099999999999998,9.406445152989832,0.0007936332232212174
16.109999999999996,9.500083076892253,0.0007691065704649564
16.119999999999997,9.594653847458584,0.0007453860586327617
16.13,9.690166741364708,0.0007224442948251224
16.139999999999997,9.786631127929656,0.0007002548600546083
16.15,9.884056470154825,0.0006787921691925579
16.159999999999997,9.98245232558464,0.0006580314924227183
16.169999999999998,10.081828347113882,0.000637949031794332
16.179999999999996,10.1821942840025,0.0006185218289309827
16.189999999999998,10.283559982821961,0.0005997277408340614
16.2,10.38593538840953,0.0005815454175213219
16.209999999999997,10.489330544831368,0.0005639542815003509
16.22,10.593755596415983,0.0005469344615588275
16.229999999999997,10.699220789046887,0.0005304665356417441
16.24,10.805736470678525,0.000514531878700654
16.249999999999996,10.913313092467225,0.0004991125463117215
16.259999999999998,11.021961209829653,0.00048419122274082717
16.269999999999996,11.131691483467764,0.0004697512025775987
16.279999999999998,11.24251468040347,0.000455776373714242
16.29,11.35444167502185,0.00044225120165993545
16.299999999999997,11.467483450378486,0.00042916059886547093
16.31,11.58165109918722,0.0004164899455526996
16.319999999999997,11.69695582461557,0.00040422520371625656
16.33,11.813408941544878,0.0003923528246086698
16.339999999999996,11.931021877670364,0.0003808597345611339
16.349999999999998,12.049806174611579,0.0003697333218510883
16.359999999999996,12.169773489031948,0.0003589614246167358
16.369999999999997,12.290935593830254,0.0003485322978360293
16.38,12.413304379642748,0.00033843447356455897
16.389999999999997,12.53689185546785,0.0003286569394937677
16.4,12.66171014996001,0.0003191890828394965
16.409999999999997,12.787771512663756,0.00031002066000074247
16.419999999999998,12.915088315205404,0.0003011417861135657
16.429999999999996,13.043673052494515,0.00029254292539440907
16.439999999999998,13.173538343936572,0.00028421488227272756
16.449999999999996,13.304696934936443,0.00027614871902479645
16.459999999999997,13.437161698092485,0.0002683357589254537
16.47,13.570945634075542,0.0002607676760537187
16.479999999999997,13.706061873106629,0.0002534364305442249
16.49,13.842523676235311,0.00024633426007327896
16.499999999999996,13.980344436628751,0.0002394536719595155
16.509999999999998,14.119537680872682,0.00023278743585029746
16.519999999999996,14.260117070346922,0.00022632856755863115
16.529999999999998,14.402096402991031,0.0002200702577679359
16.54,14.545489614026586,0.00021400595660759993
16.549999999999997,14.690310777441846,0.00020812934820585967
16.56,14.836574107434673,0.00020243433364062994
16.569999999999997,14.984293959795679,0.00019691502486368406
16.58,15.13348483330422,0.00019156573908405048
16.589999999999996,15.284161371135687,0.0001863809936106885
16.599999999999998,15.436338362591185,0.00018135546137409178
16.609999999999996,15.59003074453601,0.00017648396578354397
16.619999999999997,15.74525360237096,0.00017176153776722386
16.63,15.902022171762281,0.0001671833771969096
16.639999999999997,16.0603518401267,0.0001627448478831101
16.65,16.22025814812868,0.0001584414730128953
16.659999999999997,16.381756791190124,0.00015426893093008277
16.669999999999998,16.54486362108594,0.00015022304540275076
16.679999999999996,16.70959464805042,0.00014629973565892052
16.689999999999998,16.875966041534998,0.00014249507760886914
16.699999999999996,17.04399413192839,0.0001388052880994162
16.709999999999997,17.213695412251564,0.0001352267126982361
16.72,17.385086539761016,0.00013175582226253386
16.729999999999997,17.55818433756648,0.00012838920978429594
16.74,17.733005796262436,0.0001251235875121308
16.749999999999996,17.909568075616097,0.00012195578165732577
16.759999999999998,18.087888507108165,0.00011888267520236231
16.769999999999996,18.267984594644943,0.00011590126563038158
16.779999999999998,18.449874016198088,0.00011300866609962785
16.79,18.633574625780497,0.00011020208677003324
16.799999999999997,18.819104455184323,0.00010747883211758137
16.81,19.006481715734008,0.00010483629844841275
16.819999999999997,19.195724800053714,0.00010227197161268122
16.83,19.386852283858413,9.978342461841027e-05
16.839999999999996,19.579882928526438,9.736828511793631e-05
16.849999999999998,19.774835682348442,9.502425603300498e-05
16.859999999999996,19.971729681940715,9.274913043263919e-05
16.869999999999997,20.170584254472434,9.054077509235358e-05
16.88,20.37141891954647,8.83971284928446e-05
16.889999999999997,20.574253391097223,8.631619897015706e-05
16.9,20.779107579304675,8.429606301733581e-05
16.909999999999997,20.986001592524055,8.23348637375693e-05
16.919999999999998,21.194955739887398,8.043079065310987e-05
16.929999999999996,21.405990533197258,7.858208042407029e-05
16.939999999999998,21.61912668795874,7.678704296495773e-05
16.949999999999996,21.834385125940248,7.504404424648746e-05
16.959999999999997,22.051786977212263,7.335150474098306e-05
16.97,22.271353582201602,7.170789800804605e-05
16.979999999999997,22.493106493764113,7.011174939244306e-05
16.99,22.717067479274974,6.856163483421659e-05
16.999999999999996,22.943258523217782,6.705617021786356e-05
17.009999999999998,23.171701829759616,6.559400148423644e-05
17.019999999999996,23.402419823491698,6.41738316259191e-05
17.029999999999998,23.635435152254928,6.279440674873191e-05
17.04,23.870770689369934,6.145451440387861e-05
17.049999999999997,24.10844953586222,6.015298249516819e-05
17.06,24.348495022706494,5.8888678269086833e-05
17.069999999999997,24.5909307130892,5.766050738772429e-05
17.08,24.83578040502015,5.64674090291151e-05
17.089999999999996,25.08306813450664,5.53083443463578e-05
17.099999999999998,25.33281817618591,5.418231663074386e-05
17.109999999999996,25.5850550462985,5.308836288622982e-05
17.119999999999997,25.839803505161623,5.202555191068211e-05
17.13,26.09708855957762,5.0992983481029616e-05
17.139999999999997,26.356935465263998,4.998978760148416e-05
17.15,26.61936972930419,4.9015123814833255e-05
17.159999999999997,26.884417112816422,4.806817871127254e-05
17.169999999999998,27.152103634631594,4.714815421324457e-05
17.179999999999996,27.422455572029637,4.6254283783597825e-05
17.189999999999998,27.695499463727103,4.538582772191042e-05
17.199999999999996,27.97126211264779,4.454207074662958e-05
17.209999999999997,28.249770588531902,4.372232136902343e-05
17.22,28.531052230566207,4.292591131385007e-05
17.229999999999997,28.815134650037606,4.215219498673608e-05
17.24,29.102045733134908,4.140054823888733e-05
17.249999999999996,29.391813645367424,4.0670357664314095e-05
17.259999999999998,29.68446683204135,3.996103359590783e-05
17.269999999999996,29.980034021185265,3.9272008666674304e-05
17.279999999999998,30.278544226793585,3.8602734666420724e-05
17.289999999999996,30.58002675164097,3.795268212710394e-05
17.299999999999997,30.884511190122115,3.7321339947624606e-05
17.31,31.192027431113647,3.6708215058074574e-05
17.319999999999997,31.50260566086072,3.6112832123431666e-05
17.33,31.81627636588734,3.5534733286704295e-05
17.339999999999996,32.133070336752134,3.49734740209348e-05
17.349999999999998,32.453018674047264,3.44286084264399e-05
17.359999999999996,32.77615278572166,3.389971611391519e-05
17.369999999999997,33.10250439198615,3.3386393031652344e-05
17.38,33.432105528801664,3.2888249205523534e-05
17.389999999999997,33.76498855098976,3.2404908441178344e-05
17.4,34.10118613536941,3.193600805339917e-05
17.409999999999997,34.44073128391879,3.148119862261655e-05
17.419999999999998,34.78365732696519,3.104014377858038e-05
17.429999999999996,35.1299979263992,3.0612520011191955e-05
17.439999999999998,35.479787080649096,3.0198011982255524e-05
17.449999999999996,35.833059129180036,2.9796309169239723e-05
17.459999999999997,36.1898487508319,2.9407118712781973e-05
17.47,36.550190969577386,2.9030158962272075e-05
17.479999999999997,36.9141211580068,2.8665159061877894e-05
17.49,37.28167504076027,2.831185876985243e-05
17.499999999999996,37.652888697987414,2.7970008298234128e-05
17.509999999999998,38.02779856883785,2.7639368172937176e-05
17.519999999999996,38.40644145497843,2.731970911423574e-05
17.529999999999998,38.78885452414873,2.701081192440034e-05
17.539999999999996,39.17507531710521,2.671246126778181e-05
17.549999999999997,39.56514174910081,2.6424449488228393e-05
17.56,39.95909211073709,2.6146581639004057e-05
17.569999999999997,40.35696507376936,2.587867156064428e-05
17.58,40.75879969486311,2.5620541766004575e-05
17.589999999999996,41.16463541938068,2.537202334036495e-05
17.599999999999998,41.57451208520196,2.513295585658814e-05
17.609999999999996,41.988469926574425,2.4903187305334337e-05
17.619999999999997,42.40654957799735,2.46825740403296e-05
17.63,42.828792078397626,2.4470980492020377e-05
17.639999999999997,43.25523887962792,2.4268274858017106e-05
17.65,43.68593184483483,2.4074334375930055e-05
17.659999999999997,44.120913252565984,2.388904523648275e-05
17.669999999999998,44.560225802204044,2.3712301294488656e-05
17.679999999999996,45.003912618111215,2.3544004036634058e-05
17.689999999999998,45.45201725381108,2.338406256127541e-05
17.699999999999996,45.90458369620301,2.3232393570253167e-05
17.709999999999997,46.36165636981412,2.3088921372720127e-05
17.72,46.82328014108374,2.2953577900986138e-05
17.729999999999997,47.28950032366841,2.2826302442447512e-05
17.74,47.76036268719684,2.270704035629824e-05
17.749999999999996,48.23591345394989,2.259574544441752e-05
17.759999999999998,48.71619930566232,2.2492379300945444e-05
17.769999999999996,49.20126738870891,2.2396911169566603e-05
17.779999999999998,49.691165318681044,2.2309318007501513e-05
17.789999999999996,50.18594118499915,2.2229584560452276e-05
17.799999999999997,50.68564355556629,2.2157703448501463e-05
17.81,51.19032148145777,2.209367526296511e-05
17.819999999999997,51.700024501651036,2.2037508674199136e-05
17.83,52.21480264978135,2.1989220984995205e-05
17.839999999999996,52.73470646304577,2.194883915674756e-05
17.849999999999998,53.25978697628135,2.1916397595044363e-05
17.859999999999996,53.79009573289343,2.1891939623665666e-05
17.869999999999997,54.325684789266234,2.1875517535000718e-05
17.88,54.86660671981923,2.1867192784818375e-05
17.889999999999997,55.412914622105276,2.1867036198320148e-05
17.9,55.96466212194932,2.187512818756322e-05
17.909999999999997,56.52190337862589,2.189155898034054e-05
17.919999999999998,57.084693090082226,2.1916428861966035e-05
17.929999999999996,57.653086504650666,2.1949854881327626e-05
17.939999999999998,58.22713942240498,2.1991967164487163e-05
17.949999999999996,58.80690819389026,2.2042902573925555e-05
17.959999999999997,59.39244973045501,2.2102809938762064e-05
17.97,59.98382150976851,2.2171850440749915e-05
17.979999999999997,60.58108158138897,2.225019801752982e-05
17.99,61.18428857238108,2.2338039783367842e-05
17.999999999999996,61.7935016929813,2.2435576467603627e-05
18.009999999999998,62.40878074231682,2.2543022871036276e-05
18.019999999999996,63.03018611417195,2.266060834047327e-05
18.029999999999998,63.65777880280955,2.2788577261670047e-05
18.039999999999996,64.29162040884098,2.292718957088545e-05
18.049999999999997,64.93177314515212,2.3076721285280835e-05
18.06,65.57829984402802,2.3237467703697614e-05
18.069999999999997,66.23126397976067,2.340978223112948e-05
18.08,66.89072965160086,2.359402357627496e-05
18.089999999999996,67.55676159199467,2.3790561201922547e-05
18.099999999999998,68.22942517780062,2.3999787538853502e-05
18.109999999999996,68.90878643671452,2.4222119039481122e-05
18.119999999999997,69.59491205376476,2.4457997276002176e-05
18.13,70.28786937787169,2.4707890083925773e-05
18.139999999999997,70.98772642847774,2.4972292751849086e-05
18.15,71.69455190224683,2.5251729258346757e-05
18.159999999999997,72.40841517983128,2.55467535568405e-05
18.169999999999998,73.12938633271341,2.5857950909318843e-05
18.179999999999996,73.85753613011462,2.6185939269771438e-05
18.189999999999998,74.59293604598119,2.653137071820883e-05
18.199999999999996,75.33565826441433,2.689495779714597e-05
18.209999999999997,76.08577568242883,2.7277541954110454e-05
18.22,76.84336192695189,2.7679945330743773e-05
18.229999999999997,77.60849135830937,2.8103030468339777e-05
18.24,78.38123907695264,2.854771167934047e-05
18.249999999999996,79.16168093082798,2.9014957786507617e-05
18.259999999999998,79.94989352282467,2.9505794976616098e-05
18.269999999999996,80.74595421829362,3.0021309771059738e-05
18.279999999999998,81.54994115264638,3.056265211577055e-05
18.289999999999996,82.36193323902623,3.113103859284146e-05
18.299999999999997,83.18201017606098,3.172775575625395e-05
18.31,84.0102524556896,3.235416359410049e-05
18.319999999999997,84.84674137107025,3.3011699119702e-05
18.33,85.69155902456797,3.370188009401456e-05
18.339999999999996,86.54478833099012,3.4426480914138765e-05
18.349999999999998,87.40651302629789,3.5187516604444987e-05
18.359999999999996,88.27681768470961,3.5986930739847116e-05
18.369999999999997,89.15578772167642,3.682678988413652e-05
18.379999999999995,90.04350940215585,3.770929222175283e-05
18.389999999999997,90.94006984900751,3.8636775148567676e-05
18.4,91.84555705146359,3.9611723187346444e-05
18.409999999999997,92.76005987368227,4.063677623491945e-05
18.419999999999998,93.68366806338221,4.171473814808292e-05
18.429999999999996,94.61647226055476,4.284858567524957e-05
18.439999999999998,95.55856400626281,4.4041477740881523e-05
18.449999999999996,96.51003575151708,4.5296765089717175e-05
18.459999999999997,97.47098086624038,4.661800029782848e-05
18.47,98.44149364827965,4.8008960755175515e-05
18.479999999999997,99.42166933145161,4.947409824117027e-05
18.49,100.41160409560673,5.101820694079363e-05
18.499999999999996,101.41139507618192,5.2646331163910094e-05
18.509999999999998,102.42114037319266,5.4363937261315544e-05
18.519999999999996,103.440939060638,5.617695099609063e-05
18.529999999999998,104.47089119599245,5.809179693410959e-05
18.539999999999996,105.51109783003157,6.0115213873306824e-05
18.549999999999997,106.56166101665825,6.225414735855562e-05
18.56,107.62268382208426,6.451627561611136e-05
18.569999999999997,108.69427033492646,6.69098103942919e-05
18.58,109.77652567613396,6.944351929050935e-05
18.589999999999996,110.86955600898966,7.21267526637904e-05
18.599999999999998,111.97346854865533,7.496963095655548e-05
18.609999999999996,113.08837156940974,7.798393125417247e-05
18.619999999999997,114.21437441884648,8.11819600628177e-05
18.629999999999995,115.3515875271044,8.457690520351459e-05
18.639999999999997,116.50012241677277,8.818301684337163e-05
18.65,117.66009171321915,9.201568747535807e-05
18.659999999999997,118.83160915492748,9.609154769392725e-05
18.669999999999998,120.0147896008372,0.00010042912726905506
18.679999999999996,121.20974904311382,0.00010504853906324279
18.689999999999998,122.4166046187962,0.00010997138609172701
18.699999999999996,123.63547461923481,0.00011522108851345846
18.709999999999997,124.86647850067482,0.00012082301923489767
18.72,126.1097368948929,0.0001268046453753968
18.729999999999997,127.3653716164282,0.00013319635391785667
18.74,128.63350567020098,0.00014003221899660736
18.749999999999996,129.9142632707373,0.0001473485178940374
18.759999999999998,131.20776984892257,0.00015518470311210938
18.769999999999996,132.5141520624493,0.00016358366875790552
18.779999999999998,133.8335378064121,0.00017259200716301817
18.789999999999996,135.16605622075764,0.00018226078702611063
18.799999999999997,136.51183768102658,0.00019264903847927752
18.81,137.87101383468098,0.00020381991593562896
18.819999999999997,139.24371760542414,0.0002158420299751459
18.83,140.6300832002173,0.0002287903617722903
18.839999999999996,142.03024611894068,0.0002427467674059481
18.849999999999998,143.4443431636067,0.00025780057207596796
18.859999999999996,144.8725124178625,0.0002740539737737019
18.869999999999997,146.31489327006568,0.0002916204314014404
18.879999999999995,147.771626436938,0.00031062296499994804
18.889999999999997,149.24285396124273,0.0003311966501045012
18.9,150.72871920726118,0.00035349157469496105
18.909999999999997,152.2293668431284,0.0003776780328130039
18.919999999999998,153.74494288948694,0.000403940434286237
18.929999999999996,155.27559471121967,0.0004324808985733711
18.939999999999998,156.8214710178782,0.0004635213746098703
18.949999999999996,158.3827217920172,0.0004973180926565858
18.959999999999997,159.959498338465,0.0005341553302483195
18.97,161.55195329377173,0.0005743459887587474
18.979999999999997,163.16024058457012,0.0006182407618375311
18.99,164.7845154094946,0.0006662333336620421
18.999999999999996,166.42493427048592,0.0007187573904531873
19.009999999999998,168.08165493211342,0.0007762956007815559
19.019999999999996,169.7548363130373,0.0008393999912310796
19.029999999999998,171.44463854971454,0.0009086834635000452
19.039999999999996,173.15122293108197,0.0009848327173912676
19.049999999999997,174.8747518057812,0.0010686255195261271
19.06,176.6153886197978,0.0011609269984787522
19.069999999999997,178.37329777135096,0.0012627157314975834
19.08,180.14864451455787,0.0013751018574703873
19.089999999999996,181.94159500063108,0.001499322424990298
19.099999999999998,183.7523160228564,0.001636785428533248
19.109999999999996,185.5809749204352,0.001789087808238196
19.119999999999997,187.42773948592918,0.0019580329955900984
19.129999999999995,189.2927777404324,0.0021456701541154033
19.139999999999997,191.17625783422213,0.002354312658511664
19.15,193.07834762457273,0.0025866098843890153
19.159999999999997,194.99921463691572,0.002845555779648205
19.169999999999998,196.939025547069,0.0031345765041239444
19.179999999999996,198.89794589522114,0.0034575798160582268
19.189999999999998,200.87613962570364,0.0038190336382669886
19.199999999999996,202.87376869107985,0.00422403367751993
19.209999999999997,204.8909922702,0.004678435451489359
19.219999999999995,206.92796629941674,0.0051889341955237926
19.229999999999997,208.98484241649024,0.005763242920308035
19.24,211.06176733566048,0.006410198510830696
19.249999999999996,213.15888138463492,0.007140008613034414
19.259999999999998,215.27631741437597,0.00796443593657666
19.269999999999996,217.41419932750034,0.008897046905648026
19.279999999999998,219.5726401190228,0.009953543031342466
19.289999999999996,221.75173987199727,0.01115210002804921
19.299999999999997,223.95158332706797,0.0125137793237557
19.31,226.17223676699885,0.01406305681095088
19.319999999999997,228.4137446814142,0.015828388995645773
19.33,230.6761256975641,0.017842904981961328
19.339999999999996,232.95936768879636,0.020145239563752568
19.349999999999998,235.26342200065562,0.022780517960131166
19.359999999999996,237.58819665502728,0.0258015170944383
19.369999999999997,239.9335482828732,0.029270046156480652
19.379999999999995,242.2992722833942,0.0332586338169847
19.389999999999997,244.68509153202814,0.03785246740606038
19.4,247.0906424973165,0.043151781407391225
19.409999999999997,249.5154588477173,0.04927468256587605
19.419999999999998,251.9589517966887,0.05636054332425116
19.429999999999996,254.4203866349658,0.06457406006793812
19.439999999999998,256.89885418824036,0.07411019792957571
19.449999999999996,259.3932372332579,0.08520001777495018
19.459999999999997,261.90216952709216,0.0981177965146482
19.469999999999995,264.4239867841112,0.1131895596547672
19.479999999999997,266.95666755612746,0.13080338585695073
19.49,269.4977620540726,0.15142182959061376
19.499999999999996,272.0443060336865,0.17559696867332908
19.509999999999998,274.5927174395485,0.20398848304494047
19.519999999999996,277.13867115218886,0.23738558282280872
19.529999999999998,279.6769483262499,0.2767334017811673
19.539999999999996,282.20125431785226,0.32316490578778967
19.549999999999997,284.7039998170441,0.3780392522212892
19.56,287.1760373727721,0.44298795290558557
19.569999999999997,289.6063448865071,0.5199702838321566
19.58,291.9816477086662,0.6113393508683582
19.589999999999996,294.2859678597634,0.7199207245212215
19.599999999999998,296.5000903729683,0.849105238621247
19.609999999999996,298.6009346678882,1.002957808896054
19.619999999999997,300.5608241098194,1.186343084767044
19.629999999999995,302.3466452708457,1.4050687962227926
19.639999999999997,303.9188988730426,1.6660455287014118
19.65,305.2306538549581,1.9774595782913063
19.659999999999997,306.2264342640703,2.348951682686968
19.669999999999998,306.841097272318,2.791788567224923
19.679999999999996,306.9987952241084,3.3190072910958075
19.689999999999998,306.612175558743,3.9455000640353166
19.699999999999996,305.5820334269688,4.687995414730503
19.709999999999997,303.7977215300462,5.564874249416965
19.719999999999995,301.1387033094032,6.59574443711121
19.729999999999997,297.4777108809813,7.800684949793521
19.74,292.6859913476697,9.199070059449989
19.749999999999996,286.641051841152,10.807904609355367
19.759999999999998,279.2370814910488,12.639655328232614
19.769999999999996,270.3977807870941,14.699661924858908
19.779999999999998,260.0906490267983,16.983356547990624
19.789999999999996,248.34098876239665,19.473680377363483
19.799999999999997,235.24309251607076,22.139242686918283
19.81,220.96571928239348,24.93381757405543
19.819999999999997,205.74931416885053,27.797669857698974
19.83,189.89368945869927,30.66090203184708
19.839999999999996,173.736900422986,33.448564093286805
19.849999999999998,157.62825744797334,36.086800559652254
19.859999999999996,141.89996020645074,38.50900610119799
19.869999999999997,126.84219815959207,40.660932446879535
19.879999999999995,112.68549654453564,42.503972300754896
19.889999999999997,99.5921264632371,44.01630969542871
19.9,87.65626818910555,45.192105438675746
19.909999999999997,76.91101426148737,46.03922671846254
19.919999999999998,67.33956228632216,46.57616698972273
19.929999999999996,58.88799698826726,46.828760902400504
19.939999999999998,51.47766046975117,46.8271399594658
19.949999999999996,45.015841429790314,46.60319487273093
19.959999999999997,39.40422292577478,46.188643392039324
19.969999999999995,34.54503988949078,45.61368653626035
19.979999999999997,30.345196277036433,44.90617183671432
19.99,26.71873386624328,44.091154987663906
