t,x,y
0.0,739.0903537760385,27.597088881596598
0.009999999999999998,672.3952619214856,42.552278077156096
0.019999999999999997,579.5156617992506,62.21979856781449
0.029999999999999995,467.24982182783776,84.93316569729838
0.039999999999999994,350.82244481976727,107.35674558475169
0.04999999999999999,246.89558682616,126.02809858652492
0.05999999999999999,165.34877101692766,139.0725465293033
0.06999999999999999,107.27796323057647,146.53595172652385
0.07999999999999999,68.49891463688554,149.5593986114852
0.08999999999999998,43.55125976631528,149.4933599869292
0.09999999999999998,27.78742866367244,147.45398257984
0.10999999999999999,17.878324402509094,144.22970282041535
0.11999999999999998,11.632271252135633,140.33478380221158
0.12999999999999998,7.665374884860501,136.09100244569078
0.13999999999999999,5.119894274314874,131.69538623492494
0.14999999999999997,3.4670910534835575,127.26713769610414
0.15999999999999998,2.3803336155160673,122.87771455205046
0.16999999999999998,1.65651387569065,118.56943495958127
0.17999999999999997,1.1681783476152674,114.36681367239316
0.18999999999999997,0.8345012993470713,110.28344304948347
0.19999999999999996,0.6036457963141545,106.32618014666892
0.20999999999999996,0.4419792933787302,102.49771019629297
0.21999999999999997,0.3274249598180782,98.79812870291602
0.22999999999999995,0.2453230400600645,95.22592666308782
0.23999999999999996,0.1858279053875492,91.77860976706825
0.24999999999999997,0.142253419830582,88.453091045519
0.25999999999999995,0.11000977296616862,85.24594188603774
0.26999999999999996,0.08591301112165739,82.15355361337316
0.27999999999999997,0.06773186332191386,79.17224202210842
0.29,0.053887223167839324,76.29831516185405
0.29999999999999993,0.043250839648710994,73.52811722854292
0.30999999999999994,0.03500913649962832,70.85805678012676
0.31999999999999995,0.028570203355534177,68.28462458531969
0.32999999999999996,0.02349968213136023,65.80440456581053
0.33999999999999997,0.01947617176466506,63.41408010998358
0.3499999999999999,0.016259932857874977,61.110437271740935
0.35999999999999993,0.013670749868017338,58.89036586426552
0.36999999999999994,0.011572132397394371,56.75085913632546
0.37999999999999995,0.009859956957025667,54.68901249416413
0.38999999999999996,0.008454228732396948,52.70202159055627
0.3999999999999999,0.007293079481321763,50.78717999551452
0.4099999999999999,0.006328343964029495,48.941876607583154
0.41999999999999993,0.005522288202858516,47.16359290740888
0.42999999999999994,0.004845169075846055,45.449900129453354
0.43999999999999995,0.004273403776968631,43.798456402950954
0.44999999999999996,0.003788188778445859,42.20700389827171
0.4599999999999999,0.0033744424616308525,40.67336600622332
0.4699999999999999,0.0030200107818002136,39.19544456166103
0.4799999999999999,0.0027150453031828865,37.77121713048083
0.48999999999999994,0.002451525883600197,36.39873436329529
0.49999999999999994,0.0022228900470255466,35.076117421729094
0.5099999999999999,0.002023743188739335,33.801555480355866
0.5199999999999999,0.001849630259725921,32.57330330601599
0.5299999999999999,0.001696856364532688,31.389678914111308
0.5399999999999999,0.0015623439799150442,30.249061302066483
0.5499999999999999,0.0014435203076875844,29.149888258465147
0.5599999999999999,0.0013382220234090566,28.090654247904652
0.57,0.0012446287474661936,27.069908366398487
0.58,0.001161198373220704,26.086252370513165
0.5899999999999999,0.0010866232967032983,25.138338773740198
0.5999999999999999,0.0010197882753901696,24.224869011420378
0.6099999999999999,0.0009597402168757177,23.34459166984157
0.6199999999999999,0.0009056618289748206,22.496300778806134
0.6299999999999999,0.0008568495522138187,21.678834165102796
0.6399999999999999,0.0008126965365626514,20.8910718650839
0.6499999999999999,0.0007726770912401929,20.131934594142628
0.6599999999999999,0.0007363350938741484,19.400382271227258
0.6699999999999999,0.0007032733956339233,18.695412596640637
0.6799999999999999,0.0006731453702111978,18.0160596810645
0.69,0.0006456481488119899,17.36139272431541
0.6999999999999998,0.0006205146372225189,16.730514740801762
0.7099999999999999,0.0005975103553754933,16.122561332867008
0.7199999999999999,0.0005764296475625216,15.536699507720062
0.7299999999999999,0.0005570889846633476,14.972126535362632
0.7399999999999999,0.0005393273776567629,14.428068852372094
0.7499999999999999,0.0005230012389582225,13.903781000272694
0.7599999999999999,0.000507982513235811,13.398544605390711
0.7699999999999999,0.0004941578791511053,12.911667396602372
0.7799999999999999,0.0004814253356989667,12.442482254391331
0.7899999999999999,0.000469694031931471,11.990346300010598
0.7999999999999998,0.00045888245102411603,11.554640013313183
0.8099999999999998,0.00044891715868139697,11.134766383836237
0.8199999999999998,0.00043973238763058336,10.730150095222346
0.8299999999999998,0.00043126860054843537,10.340236734277244
0.8399999999999999,0.0004234721507151329,9.964492033656944
0.8499999999999999,0.0004162945642240728,9.602401139332697
0.8599999999999999,0.0004096918230885712,9.253467904226513
0.8699999999999999,0.0004036241269924215,8.917214210767938
0.8799999999999999,0.00039805524504532417,8.593179313567259
0.8899999999999999,0.0003929523498034141,8.280919211187687
0.8999999999999999,0.0003882855854115967,7.980006036357484
0.9099999999999998,0.0003840275076808563,7.6900274657489565
0.9199999999999998,0.0003801527340913352,7.410586153436709
0.9299999999999998,0.000376638448966895,7.141299199049781
0.9399999999999998,0.0003734641712022775,6.881797622468421
0.9499999999999998,0.0003706106774571122,6.631725842473852
0.9599999999999999,0.0003680600741965876,6.390741192626605
0.9699999999999999,0.0003657961584815611,6.158513464322599
0.9799999999999999,0.0003638044588042467,5.9347244583388905
0.9899999999999999,0.0003620713008639432,5.719067527896687
0.9999999999999999,0.00036058395945501385,5.511247163842479
1.0099999999999998,0.0003593307873077752,5.310978598794165
1.0199999999999998,0.0003583013141221946,5.117987424183621
1.0299999999999998,0.0003574856755157808,4.932009193447108
1.0399999999999998,0.0003568746968852784,4.752789064940537
1.0499999999999998,0.0003564599212068233,4.580081459251869
1.0599999999999998,0.0003562336825942549,4.413649731980332
1.0699999999999998,0.0003561887854282352,4.253265829619527
1.0799999999999998,0.00035631853499914096,4.098709982053037
1.0899999999999999,0.00035661673540549944,3.9497704056797085
1.0999999999999999,0.00035707774053848895,3.806243022761721
1.1099999999999999,0.0003576962628156161,3.667931164498599
1.1199999999999999,0.0003584673826818487,3.5346453054504914
1.13,0.0003593865380718964,3.406202806810927
1.14,0.0003604495570186278,3.2824276760207467
1.15,0.00036165254242878685,3.163150309935912
1.16,0.0003629918718639348,3.048207265670929
1.17,0.0003644641858588208,2.937441038645061
1.1799999999999997,0.0003660664063288483,2.83069985621633
1.1899999999999997,0.00036779566801878235,2.7278374561940923
1.1999999999999997,0.0003696493136047987,2.6287128888388933
1.2099999999999997,0.0003716248835483593,2.533190325056279
1.2199999999999998,0.00037372012625770586,2.441138878921387
1.2299999999999998,0.0003759329561724808,2.352432417009443
1.2399999999999998,0.0003782614476421697,2.266949387145253
1.2499999999999998,0.0003807038268313991,2.1845726527539457
1.2599999999999998,0.00038325847697551007,2.105189340248532
1.2699999999999998,0.0003859239123397829,2.0286906748835953
1.2799999999999998,0.0003886987722474787,1.9549718326113663
1.2899999999999998,0.0003915818148513037,1.8839317970903566
1.2999999999999998,0.0003945719195153522,1.815473228156296
1.3099999999999998,0.00039766807042872,1.7495023208253515
1.3199999999999998,0.0004008693513134539,1.6859286770182091
1.3299999999999998,0.000404174940710359,1.624665182172808
1.3399999999999999,0.0004075841127712773,1.565627891869127
1.3499999999999999,0.00041109622679314417,1.5087359107458092
1.3599999999999999,0.0004147107227618053,1.4539112813866026
1.3699999999999999,0.0004184271178125648,1.4010788779028094
1.38,0.00042224500618336753,1.3501663080922643
1.3899999999999997,0.00042616405244156724,1.301103809582242
1.3999999999999997,0.00043018398783955695,1.2538241535336134
1.4099999999999997,0.0004343046076666762,1.2082625528923554
1.4199999999999997,0.0004385257707999144,1.164356577866562
1.4299999999999997,0.00044284739526807794,1.122046066932568
1.4399999999999997,0.00044726945532585474,1.081273043344741
1.4499999999999997,0.0004517919794769579,1.041981636057891
1.4599999999999997,0.0004564150498696313,1.0041180066790563
1.4699999999999998,0.00046113879936335994,0.9676302732556964
1.4799999999999998,0.0004659634092095744,0.9324684378594973
1.4899999999999998,0.0004708891075803249,0.8985843184588562
1.4999999999999998,0.0004759161689420113,0.8659314857229037
1.5099999999999998,0.0004810449121043704,0.8344651978172715
1.5199999999999998,0.00048627569840072526,0.8041423375765653
1.5299999999999998,0.0004916089305986,0.7749213538232199
1.5399999999999998,0.0004970450523211756,0.7467622066687107
1.5499999999999998,0.0005025845467488834,0.7196263117620528
1.5599999999999998,0.0005082279352051456,0.693476485763209
1.5699999999999998,0.0005139757763578301,0.6682768958153018
1.5799999999999998,0.0005198286657203855,0.6439930121711768
1.5899999999999999,0.0005257872347948554,0.6205915605571142
1.5999999999999996,0.0005318521499846653,0.5980404748401188
1.6099999999999997,0.0005380241120195458,0.5763088535317953
1.6199999999999997,0.0005443038555477186,0.5553669187355789
1.6299999999999997,0.0005506921485831359,0.5351859754692962
1.6399999999999997,0.0005571897916815611,0.5157383705708638
1.6499999999999997,0.0005637976175389975,0.4969974552622898
1.6599999999999997,0.0005705164906759072,0.47893754956262996
1.6699999999999997,0.0005773473070977025,0.461533907567637
1.6799999999999997,0.0005842909936837923,0.44476268176938355
1.6899999999999997,0.0005913485079216939,0.4286008908369528
1.6999999999999997,0.0005985208376979592,0.41302638892501364
1.7099999999999997,0.0006058090011014782,0.3980178359583638
1.7199999999999998,0.0006132140459477135,0.3835546663293076
1.7299999999999998,0.0006207370496251892,0.36961706120359583
1.7399999999999998,0.0006283791188987526,0.35618592125879356
1.7499999999999998,0.0006361413900512294,0.3432428434707916
1.7599999999999998,0.000644025028464751,0.33077009312107797
1.7699999999999998,0.0006520312284842349,0.3187505792473588
1.7799999999999998,0.0006601612133580622,0.3071678315040517
1.7899999999999998,0.0006684162352239675,0.29600597829897435
1.7999999999999998,0.0006767975751421991,0.28524972608307675
1.8099999999999998,0.000685306542876376,0.2748843360855882
1.8199999999999996,0.0006939444769325737,0.26489560475593377
1.8299999999999996,0.0007027127445545562,0.25526984419008514
1.8399999999999996,0.0007116127418787874,0.2459938652908486
1.8499999999999996,0.0007206458938569856,0.23705495808383062
1.8599999999999997,0.0007298136542794034,0.22844087389117906
1.8699999999999997,0.0007391175058585688,0.2201398087745981
1.8799999999999997,0.0007485589603366515,0.2121403878171933
1.8899999999999997,0.0007581395586436016,0.2044316506118832
1.8999999999999997,0.0007678608708898532,0.19700303429920757
1.9099999999999997,0.0007777244965193134,0.1898443596265401
1.9199999999999997,0.0007877320644388175,0.18294581692428824
1.9299999999999997,0.0007978852332211275,0.1762979538048281
1.9399999999999997,0.0008081856912199888,0.16989166137671796
1.9499999999999997,0.0008186351567175621,0.163718161337487
1.9599999999999997,0.0008292353781131311,0.15776899410819398
1.9699999999999998,0.0008399881341255238,0.1520360075033705
1.9799999999999998,0.0008508952340373023,0.1465113465141471
1.9899999999999998,0.0008619585178391853,0.14118744103285988
1.9999999999999998,0.0008731798564694124,0.13605699585639383
2.01,0.0008845611520442432,0.13111298064201524
2.0199999999999996,0.000896104338129598,0.12634862105117764
2.03,0.0009078113799754656,0.12175738901622726
2.0399999999999996,0.0009196842747609427,0.11733299337183155
2.05,0.0009317250518709693,0.11306937139193232
2.0599999999999996,0.0009439357731818703,0.10896068065500304
2.07,0.0009563185333776307,0.105001291839826
2.0799999999999996,0.0009688754602024503,0.10118577969331712
2.09,0.0009816087147768648,0.09750891586846122
2.0999999999999996,0.0009945204919108715,0.09396566168609122
2.11,0.0010076130204316341,0.09055116133552435
2.1199999999999997,0.0010208885635730348,0.087260736942493
2.13,0.0010343494192491416,0.08408988008120198
2.1399999999999997,0.0010479979204133989,0.08103424586446765
2.1499999999999995,0.001061836435422069,0.0780896471240532
2.1599999999999997,0.0010758673684002121,0.0752520486375044
2.1699999999999995,0.0010900931596434771,0.0725175626368332
2.1799999999999997,0.0011045162859765103,0.06988244249088711
2.1899999999999995,0.0011191392611409668,0.06734307741372265
2.1999999999999997,0.0011339646361994906,0.0648959876576708
2.2099999999999995,0.0011489949999422492,0.06253781965878166
2.2199999999999998,0.0011642329793303658,0.060265342395382906
2.2299999999999995,0.0011796812399064577,0.05807544240642862
2.2399999999999998,0.0011953424862138815,0.05596511898052682
2.2499999999999996,0.0012112194622471073,0.05393148032765651
2.26,0.0012273149519007734,0.051971739541851046
2.2699999999999996,0.0012436317794426034,0.050083211321223085
2.28,0.001260172809982376,0.048263308330008345
2.2899999999999996,0.0012769409499288743,0.04650953687491766
2.3,0.0012939391474829354,0.0448194938057586
2.3099999999999996,0.0013111703931298012,0.043190863168205744
2.32,0.0013286377201451203,0.041621413264313366
2.3299999999999996,0.0013463442051112435,0.04010899392495695
2.34,0.0013642929684227895,0.03865153279318187
2.3499999999999996,0.0013824871748188258,0.03724703273327262
2.3599999999999994,0.0014009300339186618,0.035893569052054555
2.3699999999999997,0.0014196248007712353,0.03458928698812698
2.3799999999999994,0.0014385747764249592,0.03333239971850668
2.3899999999999997,0.0014577833084687198,0.032121185062224146
2.3999999999999995,0.0014772537916110744,0.030953983341642174
2.4099999999999997,0.0014969896682627767,0.029829195111488804
2.4199999999999995,0.0015169944291285918,0.02874527899239301
2.4299999999999997,0.0015372716138158668,0.027700749988490297
2.4399999999999995,0.0015578248114348145,0.02669417692294658
2.4499999999999997,0.001578657661219137,0.025724180538633973
2.4599999999999995,0.0015997738531554613,0.024789431631773044
2.4699999999999998,0.0016211771286219346,0.02388864922030735
2.4799999999999995,0.001642871281046781,0.023020599205057068
2.4899999999999998,0.001664860156556883,0.022184092266785197
2.4999999999999996,0.001687147654644848,0.02137798218205585
2.51,0.0017097377288488782,0.020601164312564993
2.5199999999999996,0.0017326343874404138,0.0198525740538126
2.53,0.001755841694130371,0.019131185635912363
2.5399999999999996,0.0017793637687819725,0.018436010841966437
2.55,0.0018032047881161525,0.017766097134193463
2.5599999999999996,0.0018273689864479056,0.017120526558609305
2.5699999999999994,0.0018518606564269608,0.016498414466956244
2.5799999999999996,0.0018766841497902412,0.015898908329534455
2.5899999999999994,0.0019018438781309701,0.01532118685229936
2.5999999999999996,0.0019273443136642318,0.014764458474299944
2.6099999999999994,0.001953189990013222,0.014227960340198692
2.6199999999999997,0.0019793855030058047,0.013710957267890636
2.6299999999999994,0.00200593551148166,0.013212740717515261
2.6399999999999997,0.0020328447381215333,0.012732628080407205
2.6499999999999995,0.0020601179702738896,0.012269961616156915
2.6599999999999997,0.002087760060791406,0.01182410736823074
2.6699999999999995,0.0021157759288897285,0.011394454390042268
2.6799999999999997,0.002144170561014271,0.010980413890807878
2.6899999999999995,0.0021729490117222794,0.01058141848867445
2.6999999999999997,0.0022021164045817323,0.010196921605638681
2.7099999999999995,0.0022316779330643134,0.009826396414364483
2.7199999999999998,0.0022616388614664727,0.009469335207041211
2.7299999999999995,0.002292004525839738,0.009125248697079707
2.7399999999999998,0.002322780334934016,0.008793665343515908
2.7499999999999996,0.0023539717711615776,0.008474130877749998
2.76,0.002385584391560219,0.008166207516577189
2.7699999999999996,0.0024176238287756963,0.007869473335012773
2.7799999999999994,0.002450095792060191,0.007583521716391954
2.7899999999999996,0.0024830060682828315,0.007307960781585558
2.7999999999999994,0.002516360522960957,0.007042412940861038
2.8099999999999996,0.00255016510130333,0.006786514429608505
2.8199999999999994,0.0025844258292517623,0.00653991461686194
2.8299999999999996,0.002619148814554857,0.006302275600833114
2.8399999999999994,0.002654340247851089,0.006073271738398053
2.8499999999999996,0.002690006403767997,0.005852589207531386
2.8599999999999994,0.0027261536420436763,0.005639925689843514
2.8699999999999997,0.002762788408645939,0.005434989811843982
2.8799999999999994,0.0027999172369183364,0.005237500766026106
2.8899999999999997,0.0028375467487409926,0.005047187932857306
2.8999999999999995,0.002875683655706292,0.004863790501505991
2.9099999999999997,0.002914334760319909,0.004687057199878001
2.9199999999999995,0.002953506957206163,0.004516745911659324
2.9299999999999997,0.0029932072343271604,0.004352623276325714
2.9399999999999995,0.00303344267422839,0.0041944644028981464
2.9499999999999997,0.0030742204552975205,0.0040420525552905115
2.9599999999999995,0.0031155478530438385,0.003895178876793125
2.9699999999999998,0.0031574322414009456,0.003753642172439453
2.9799999999999995,0.003199881094024415,0.0036172485162956416
2.9899999999999993,0.003242901985625857,0.003485811019759508
2.9999999999999996,0.0032865025933208974,0.003359149575112888
3.0099999999999993,0.0033306906979991987,0.0032370905979929297
3.0199999999999996,0.00337547418570133,0.003119466893621824
3.0299999999999994,0.0034208610490478472,0.0030061172934932965
3.0399999999999996,0.003466859388630228,0.002896886490033889
3.0499999999999994,0.003513477414467046,0.002791624808524763
3.0599999999999996,0.003560723447464603,0.002690187998856214
3.0699999999999994,0.003608605920908131,0.002592437083007944
3.0799999999999996,0.003657133381967959,0.0024982381829305265
3.0899999999999994,0.0037063144932003825,0.0024074622316440815
3.0999999999999996,0.0037561580340991795,0.0023199848363151367
3.1099999999999994,0.0038066729026577165,0.0022356861010077076
3.1199999999999997,0.0038578681169511163,0.0021544504542871314
3.1299999999999994,0.003909752816765432,0.002076166542748429
3.1399999999999997,0.003962336265283096,0.0020007272111529184
3.1499999999999995,0.004015627850616686,0.0019280291015767977
3.1599999999999997,0.004069637087515425,0.001857972601110596
3.1699999999999995,0.004124373619056865,0.001790461716449915
3.1799999999999997,0.004179847218354932,0.0017254039452602177
3.1899999999999995,0.004236067790328442,0.0016627101469301642
3.1999999999999993,0.004293045373703377,0.001602294383585708
3.2099999999999995,0.004350790142461845,0.0015440738637400747
3.2199999999999993,0.0044093124077121,0.0014879688246892914
3.2299999999999995,0.004468622619546922,0.0014339024264425747
3.2399999999999993,0.004528731368889716,0.0013818006572818527
3.2499999999999996,0.004589649389385124,0.0013315922310665922
3.2599999999999993,0.0046513875597297884,0.001283208231806408
3.2699999999999996,0.004713956905176709,0.0012365822880264544
3.2799999999999994,0.0047773685994449595,0.001191650515894516
3.2899999999999996,0.004841633966804606,0.0011483513733587557
3.2999999999999994,0.004906764484077429,0.0011066255854818598
3.3099999999999996,0.004972771782663383,0.0010664160734824102
3.3199999999999994,0.005039667651019403,0.0010276676830179232
3.3299999999999996,0.005107464036537856,0.0009903272161528674
3.3399999999999994,0.005176173047362661,0.0009543435091626141
3.3499999999999996,0.005245806954730828,0.0009196672746322374
3.3599999999999994,0.0053163781951419825,0.0008862510419532098
3.3699999999999997,0.0053878993725530915,0.000854049101775929
3.3799999999999994,0.005460383260903254,0.000823017335807876
3.3899999999999997,0.005533842806526801,0.000793113103811262
3.3999999999999995,0.0056082911298324075,0.0007642954297793519
3.4099999999999997,0.005683741527911201,0.0007365248405672125
3.4199999999999995,0.005760207476892579,0.0007097633163539764
3.4299999999999993,0.005837702634323667,0.0006839742456751416
3.4399999999999995,0.005916240841766738,0.0006591223295686868
3.4499999999999993,0.005995836127693569,0.0006351734124841256
3.4599999999999995,0.00607650270916067,0.000612094669300099
3.4699999999999993,0.00615825499461146,0.0005898544840344229
3.4799999999999995,0.00624110758645734,0.0005684224020408439
3.4899999999999993,0.006325075283657226,0.0005477690934728778
3.4999999999999996,0.006410173084439696,0.000527866298051105
3.5099999999999993,0.0064964161896542945,0.0005086866599448765
3.5199999999999996,0.006583820004487648,0.0004902038770690064
3.5299999999999994,0.006672400141396069,0.00047239263044445426
3.5399999999999996,0.006762172422966454,0.0004552285350203933
3.5499999999999994,0.006853152884707607,0.0004386881115318389
3.5599999999999996,0.006945357777873329,0.0004227487604325523
3.5699999999999994,0.0070388035727322155,0.00040738867165967065
3.5799999999999996,0.007133506962192273,0.00039258668491932134
3.5899999999999994,0.007229484863217434,0.00037832250947390875
3.5999999999999996,0.007326754420416388,0.0003645766044031274
3.6099999999999994,0.0074253330091190685,0.0003513301477485578
3.6199999999999997,0.007525238238443392,0.00033856501435836577
3.6299999999999994,0.0076264879543968,0.00032626375529722296
3.6399999999999992,0.0077291002437891,0.00031440950126939956
3.6499999999999995,0.007833093437363284,0.0003029859492068779
3.6599999999999993,0.007938486112007538,0.0002919774456929175
3.6699999999999995,0.008045297094602031,0.00028136891213359055
3.6799999999999993,0.00815354546534629,0.0002711458268587309
3.6899999999999995,0.008263250561124447,0.0002612942084978022
3.6999999999999993,0.008374431978948087,0.0002518005975311392
3.7099999999999995,0.00848710958063539,0.00024265194616767487
3.7199999999999993,0.00860130349523249,0.00023383568751353306
3.7299999999999995,0.008717034122279102,0.00022533974347160548
3.7399999999999993,0.008834322135802196,0.00021715248037068564
3.7499999999999996,0.00895318848796823,0.00020926269528090532
3.7599999999999993,0.009073654412776968,0.000201659603295634
3.7699999999999996,0.009195741429996039,0.000194332814256398
3.7799999999999994,0.009319471350310457,0.0001872722424777263
3.7899999999999996,0.009444866277352505,0.00018046820055844602
3.7999999999999994,0.009571948611971198,0.00017391136684438656
3.8099999999999996,0.009700741056401223,0.00016759276210082138
3.8199999999999994,0.009831266618271654,0.00016150373884083296
3.8299999999999996,0.009963548614660372,0.00015563597139242984
3.8399999999999994,0.010097610676723866,0.00014998142848143646
3.849999999999999,0.010233476754890098,0.00014453232875946098
3.8599999999999994,0.010371171121008344,0.00013928120329574146
3.869999999999999,0.010510718373432247,0.00013422085949501273
3.8799999999999994,0.010652143441438241,0.00012934437018387665
3.8899999999999992,0.01079547158962551,0.0001246450656360776
3.8999999999999995,0.010940728422365991,0.00012011652618858191
3.9099999999999993,0.011087939886533699,0.00011575251946639896
3.9199999999999995,0.011237132289522531,0.00011154710404821957
3.9299999999999993,0.011388332277989575,0.00010749446781176545
3.9399999999999995,0.01154156686399287,0.00010358906665907439
3.9499999999999993,0.011696863422545091,9.982555798454166e-05
3.9599999999999995,0.011854249696622837,9.619879598281544e-05
3.9699999999999993,0.012013753802273161,9.270382548039138e-05
3.9799999999999995,0.012175404236953576,8.933582673571455e-05
3.9899999999999993,0.012339229881020852,8.60901641308676e-05
3.9999999999999996,0.012505260002001186,8.296239268821532e-05
4.01,0.012673524260867536,7.994823414744614e-05
4.02,0.012844052717078228,7.704357182841524e-05
4.029999999999999,0.013016875833615557,7.424444549398783e-05
4.039999999999999,0.01319202448202435,7.154704621288305e-05
4.05,0.013369529947450573,6.894771122251711e-05
4.06,0.013549423942867582,6.64428899502466e-05
4.069999999999999,0.013731738624844426,6.402910519437012e-05
4.079999999999999,0.013916506566059517,6.170305008717458e-05
4.089999999999999,0.014103760774883031,5.946153730266477e-05
4.1,0.014293534701420155,5.730149076570875e-05
4.109999999999999,0.014485862242740183,5.5219939916607505e-05
4.119999999999999,0.014680777748105792,5.3214013975662596e-05
4.129999999999999,0.014878316024202136,5.128093620774581e-05
4.14,0.015078512344179168,4.941802537570297e-05
4.1499999999999995,0.015281402512541715,4.762280248387172e-05
4.159999999999999,0.015487022794750746,4.589284246103794e-05
4.169999999999999,0.015695409925194314,4.422577359424862e-05
4.18,0.015906601129429827,4.261930386812087e-05
4.1899999999999995,0.01612063412992049,4.107121618588988e-05
4.199999999999999,0.016337547151771905,3.957936359045552e-05
4.209999999999999,0.01655737892846851,3.8141664485430295e-05
4.22,0.016780168707610125,3.675609785618652e-05
4.2299999999999995,0.017005956299655466,3.542078071310111e-05
4.239999999999999,0.01723478209909414,3.413399282244346e-05
4.249999999999999,0.017466686988458154,3.289397744670497e-05
4.26,0.017701712396276183,3.1699036397038835e-05
4.27,0.017939900304483242,3.0547528453285645e-05
4.279999999999999,0.018181293254840275,2.943786589071277e-05
4.289999999999999,0.018425934355353533,2.8368511006754865e-05
4.299999999999999,0.01867386728669405,2.733797264775378e-05
4.31,0.018925136318972857,2.6344813968605707e-05
4.319999999999999,0.01917978640659755,2.5387744887862993e-05
4.329999999999999,0.019437863064586464,2.4465477488353697e-05
4.339999999999999,0.01969941239870454,2.3576748269362063e-05
4.35,0.01996448113104509,2.2720335458771637e-05
4.359999999999999,0.020233116607215933,2.1895056371527525e-05
4.369999999999999,0.02050536680352576,2.1099764768097932e-05
4.379999999999999,0.020781280334170284,2.033334821293646e-05
4.39,0.02106090645841851,1.959472543294395e-05
4.3999999999999995,0.02134429515650932,1.8882903967787567e-05
4.409999999999999,0.021631497120450753,1.8196963149064698e-05
4.419999999999999,0.02192256366113126,1.7535963645306696e-05
4.43,0.022217546775743117,1.689899767719336e-05
4.4399999999999995,0.02251649915592083,1.628518721158435e-05
4.449999999999999,0.02281947419578695,1.569368207412817e-05
4.459999999999999,0.02312652599999765,1.51236580618717e-05
4.47,0.023437709391788474,1.4574315055869422e-05
4.4799999999999995,0.02375307994479944,1.4044887943385414e-05
4.489999999999999,0.024072694106268142,1.3534706758149315e-05
4.499999999999999,0.024396608999840995,1.304308423711779e-05
4.509999999999999,0.024724882493669297,1.2569346281067335e-05
4.52,0.02505757322806834,1.211284063257857e-05
4.529999999999999,0.02539474062436276,1.1672935419470228e-05
4.539999999999999,0.025736444893732155,1.1249017698232725e-05
4.549999999999999,0.02608274704605645,1.0840491997462149e-05
4.56,0.026433708898761392,1.0446778861294022e-05
4.569999999999999,0.026789393086073324,1.0067313541772007e-05
4.579999999999999,0.02714986323529603,9.701605443646566e-06
4.589999999999999,0.02751518385806387,9.349193894879678e-06
4.6,0.027885420223182918,9.009597219856988e-06
4.609999999999999,0.028260638471688634,8.682349916473332e-06
4.619999999999999,0.028640905626950958,8.367001657685307e-06
4.629999999999999,0.02902628960477911,8.063116293064117e-06
4.64,0.029416859223526607,7.770270850348272e-06
4.6499999999999995,0.029812684214196018,7.488054536996427e-06
4.659999999999999,0.03021383523054412,7.2160677417399765e-06
4.669999999999999,0.030620383913933225,6.953932351176643e-06
4.68,0.031032403072596762,6.701325713491379e-06
4.6899999999999995,0.03144996634318078,6.457907598825223e-06
4.699999999999999,0.03187314832485551,6.223344830515297e-06
4.709999999999999,0.032302024612632055,5.997315084096265e-06
4.719999999999999,0.032736671808811624,5.779506166683626e-06
4.7299999999999995,0.03317716753443471,5.569615296357021e-06
4.739999999999999,0.03362359044073014,5.367348381543625e-06
4.749999999999999,0.03407602022056448,5.172419300401358e-06
4.759999999999999,0.034534537623120184,4.984549621203801e-06
4.77,0.0349992246936001,4.803499054401888e-06
4.779999999999999,0.03547016456715956,4.629035025857574e-06
4.789999999999999,0.035947441382228475,4.4609185550322444e-06
4.799999999999999,0.036431140401287865,4.29891846516318e-06
4.81,0.036921348023860656,4.142810873173862e-06
4.819999999999999,0.03741815179950223,3.992378679584356e-06
4.829999999999999,0.03792164044079137,3.847411058421563e-06
4.839999999999999,0.038431903836320835,3.7077029471296107e-06
4.85,0.03894903306368816,3.5730545364801554e-06
4.859999999999999,0.039473120496478616,3.443279523168657e-06
4.869999999999999,0.04000425999430117,3.3182211051927356e-06
4.879999999999999,0.040542546472426055,3.1977101390512387e-06
4.89,0.041088076096882795,3.0815816070628564e-06
4.8999999999999995,0.04164094631724678,2.9696759528141754e-06
4.909999999999999,0.0422012558813843,2.861838734593751e-06
4.919999999999999,0.04276910485019708,2.7579202788262747e-06
4.929999999999999,0.04334459461236709,2.6577753335067006e-06
4.9399999999999995,0.04392782789910133,2.5612627216343643e-06
4.949999999999999,0.04451890880969274,2.4682455079722485e-06
4.959999999999999,0.04511794313903815,2.378605496120351e-06
4.969999999999999,0.04572503803262826,2.292225808646137e-06
4.9799999999999995,0.0463403019537889,2.208988286083027e-06
4.989999999999999,0.04696384481467981,2.1287786575809035e-06
4.999999999999999,0.04759577799302527,2.0514862885748393e-06
5.009999999999999,0.04823621434884435,1.977003928453897e-06
5.02,0.04888526824118134,1.905227458229893e-06
5.029999999999999,0.04954305554483593,1.8360556382061904e-06
5.039999999999999,0.05020969366709391,1.7693898556464366e-06
5.049999999999999,0.05088530173999687,1.7051396002395151e-06
5.06,0.05157000080242531,1.6432276071675826e-06
5.069999999999999,0.0522639132056128,1.583569661004853e-06
5.079999999999999,0.052967162918895534,1.526083773970986e-06
5.089999999999999,0.053679875562970124,1.4706904728936427e-06
5.1,0.05440217842852971,1.417312609055131e-06
5.109999999999999,0.05513420049489964,1.3658751680390805e-06
5.119999999999999,0.05587607244867378,1.31630507957707e-06
5.129999999999999,0.056627926702350194,1.2685310273953033e-06
5.139999999999999,0.05738989741296719,1.2224832590612584e-06
5.1499999999999995,0.05816212053690275,1.1780942580247223e-06
5.159999999999999,0.0589447344822062,1.1353136617907436e-06
5.169999999999999,0.05973787928490219,1.094087989215013e-06
5.179999999999999,0.06054169665183343,1.0543610274855523e-06
5.1899999999999995,0.06135633018073474,1.016078444573343e-06
5.199999999999999,0.062181925381821865,9.791876694866492e-07
5.209999999999999,0.06301862969938099,9.436377725253071e-07
5.219999999999999,0.06386659253335755,9.0937934553505e-07
5.2299999999999995,0.06472596526094544,8.76364382161811e-07
5.239999999999999,0.06559690125817583,8.445461581060457e-07
5.249999999999999,0.06647955592150667,8.138791113770242e-07
5.259999999999999,0.06737408701994399,7.84322130295038e-07
5.27,0.06828065491301365,7.558404584234677e-07
5.279999999999999,0.06919942159649611,7.28395513894727e-07
5.289999999999999,0.07013055121255594,7.019498064477317e-07
5.299999999999999,0.07107421009114566,6.764670219732623e-07
5.31,0.072030566774802,6.519119358330535e-07
5.319999999999999,0.07299979204344191,6.282503261788976e-07
5.329999999999999,0.07398205893915909,6.054488872717254e-07
5.339999999999999,0.07497754279101992,5.834751428007097e-07
5.349999999999999,0.07598642123985976,5.622973592023575e-07
5.359999999999999,0.07700887432339654,5.418849033831106e-07
5.369999999999999,0.07804508530021687,5.222140442690847e-07
5.379999999999999,0.07909523954293442,5.03259528501116e-07
5.389999999999999,0.08015952467599516,4.84995326378294e-07
5.3999999999999995,0.08123813082679843,4.673962126803526e-07
5.409999999999999,0.08233125065421644,4.504377074219675e-07
5.419999999999999,0.08343907937711476,4.340960166070404e-07
5.429999999999999,0.08456181480287174,4.183479729829974e-07
5.4399999999999995,0.08569965735589867,4.031709767950789e-07
5.449999999999999,0.08685281010615914,3.885429365406371e-07
5.459999999999999,0.08802147879768964,3.74442209723421e-07
5.469999999999999,0.08920587236984945,3.608501677172124e-07
5.4799999999999995,0.09040620312865066,3.4775189707466503e-07
5.489999999999999,0.09162268555321179,3.351296319901978e-07
5.499999999999999,0.0928555369726983,3.2296614831057563e-07
5.509999999999999,0.09410497761273261,3.112447995682664e-07
5.52,0.09537123062821105,2.999494806187729e-07
5.529999999999999,0.09665452213611997,2.8906459127797144e-07
5.539999999999999,0.09795508124835307,2.7857499995944e-07
5.549999999999999,0.09927314010452758,2.684660073117967e-07
5.559999999999999,0.10060893390480104,2.587233098560332e-07
5.569999999999999,0.10196270104487583,2.493331492469853e-07
5.579999999999999,0.10333468419687356,2.402841797070189e-07
5.589999999999999,0.10472512876585714,2.3156456832504695e-07
5.599999999999999,0.10613428317288573,2.231624132520126e-07
5.609999999999999,0.10756239915283346,2.150661887141112e-07
5.619999999999999,0.1090097317921362,2.0726471760633835e-07
5.629999999999999,0.11047653956653937,1.997471440860307e-07
5.639999999999999,0.11196308437884452,1.925029061664142e-07
5.6499999999999995,0.11346963159665674,1.855217083101478e-07
5.659999999999999,0.11499645009013125,1.787934940228712e-07
5.669999999999999,0.11654381226972131,1.7230841844674637e-07
5.679999999999999,0.1181119948444698,1.6605797053163058e-07
5.6899999999999995,0.11970127887535925,1.600349705212929e-07
5.699999999999999,0.12131194833118977,1.5423117833282207e-07
5.709999999999999,0.12294429096270584,1.4863860053196908e-07
5.719999999999999,0.12459859835530541,1.4324948679847234e-07
5.7299999999999995,0.12627516597246247,1.380563115739326e-07
5.739999999999999,0.1279742931991488,1.33051755709691e-07
5.749999999999999,0.1296962833852571,1.2822868811470222e-07
5.759999999999999,0.13144144388902268,1.2358014740341247e-07
5.769999999999999,0.13321008612044594,1.1909932354363507e-07
5.779999999999999,0.13500252575338853,1.1477972122754377e-07
5.789999999999999,0.13681908412945465,1.1061660723108263e-07
5.799999999999999,0.13866008613004524,1.0660465270501033e-07
5.809999999999999,0.14052586067274997,1.0273840283713271e-07
5.819999999999999,0.14241674106241242,9.90125899434482e-08
5.829999999999999,0.14433306504108026,9.542212214971122e-08
5.839999999999999,0.14627517483795724,9.19620720729925e-08
5.849999999999999,0.1482434172193533,8.862766550324252e-08
5.859999999999999,0.15023814353863582,8.541427008485309e-08
5.869999999999999,0.15225970978617992,8.231738399822066e-08
5.879999999999999,0.15430847663932026,7.933262464130676e-08
5.889999999999999,0.1563848103634472,7.645601252332821e-08
5.8999999999999995,0.15848908276605841,7.368392668452932e-08
5.909999999999999,0.16062166981915713,7.101259824424862e-08
5.919999999999999,0.16278295253438851,6.843838529030306e-08
5.929999999999999,0.16497331702703985,6.595776643354945e-08
5.9399999999999995,0.16719315457645054,6.356733311704264e-08
5.949999999999999,0.1694428616864213,6.126378192519513e-08
5.959999999999999,0.17172284014562517,5.904390689293442e-08
5.969999999999999,0.17403349711438132,5.69046003258406e-08
5.979999999999999,0.17637524580197472,5.484304425831276e-08
5.989999999999999,0.17874850480748966,5.285647047104621e-08
5.999999999999999,0.18115369812393006,5.0942134629303165e-08
6.009999999999999,0.18359125540642798,4.909737567258764e-08
6.019999999999999,0.18606161203757557,4.731960971301416e-08
6.029999999999999,0.18856520919275824,4.560632393367549e-08
6.039999999999999,0.19110249390548667,4.395507048701119e-08
6.049999999999999,0.19367391913273085,4.2363460393174775e-08
6.059999999999999,0.1962799440752,4.082923749054584e-08
6.069999999999999,0.1989210351909478,3.9350570086019e-08
6.079999999999999,0.2015976644754839,3.792548430455591e-08
6.089999999999999,0.20431031011099637,3.6552041325064026e-08
6.099999999999999,0.20705945666905567,3.5228374412846634e-08
6.109999999999999,0.209845595184879,3.395268562220687e-08
6.119999999999999,0.21266922323159274,3.2723242499052436e-08
6.129999999999999,0.2155308449944978,3.1538374783499164e-08
6.139999999999999,0.2184309713453321,3.039647111247581e-08
6.1499999999999995,0.22137012057193553,2.929598599350512e-08
6.159999999999999,0.22434881857272193,2.8235438391186564e-08
6.169999999999999,0.2273675975341926,2.721338654045874e-08
6.179999999999999,0.23042699675173386,2.6228436348605007e-08
6.189999999999999,0.23352756272275008,2.5279238393565528e-08
6.199999999999999,0.23666984922999512,2.4364484768646346e-08
6.209999999999999,0.23985441742490277,2.3482905927228808e-08
6.219999999999999,0.2430818359109195,2.2633267527478244e-08
6.229999999999999,0.24635268086127582,2.181437027122204e-08
6.239999999999999,0.24966753734472905,2.1025154759315116e-08
6.249999999999999,0.2530269980950944,2.0264584119469315e-08
6.259999999999999,0.2564316633017101,1.9531615390108474e-08
6.269999999999999,0.25988214117748376,1.882523850451585e-08
6.279999999999999,0.2633790480523978,1.8144474019989755e-08
6.289999999999999,0.2669230084670129,1.7488370846999555e-08
6.299999999999999,0.2705146552659746,1.68560039783411e-08
6.309999999999999,0.27415462969151744,1.624647221829271e-08
6.319999999999999,0.27784358174837004,1.5658917122346972e-08
6.329999999999999,0.2815821716135089,1.5092623594312674e-08
6.339999999999999,0.28537106744743473,1.4546839253910042e-08
6.349999999999999,0.28921094614429155,1.4020823481953214e-08
6.359999999999999,0.2931024936428166,1.3513862143273613e-08
6.369999999999999,0.2970464050313913,1.3025266218362777e-08
6.379999999999999,0.3010433846530961,1.2554370435014737e-08
6.389999999999999,0.3050941462107617,1.2100531899968833e-08
6.399999999999999,0.3091994128720219,1.1663128730552336e-08
6.409999999999999,0.31335991819835696,1.1241569252673431e-08
6.419999999999999,0.31757640668346276,1.0835296189075774e-08
6.429999999999999,0.32184963167900094,1.0443757344894627e-08
6.439999999999999,0.32618035658494404,1.0066418156453381e-08
6.449999999999999,0.33056935499624074,9.702760856512945e-09
6.459999999999999,0.33501741082078806,9.352283271604634e-09
6.469999999999999,0.33952531839740696,9.014497619362768e-09
6.479999999999999,0.34409388261381463,8.688929305857569e-09
6.489999999999999,0.3487239190518068,8.375116453901902e-09
6.499999999999999,0.3534162558081448,8.072654450839043e-09
6.509999999999999,0.3581717320166107,7.781151869916117e-09
6.519999999999999,0.3629911972772666,7.500210764705476e-09
6.529999999999999,0.367875512549249,7.229446282708903e-09
6.539999999999999,0.3728255502832582,6.968485852725133e-09
6.549999999999999,0.3778421945540522,6.716968372217122e-09
6.559999999999999,0.3829263411929365,6.474543394679572e-09
6.569999999999999,0.388078897920256,6.240870317006301e-09
6.579999999999999,0.39330078478734404,6.015622613035444e-09
6.589999999999999,0.39859293626460646,5.798518909659348e-09
6.599999999999999,0.4039562982290029,5.589270890261156e-09
6.609999999999999,0.40939182886028275,5.3875949360325375e-09
6.619999999999999,0.41490049914231,5.193217327744984e-09
6.629999999999999,0.4204832930118649,5.005873699026374e-09
6.639999999999999,0.4261412075074403,4.825308489637727e-09
6.649999999999999,0.43187525291804024,4.651274398749863e-09
6.659999999999999,0.4376864529319793,4.483531838220067e-09
6.669999999999999,0.4435758458083597,4.321853593017489e-09
6.679999999999999,0.4495444854727666,4.166029095761629e-09
6.689999999999999,0.45559343836197086,4.015847056670851e-09
6.699999999999999,0.46172378510967976,3.871102742475496e-09
6.709999999999999,0.4679366207823749,3.731597872883384e-09
6.719999999999999,0.474233055046426,3.5971401670948643e-09
6.729999999999999,0.4806142123351991,3.467542890317978e-09
6.739999999999999,0.4870812320161677,3.3426244002835608e-09
6.749999999999999,0.4936352685747297,3.2222078165118617e-09
6.759999999999999,0.5002774940616395,3.106137319674993e-09
6.769999999999999,0.5070090964382303,2.994264313240107e-09
6.779999999999999,0.513831278358251,2.886436792768632e-09
6.789999999999999,0.5207452585561568,2.782507864110079e-09
6.799999999999999,0.5277522720347889,2.6823354410106274e-09
6.809999999999999,0.5348535702530489,2.5857819427218044e-09
6.819999999999999,0.5420504213135765,2.4927139916091115e-09
6.829999999999999,0.5493441101504234,2.403002110760699e-09
6.839999999999999,0.5567359390622918,2.316521700543965e-09
6.849999999999999,0.5642272307651625,2.2331633397171987e-09
6.8599999999999985,0.5718193242923246,2.15281661399355e-09
6.869999999999999,0.5795135759982404,2.0753728344507814e-09
6.879999999999999,0.5873113603638039,2.0007270208869005e-09
6.889999999999999,0.5952140702071193,1.9287776849139393e-09
6.899999999999999,0.6032231168942706,1.8594266130518062e-09
6.909999999999999,0.6113399305500978,1.7925786498220993e-09
6.919999999999999,0.6195659602689677,1.72814148084195e-09
6.929999999999999,0.6279026755835241,1.6660276923004736e-09
6.939999999999999,0.6363515684345677,1.6061577372728743e-09
6.949999999999999,0.644914148468861,1.5484508284783818e-09
6.959999999999999,0.6535919453814915,1.4928285786296208e-09
6.969999999999999,0.6623865092996811,1.4392150966363217e-09
6.979999999999999,0.6712994110194965,1.3875368176386804e-09
6.989999999999999,0.680332242242564,1.3377223330406866e-09
6.999999999999999,0.6894866158127794,1.2897022205434827e-09
7.009999999999999,0.6987641659574196,1.2434088828491847e-09
7.019999999999999,0.7081665509597465,1.1987811849829813e-09
7.029999999999999,0.7176954521307224,1.1557617878246478e-09
7.039999999999999,0.7273525719119157,1.1142927670288148e-09
7.049999999999999,0.7371396355948041,1.0743183689744617e-09
7.059999999999999,0.7470583915984658,1.0357849216748607e-09
7.0699999999999985,0.7571106117472748,9.98640745687498e-10
7.079999999999999,0.7672980915485953,9.628360650239977e-10
7.089999999999999,0.7776226512172708,9.283226636665973e-10
7.099999999999999,0.7880861361735357,8.95053721463547e-10
7.1099999999999985,0.7986904157709447,8.629842529587553e-10
7.119999999999999,0.8094373843715381,8.320707466470276e-10
7.129999999999999,0.8203289616513525,8.022710664073735e-10
7.139999999999999,0.8313670928959166,7.735443563504913e-10
7.149999999999999,0.8425537492957392,7.458509456662791e-10
7.159999999999999,0.8538909291562036,7.191531256309388e-10
7.169999999999999,0.8653806596632354,6.934164567191875e-10
7.179999999999999,0.877024993634919,6.686062932840012e-10
7.189999999999999,0.8888260112835051,6.446890871774342e-10
7.199999999999999,0.9007858206518635,6.216324270461978e-10
7.209999999999999,0.9129065579422475,5.994049749191034e-10
7.219999999999999,0.9251903878450684,5.779764027944859e-10
7.229999999999999,0.9376395043997444,5.573175846804125e-10
7.239999999999999,0.9502561334246662,5.374015419610749e-10
7.249999999999999,0.9630425292384983,5.182016480497696e-10
7.259999999999999,0.9760009761057314,4.996921011386649e-10
7.269999999999999,0.9891337888574211,4.818480009625363e-10
7.2799999999999985,1.0024433132526112,4.646453010635074e-10
7.289999999999999,1.0159319263397577,4.4806076105578927e-10
7.299999999999999,1.029602037113417,4.3207195573244244e-10
7.309999999999999,1.04345608953356,4.1665773899625567e-10
7.3199999999999985,1.057496559273861,4.017975005654055e-10
7.329999999999999,1.0717259546582167,3.874712289488469e-10
7.339999999999999,1.0861468175811346,3.7365957131788807e-10
7.349999999999999,1.1007617239052212,3.603437927123215e-10
7.3599999999999985,1.1155732838586572,3.4750573524656904e-10
7.369999999999999,1.130584143397427,3.3512807057235097e-10
7.379999999999999,1.1457969836266202,3.231939623547374e-10
7.389999999999999,1.1612145250407868,3.116881936039447e-10
7.399999999999999,1.1768395218529837,3.0059528124660507e-10
7.409999999999999,1.192674765217616,2.899002941633204e-10
7.419999999999999,1.2087230836432803,2.795888170658071e-10
7.429999999999999,1.2249873434112102,2.6964691607371135e-10
7.439999999999999,1.2414704490146682,2.6006110808003926e-10
7.449999999999999,1.2581753462681493,2.5081869395623625e-10
7.459999999999999,1.2751050209911572,2.4190749116016117e-10
7.469999999999999,1.2922624976910677,2.333155671575508e-10
7.479999999999999,1.3096508414705887,2.2503141209697474e-10
7.489999999999998,1.3272731585584874,2.1704392528756357e-10
7.499999999999999,1.3451325968500139,2.0934240393415732e-10
7.509999999999999,1.3632323464570113,2.0191653412987766e-10
7.519999999999999,1.3815756402677368,1.9475638410611328e-10
7.5299999999999985,1.4001657550993476,1.878523464347116e-10
7.539999999999999,1.4190060128836113,1.8119508033733882e-10
7.549999999999999,1.438099779457449,1.7477567613850095e-10
7.559999999999999,1.4574504659988292,1.6858558098770875e-10
7.5699999999999985,1.4770615297039136,1.6261659709965078e-10
7.579999999999999,1.4969364744396405,1.5686088538516846e-10
7.589999999999999,1.5170788514077294,1.5131097118059482e-10
7.599999999999999,1.5374922598201388,1.4595975207544778e-10
7.6099999999999985,1.5581803472460265,1.4080036307036725e-10
7.619999999999999,1.5791468082843942,1.3582532588072e-10
7.629999999999999,1.6003953883351563,1.3102786685732595e-10
7.639999999999999,1.621929883535809,1.2640159908299054e-10
7.649999999999999,1.6437541411223873,1.2194038240637594e-10
7.659999999999999,1.665872060118899,1.1763832059641677e-10
7.669999999999999,1.6882875920353948,1.1348975940747123e-10
7.679999999999999,1.7110047415747014,1.0948928555520128e-10
7.689999999999999,1.734027567343544,1.0563171866202026e-10
7.699999999999998,1.7573601823948761,1.0191177165407158e-10
7.709999999999999,1.7810067551265272,9.83243634524315e-11
7.719999999999999,1.8049715100756745,9.486472121835584e-11
7.729999999999999,1.8292587285956665,9.152824684807079e-11
7.739999999999998,1.8538727496097842,8.831051236767518e-11
7.749999999999999,1.8788179703734103,8.520725576979614e-11
7.759999999999999,1.9040988472445814,8.22143772920012e-11
7.769999999999999,1.929719896462957,7.932793613696265e-11
7.7799999999999985,1.9556856953700346,7.654410678529581e-11
7.789999999999999,1.98200088334065,7.385916378917296e-11
7.799999999999999,2.008670161689424,7.126956452989783e-11
7.809999999999999,2.0356982949609557,6.877190263154551e-11
7.8199999999999985,2.0630901117760185,6.63629045048506e-11
7.829999999999999,2.090850505681004,6.403942682044293e-11
7.839999999999999,2.1189844360067474,6.179845432890349e-11
7.849999999999999,2.147496928736784,5.963709802763689e-11
7.8599999999999985,2.1763930775675973,5.7552557497873206e-11
7.869999999999999,2.2056780454578697,5.554198858158699e-11
7.879999999999999,2.235357064364151,5.360273253798089e-11
7.889999999999999,2.265435436536152,5.173223845087437e-11
7.899999999999999,2.2959185355292053,4.992804386921724e-11
7.909999999999998,2.3268118071490402,4.8187771068167776e-11
7.919999999999999,2.3581207704069844,4.650912345447453e-11
7.929999999999999,2.3898510184855732,4.488988211616211e-11
7.939999999999999,2.422008219701005,4.3327902004945704e-11
7.949999999999998,2.4545981197462856,4.182115602803967e-11
7.959999999999999,2.4876265410898717,4.036767193367499e-11
7.969999999999999,2.5210993843834286,3.896554449574667e-11
7.979999999999999,2.555022629631598,3.761293850081869e-11
7.989999999999998,2.589402337246883,3.630808716887849e-11
7.999999999999999,2.6242446491154743,3.50492907371137e-11
8.009999999999998,2.6595557896741275,3.383491521241322e-11
8.02,2.695342066998319,3.266339129829071e-11
8.03,2.7316098746936497,3.153318085347214e-11
8.04,2.768365692784237,3.0442785364400446e-11
8.049999999999999,2.805616087834686,2.939078668393351e-11
8.059999999999999,2.8433677147343155,2.8375819929460978e-11
8.069999999999999,2.881627317874889,2.739657208067719e-11
8.079999999999998,2.9204017323428,2.6451780690336844e-11
8.089999999999998,2.959697885126159,2.5540232701537992e-11
8.1,2.999522796337028,2.4660763373463842e-11
8.11,3.039883580449013,2.3812255317516047e-11
8.12,3.0807874475634516,2.2993636945036655e-11
8.129999999999999,3.1222417056704006,2.2203827841454458e-11
8.139999999999999,3.1642537611112567,2.1441782838026805e-11
8.149999999999999,3.206831119437569,2.0706515563547686e-11
8.159999999999998,3.2499813872078405,1.9997072060129363e-11
8.169999999999998,3.2937122733532487,1.9312528855519864e-11
8.179999999999998,3.338031590562938,1.865199102459512e-11
8.19,3.382947256689218,1.8014590237102768e-11
8.2,3.428467296172958,1.7399482788735252e-11
8.209999999999999,3.4745998414896246,1.6805847612607643e-11
8.219999999999999,3.5213531345793503,1.6232888235878156e-11
8.229999999999999,3.5687355276616386,1.5679903360516e-11
8.239999999999998,3.6167554855301414,1.514620013977977e-11
8.249999999999998,3.665421587082866,1.4631092227831354e-11
8.259999999999998,3.7147425266652347,1.413392037578985e-11
8.27,3.764727115627309,1.3654052329368158e-11
8.28,3.8153842839023224,1.3190882852302909e-11
8.29,3.866723081606933,1.2743833878596302e-11
8.299999999999999,3.9187526806632995,1.2312354796591581e-11
8.309999999999999,3.971482376443382,1.1895922867900755e-11
8.319999999999999,4.024921589387433,1.1494034082429522e-11
8.329999999999998,4.079079866333904,1.1106131596455137e-11
8.339999999999998,4.1339668827571305,1.0731712106293711e-11
8.349999999999998,4.189592444385871,1.0370303273121124e-11
8.36,4.245966488885939,1.0021449433273902e-11
8.37,4.3030990876327735,9.684710755614552e-12
8.379999999999999,4.361000447507398,9.359662384616064e-12
8.389999999999999,4.4196809127158065,9.045893566118474e-12
8.399999999999999,4.479150966632164,8.743006752708117e-12
8.409999999999998,4.539421233666034,8.450616685671604e-12
8.419999999999998,4.600502481225967,8.168352288999607e-12
8.429999999999998,4.662405621880176,7.895865327299918e-12
8.44,4.725141714847567,7.632811694002976e-12
8.45,4.7887219681222195,7.378856619194161e-12
8.459999999999999,4.853157740501753,7.133675055479007e-12
8.469999999999999,4.918460543612467,6.8969508960303555e-12
8.479999999999999,4.984642043960981,6.6683761748757e-12
8.489999999999998,5.05171406501256,6.4476502473338434e-12
8.499999999999998,5.119688589296438,6.23447894850965e-12
8.509999999999998,5.1885777605383705,6.028573727755712e-12
8.52,5.258393885978601,5.829669702848286e-12
8.53,5.329149438776109,5.637550716660058e-12
8.54,5.400857059651588,5.451979607950437e-12
8.549999999999999,5.473529559390635,5.2727283112995284e-12
8.559999999999999,5.547179921143525,5.099580064217661e-12
8.569999999999999,5.6218213027388275,4.932329776016745e-12
8.579999999999998,5.697467039027116,4.7707844700511954e-12
8.589999999999998,5.774130644255059,4.614763801187377e-12
8.599999999999998,5.851825814470207,4.4641006503605105e-12
8.61,5.930566429956792,4.318641798077997e-12
8.62,6.0103665580253995,4.1782076020674495e-12
8.629999999999999,6.091240455572305,4.042585121357546e-12
8.639999999999999,6.173202570976678,3.911609675291346e-12
8.649999999999999,6.256267547016897,3.785120844817767e-12
8.659999999999998,6.340450223484801,3.6629611611008335e-12
8.669999999999998,6.4257656398303515,3.544975189906257e-12
8.679999999999998,6.512229037840727,3.431008543457421e-12
8.69,6.599855864354182,3.3209068158513978e-12
8.7,6.688661774008969,3.214514438125787e-12
8.709999999999999,6.778662632028812,3.1116735485956176e-12
8.719999999999999,6.869874517531707,3.0122744943172415e-12
8.729999999999999,6.962313726110295,2.916225140677897e-12
8.739999999999998,7.055996772317797,2.8234062048759864e-12
8.749999999999998,7.150940392910659,2.7337028262773054e-12
8.759999999999998,7.247161549832449,2.6470046464444714e-12
8.769999999999998,7.344677433236694,2.563205926627657e-12
8.78,7.44350546454906,2.482205704054253e-12
8.79,7.543663299569184,2.403907988355168e-12
8.799999999999999,7.6451688316128115,2.3282219994651973e-12
8.809999999999999,7.748040194719811,2.255061892279824e-12
8.819999999999999,7.852295767774647,2.1843275390211052e-12
8.829999999999998,7.95795417678297,2.1159264305896187e-12
8.839999999999998,8.065034297999787,2.049777980369389e-12
8.849999999999998,8.173555261643468,1.9858060299011474e-12
8.86,8.28353645530099,1.9239390584589475e-12
8.87,8.39499752737692,1.86411042311983e-12
8.879999999999999,8.507958390586916,1.8062586300576254e-12
8.889999999999999,8.622439225495711,1.7503276377923828e-12
8.899999999999999,8.73846048410035,1.6962671931264995e-12
8.909999999999998,8.856042893458989,1.6440332004988948e-12
8.919999999999998,8.97520745936565,1.5935881254884619e-12
8.929999999999998,9.095975470078113,1.544901258552344e-12
8.94,9.218368502271318,1.497891924315996e-12
8.95,9.3424084232651,1.4524715911732454e-12
8.959999999999999,9.46811739323497,1.4085877166650778e-12
8.969999999999999,9.595517870507619,1.3661880553301587e-12
8.979999999999999,9.724632615559814,1.3252202562686546e-12
8.989999999999998,9.855484695068878,1.2856314312368605e-12
8.999999999999998,9.98809748601527,1.2473676919465783e-12
9.009999999999998,10.122494679837802,1.2103736552432102e-12
9.019999999999998,10.25870028664196,1.1745919148365272e-12
9.03,10.396738639461883,1.1399624782580648e-12
9.04,10.536634398576366,1.1064221677191448e-12
9.049999999999999,10.678412555879719,1.073903983543391e-12
9.059999999999999,10.822098441132326,1.0423802748011243e-12
9.069999999999999,10.967717726268999,1.0118578624923188e-12
9.079999999999998,11.115296426719027,9.822999691909747e-13
9.089999999999998,11.264860907922671,9.53671605330264e-13
9.099999999999998,11.416437890037212,9.259400365116886e-13
9.11,11.570054452692125,8.990749987067397e-13
9.12,11.725738039805234,8.730489384905674e-13
9.129999999999999,11.883516464460943,8.478372790748093e-13
9.139999999999999,12.043417913850497,8.234187129069107e-13
9.149999999999999,12.20547095427536,7.997755216030827e-13
9.159999999999998,12.369704536214059,7.768939239821639e-13
9.169999999999998,12.536147999453187,7.547644529676019e-13
9.179999999999998,12.704831079821446,7.333642931319869e-13
9.189999999999998,12.875783915776744,7.126421418582394e-13
9.2,13.049037048776421,6.925768978709583e-13
9.209999999999999,13.224621431088796,6.731497570410864e-13
9.219999999999999,13.402568431409877,6.543429125609952e-13
9.229999999999999,13.582909840445689,6.36139483744892e-13
9.239999999999998,13.765677876566567,6.185234374507261e-13
9.249999999999998,13.950905191533947,6.014795016715337e-13
9.259999999999998,14.138624876300339,5.84993070844138e-13
9.269999999999998,14.328870466883235,5.690501024231265e-13
9.28,14.521675950313629,5.536370042680201e-13
9.29,14.717075770659681,5.387405123915721e-13
9.299999999999999,14.9151048363514,5.243464078560764e-13
9.309999999999999,15.11579852927649,5.104366306319963e-13
9.319999999999999,15.319192704436245,4.96995325401069e-13
9.329999999999998,15.525323698906147,4.840062062866251e-13
9.339999999999998,15.73422833864173,4.714520083197031e-13
9.349999999999998,15.945943945033386,4.593142371771409e-13
9.36,16.160508341545594,4.4757290213471177e-13
9.37,16.37795986044119,4.3620623166610917e-13
9.379999999999999,16.59833734959209,4.2519037111853767e-13
9.389999999999999,16.821680179376468,4.144990618957418e-13
9.399999999999999,17.04802824966386,4.041033015792292e-13
9.409999999999998,17.277421996888716,3.93970984418492e-13
9.419999999999998,17.50990240205865,3.8407601125895366e-13
9.429999999999998,17.74551100231926,3.7444629111174507e-13
9.439999999999998,17.984289890752642,3.650786164581475e-13
9.45,18.226281726046906,3.5596329343246e-13
9.459999999999999,18.471529740823186,3.4709264194210196e-13
9.469999999999999,18.720077749331235,3.3846133068617545e-13
9.479999999999999,18.971970155243653,3.3006674290764217e-13
9.489999999999998,19.227251959550436,3.2190937391535935e-13
9.499999999999998,19.4859687685545,3.139932614122578e-13
9.509999999999998,19.748166801969184,3.063264496659291e-13
9.519999999999998,20.013892901118748,2.9892148855789433e-13
9.53,20.28319453724281,2.91795968547823e-13
9.54,20.556119820420975,2.849668719036822e-13
9.549999999999999,20.83271751373393,2.783830590349997e-13
9.559999999999999,21.113037033793812,2.720235524636896e-13
9.569999999999999,21.397128460676566,2.658837151595527e-13
9.579999999999998,21.68504254824314,2.5995808912136245e-13
9.589999999999998,21.976830733174342,2.5424012206060416e-13
9.599999999999998,22.272545144122073,2.4872186797245956e-13
9.609999999999998,22.572238610978143,2.433936605752312e-13
9.62,22.875964674261784,2.382437585993963e-13
9.629999999999999,23.183777594626758,2.332579619074881e-13
9.639999999999999,23.495732362489903,2.284191974259834e-13
9.649999999999999,23.81188470778127,2.237070738704068e-13
9.659999999999998,24.13229111004264,2.1909901736018383e-13
9.669999999999998,24.457008814950854,2.1461656273913374e-13
9.679999999999998,24.786095836947766,2.1027106363200013e-13
9.689999999999998,25.11961096860685,2.0605677609079595e-13
9.7,25.45761379351104,2.0196817263278511e-13
9.709999999999999,25.800164696860023,1.980000118499949e-13
9.719999999999999,26.14732487621491,1.9414741786396568e-13
9.729999999999999,26.499156352380336,1.904059700421554e-13
9.739999999999998,26.85572198042633,1.8677180339238916e-13
9.749999999999998,27.217085460850832,1.8324172005176145e-13
9.759999999999998,27.583311350884294,1.7981331228639185e-13
9.769999999999998,27.95446507593773,1.7648509741843707e-13
9.78,28.330612941231617,1.7325662465538177e-13
9.79,28.71182215027267,1.701210844433646e-13
9.799999999999999,29.098160811382424,1.670714858596985e-13
9.809999999999999,29.48969794535642,1.641057466580094e-13
9.819999999999999,29.886503501617277,1.6122244770844997e-13
9.829999999999998,30.288648370668486,1.584209168751934e-13
9.839999999999998,30.69620439670875,1.5570131894404697e-13
9.849999999999998,31.109244390408556,1.5306475175361295e-13
9.859999999999998,31.52784214185045,1.5051334868342538e-13
9.87,31.95207243363471,1.4805038765249e-13
9.879999999999999,32.38201105415154,1.4568040678165804e-13
9.889999999999999,32.817734811022426,1.4340932687325584e-13
9.899999999999999,33.259321544710794,1.4124458086140627e-13
9.909999999999998,33.70685014838698,1.3918107593057863e-13
9.919999999999998,34.16040058060783,1.3720431119769192e-13
9.929999999999998,34.620053869825774,1.3531295077741406e-13
9.939999999999998,35.08589213466163,1.3350507905472553e-13
9.95,35.55799859854556,1.3177800312426357e-13
9.959999999999999,36.03645760452689,1.301280867011627e-13
9.969999999999999,36.52135463027524,1.285505699645705e-13
9.979999999999999,37.012776303273185,1.2703937484247558e-13
9.989999999999998,37.5108104162035,1.2558689524647302e-13
9.999999999999998,38.01554594253233,1.241837717651005e-13
10.009999999999998,38.527073052290284,1.228186503243745e-13
10.019999999999998,39.04548312805321,1.214779243241576e-13
10.029999999999998,39.57086878622176,1.2016051900372275e-13
10.04,40.10332389691687,1.188879679806022e-13
10.049999999999999,40.64294358546204,1.1765946655613546e-13
10.059999999999999,41.18982425676828,1.1647395572005101e-13
10.069999999999999,41.74406361276905,1.1533103950261173e-13
10.079999999999998,42.30576066980836,1.1423112046458178e-13
10.089999999999998,42.87501577625263,1.1317554802782686e-13
10.099999999999998,43.451930630328405,1.1216678011568645e-13
10.109999999999998,44.0366082981881,1.1120855857225844e-13
10.12,44.629153232206214,1.1030609882973459e-13
10.129999999999999,45.22967128950738,1.0946629429292784e-13
10.139999999999999,45.83826975073007,1.0869793591012831e-13
10.149999999999999,46.45505734304677,1.0800399584142638e-13
10.159999999999998,47.08014426783686,1.0736519945688645e-13
10.169999999999998,47.71364220009376,1.0677998987575368e-13
10.179999999999998,48.35566431642258,1.0624844915125322e-13
10.189999999999998,49.00632531610495,1.0577043298685742e-13
10.2,49.6657414415137,1.0534549894750408e-13
10.209999999999999,50.33403049878994,1.0497282741916057e-13
10.219999999999999,51.011311878786486,1.0465113502963997e-13
10.229999999999999,51.697706578278144,1.0437858024357833e-13
10.239999999999998,52.39333722144299,1.0415266084447921e-13
10.249999999999998,53.09832808161657,1.039701030167335e-13
10.259999999999998,53.812805103321644,1.0382674174052183e-13
10.269999999999998,54.536895927473104,1.0371995801936385e-13
10.279999999999998,55.270729927178884,1.0366024270667597e-13
10.29,56.01443820671413,1.0364988380163068e-13
10.299999999999999,56.76815363217107,1.0368944535176717e-13
10.309999999999999,57.53201085723172,1.0377966014473545e-13
10.319999999999999,58.30614634713538,1.0392145680161921e-13
10.329999999999998,59.09069840295559,1.0411598967033918e-13
10.339999999999998,59.88580718618853,1.0436467163049293e-13
10.349999999999998,60.691614743656174,1.0466920992098701e-13
10.359999999999998,61.5082650327271,1.0503164510181733e-13
10.37,62.33590394685816,1.0545439326135365e-13
10.379999999999999,63.1746793414591,1.059402915804839e-13
10.389999999999999,64.02474106188504,1.0649222350287704e-13
10.399999999999999,64.88624098737544,1.0710906910867034e-13
10.409999999999998,65.75933303218407,1.0779182000996166e-13
10.419999999999998,66.64417317729618,1.0854257322250524e-13
10.429999999999998,67.54091950228798,1.093635752182067e-13
10.439999999999998,68.44973221346665,1.1025722649265955e-13
10.45,69.370773672373,1.1122608606600455e-13
10.459999999999999,70.30420842464953,1.1227287590387213e-13
10.469999999999999,71.25020322927958,1.13400485245172e-13
10.479999999999999,72.20892708819815,1.1461197482348823e-13
10.489999999999998,73.18055127628024,1.1591058096884358e-13
10.499999999999998,74.1652493717091,1.172997195765938e-13
10.509999999999998,75.16319728757007,1.1878303251280635e-13
10.519999999999998,76.17457332347101,1.2036542748568832e-13
10.529999999999998,77.19955817262883,1.2205184484705543e-13
10.54,78.23833495224874,1.2384718269952725e-13
10.549999999999999,79.29108924323519,1.2575667385178272e-13
10.559999999999999,80.35800912323099,1.2778590460560264e-13
10.569999999999999,81.43928520008048,1.299408343750015e-13
10.579999999999998,82.53511064572358,1.3222781615569633e-13
10.589999999999998,83.64568123052385,1.3465361786315642e-13
10.599999999999998,84.7711953580349,1.3722544455747727e-13
10.609999999999998,85.91185410020918,1.3995096157332414e-13
10.62,87.06786123305369,1.4283831857318955e-13
10.629999999999999,88.23942327291346,1.4589618971335188e-13
10.639999999999999,89.42674953463701,1.4913564040781396e-13
10.649999999999999,90.63005215004699,1.5256857370392653e-13
10.659999999999998,91.8495460934904,1.5620674134363273e-13
10.669999999999998,93.08544923164347,1.6006278279231798e-13
10.679999999999998,94.33798236230022,1.641502864109241e-13
10.689999999999998,95.60736925366135,1.684838537654704e-13
10.699999999999998,96.893836684128,1.7307916715459148e-13
10.709999999999999,98.19761448260593,1.7795306043570292e-13
10.719999999999999,99.51893556932318,1.831235932303993e-13
10.729999999999999,100.85803599716999,1.8861012858970757e-13
10.739999999999998,102.2151549935609,1.9443341419978862e-13
10.749999999999998,103.59053500282752,2.006156672087096e-13
10.759999999999998,104.98442174898479,2.071842102548456e-13
10.769999999999998,106.39706427288131,2.1417043442397752e-13
10.779999999999998,107.82871494825616,2.2160489695005246e-13
10.79,109.2796295443555,2.29520650133248e-13
10.799999999999999,110.75006727149507,2.3795342595844396e-13
10.809999999999999,112.2402908271893,2.4694182575531415e-13
10.819999999999999,113.75056644287112,2.565275193255105e-13
10.829999999999998,115.28116393121203,2.667554537714933e-13
10.839999999999998,116.83235673404677,2.7767407226153265e-13
10.849999999999998,118.40442197090829,2.893355429654163e-13
10.859999999999998,119.99764048817914,3.017959983953971e-13
10.87,121.61229690886515,3.1511578538691585e-13
10.879999999999999,123.2486796997661,3.293710272113138e-13
10.889999999999999,124.90708123134078,3.446598448492587e-13
10.899999999999999,126.58779778375497,3.6107189561433326e-13
10.909999999999998,128.2911296227839,3.787045600109996e-13
10.919999999999998,130.0173810539461,3.9766403303827204e-13
10.929999999999998,131.76686047666018,4.1806600058477254e-13
10.939999999999998,133.53988043909825,4.400363514214352e-13
10.949999999999998,135.33675769374324,4.63711925708661e-13
10.959999999999999,137.15781325365643,4.8924130093473e-13
10.969999999999999,139.00337244946098,5.167856162022443e-13
10.979999999999999,140.8737649870521,5.46519435779473e-13
10.989999999999998,142.76932500603505,5.786316528333103e-13
10.999999999999998,144.69039115227474,6.133613846784639e-13
11.009999999999998,146.6373066623473,6.510630697418275e-13
11.019999999999998,148.61041936237103,6.920458794203326e-13
11.029999999999998,150.6100817557695,7.366436145569007e-13
11.04,152.63665108853857,7.85223855565266e-13
11.049999999999999,154.69048941282855,8.38190743327661e-13
11.059999999999999,156.771963651348,8.959879126147133e-13
11.069999999999999,158.88144566259066,9.591015820563881e-13
11.079999999999998,161.01931230689854,1.0280638046931206e-12
11.089999999999998,163.18594551336682,1.1034558831360906e-12
11.099999999999998,165.38173234759904,1.1859119533656655e-12
11.109999999999998,167.60706508032067,1.2761227411970155e-12
11.119999999999997,169.86234126665227,1.3749569157149064e-12
11.129999999999999,172.1479638563825,1.4839438126791642e-12
11.139999999999999,174.4643411904638,1.6043816512573976e-12
11.149999999999999,176.81188709781938,1.7376379071712163e-12
11.159999999999998,179.1910209750491,1.885234128544592e-12
11.169999999999998,181.60216786108077,2.048859458409695e-12
11.179999999999998,184.04575851278233,2.2303849272703693e-12
11.189999999999998,186.52222948154485,2.43187853654503e-12
11.199999999999998,189.03202319084525,2.655621153710757e-12
11.209999999999999,191.5755880147993,2.9041232399703913e-12
11.219999999999999,194.1533783577109,3.1801424312641374e-12
11.229999999999999,196.76585473463376,3.486701993448108e-12
11.239999999999998,199.41348385920628,3.827526621360742e-12
11.249999999999998,202.09673877998867,4.210637491426873e-12
11.259999999999998,204.81609888234166,4.642934061469462e-12
11.269999999999998,207.57204998956266,5.131310662913183e-12
11.279999999999998,210.36508446128076,5.683521581455994e-12
11.29,213.19570128110215,6.308261107466927e-12
11.299999999999999,216.0644061453818,7.015248305729134e-12
11.309999999999999,218.97171155314055,7.815316634948098e-12
11.319999999999999,221.91813689712808,8.720508547440976e-12
11.329999999999998,224.90420855605095,9.744175199426877e-12
11.339999999999998,227.9304599879729,1.090108140233561e-11
11.349999999999998,230.99743182489962,1.220751594555321e-11
11.359999999999998,234.10567197166432,1.368282072214848e-11
11.369999999999997,237.25573576712165,1.5378728798683218e-11
11.379999999999999,240.44818600289398,1.7343336071130368e-11
11.389999999999999,243.6835930216044,1.962068997796587e-11
11.399999999999999,246.96253483938804,2.2260865543446635e-11
11.409999999999998,250.28559724879014,2.5320556373680594e-11
11.419999999999998,253.65337392299278,2.886370157414814e-11
11.429999999999998,257.06646652138056,3.2962149600748885e-11
11.439999999999998,260.5254847964584,3.769636005644995e-11
11.449999999999998,264.0310467021342,4.3156144445611295e-11
11.459999999999999,267.5837785033804,4.944144689806535e-11
11.469999999999999,271.1843148872837,5.666316587501958e-11
11.479999999999999,274.8332990763091,6.494718260566605e-11
11.489999999999998,278.531383011097,7.470605687642965e-11
11.499999999999998,282.2792274025169,8.639149536330743e-11
11.509999999999998,286.07750181645173,1.0036977841664498e-10
11.519999999999998,289.9268848273162,1.1706155688080136e-10
11.529999999999998,293.82806413886766,1.3694742559328913e-10
11.539999999999997,297.7817367065746,1.6057384465444086e-10
11.549999999999999,301.78860886155917,1.88559418432657e-10
11.559999999999999,305.8493964361239,2.21601542270254e-10
11.569999999999999,309.9648248908896,2.6048342685503924e-10
11.579999999999998,314.1356294435439,3.060815102225638e-10
11.589999999999998,318.36255519922827,3.5937326735417566e-10
11.599999999999998,322.64635728257275,4.2144542733589443e-10
11.609999999999998,326.9878010360817,4.96332355482958e-10
11.619999999999997,331.3876621282764,5.898336462149883e-10
11.629999999999999,335.8467266102854,7.06002831081148e-10
11.639999999999999,340.36579110903654,8.495375919669352e-10
11.649999999999999,344.94566296911205,1.0258488474760236e-09
11.659999999999998,349.58716039641325,1.2411337125208052e-09
11.669999999999998,354.29111260367733,1.5024529602143782e-09
11.679999999999998,359.0583599578588,1.817813113253889e-09
11.689999999999998,363.88975412939425,2.1962532919852617e-09
11.699999999999998,368.7861582433682,2.647936946339346e-09
11.709999999999999,373.74844703259953,3.184248598829596e-09
11.719999999999999,378.7775069926599,3.8178957258007134e-09
11.729999999999999,383.8742365937573,4.598232212791101e-09
11.739999999999998,389.03954646025073,5.624564409506978e-09
11.749999999999998,394.27435939487856,6.958573779687762e-09
11.759999999999998,399.5796106144938,8.671129281272739e-09
11.769999999999998,404.956247918186,1.0844434763071177e-08
11.779999999999998,410.4052318559509,1.3573222090950344e-08
11.789999999999997,415.9275358995295,1.696601920828996e-08
11.799999999999999,421.5241466154396,2.1146495272931074e-08
11.809999999999999,427.1960638402131,2.6254885012841002e-08
11.819999999999999,432.9443008578776,3.244949444273245e-08
11.829999999999998,438.76988457968025,3.990829008384884e-08
11.839999999999998,444.67385572609305,4.883057382915303e-08
11.849999999999998,450.6572690245893,5.96389019661081e-08
11.859999999999998,456.7211934520685,7.380978385094106e-08
11.869999999999997,462.8667124104291,9.367688245375666e-08
11.879999999999999,469.09492391360243,1.2256248997817896e-07
11.889999999999999,475.40694060819567,1.6312083894496442e-07
11.899999999999999,481.80389006829995,2.1859925049722016e-07
11.909999999999998,488.28691496518763,2.9273293147542127e-07
11.919999999999998,494.8571735189932,3.9241058096820365e-07
11.929999999999998,501.5158395249301,5.262094704929572e-07
11.939999999999998,508.2641026077019,7.060784328307244e-07
11.949999999999998,515.1031682173244,9.512430347858731e-07
11.959999999999997,522.0342580019104,1.2890621525526134e-06
11.969999999999999,529.0586099721521,1.7585069856511583e-06
11.979999999999999,536.1774787693222,2.4147530361599355e-06
11.989999999999998,543.3921357966267,3.3337129488971357e-06
11.999999999999998,550.703869409417,4.62074162379557e-06
12.009999999999998,558.1139849830683,6.44045569076555e-06
12.019999999999998,565.6238051302753,9.021442618838193e-06
12.029999999999998,573.2346697965801,1.2682760337201975e-05
12.039999999999997,580.9479359737276,1.793107454041605e-05
12.049999999999999,588.7649778692263,2.5476725967743468e-05
12.059999999999999,596.687186321201,3.638936146151733e-05
12.069999999999999,604.7159682308439,5.2252912421453774e-05
12.079999999999998,612.8527453967114,7.54340405396682e-05
12.089999999999998,621.0989525967547,0.00010949426367967791
12.099999999999998,629.456034574696,0.00015981162236358037
12.109999999999998,637.9254411595713,0.00023455866866385004
12.119999999999997,646.5086195596497,0.00034622067543397237
12.129999999999999,655.2070021300825,0.0005139797262835669
12.139999999999999,664.0219869558514,0.0007674747630673166
12.149999999999999,672.9549069431168,0.0011527648257144342
12.159999999999998,682.006980378211,0.0017418495555465447
12.169999999999998,691.1792316002561,0.0026479331778345655
12.179999999999998,700.4723627457952,0.004050102800233386
12.189999999999998,709.8865457940439,0.006233360336895389
12.199999999999998,719.4210828688807,0.009654064278785396
12.209999999999997,729.0738483394375,0.015047507188778342
12.219999999999999,738.8403673906818,0.02360577367636843
12.229999999999999,748.7122838906675,0.03727379836571686
12.239999999999998,758.6748001429834,0.05924462702547727
12.249999999999998,768.7023714099396,0.09479316977474848
12.259999999999998,778.751429919138,0.15268661873101805
12.269999999999998,788.74803354435,0.24758087619266386
12.279999999999998,798.5668315395425,0.40410470434008894
12.289999999999997,807.9952199516924,0.6638227984849138
12.299999999999999,816.6724539371239,1.0970636953820787
12.309999999999999,823.98729266025,1.8227869453291854
12.319999999999999,828.9099013631517,3.041135558351525
12.329999999999998,829.728741168462,5.084114400095718
12.339999999999998,823.6782485918654,8.486390134811899
12.349999999999998,806.5262745647825,14.060710182848158
12.359999999999998,772.4362655013932,22.911851903874258
12.369999999999997,714.8893407787901,36.22838551401323
12.379999999999997,629.7472460569875,54.638679108297765
12.389999999999999,520.1860225463819,77.21158513277932
12.399999999999999,399.38297727882116,100.97971774629939
12.409999999999998,285.684248251427,122.05346481476207
12.419999999999998,192.9191634042511,137.68288806419937
12.429999999999998,125.27402438219163,147.26235462828708
12.439999999999998,79.61538669020308,151.73774588572599
12.449999999999998,50.20175800843903,152.55035816677832
12.459999999999997,31.701140359970882,150.9862974506819
12.469999999999999,20.165344209085827,147.98206692990112
12.479999999999999,12.966126107991542,144.15491933643966
12.489999999999998,8.44343463197029,139.89134748312622
12.499999999999998,5.573780525175325,135.4270574402875
12.509999999999998,3.731382836301197,130.90380658491426
12.519999999999998,2.5333585231412727,126.40605444321092
12.529999999999998,1.7440513562618034,121.98357425609191
12.539999999999997,1.217123324997521,117.66513963380159
12.549999999999999,0.8607359991125512,113.46676131650163
12.559999999999999,0.6165904948668899,109.39665205571352
12.569999999999999,0.4472382778304232,105.4582365508293
12.579999999999998,0.3283354054984301,101.65199091307454
12.589999999999998,0.2438681515313885,97.97657713627687
12.599999999999998,0.183179008006394,94.42954944335966
12.609999999999998,0.1390938710808538,91.00779816181048
12.619999999999997,0.10672959836154737,87.70783105459395
12.629999999999997,0.08272640209040565,84.5259529353943
12.639999999999999,0.06474833912373094,81.45838097505867
12.649999999999999,0.05115479573337908,78.50131893472489
12.659999999999998,0.04078217716131714,75.65100491116561
12.669999999999998,0.03279736386828032,72.90374184163885
12.679999999999998,0.026598371205750312,70.25591669311285
12.689999999999998,0.02174636271490001,67.7040121685184
12.699999999999998,0.01791869238455625,65.2446134323864
12.709999999999997,0.014876174492771638,62.87441150754222
12.719999999999999,0.012440075450082267,60.59020443855977
12.729999999999999,0.01047580401421882,58.388896958050175
12.739999999999998,0.008881254379037626,56.26749915348433
12.749999999999998,0.0075784035012659776,54.22312447445478
12.759999999999998,0.006507216815417593,52.25298730933741
12.769999999999998,0.00562119199327896,50.354400292900365
12.779999999999998,0.00488407293257992,48.524771456521236
12.789999999999997,0.00426741536162943,46.76160129570119
12.799999999999997,0.003748767428924721,45.06247980983611
12.809999999999999,0.0033103039242698765,43.425083550111395
12.819999999999999,0.0029377940040316757,41.84717270164299
12.829999999999998,0.002619808311141928,40.32658821930937
12.839999999999998,0.0023471259022312704,38.86124902336917
12.849999999999998,0.002112266317289378,37.44914926985609
12.859999999999998,0.0019091307810373383,36.088355696052645
12.869999999999997,0.0017327234719103995,34.77700504474232
12.879999999999997,0.0015789333567723246,33.51330156864886
12.889999999999999,0.0014443618928940184,32.29551461560492
12.899999999999999,0.0013261876750392334,31.121976293129425
12.909999999999998,0.0012220584293469476,29.991079211916247
12.919999999999998,0.0011300058398040012,28.901274306263314
12.929999999999998,0.001048373560607004,27.85106873069446
12.939999999999998,0.0009757662121453764,26.83902382851024
12.949999999999998,0.0009110010629659092,25.86375317330953
12.959999999999997,0.0008530743673700783,24.923920678779076
12.969999999999999,0.0008011291514595126,24.01823877647256
12.979999999999999,0.000754432788982259,23.14546665791226
12.989999999999998,0.0007123563125972453,22.30440858003024
12.999999999999998,0.0006743580521339222,21.493912231145533
13.009999999999998,0.0006399704128269025,20.71286715593599
13.019999999999998,0.0006087880251600024,19.960203236907798
13.029999999999998,0.0005804590180562556,19.2348892307224
13.039999999999997,0.0005546767435876084,18.53593135734958
13.049999999999997,0.0005311734237521656,17.862371940237175
13.059999999999999,0.0005097149912087099,17.213288095900904
13.069999999999999,0.0004900951279114573,16.587790469776753
13.079999999999998,0.0004721317744701535,15.98502201905199
13.089999999999998,0.00045566615705816137,15.40415684093807
13.099999999999998,0.00044055612124860994,14.844399038522168
13.109999999999998,0.000426676413592456,14.304981633834842
13.119999999999997,0.00041391620660333005,13.785165516775493
13.129999999999997,0.00040217586692070824,13.284238430776616
13.139999999999999,0.00039136743990539254,12.801514001070348
13.149999999999999,0.00038141195959926665,12.33633079133938
13.159999999999998,0.00037223850185620747,11.888051398293864
13.169999999999998,0.0003637839383945342,11.456061580932957
13.179999999999998,0.0003559911589540471,11.039769415410682
13.189999999999998,0.00034880888842995594,10.638604487048669
13.199999999999998,0.0003421909556176429,10.252017108258837
13.209999999999997,0.00033609547398577556,9.879477563761153
13.219999999999999,0.00033048473599704237,9.520475387993441
13.229999999999999,0.000325324502665081,9.174518663142994
13.239999999999998,0.0003205836658228033,8.841133345717456
13.249999999999998,0.00031623405770810027,8.519862618918182
13.259999999999998,0.00031224996770252614,8.21026626394965
13.269999999999998,0.0003086081009129299,7.911920061131653
13.279999999999998,0.0003052871996928846,7.624415205496807
13.289999999999997,0.00030226768388025575,7.347357743217414
13.299999999999997,0.000299531404669516,7.0803680301048075
13.309999999999999,0.0002970621367018968,6.823080227344732
13.319999999999999,0.00029484517793845034,6.575141793658251
13.329999999999998,0.0002928667445205492,6.336212989970925
13.339999999999998,0.000291113994426346,6.105966416287347
13.349999999999998,0.0002895753472976413,5.884086578294824
13.359999999999998,0.0002882403517169874,5.670269453267932
13.369999999999997,0.0002870991592846133,5.46422205677806
13.379999999999997,0.000286142597153726,5.265662045484598
13.389999999999999,0.0002853622892675983,5.074317341212534
13.399999999999999,0.0002847506580284008,4.889925761449041
13.409999999999998,0.0002843005739716635,4.712234642010357
13.419999999999998,0.0002840054033889925,4.541000495513453
13.429999999999998,0.0002838590362693117,4.375988685272739
13.439999999999998,0.00028385591498483953,4.2169731108432265
13.449999999999998,0.00028399082533500116,4.063735879793713
13.459999999999997,0.0002842589152220489,3.9160670139781195
13.469999999999997,0.0002846556954205646,3.7737641664508135
13.479999999999999,0.00028517706847409213,3.63663235262901
13.489999999999998,0.0002858191978523347,3.5044836665485466
13.499999999999998,0.000286578514625303,3.377137027290556
13.509999999999998,0.00028745170998070203,3.254417933912568
13.519999999999998,0.00028843575602524883,3.1361582357915743
13.529999999999998,0.000289527825756714,3.022195886812979
13.539999999999997,0.00029072529277571413,2.912374726632024
13.549999999999997,0.0002920257225412717,2.8065442685930013
13.559999999999999,0.00029342688493895643,2.7045595028077107
13.569999999999999,0.0002949267061640987,2.606280684229338
13.579999999999998,0.00029652326495030544,2.511573143522183
13.589999999999998,0.00029821478494629675,2.4203071036941552
13.599999999999998,0.00029999964187117135,2.332357510887981
13.609999999999998,0.0003018763341140271,2.2476038520367254
13.619999999999997,0.00030384347791619765,2.165929991129498
13.629999999999997,0.0003058998013324879,2.087224010818498
13.639999999999999,0.00030804414792623376,2.0113780669288293
13.649999999999999,0.0003102754586765588,1.9382882316946919
13.659999999999998,0.00031259276718221965,1.8678543519181083
13.669999999999998,0.00031499519506758946,1.7999799122573386
13.679999999999998,0.0003174819535791899,1.7345719097435603
13.689999999999998,0.00032005233238248767,1.671540719410793
13.699999999999998,0.0003227056952476773,1.6107999712644643
13.709999999999997,0.00032544147661712564,1.5522664323496602
13.719999999999997,0.00032825918202094423,1.4958598984797795
13.729999999999999,0.00033115838108009274,1.441503079132909
13.739999999999998,0.0003341387038309248,1.3891214906656673
13.749999999999998,0.0003371998381823775,1.3386433546622005
13.759999999999998,0.0003403415297075645,1.289999504337692
13.769999999999998,0.00034356357724375845,1.243123286123382
13.779999999999998,0.000346865829859385,1.1979504669153895
13.789999999999997,0.00035024818497695633,1.1544191465016298
13.799999999999997,0.0003537105878733684,1.1124696765448447
13.809999999999999,0.00035725302889791876,1.0720445765470468
13.819999999999999,0.0003608755410201478,1.0330884532428612
13.829999999999998,0.00036457819844747027,0.9955479251902358
13.839999999999998,0.00036836111602455394,0.959371552586957
13.849999999999998,0.000372224447470705,0.9245097655920659
13.859999999999998,0.0003761683834253359,0.890914794232962
13.869999999999997,0.0003801931504336213,0.8585406035096788
13.879999999999997,0.000384299010347893,0.8273428325167773
13.889999999999997,0.0003884862592152986,0.7972787333783694
13.899999999999999,0.0003927552257375441,0.7683071102838017
13.909999999999998,0.00039710627053149585,0.7403882636554113
13.919999999999998,0.0004015397855855001,0.7134839373071302
13.929999999999998,0.0004060561935673636,0.6875572664732603
13.939999999999998,0.00041065594662282625,0.6625727247598163
13.949999999999998,0.0004153395258426837,0.6384960761264689
13.959999999999997,0.00042010744080221935,0.6152943290165627
13.969999999999997,0.00042496022913513805,0.5929356921017659
13.979999999999999,0.00042989845561675186,0.5713895281787015
13.989999999999998,0.0004349227117825289,0.5506263128400863
13.999999999999998,0.0004400336155630617,0.5306175946953045
14.009999999999998,0.00044523181102362953,0.5113359575970762
14.019999999999998,0.0004505179676881325,0.49275498068556284
14.029999999999998,0.000455892780268975,0.474849202758479
14.039999999999997,0.000461356968395904,0.4575940878130266
14.049999999999997,0.00046691127646493756,0.4409659927365201
14.059999999999999,0.0004725564731582031,0.4249421327608505
14.069999999999999,0.0004782933512604935,0.40950055070225083
14.079999999999998,0.0004841227274805444,0.39462008722376113
14.089999999999998,0.0004900454423868677,0.380280353254477
14.099999999999998,0.000496062360045472,0.36646169974250065
14.109999999999998,0.0005021743679122194,0.35314519112359755
14.119999999999997,0.000508382376692439,0.3403125791482266
14.129999999999997,0.0005146873204164102,0.3279462802243946
14.139999999999997,0.0005210901562755527,0.31602935030661344
14.149999999999999,0.0005275918644319712,0.30454546007864547
14.159999999999998,0.0005341934480189143,0.2934788732416337
14.169999999999998,0.0005408959331136703,0.2828144251226976
14.179999999999998,0.0005477003688226449,0.27253750365223567
14.189999999999998,0.0005546078271308411,0.26263402700600486
14.199999999999998,0.0005616194029295675,0.25309042465528936
14.209999999999997,0.0005687362140320174,0.24389361869444615
14.219999999999997,0.0005759594012732051,0.23503100720636658
14.229999999999999,0.0005832901285499137,0.2264904469214684
14.239999999999998,0.0005907295827942594,0.21826023503362074
14.249999999999998,0.0005982789740703967,0.2103290937078866
14.259999999999998,0.0006059395356535251,0.20268615466078654
14.269999999999998,0.0006137125241865061,0.19532094578871342
14.279999999999998,0.0006215992197012632,0.18822337510099416
14.289999999999997,0.0006296009257329775,0.18138371701034847
14.299999999999997,0.0006377189694407536,0.1747925990481032
14.309999999999997,0.0006459547017578761,0.16844098962065135
14.319999999999999,0.0006543094975418251,0.16232018598625267
14.329999999999998,0.0006627847556713607,0.15642180106637818
14.339999999999998,0.000671381899215849,0.1507377523434801
14.349999999999998,0.0006801023755963683,0.14526025074761126
14.359999999999998,0.0006889476567961625,0.13998179114319034
14.369999999999997,0.0006979192395014237,0.13489514092873348
14.379999999999997,0.0007070186452853264,0.12999333003788371
14.389999999999997,0.0007162474208063132,0.12526964148383773
14.399999999999999,0.0007256071380193216,0.12071760246427143
14.409999999999998,0.0007350993944000216,0.11633097598739786
14.419999999999998,0.0007447258131316267,0.11210375127840622
14.429999999999998,0.0007544880433383148,0.1080301358427423
14.439999999999998,0.0007643877603159484,0.10410454748877215
14.449999999999998,0.0007744266657944984,0.10032160757180154
14.459999999999997,0.000784606488162409,0.09667613280113498
14.469999999999997,0.0007949289827131977,0.0931631278915361
14.479999999999999,0.0008053959319082877,0.08977777882334036
14.489999999999998,0.0008160091456403072,0.0865154461051573
14.499999999999998,0.0008267704615401412,0.0833716597304344
14.509999999999998,0.0008376817452459216,0.08034211259231182
14.519999999999998,0.0008487448906621635,0.07742265346099869
14.529999999999998,0.0008599618202676652,0.07460928183072377
14.539999999999997,0.0008713344854143892,0.07189814234738084
14.549999999999997,0.0008828648666441032,0.06928552000183665
14.559999999999997,0.000894554974009925,0.06676783542546748
14.569999999999999,0.0009064068473735634,0.06434163878993901
14.579999999999998,0.0009184225567406909,0.062003605494276706
14.589999999999998,0.0009306042025932732,0.05975053152815115
14.599999999999998,0.0009429539162354579,0.057579329322594894
14.609999999999998,0.0009554738601597097,0.055487024393088454
14.619999999999997,0.0009681662283704406,0.05347074983323416
14.629999999999997,0.0009810332467533281,0.05152774277812001
14.639999999999997,0.000994077173442832,0.049655340609035405
14.649999999999999,0.0010073002991975587,0.047850977354183664
14.659999999999998,0.0010207049477978507,0.04611218100317899
14.669999999999998,0.0010342934764139824,0.04443656911243712
14.679999999999998,0.0010480682760035244,0.042821845663339
14.689999999999998,0.001062031771714404,0.041265797976229285
14.699999999999998,0.0010761864232930016,0.03976629365065603
14.709999999999997,0.0010905347255074434,0.038321278224862886
14.719999999999997,0.0011050792085628917,0.0369287718429631
14.729999999999997,0.001119822438529079,0.03558686641088189
14.739999999999998,0.001134767017777932,0.034293723076989815
14.749999999999998,0.0011499155854262503,0.033047569659628837
14.759999999999998,0.0011652708177975328,0.03184669870947759
14.769999999999998,0.0011808354288763982,0.03068946498935475
14.779999999999998,0.0011966121707653442,0.02957428280809642
14.789999999999997,0.0012126038341621884,0.02849962404269573
14.799999999999997,0.0012288132488399554,0.027464016007964415
14.809999999999997,0.001245243284137709,0.026466039636876805
14.819999999999999,0.0012618968494583116,0.025504327690889273
14.829999999999998,0.001278776894764389,0.024577562403228066
14.839999999999998,0.0012958864110916703,0.02368447384566124
14.849999999999998,0.0013132284310670775,0.02282383815937304
14.859999999999998,0.0013308060294371167,0.02199447597226153
14.869999999999997,0.0013486223236085899,0.02119525110132562
14.879999999999997,0.0013666804741804075,0.020425068447256948
14.889999999999997,0.0013849836854971228,0.01968287264290779
14.899999999999999,0.0014035352062075495,0.018967646597377003
14.909999999999998,0.0014223383298316232,0.018278410087775632
14.919999999999998,0.0014413963953461763,0.017614218856663793
14.929999999999998,0.0014607127877599858,0.01697416292680174
14.939999999999998,0.0014802909387045082,0.01635736527070934
14.949999999999998,0.0015001343270372304,0.01576298069687875
14.959999999999997,0.001520246479451231,0.015190194669095351
14.969999999999997,0.0015406309710963915,0.014638222319950819
14.979999999999997,0.0015612914262089805,0.014106307475116438
14.989999999999998,0.0015822315187424129,0.013593721294805558
14.999999999999998,0.0016034549730152454,0.01309976139108151
15.009999999999998,0.0016249655643659044,0.01262375084653714
15.019999999999998,0.0016467671198179352,0.012165037305073515
15.029999999999998,0.0016688635187632798,0.011722992370298618
15.039999999999997,0.0016912586936349016,0.011297010385166013
15.049999999999997,0.0017139566306017136,0.010886507647662245
15.059999999999997,0.001736961370272687,0.0104909216359919
15.069999999999999,0.0017602770084096156,0.010109710221140438
15.079999999999998,0.0017839076966558714,0.009742351088072906
15.089999999999998,0.001807857643268048,0.009388340960909654
15.099999999999998,0.0018321311138550388,0.009047194767969238
15.109999999999998,0.0018567324321346048,0.008718445045905802
15.119999999999997,0.0018816659806978114,0.008401641286523863
15.129999999999997,0.0019069362017859362,0.008096349355378321
15.139999999999997,0.0019325475980818206,0.007802151031080625
15.149999999999997,0.001958504733499015,0.0075186432093335654
15.159999999999998,0.001984812233992408,0.007245437410233903
15.169999999999998,0.002011474788377774,0.006982159244158033
15.179999999999998,0.0020384971491626694,0.00672844789246701
15.189999999999998,0.002065884133397856,0.006483955770031584
15.199999999999998,0.002093640623524289,0.006248347914094031
15.209999999999997,0.0021217715682373935,0.006021301489310645
15.219999999999997,0.0021502819833671217,0.00580250537827045
15.229999999999997,0.0021791769527678283,0.005591659746607635
15.239999999999998,0.002208461629223851,0.005388475680310737
15.249999999999998,0.0022381412353672534,0.005192674833885354
15.259999999999998,0.0022682210645978253,0.00500398892115589
15.269999999999998,0.002298706482026263,0.004822159393637442
15.279999999999998,0.002329602925427101,0.0046469370800134805
15.289999999999997,0.0023609159062057024,0.004478081849887815
15.299999999999997,0.002392651010386481,0.004315362386461111
15.309999999999997,0.00242481389959602,0.0041585557469059386
15.319999999999999,0.002457410312070988,0.004007447069790721
15.329999999999998,0.00249044606367946,0.0038618292896517
15.339999999999998,0.0025239270489549504,0.0037215028467973456
15.349999999999998,0.0025578592421517054,0.0035862754748804382
15.359999999999998,0.0025922486983059436,0.003455961919328867
15.369999999999997,0.0026271015543072552,0.0033303836244108443
15.379999999999997,0.0026624240299938737,0.003209368516045627
15.389999999999997,0.002698222429259409,0.003092750761407256
15.399999999999997,0.0027345031411788344,0.0029803705493018106
15.409999999999998,0.002771272641144237,0.0028720739448789842
15.419999999999998,0.002808537492023703,0.002767712553725325
15.429999999999998,0.002846304345317915,0.0026671433785258034
15.439999999999998,0.002884579942351028,0.0025702286073286664
15.449999999999998,0.0029233711154710096,0.0024768354244469625
15.459999999999997,0.002962684789281038,0.002386835907079251
15.469999999999997,0.0030025279818587185,0.002300106768958156
15.479999999999997,0.0030429078060030612,0.002216529171545894
15.489999999999998,0.003083831470504679,0.0021359885775846187
15.499999999999998,0.003125306281428275,0.0020583745869461184
15.509999999999998,0.0031673396434116407,0.001983580777516598
15.519999999999998,0.003209939061031271,0.0019115046800310793
15.529999999999998,0.0032531121401304522,0.0018420476193893656
15.539999999999997,0.003296866589110135,0.0017751144232744094
15.549999999999997,0.0033412102203299898,0.0017106133763991345
15.559999999999997,0.0033861509514935646,0.0016484560967791602
15.569999999999999,0.0034316968070501634,0.0015885574177194957
15.579999999999998,0.0034778559196934626,0.0015308352600813435
15.589999999999998,0.003524636531946484,0.0014752104968550313
15.599999999999998,0.0035720469973302763,0.0014216069068950336
15.609999999999998,0.0036200957819535196,0.0013699510564634696
15.619999999999997,0.003668791466018524,0.0013201722058231828
15.629999999999997,0.003718142745336324,0.0012722022230131581
15.639999999999997,0.0037681584329126647,0.0012259754656451685
15.649999999999997,0.0038188474608733575,0.0011814284418466558
15.659999999999998,0.0038702188815684206,0.001138500066812673
15.669999999999998,0.00392228186926288,0.001097131524506375
15.679999999999998,0.003975045721813779,0.0010572661570193024
15.689999999999998,0.004028519862312256,0.00101884939633005
15.699999999999998,0.0040827138407561175,0.0009818286943798914
15.709999999999997,0.004137637336151321,0.0009461532351185945
15.719999999999997,0.004193300157890614,0.0009117740538619836
15.729999999999997,0.004249712247365467,0.0008786440448371918
15.739999999999998,0.004306883679858827,0.0008467178311037661
15.749999999999998,0.004364824666325906,0.0008159517101002464
15.759999999999998,0.004423545555195629,0.0007863036028630931
15.769999999999998,0.004483056834491801,0.0007577328751940618
15.779999999999998,0.004543369133735534,0.0007302002678728451
15.789999999999997,0.0046044932253579375,0.0007036680552116033
15.799999999999997,0.004666440026843027,0.0006780998948660167
15.809999999999997,0.004729220602659398,0.0006534607833788036
15.819999999999997,0.004792846166213454,0.0006297170149668338
15.829999999999998,0.00485732808198586,0.000606836091762239
15.839999999999998,0.004922677867928789,0.000584786560674486
15.849999999999998,0.004988907196806468,0.0005635381982580164
15.859999999999998,0.005056027898506051,0.0005430618952807653
15.869999999999997,0.005124051962158988,0.0005233296119556697
15.879999999999997,0.005192991538258775,0.0005043143443668163
15.889999999999997,0.005262858940873006,0.00048599007844066797
15.899999999999997,0.005333666650434167,0.0004683316295180354
15.909999999999998,0.005405427315171988,0.0004513147751651593
15.919999999999998,0.005478153753458909,0.00043491620320721953
15.929999999999998,0.005551858956185147,0.0004191134609556692
15.939999999999998,0.005626556089050922,0.00040388492922013603
15.949999999999998,0.005702258494884798,0.0003892097982252833
15.959999999999997,0.005778979696264084,0.0003750679962336699
15.969999999999997,0.005856733398604818,0.00036144004102474673
15.979999999999997,0.005935533491293229,0.0003483072469854082
15.989999999999998,0.006015394050592728,0.00033565162230172395
15.999999999999998,0.006096329342190322,0.00032345583694550487
16.009999999999998,0.00617835382371494,0.0003117032022408469
16.019999999999996,0.00626148214728426,0.00030037765186907456
16.029999999999998,0.006345729162626146,0.00028946366314853305
16.04,0.006431109919863592,0.00027894622065240116
16.049999999999997,0.006517639671166236,0.0002688109115087911
16.06,0.006605333873945735,0.0002590438523497895
16.069999999999997,0.006694208193591882,0.0002496316723386159
16.08,0.006784278506236239,0.00024056149781695972
16.089999999999996,0.00687556090156216,0.00023182093674522312
16.099999999999998,0.0069680716865918035,0.00022339798253873607
16.109999999999996,0.007061827387871338,0.000215281060246559
16.119999999999997,0.007156844753973151,0.0002074590492139551
16.13,0.007253140758827468,0.00019992123781147555
16.139999999999997,0.007350732604721439,0.00019265731080417097
16.15,0.0074496377253324975,0.00018565733760830922
16.159999999999997,0.007549873788913704,0.00017891175381307882
16.169999999999998,0.007651458702552413,0.00017241127656355594
16.179999999999996,0.007754410613936869,0.00016614698384243058
16.189999999999998,0.007858747914731953,0.00016011029303484838
16.2,0.007964489244045282,0.0001542929367218842
16.209999999999997,0.008071653491719118,0.00014868695284019865
16.22,0.008180259801659736,0.0001432846755206771
16.229999999999997,0.008290327575555988,0.00013807871298746955
16.24,0.008401876477290009,0.0001330619008383098
16.249999999999996,0.008514926434665374,0.0001282273611853788
16.259999999999998,0.008629497643523155,0.00012356847159096843
16.269999999999996,0.008745610571398405,0.00011907885388039863
16.279999999999998,0.008863285961133543,0.000114752366777071
16.29,0.00898254483453213,0.00011058309907979803
16.299999999999997,0.009103408494296673,0.000106565314835951
16.31,0.009225898539917192,0.00010269354591183203
16.319999999999997,0.009350036848588435,9.896243777279598e-05
16.33,0.009475845597864309,9.536688607035112e-05
16.339999999999996,0.009603347263280382,9.190197180096225e-05
16.349999999999998,0.009732564622470668,8.856295699811114e-05
16.359999999999996,0.00986352075932063,8.534527980371754e-05
16.369999999999997,0.009996239070743448,8.224450546036584e-05
16.38,0.010130743268394216,7.92563623736592e-05
16.389999999999997,0.010267057381601594,7.637675772209975e-05
16.4,0.010405205762731507,7.360175218707902e-05
16.409999999999997,0.010545213091327037,7.092755524513701e-05
16.419999999999998,0.010687104378249036,6.835052046020629e-05
16.429999999999996,0.010830904969815964,6.586714077587164e-05
16.439999999999998,0.010976640551944517,6.347404380761476e-05
16.449999999999996,0.01112433715867456,6.116797187175425e-05
16.459999999999997,0.01127402119250556,5.894572090543551e-05
16.47,0.011425719398113156,5.680424165256774e-05
16.479999999999997,0.01157945887644975,5.474060028794821e-05
16.49,0.011735267091211114,5.275196561262266e-05
16.499999999999996,0.011893171873134687,5.083560379459578e-05
16.509999999999998,0.012053201424298709,4.898887310953085e-05
16.519999999999996,0.01221538432242046,4.720921868146056e-05
16.529999999999998,0.012379749525155378,4.5494167223509625e-05
16.54,0.012546326412716031,4.3841402199009926e-05
16.549999999999997,0.012715144775592041,4.224872376964075e-05
16.56,0.012886234774232104,4.071394990196399e-05
16.569999999999997,0.013059626972505182,3.923497231018834e-05
16.58,0.013235352342422988,3.7809752085205816e-05
16.589999999999996,0.01341344226886146,3.643631532363692e-05
16.599999999999998,0.01359392855428325,3.5112748756867454e-05
16.609999999999996,0.013776843423459193,3.383719538009335e-05
16.619999999999997,0.013962219537064592,3.260786890743515e-05
16.63,0.01415009006406897,3.14231929612396e-05
16.639999999999997,0.014340488583434077,3.0281578132147533e-05
16.65,0.014533449110098701,2.918146271729256e-05
16.659999999999997,0.014729006113642236,2.812133792795768e-05
16.669999999999998,0.014927194523577856,2.709974472927023e-05
16.679999999999996,0.015128049734644603,2.6115270679902954e-05
16.689999999999998,0.015331607612100576,2.5166546771769235e-05
16.699999999999996,0.015537904497014999,2.4252244269723932e-05
16.709999999999997,0.01574697725387136,2.337112181138611e-05
16.72,0.015958863290035,2.2522039085762627e-05
16.729999999999997,0.016173600461810496,2.170383579107587e-05
16.74,0.016391227130985543,2.091538935553986e-05
16.749999999999996,0.016611782171706765,2.0155613658387732e-05
16.759999999999998,0.01683530497641463,1.9423456631825224e-05
16.769999999999996,0.017061835461777166,1.871789786298855e-05
16.779999999999998,0.017291414074624898,1.8037946195898017e-05
16.79,0.017524081802946956,1.7382642212365024e-05
16.799999999999997,0.01775988026977714,1.675114059843332e-05
16.81,0.017998851629769795,1.6142602350392962e-05
16.819999999999997,0.01824103857608955,1.5556193298010287e-05
16.83,0.018486484372647074,1.4991107054255334e-05
16.839999999999996,0.018735232860753136,1.4446563311573354e-05
16.849999999999998,0.018987328465774007,1.3921806138153055e-05
16.859999999999996,0.01924281620378552,1.3416102274197983e-05
16.869999999999997,0.019501741688228488,1.292873942819488e-05
16.88,0.019764151178247234,1.2459049147558121e-05
16.889999999999997,0.02003009164438715,1.2006439922483265e-05
16.9,0.02029961060630798,1.1570295885342678e-05
16.909999999999997,0.020572756213223662,1.1150018606164061e-05
16.919999999999998,0.0208495772566018,1.0745028952020678e-05
16.929999999999996,0.021130123177504487,1.0354765788242102e-05
16.939999999999998,0.02141444407393073,9.978684679622594e-06
16.949999999999996,0.021702590708157245,9.616256591631756e-06
16.959999999999997,0.021994614514080895,9.266966591622996e-06
16.97,0.022290567612628584,8.93031567631657e-06
16.979999999999997,0.02259050298588859,8.605884094225729e-06
16.99,0.022894474277791312,8.293249977655526e-06
16.999999999999996,0.023202535795442385,7.991985716234072e-06
17.009999999999998,0.023514742571421922,7.701677950690791e-06
17.019999999999996,0.023831150372167435,7.42192667785217e-06
17.029999999999998,0.024151815706358527,7.152344355635844e-06
17.04,0.024476795833299918,6.892555008046197e-06
17.049999999999997,0.024806148771305547,6.642193330168955e-06
17.06,0.025139933306082746,6.400903793165836e-06
17.069999999999997,0.02547820908459141,6.168358979364194e-06
17.08,0.025821036679396784,5.944271278714912e-06
17.089999999999996,0.0261684773462042,5.728335558988033e-06
17.099999999999998,0.026520593155275975,5.520255950040967e-06
17.109999999999996,0.026877447005149532,5.319746149130222e-06
17.119999999999997,0.02723910263213806,5.1265287769448925e-06
17.13,0.027605624619829235,4.94033473364125e-06
17.139999999999997,0.0279770784085853,4.760902554876597e-06
17.15,0.028353530305043062,4.5879777678431725e-06
17.159999999999997,0.02873504750904936,4.421314824285784e-06
17.169999999999998,0.029121698328550816,4.260706811092197e-06
17.179999999999996,0.02951355189927221,4.105941973648282e-06
17.189999999999998,0.029910678228767657,3.956808178093405e-06
17.199999999999996,0.030313148259517572,3.813100188697191e-06
17.209999999999997,0.03072103387970863,3.6746192129464333e-06
17.22,0.03113440793401162,3.541172446632785e-06
17.229999999999997,0.031553344234360715,3.412572618939935e-06
17.24,0.031977917570732754,3.2886375375308053e-06
17.249999999999996,0.03240820372192507,3.169189633635206e-06
17.259999999999998,0.03284427960392757,3.054069112979445e-06
17.269999999999996,0.0332862232907681,2.9431344964221324e-06
17.279999999999998,0.03373411374376227,2.8362343258226002e-06
17.289999999999996,0.03418803097783977,2.7332220906162315e-06
17.299999999999997,0.0346480560754985,2.6339560867705483e-06
17.31,0.035114271199037414,2.5382991057580097e-06
17.319999999999997,0.03558675960279088,2.4461181235284333e-06
17.33,0.0360656056453631,2.35728398948144e-06
17.339999999999996,0.03655089480186087,2.271671115439217e-06
17.349999999999998,0.03704271371116048,2.1891589851349822e-06
17.359999999999996,0.03754115044315845,2.10964509589783e-06
17.369999999999997,0.03804629410521801,2.033023559708315e-06
17.38,0.03855823494442116,1.9591894702667543e-06
17.389999999999997,0.03907706441290801,1.8880413517104528e-06
17.4,0.039602875181758763,1.8194809332031523e-06
17.409999999999997,0.04013576115487386,1.7534129235247227e-06
17.419999999999998,0.04067581748285688,1.6897447856604865e-06
17.429999999999996,0.04122314057689444,1.6283865113909252e-06
17.439999999999998,0.041777828122639145,1.5692503958810156e-06
17.449999999999996,0.04233997934738995,1.5122596684563074e-06
17.459999999999997,0.04290969492019276,1.4573442890024279e-06
17.47,0.043487076632565826,1.4044290744094882e-06
17.479999999999997,0.04407222763331395,1.3534411976548239e-06
17.49,0.04466525244402677,1.3043100188992691e-06
17.499999999999996,0.04526625697446661,1.256966912796986e-06
17.509999999999998,0.04587534853795941,1.2113450958050266e-06
17.519999999999996,0.04649263586678236,1.1673794534931713e-06
17.529999999999998,0.04711822912755489,1.1250063678535019e-06
17.539999999999996,0.04775223993662626,1.0841635446102292e-06
17.549999999999997,0.04839478138888405,1.0447901886564574e-06
17.56,0.04904596863952274,1.0068415265981907e-06
17.569999999999997,0.04970591828805983,9.70272252529744e-07
17.58,0.05037474824673715,9.350325415991603e-07
17.589999999999996,0.051052578000956333,9.010742352904205e-07
17.599999999999998,0.05173952862719939,8.683507343614329e-07
17.609999999999996,0.052435722810945544,8.368168917822199e-07
17.619999999999997,0.05314128486459193,8.064289056729144e-07
17.63,0.05385634074537056,7.771442122419286e-07
17.639999999999997,0.05458101807326784,7.489213787240086e-07
17.65,0.05531544614894402,7.217199963182957e-07
17.659999999999997,0.05605975603850916,6.95501312470008e-07
17.669999999999998,0.05681408122299938,6.702351077152746e-07
17.679999999999996,0.05757855663937346,6.458887855805249e-07
17.689999999999998,0.05835331887282554,6.224291939921391e-07
17.699999999999996,0.059138506329860084,5.998242339963826e-07
17.709999999999997,0.05993425925896006,5.780427830773859e-07
17.72,0.06074071977125102,5.570546184752462e-07
17.729999999999997,0.0615580318611679,5.368303405040487e-07
17.74,0.0623863414271219,5.173412958698912e-07
17.749999999999996,0.06322579629216445,4.985595009889791e-07
17.759999999999998,0.06407654622465554,4.80457565305616e-07
17.769999999999996,0.06493874314501377,4.630100274261294e-07
17.779999999999998,0.06581254172908194,4.461977024256225e-07
17.789999999999996,0.06669809818769543,4.299981824495322e-07
17.799999999999997,0.06759557073502594,4.1438915889847173e-07
17.81,0.06850511969403938,3.993489895247762e-07
17.819999999999997,0.06942690752036548,3.848566460664333e-07
17.83,0.07036109882616753,3.7089166188101787e-07
17.839999999999996,0.07130786040400884,3.5743407957967644e-07
17.849999999999998,0.07226736125072403,3.444643986610366e-07
17.859999999999996,0.07323977259128508,3.3196352314519456e-07
17.869999999999997,0.07422526790267288,3.19912709207627e-07
17.88,0.07522402333732714,3.082958182154141e-07
17.889999999999997,0.07623621803070303,2.9710090109543766e-07
17.9,0.0772620328621019,2.8631285885117776e-07
17.909999999999997,0.07830165110023232,2.759169770721733e-07
17.919999999999998,0.07935525845568633,2.6589903860184896e-07
17.929999999999996,0.08042304310851994,2.562452926040723e-07
17.939999999999998,0.08150519573583966,2.46942423629652e-07
17.949999999999996,0.082601909539383,2.3797752068289302e-07
17.959999999999997,0.08371338027310507,2.2933804628809668e-07
17.97,0.08483980627075934,2.2101180555611093e-07
17.979999999999997,0.08598138847348236,2.1298691525084725e-07
17.99,0.08713833120069205,2.0525307191540162e-07
17.999999999999996,0.08831084178979133,1.9780084306153827e-07
18.009999999999998,0.08949912973568802,1.9062008419640233e-07
18.019999999999996,0.09070340732881496,1.837009747310048e-07
18.029999999999998,0.09192388968701755,1.7703399456284926e-07
18.039999999999996,0.09316079478741282,1.706099006205298e-07
18.049999999999997,0.0944143434982553,1.6441970340829047e-07
18.06,0.09568475961079631,1.5845464355061967e-07
18.069999999999997,0.09697226987114772,1.527061683368212e-07
18.08,0.09827710401214577,1.4716590826558688e-07
18.089999999999996,0.09959949481623326,1.4182570199056672e-07
18.099999999999998,0.10093967926629907,1.3667931864894698e-07
18.109999999999996,0.10229789728985056,1.317204254017622e-07
18.119999999999997,0.10367439155753388,1.2694219992079158e-07
18.13,0.10506940797700776,1.2233802775227475e-07
18.139999999999997,0.10648319572975366,1.1790148657877786e-07
18.15,0.10791600730788632,1.136263304810611e-07
18.159999999999997,0.10936809855095896,1.0950647419996132e-07
18.169999999999998,0.11083972868277632,1.0553597739825167e-07
18.179999999999996,0.11233116034819937,1.0170902892252519e-07
18.189999999999998,0.11384265964995835,9.801993106505526e-08
18.199999999999996,0.11537449633637739,9.446325702369398e-08
18.209999999999997,0.11692694514199213,9.103533142984094e-08
18.22,0.11850028376263678,8.773184855098421e-08
18.229999999999997,0.1200947932981977,8.454832241914254e-08
18.24,0.12171075859674457,8.148042377862848e-08
18.249999999999996,0.1233484682970501,7.852397090622225e-08
18.259999999999998,0.12500821487111813,7.567492043132906e-08
18.269999999999996,0.12669029466670267,7.292935815615351e-08
18.279999999999998,0.12839500794983608,7.028348987585753e-08
18.289999999999996,0.1301226589473479,6.773363219873424e-08
18.299999999999997,0.13187355588939337,6.527620336636644e-08
18.31,0.13364801137507445,6.290780637280008e-08
18.319999999999997,0.13544634339834158,6.06255007009349e-08
18.33,0.1372688733934819,5.8426222658856526e-08
18.339999999999996,0.13911592698579475,5.6306978495492253e-08
18.349999999999998,0.14098783416481572,5.4264872555896635e-08
18.359999999999996,0.14288492933614053,5.229710075969325e-08
18.369999999999997,0.14480755137325935,5.0400944079504694e-08
18.379999999999995,0.14675604366938072,4.857376201939389e-08
18.389999999999997,0.14873075418926604,4.681298609329448e-08
18.4,0.15073203572940302,4.511618466936457e-08
18.409999999999997,0.15276024629230467,4.348116690292783e-08
18.419999999999998,0.15481574827361924,4.19056800224951e-08
18.429999999999996,0.15689890888245833,4.038752903150935e-08
18.439999999999998,0.1590101002261587,3.8924581465299254e-08
18.449999999999996,0.16114969936631332,3.751476231082821e-08
18.459999999999997,0.16331808837481435,3.6156048926434946e-08
18.47,0.16551565438988475,3.4846465961581804e-08
18.479999999999997,0.1677427896721175,3.358408027659789e-08
18.49,0.16999989219138098,3.2367174114363587e-08
18.499999999999996,0.17228736597639752,3.1194338585748777e-08
18.509999999999998,0.17460561973111316,3.00639851824885e-08
18.519999999999996,0.17695506760559723,2.8974580732223e-08
18.529999999999998,0.1793361292801416,2.792465173876356e-08
18.539999999999996,0.18174923002919108,2.6912781954530508e-08
18.549999999999997,0.1841948007852875,2.5937609952985157e-08
18.56,0.18667327820300073,2.4997826701067274e-08
18.569999999999997,0.18918510472286848,2.4092173131628858e-08
18.58,0.1917307293383025,2.321941918327505e-08
18.589999999999996,0.19431060755392107,2.237836415677152e-08
18.599999999999998,0.19692520029637234,2.1567864687610356e-08
18.609999999999996,0.19957497465360913,2.0786814514095507e-08
18.619999999999997,0.20226040394939482,2.0034141771335827e-08
18.629999999999995,0.2049819678152317,1.9308806352805867e-08
18.639999999999997,0.2077401522623046,1.8609797271902282e-08
18.65,0.2105354497534102,1.7936130023504242e-08
18.659999999999997,0.21336835927697925,1.7286844131595963e-08
18.669999999999998,0.21623938741333665,1.6661089293658923e-08
18.679999999999996,0.2191490477537566,1.60580644472956e-08
18.689999999999998,0.222097860136249,1.5476940471107907e-08
18.699999999999996,0.2250863513484947,1.4916913888974276e-08
18.709999999999997,0.22811505520878522,1.4377205034810334e-08
18.72,0.23118451264694698,1.3857056217332614e-08
18.729999999999997,0.23429527178527557,1.335572988482027e-08
18.74,0.2374478880194708,1.2872506789876885e-08
18.749999999999996,0.24064292412401514,1.240668610182754e-08
18.759999999999998,0.2438809516327192,1.1957687072556074e-08
18.769999999999996,0.2471625496435847,1.152494557544392e-08
18.779999999999998,0.2504883044400077,1.110787565629148e-08
18.789999999999996,0.2538588101422311,1.0705913135440522e-08
18.799999999999997,0.2572746687985335,1.0318514588681888e-08
18.81,0.2607364904763999,9.945156328165372e-09
18.819999999999997,0.2642448933537049,9.58533338330815e-09
18.83,0.26780050380989545,9.238558481703297e-09
18.839999999999996,0.27140395659633254,8.904361270294597e-09
18.849999999999998,0.2750558964760973,8.582291995942543e-09
18.859999999999996,0.27875697641565256,8.271914721813145e-09
18.869999999999997,0.2825078576364089,7.972806188033596e-09
18.879999999999995,0.2863092101966281,7.684556281859102e-09
18.889999999999997,0.2901617130941072,7.406767053462869e-09
18.9,0.29406605436884253,7.139051731727635e-09
18.909999999999997,0.2980229312057073,6.881033740036178e-09
18.919999999999998,0.302033050037129,6.6323457120618696e-09
18.929999999999996,0.3060971268250115,6.392633428921621e-09
18.939999999999998,0.31021588889715607,6.161602432933541e-09
18.949999999999996,0.31439007253469037,5.938947990253922e-09
18.959999999999997,0.3186204234752346,5.724365101425577e-09
18.97,0.3229076974208904,5.5175586449965285e-09
18.979999999999997,0.3272526601538691,5.318242748852435e-09
18.99,0.3316560876521204,5.1261401615490724e-09
18.999999999999996,0.33611876620494546,4.94098162364551e-09
19.009999999999998,0.34064149252863324,4.762505239036237e-09
19.019999999999996,0.34522507422275317,4.5904610399035e-09
19.029999999999998,0.34987033169217635,4.424637895960135e-09
19.039999999999996,0.35457809518759154,4.264816006670963e-09
19.049999999999997,0.3593492057653949,4.1107791430052006e-09
19.06,0.364184515717998,3.962318816240474e-09
19.069999999999997,0.3690848887040428,3.819233871665387e-09
19.08,0.3740511998786182,3.6813300822821273e-09
19.089999999999996,0.3790843360234577,3.5484197425095685e-09
19.099999999999998,0.38418519567716464,3.420321261885626e-09
19.109999999999996,0.38935468984913235,3.2968603496356135e-09
19.119999999999997,0.39459374386127155,3.1778742728418465e-09
19.129999999999995,0.399903293955972,3.0632018507712244e-09
19.139999999999997,0.4052842886915926,2.952686496883002e-09
19.15,0.4107376892962569,2.846176421920901e-09
19.159999999999997,0.4162644698144942,2.7435242723791822e-09
19.169999999999998,0.42186561725388044,2.644586768968741e-09
19.179999999999996,0.4275421317316601,2.549224345083561e-09
19.189999999999998,0.43329502662139724,2.4573007852666337e-09
19.199999999999996,0.43912532963378553,2.3686897158839795e-09
19.209999999999997,0.44503408434207736,2.283284356772196e-09
19.219999999999995,0.4510223465460404,2.200969414264736e-09
19.229999999999997,0.45709118604636856,2.1216326590953962e-09
19.24,0.4632416869302012,2.0451655836792374e-09
19.249999999999996,0.4694749477362618,1.9714631762533506e-09
19.259999999999998,0.4757920816199973,1.9004236950176388e-09
19.269999999999996,0.4821942165186948,1.8319484422758567e-09
19.279999999999998,0.488682495316632,1.7659415385762642e-09
19.289999999999996,0.49525807743427924,1.7023141493937945e-09
19.299999999999997,0.5019221397103137,1.640986500597106e-09
19.31,0.5086758728099714,1.581875906744724e-09
19.319999999999997,0.5155204832728341,1.5249024314848064e-09
19.33,0.5224571937478889,1.4699888803059735e-09
19.339999999999996,0.5294872431794738,1.4170606398064718e-09
19.349999999999998,0.53661188699326,1.3660455169630398e-09
19.359999999999996,0.5438323972821949,1.3168735784000828e-09
19.369999999999997,0.5511500629924851,1.26947698965855e-09
19.379999999999995,0.5585661918071765,1.2237919533476512e-09
19.389999999999997,0.5660821102245013,1.1797584153327075e-09
19.4,0.5736991610580869,1.137316583489983e-09
19.409999999999997,0.5814187051402214,1.096408642885333e-09
19.419999999999998,0.5892421215453998,1.0569786415000554e-09
19.429999999999996,0.5971708078091633,1.0189723701712564e-09
19.439999999999998,0.6052061801469808,9.823372425320026e-10
19.449999999999996,0.6133496739640376,9.470229026520825e-10
19.459999999999997,0.6216027450128488,9.129834528119291e-10
19.469999999999995,0.6299668678722034,8.801729818453742e-10
19.479999999999997,0.6384435367549606,8.485469179921902e-10
19.49,0.6470342658461301,8.180622070737358e-10
19.499999999999996,0.6557405895362765,7.886772287924382e-10
19.509999999999998,0.6645640626549252,7.603517130312839e-10
19.519999999999996,0.6735062608014228,7.330467288672879e-10
19.529999999999998,0.6825687827007838,7.067261839492564e-10
19.539999999999996,0.6917532481023169,6.813549993556108e-10
19.549999999999997,0.7010612978233705,6.568988844134081e-10
19.56,0.7104945946445907,6.333247466871957e-10
19.569999999999997,0.720054823570246,6.106006283571096e-10
19.58,0.7297436920885533,5.886956425969796e-10
19.589999999999996,0.7395629304319697,5.675799099525132e-10
19.599999999999998,0.7495142931403225,5.472250274210585e-10
19.609999999999996,0.7595995593980746,5.276040363032178e-10
19.619999999999997,0.7698205309981208,5.086904195409866e-10
19.629999999999995,0.7801790338548769,4.904585503561673e-10
19.639999999999997,0.7906769182986444,4.728836425399271e-10
19.65,0.8013160593624559,4.559416976889331e-10
19.659999999999997,0.8120983570689551,4.396094524414196e-10
19.669999999999998,0.8230257372612737,4.2386459660359076e-10
19.679999999999996,0.834100153858708,4.086867007894823e-10
19.689999999999998,0.8453235856312311,3.940554146210264e-10
19.699999999999996,0.8566980376208946,3.799509789312402e-10
19.709999999999997,0.8682255416930604,3.663543046281743e-10
19.719999999999995,0.8799081568526136,3.532469345585685e-10
19.729999999999997,0.8917479695602396,3.4061100537142876e-10
19.74,0.9037470949389462,3.2842945148861264e-10
19.749999999999996,0.9159076760071684,3.1668567241816617e-10
19.759999999999998,0.928231887728848,3.053645099825064e-10
19.769999999999996,0.940721931713251,2.944506828778422e-10
19.779999999999998,0.9533800390986734,2.839294467146958e-10
19.789999999999996,0.9662084708808687,2.737865592039238e-10
19.799999999999997,0.9792095182459997,2.6400824655400063e-10
19.81,0.9923855029079783,2.545811710796836e-10
19.819999999999997,1.0057387790499877,2.4549268653637975e-10
19.83,1.019271733983036,2.36730864079807e-10
19.839999999999996,1.0329867854164403,2.2828391181923335e-10
19.849999999999998,1.0468863834967286,2.201404488298464e-10
19.859999999999996,1.0609730112478186,2.1228949324943123e-10
19.869999999999997,1.0752491850030483,2.0472044931512928e-10
19.879999999999995,1.0897174548449295,1.9742309621107398e-10
19.889999999999997,1.104380405052782,1.9038757872681358e-10
19.9,1.1192406547134592,1.8360439956647149e-10
19.909999999999997,1.1343008592344792,1.7706441254669772e-10
19.919999999999998,1.1495637092708988,1.707588202791414e-10
19.929999999999996,1.1650319315641469,1.64679171701112e-10
19.939999999999998,1.180708289633503,1.5881736157704277e-10
19.949999999999996,1.19659558429693,1.5316563199465337e-10
19.959999999999997,1.2126966542011322,1.4771657567053424e-10
19.969999999999995,1.2290143763606598,1.4246314106521995e-10
19.979999999999997,1.2455516667057682,1.3739863907729492e-10
19.99,1.2623114792661172,1.3251608178747657e-10
