t,x,y
0.0,315.6198014578283,19.050430118984078
0.009999999999999998,294.55594256216307,22.655745966427222
0.019999999999999997,270.95523577825895,26.52883377383665
0.029999999999999995,245.47633149398655,30.53893017591274
0.039999999999999994,218.98068786081407,34.52596306012592
0.04999999999999999,192.42734732977092,38.3205382336444
0.05999999999999999,166.74324331326997,41.767236694987105
0.06999999999999999,142.70519206415366,44.74470545384383
0.07999999999999999,120.86393588250723,47.17736936224033
0.08999999999999998,101.5221537760638,49.037085881433136
0.09999999999999998,84.7589037841336,50.33656092074633
0.10999999999999999,70.48159072128396,51.11824692783203
0.11999999999999998,58.48571530847539,51.44240777463663
0.12999999999999998,48.50841895830707,51.376845139106806
0.13999999999999999,40.269180149909914,50.9893721752091
0.14999999999999997,33.49668831187312,50.343073689588515
0.15999999999999998,27.944073820888107,49.493837586263496
0.16999999999999998,23.395634592892684,48.489498130136006
0.17999999999999997,19.668095603071816,47.36998170649687
0.18999999999999997,16.608737442357903,46.16799735530212
0.19999999999999996,14.09200740920301,44.909962965503404
0.20999999999999996,12.015629202005787,43.61697742382602
0.21999999999999997,10.296782906281107,42.305735996133016
0.22999999999999995,8.868641872574491,40.98934108676278
0.23999999999999996,7.677378093598882,39.67799353296256
0.24999999999999997,6.679649338820453,38.37956756130546
0.25999999999999995,5.8405322967508715,37.10008101481644
0.26999999999999996,5.1318452026518795,35.84407558072422
0.27999999999999997,4.530798581084048,34.6149219399233
0.29,4.018916132384591,33.41506345898953
0.29999999999999993,3.581175141677971,32.24621011467219
0.30999999999999994,3.2053222573477638,31.109492743698542
0.31999999999999995,2.881329671140658,30.005585535202464
0.32999999999999996,2.6009625318849885,28.93480336387342
0.33999999999999997,2.3574344570662173,27.897179179717384
0.3499999999999999,2.145132791570671,26.892525589545222
0.35999999999999993,1.959398893401962,25.92048394758412
0.36999999999999994,1.796352109916492,24.98056351127387
0.37999999999999995,1.6527483540286623,24.072172717210968
0.38999999999999996,1.52586612721836,23.194644194854394
0.3999999999999999,1.4134143926954943,22.347254788766637
0.4099999999999999,1.31345789403342,21.529241589306835
0.41999999999999993,1.2243564176173392,20.739814771357665
0.42999999999999994,1.1447152229767694,19.978167875002796
0.43999999999999995,1.0733444896409403,19.243486021047513
0.44999999999999996,1.0092260048853068,18.534952470546386
0.4599999999999999,0.9514857321967697,17.851753841169366
0.4699999999999999,0.8993711403406406,17.19308423944919
0.4799999999999999,0.8522324121599127,16.558148513606618
0.48999999999999994,0.8095068218798467,15.946164791508838
0.49999999999999994,0.77070570458729,15.356366438565441
0.5099999999999999,0.7354035585751736,14.788003542438922
0.5199999999999999,0.7032289062554709,14.24034401221177
0.5299999999999999,0.6738565953081065,13.712674366341666
0.5399999999999999,0.6470013123360857,13.204300262806857
0.5499999999999999,0.6224120922787582,12.714546822218937
0.5599999999999999,0.5998676605105193,12.242758782026593
0.57,0.5791724715205948,11.788300513650784
0.58,0.5601533288294072,11.350555929220851
0.5899999999999999,0.5426564975301247,10.928928298852538
0.5999999999999999,0.5265452282955916,10.522839996926384
0.6099999999999999,0.5116976302136398,10.131732191781081
0.6199999999999999,0.4980048380664166,9.75506449140723
0.6299999999999999,0.48536943057190796,9.392314554703812
0.6399999999999999,0.4737040682311511,9.04297767538421
0.6499999999999999,0.4629302962474352,8.706566350779303
0.6599999999999999,0.45297752281315967,8.382609832642295
0.6699999999999999,0.4437821161866462,8.070653672692714
0.6799999999999999,0.43528662361059967,7.770259261704774
0.69,0.427439085832759,7.4810033677083405
0.6999999999999998,0.4201924358812505,7.202477675470964
0.7099999999999999,0.41350397452607823,6.934288328411285
0.7199999999999999,0.4073349042606925,6.676055476626998
0.7299999999999999,0.4016499232656699,6.427412830240527
0.7399999999999999,0.39641686370862356,6.188007221139744
0.7499999999999999,0.39160637359944683,5.957498172630464
0.7599999999999999,0.38719163469433593,5.735557478336773
0.7699999999999999,0.3831481114994121,5.521868790962003
0.7799999999999999,0.37945332905277906,5.316127220848748
0.7899999999999999,0.37608667428078857,5.118038945084322
0.7999999999999998,0.3730292227926274,4.9273208261740775
0.8099999999999998,0.3702635747100509,4.743700043718545
0.8199999999999998,0.36777371936224884,4.56691373376832
0.8299999999999998,0.36554490618257024,4.3967086408600204
0.8399999999999999,0.3635635314630467,4.232840779905985
0.8499999999999999,0.3618170388705816,4.075075107987497
0.8599999999999999,0.3602938242097875,3.923185207915065
0.8699999999999999,0.35898315687291654,3.7769529800405626
0.8799999999999999,0.35787510259402616,3.6361683457013814
0.8899999999999999,0.35696045822289646,3.500628959231121
0.8999999999999999,0.3562306902590221,3.370139930113112
0.9099999999999998,0.355677879805832,3.2445135542828862
0.9199999999999998,0.3552946736658047,3.1235690542878576
0.9299999999999998,0.3550742380026187,3.0071323287766014
0.9399999999999998,0.3550102185651692,2.895035709972038
0.9499999999999998,0.35509670243289976,2.7871177300158028
0.9599999999999999,0.3553281846816027,2.683222895082477
0.9699999999999999,0.35569953722448305,2.583201467551387
0.9799999999999999,0.3562059805068898,2.4869092557838117
0.9899999999999999,0.3568430579087887,2.3942074112370304
0.9999999999999999,0.3576066116830651,2.304962232893524
1.0099999999999998,0.3584927625925681,2.2190449782994364
1.0199999999999998,0.35949789021916906,2.136331681545398
1.0299999999999998,0.36061861203159906,2.0567029783106254
1.0399999999999998,0.36185176966134175,1.980043936087287
1.0499999999999998,0.3631944138292363,1.9062438910123394
1.0599999999999998,0.36464378807314657,1.8351962909887378
1.0699999999999998,0.36619731700325264,1.7667985438948868
1.0799999999999998,0.36785259540395615,1.7009518713110112
1.0899999999999999,0.36960737608368904,1.6375611678884157
1.0999999999999999,0.37145955939509767,1.5765348657028742
1.1099999999999999,0.3734071852814328,1.5177848032893908
1.1199999999999999,0.3754484241217998,1.4612260997106843
1.13,0.3775815679369114,1.406777033231378
1.14,0.3798050241459575,1.354358924239482
1.15,0.3821173085548592,1.3038960225736356
1.16,0.38451703834536494,1.2553153989528514
1.17,0.3870029268336251,1.208546840380348
1.1799999999999997,0.38957377810830296,1.1635227493881957
1.1899999999999997,0.3922284815641767,1.1201780469794171
1.1999999999999997,0.3949660073741946,1.0784500791473144
1.2099999999999997,0.3977854023627025,1.0382785268415293
1.2199999999999998,0.400685785748247,0.9996053192144718
1.2299999999999998,0.4036663452517655,0.9623745500657004
1.2399999999999998,0.40672633388244606,0.926532397442688
1.2499999999999998,0.4098650665684882,0.8920270461374685
1.2599999999999998,0.41308191691781604,0.8588086130125243
1.2699999999999998,0.4163763146113642,0.8268290752010597
1.2799999999999998,0.419747742703507,0.7960422008860266
1.2899999999999998,0.42319573488078516,0.7664034825380953
1.2999999999999998,0.42671987347529267,0.7378700728769796
1.3099999999999998,0.4303197873636422,0.7104007230969337
1.3199999999999998,0.4339951500434323,0.6839557234022294
1.3299999999999998,0.43774567747489246,0.6584968455601307
1.3399999999999999,0.4415711253956558,0.6339872872499817
1.3499999999999999,0.445471289148393,0.6103916196913058
1.3599999999999999,0.44944600175950017,0.5876757363023036
1.3699999999999999,0.45349513258181845,0.5658068035057917
1.38,0.45761858525574106,0.5447532128168647
1.3899999999999997,0.461816296400282,0.5244845351497229
1.3999999999999997,0.46608823528144605,0.5049714774586876
1.4099999999999997,0.47043440237059564,0.4861858401911847
1.4199999999999997,0.4748548283445296,0.468100476574024
1.4299999999999997,0.4793495724504578,0.4506892526718403
1.4399999999999997,0.4839187221002887,0.43392701015608726
1.4499999999999997,0.4885623921333783,0.41778953007205566
1.4599999999999997,0.49328072391035394,0.40225349773159197
1.4699999999999998,0.4980738845090708,0.3872964689232794
1.4799999999999998,0.5029420656118879,0.37289683681229674
1.4899999999999998,0.5078854833288436,0.35903380147584146
1.4999999999999998,0.5129043774703966,0.3456873396622631
1.5099999999999998,0.5179990109515235,0.332838175824764
1.5199999999999998,0.5231696691244764,0.32046775400319616
1.5299999999999998,0.5284166591302444,0.30855821071620393
1.5399999999999998,0.5337403096942995,0.2970923496973976
1.5499999999999998,0.5391409705695998,0.28605361682023045
1.5599999999999998,0.5446190121205301,0.2754260761840954
1.5699999999999998,0.5501748247709426,0.2651943866169695
1.5799999999999998,0.5558088186942024,0.25534377967296956
1.5899999999999999,0.5615214235394472,0.24586003849602714
1.5999999999999996,0.5673130880605126,0.2367294771332552
1.6099999999999997,0.5731842798039382,0.22793892071887653
1.6199999999999997,0.579135484703233,0.21947568597757425
1.6299999999999997,0.5851672069233599,0.21132756329275082
1.6399999999999997,0.5912799686009799,0.2034827990105649
1.6499999999999997,0.597474309600394,0.19593007840096652
1.6599999999999997,0.6037507872750817,0.188658509189124
1.6699999999999997,0.610109976204506,0.18165760551037138
1.6799999999999997,0.6165524680952904,0.1749172731558232
1.6899999999999997,0.6230788715799874,0.16842779484125298
1.6999999999999997,0.6296898120579727,0.1621798161590884
1.7099999999999997,0.6363859315121975,0.15616433182811024
1.7199999999999998,0.6431678883699009,0.150372672642382
1.7299999999999998,0.6500363574177647,0.14479649316803367
1.7399999999999998,0.6569920296714629,0.13942775956529715
1.7499999999999998,0.6640356122737561,0.13425873797035898
1.7599999999999998,0.6711678283671595,0.12928198305884622
1.7699999999999998,0.6783894170361873,0.12449032745417465
1.7799999999999998,0.6857011332389671,0.11987687139778405
1.7899999999999998,0.6931037477368248,0.11543497273071089
1.7999999999999998,0.7005980470344403,0.11115823725300514
1.8099999999999998,0.7081848333074943,0.10704050925370165
1.8199999999999996,0.7158649243907274,0.10307586286450518
1.8299999999999996,0.723639153738836,0.09925859343051235
1.8399999999999996,0.7315083704003246,0.09558320925347644
1.8499999999999996,0.7394734389913243,0.09204442356474755
1.8599999999999997,0.7475352396754359,0.08863714678672205
1.8699999999999997,0.755694668176502,0.08535647936184575
1.8799999999999997,0.7639526357732905,0.08219770459614262
1.8899999999999997,0.7723100693076025,0.07915628184572612
1.8999999999999997,0.7807679111873238,0.07622783981773201
1.9099999999999997,0.7893271194100879,0.07340817030549669
1.9199999999999997,0.7979886675933087,0.0706932221699615
1.9299999999999997,0.8067535450016678,0.06807909544733733
1.9399999999999997,0.8156227565823522,0.06556203570484281
1.9499999999999997,0.824597322996642,0.0631384284735594
1.9599999999999997,0.833678280674473,0.06080479415650551
1.9699999999999998,0.842866681864366,0.05855778298772972
1.9799999999999998,0.8521635946880715,0.056394170178862814
1.9899999999999998,0.8615701031990347,0.054310851228900066
1.9999999999999998,0.8710873074423477,0.05230483735401882
2.01,0.8807163235307881,0.050373251290042914
2.0199999999999996,0.8904582837162012,0.04851332309758446
2.03,0.9003143364674416,0.046722386163127516
2.0399999999999996,0.9102856465492094,0.044997873281990286
2.05,0.9203733951078854,0.04333731294374368
2.0599999999999996,0.9305787797651536,0.04173832583254987
2.07,0.9409030147106341,0.04019862135993087
2.0799999999999996,0.9513473307999876,0.038715994357053245
2.09,0.9619129756537459,0.03728832181878276
2.0999999999999996,0.9726012137651489,0.03591355988449072
2.11,0.9834133266103071,0.03458974090623876
2.1199999999999997,0.9943506127607744,0.03331497059278773
2.13,1.0054143879998683,0.03208742526046103
2.1399999999999997,1.0166059854403584,0.03090534912391307
2.1499999999999995,1.027926755652592,0.029767051875144206
2.1599999999999997,1.0393780667913515,0.028670906224112492
2.1699999999999995,1.0509613047271946,0.027615345557386626
2.1799999999999997,1.0626778731812319,0.02659886168358689
2.1899999999999995,1.0745291938547006,0.025620002429350655
2.1999999999999997,1.0865167065778711,0.024677369746439314
2.2099999999999995,1.0986418694562927,0.023769617732962538
2.2199999999999998,1.1109061590173652,0.022895450646346148
2.2299999999999995,1.1233110703622655,0.022053621041899375
2.2399999999999998,1.1358581173172866,0.02124292789405311
2.2499999999999996,1.1485488325916564,0.02046221485235011
2.26,1.1613847679437295,0.01971036867059983
2.2699999999999996,1.174367494343323,0.01898631753931844
2.28,1.1874986021395795,0.018289029523600193
2.2899999999999996,1.2007797012329517,0.017617511117283637
2.3,1.21421242125211,0.01697080596569623
2.3099999999999996,1.2277984117279248,0.016347993217844158
2.32,1.2415393422755576,0.01574818626299411
2.3299999999999996,1.2554369027786598,0.015170531439641692
2.34,1.2694928035770374,0.014614206803777948
2.3499999999999996,1.2837087756626246,0.014078421257564021
2.3599999999999994,1.2980865708683225,0.01356241307820531
2.3699999999999997,1.312627962065245,0.01306544880975861
2.3799999999999994,1.327334743363983,0.012586822243816891
2.3899999999999997,1.3422087303181278,0.012125853377801525
2.3999999999999995,1.3572517601359304,0.011681887652614478
2.4099999999999997,1.3724656918894582,0.011254294939235333
2.4199999999999995,1.3878524067243634,0.010842468428013795
2.4299999999999997,1.4034138080789154,0.010445823846919182
2.4399999999999995,1.4191518219041033,0.010063798601511045
2.4499999999999997,1.4350683968891287,0.009695851039517436
2.4599999999999995,1.451165504692083,0.00934145982974633
2.4699999999999998,1.467445140163764,0.009000122903411132
2.4799999999999995,1.4839093215837826,0.008671356830202016
2.4899999999999998,1.500560090897778,0.00835469611635409
2.4999999999999996,1.5173995139582217,0.008049692542645204
2.51,1.5344296807715956,0.00775591470053792
2.5199999999999996,1.551652705742249,0.007472947157625315
2.53,1.569070727923684,0.00720038987923087
2.5399999999999996,1.5866859112732212,0.006937857668410896
2.55,1.6045004449097107,0.006684979600864675
2.5599999999999996,1.6225165433778999,0.006441398624961298
2.5699999999999994,1.6407364469117598,0.006206770971581085
2.5799999999999996,1.659162421701324,0.005980765581726566
2.5899999999999994,1.6777967601657278,0.005763063672325839
2.5999999999999996,1.6966417812287284,0.005553358268211324
2.6099999999999994,1.7156998305993634,0.005351353813888837
2.6199999999999997,1.7349732810564984,0.005156765810859358
2.6299999999999994,1.7544645327318316,0.004969320255028814
2.6399999999999997,1.7741760134016662,0.0047887532980262215
2.6499999999999995,1.7941101787809435,0.004614810862721923
2.6599999999999997,1.814269512821451,0.004447248288581732
2.6699999999999995,1.834656528015998,0.004285830078610418
2.6799999999999997,1.855273765700782,0.004130329432291503
2.6899999999999995,1.876123796365359,0.003980527942660234
2.6999999999999997,1.897209219966082,0.0038362152880899274
2.7099999999999995,1.9185326662432152,0.003697188926169254
2.7199999999999998,1.9400967950446908,0.003563253883448126
2.7299999999999995,1.9619042966493825,0.0034342224146074636
2.7399999999999998,1.9839578920954963,0.003309913706229603
2.7499999999999996,2.0062603335144495,0.0031901536364190184
2.76,2.0288144044681005,0.0030747745200129257
2.7699999999999996,2.0516229202914666,0.0029636149042286657
2.7799999999999994,2.0746887284390194,0.0028565193551750713
2.7899999999999996,2.098014708832163,0.002753338162732088
2.7999999999999994,2.121603774214309,0.0026539271544375174
2.8099999999999996,2.1454588705091773,0.002558147485327965
2.8199999999999994,2.1695829771842834,0.0024658654446349723
2.8299999999999996,2.193979107618523,0.0023769523339972993
2.8399999999999994,2.2186503094737478,0.0022912841731728374
2.8499999999999996,2.2435996650686807,0.0022087415730918953
2.8599999999999994,2.2688302917605654,0.002129209553054027
2.8699999999999997,2.29434534233014,0.00205257737783266
2.8799999999999994,2.320148005374599,0.0019787384667361986
2.8899999999999997,2.34624150569792,0.0019075901640401636
2.8999999999999995,2.3726291047093313,0.0018390335843879394
2.9099999999999997,2.3993141008273953,0.0017729734825889007
2.9199999999999995,2.42629982988782,0.0017093181113409077
2.9299999999999997,2.4535896655558846,0.0016479790834204634
2.9399999999999995,2.4811870197553985,0.0015888713519863708
2.9499999999999997,2.509095343090749,0.0015319130859955316
2.9599999999999995,2.5373181252573853,0.0014770253967260672
2.9699999999999998,2.5658588954820525,0.0014241323077010494
2.9799999999999995,2.5947212229591132,0.0013731606484265078
2.9899999999999993,2.6239087172915294,0.0013240399531282698
2.9999999999999996,2.6534250289494516,0.0012767023538900505
3.0099999999999993,2.683273849762368,0.0012310824550767234
3.0199999999999996,2.7134589133082647,0.0011871173014056902
3.0299999999999994,2.7439839953968552,0.0011447462775026548
3.0399999999999996,2.774852914540032,0.0011039110268818472
3.0499999999999994,2.8060695324235345,0.0010645553788125393
3.0599999999999996,2.8376377543876674,0.0010266252671452707
3.0699999999999994,2.8695615299917865,0.0009900684104647167
3.0799999999999996,2.901844853423267,0.0009548344919162223
3.0899999999999994,2.934491763983519,0.0009208751210732142
3.0999999999999996,2.9675063466088547,0.0008881437082129942
3.1099999999999994,3.000892732375696,0.0008565954066162155
3.1199999999999997,3.0346550990109384,0.0008261870588792678
3.1299999999999994,3.0687976714706373,0.0007968770039046742
3.1399999999999997,3.103324722472904,0.0007686250033779033
3.1499999999999995,3.1382405729276295,0.0007413924177436124
3.1599999999999997,3.173549592522415,0.0007151420437138327
3.1699999999999995,3.2092562002641256,0.0006898380679636167
3.1799999999999997,3.2453648650257723,0.0006654460244298129
3.1899999999999995,3.2818801061237095,0.000641932707876364
3.1999999999999993,3.3188064939678528,0.0006192659631531105
3.2099999999999995,3.3561486504862303,0.0005974149141469061
3.2199999999999993,3.3939112497409036,0.0005763498448947331
3.2299999999999995,3.4320990185165456,0.0005560421459159577
3.2399999999999993,3.470716736906078,0.0005364642796056425
3.2499999999999996,3.5097692389068293,0.000517589741784516
3.2599999999999993,3.5492614131301927,0.0004993928785419828
3.2699999999999996,3.589198203306686,0.00048184899333575013
3.2799999999999994,3.6295846088810757,0.0004649343414265593
3.2899999999999996,3.670425685663665,0.0004486260580678222
3.2999999999999994,3.7117265464573097,0.00043290213033816613
3.3099999999999996,3.7534923616907307,0.0004177413709180625
3.3199999999999994,3.7957283601400174,0.00040312332212286356
3.3299999999999996,3.8384398295981805,0.0003890282128238018
3.3399999999999994,3.8816321173827317,0.0003754370644065338
3.3499999999999996,3.9253106310731907,0.00036233160309929
3.3599999999999994,3.96948083918221,0.0003496942377416106
3.3699999999999997,4.014148271832799,0.00033750803966771695
3.3799999999999994,4.059318521442798,0.00032575672372163407
3.3899999999999997,4.104997243582153,0.0003144245058415099
3.3999999999999995,4.151190157592342,0.00030349614625430765
3.4099999999999997,4.197903047168754,0.0002929570271860719
3.4199999999999995,4.245141761163985,0.0002827930708858494
3.4299999999999993,4.2929122143137,0.0002729907225580148
3.4399999999999995,4.341220387969667,0.00026353693450372964
3.4499999999999993,4.390072330846588,0.0002544191483544555
3.4599999999999995,4.439474159966901,0.000245625189003875
3.4699999999999993,4.489432061242252,0.00023714333358690256
3.4799999999999995,4.539952290198245,0.0002289623178240077
3.4899999999999993,4.591041172812144,0.00022107129391802242
3.4999999999999996,4.64270510629793,0.00021345981774956518
3.5099999999999993,4.694950559899049,0.00020611783702570113
3.5199999999999996,4.747784075710483,0.0001990356725240957
3.5299999999999994,4.8012122697150295,0.0001922039250694769
3.5399999999999996,4.855241832332677,0.00018561356363477023
3.5499999999999994,4.909879529279059,0.00017925590461919893
3.5599999999999996,4.965132202450235,0.0001731225853168334
3.5699999999999994,5.021006770771803,0.0001672055541252912
3.5799999999999996,5.077510231056388,0.00016149706148686283
3.5899999999999994,5.134649658916612,0.00015598963872312044
3.5999999999999996,5.192432209863579,0.00015067602940441302
3.6099999999999994,5.250865119861511,0.00014554927166831935
3.6199999999999997,5.309955706315812,0.00014060266562824142
3.6299999999999994,5.369711369009308,0.00013582975786701298
3.6399999999999992,5.430139591020593,0.00013122433381177435
3.6499999999999995,5.4912479396512985,0.00012678041066430527
3.6599999999999993,5.553044067450632,0.00012249221650196754
3.6699999999999995,5.615535713347771,0.00011835415381781897
3.6799999999999993,5.678730703248215,0.00011436085244467845
3.6899999999999995,5.742636951142358,0.00011050714101807095
3.6999999999999993,5.807262460101953,0.00010678803872223517
3.7099999999999995,5.8726153232733,0.00010319874959808026
3.7199999999999993,5.93870372488007,9.973465729082815e-05
3.7299999999999995,6.005535941382226,9.63912999757648e-05
3.7399999999999993,6.073120342595335,9.316435254105122e-05
3.7499999999999996,6.141465392392333,9.004966836356454e-05
3.7599999999999993,6.210579649911905,8.704325272294411e-05
3.7699999999999996,6.280471770625262,8.414125760751101e-05
3.7799999999999994,6.351150507410097,8.133997730078967e-05
3.7899999999999996,6.422624711635083,7.863584429753222e-05
3.7999999999999994,6.494903334492669,7.602540382187918e-05
3.8099999999999996,6.567995428040235,7.350531628087582e-05
3.8199999999999994,6.641910146069665,7.107237667786998e-05
3.8299999999999996,6.716656745396107,6.872349702419896e-05
3.8399999999999994,6.792244587007348,6.645570276846839e-05
3.849999999999999,6.86868313722446,6.4266129490083e-05
3.8599999999999994,6.945981968873627,6.215201985703192e-05
3.869999999999999,7.024150762730684,6.011070343324254e-05
3.8799999999999994,7.103199308719105,5.813959391867617e-05
3.8899999999999992,7.183137506740868,5.623621184606509e-05
3.8999999999999995,7.263975368113566,5.439816791912569e-05
3.9099999999999993,7.34572301681447,5.262316021396486e-05
3.9199999999999995,7.428390690736445,5.090897160729138e-05
3.9299999999999993,7.511988742955956,4.925346740542856e-05
3.9399999999999995,7.596527643248781,4.765458196515661e-05
3.9499999999999993,7.682017979463831,4.6110312845950816e-05
3.9599999999999995,7.768470458383643,4.4618740181876354e-05
3.9699999999999993,7.855895907279651,4.317801375614681e-05
3.9799999999999995,7.944305275259596,4.1786350754311984e-05
3.9899999999999993,8.03370963462572,4.0442033780468315e-05
3.9999999999999996,8.124120182246187,3.914340902759156e-05
4.01,8.215548241164903,3.788887716524248e-05
4.02,8.308005262164958,3.667688634863558e-05
4.029999999999999,8.401502824637928,3.550594872322139e-05
4.039999999999999,8.496052638276453,3.437463034683842e-05
4.05,8.591666544535416,3.328154933711155e-05
4.06,8.688356518101065,3.222537434359919e-05
4.069999999999999,8.78613466837445,3.1204823138383865e-05
4.079999999999999,8.88501324117824,3.021865627102039e-05
4.089999999999999,8.9850046205193,2.9265669841017416e-05
4.1,9.086121329487323,2.8344709597644172e-05
4.109999999999999,9.188376032083351,2.7454663042851958e-05
4.119999999999999,9.291781534805992,2.6594457849830907e-05
4.129999999999999,9.396350788240472,2.576306067363208e-05
4.14,9.50209688866312,2.495947605203932e-05
4.1499999999999995,9.609033079853809,2.4182742261203463e-05
4.159999999999999,9.717172755069319,2.3431924893981372e-05
4.169999999999999,9.826529457983142,2.2706127603447017e-05
4.18,9.937116884653216,2.2004486454150864e-05
4.1899999999999995,10.04894888524552,2.1326168587858174e-05
4.199999999999999,10.16203946575288,2.067037130941493e-05
4.209999999999999,10.276402789730362,2.003632124231076e-05
4.22,10.392053180222735,1.942327145863008e-05
4.2299999999999995,10.509005121960538,1.8830495668251934e-05
4.239999999999999,10.627273262355297,1.8257297024753878e-05
4.249999999999999,10.746872413608843,1.7703003888545227e-05
4.26,10.867817554588195,1.7166968660115093e-05
4.27,10.99012383268454,1.6648567071292817e-05
4.279999999999999,11.113806565690359,1.6147197529864383e-05
4.289999999999999,11.238881243957474,1.5662278389573848e-05
4.299999999999999,11.365363533066207,1.519324128501587e-05
4.31,11.493269274218658,1.4739543078085593e-05
4.319999999999999,11.622614486755033,1.4300660827209263e-05
4.329999999999999,11.753415370224038,1.3876090564344231e-05
4.339999999999999,11.885688306383413,1.3465346835450202e-05
4.35,12.019449861219242,1.3067962288872505e-05
4.359999999999999,12.15471678698389,1.2683487311637844e-05
4.369999999999999,12.291506024252758,1.2311489713661981e-05
4.379999999999999,12.429834703999623,1.1951554459870028e-05
4.39,12.569720150976728,1.1603274484495802e-05
4.3999999999999995,12.711179887286491,1.1266240347381061e-05
4.409999999999999,12.854231630033608,1.094007133992913e-05
4.419999999999999,12.998893295536334,1.062440103893714e-05
4.43,13.145183001653,1.0318876179485473e-05
4.4399999999999995,13.293119070018259,1.0023156334955539e-05
4.449999999999999,13.442720028300275,9.736913630177758e-06
4.459999999999999,13.594004612478624,9.459832487710297e-06
4.47,13.74699176914307,9.191609407248118e-06
4.4799999999999995,13.901700657813091,8.931952778162669e-06
4.489999999999999,14.058150655388673,8.680574313585028e-06
4.499999999999999,14.216361358664065,8.437188321049107e-06
4.509999999999999,14.376352582648963,8.201527800781907e-06
4.52,14.538144365254178,7.973335291747915e-06
4.529999999999999,14.70175696978916,7.752362555275139e-06
4.539999999999999,14.867210887462353,7.538370364131691e-06
4.549999999999999,15.034526839904625,7.331128315118904e-06
4.56,15.203725781716036,7.1304146651806455e-06
4.569999999999999,15.37482890303574,6.93601619102906e-06
4.579999999999999,15.547857632141229,6.7477280567471965e-06
4.589999999999999,15.722833641272588,6.565345370206676e-06
4.6,15.899778847274389,6.388668313543145e-06
4.609999999999999,16.078715411544948,6.217509160476461e-06
4.619999999999999,16.25966574479437,6.051686860475841e-06
4.629999999999999,16.442652509813943,5.891026882988539e-06
4.64,16.627698624271606,5.735361078154571e-06
4.6499999999999995,16.81482726353322,5.584527554007647e-06
4.659999999999999,17.00406186350995,5.438370570162108e-06
4.669999999999999,17.195426123531416,5.29674044798611e-06
4.68,17.388944009353512,5.159493286602415e-06
4.6899999999999995,17.584639760339755,5.026482653228139e-06
4.699999999999999,17.782537888040757,4.897568019183758e-06
4.709999999999999,17.98266317810219,4.772616808633732e-06
4.719999999999999,18.18504069499828,4.6515010356450096e-06
4.7299999999999995,18.389695785128637,4.53409718141303e-06
4.739999999999999,18.596654079943995,4.420286082088267e-06
4.749999999999999,18.805941499101078,4.309952827203139e-06
4.759999999999999,19.017584253646245,4.202986668699527e-06
4.77,19.231608849228255,4.099280940556701e-06
4.779999999999999,19.44804208971653,3.998732703477497e-06
4.789999999999999,19.666911085416853,3.901238937419457e-06
4.799999999999999,19.888243249829213,3.8067014516692617e-06
4.81,20.112066303586005,3.7150263848251846e-06
4.819999999999999,20.338408279158315,3.626123155009562e-06
4.829999999999999,20.56729752431858,3.5399043854620716e-06
4.839999999999999,20.798762705635404,3.4562858381773936e-06
4.85,21.032832812000855,3.375186355587114e-06
4.859999999999999,21.269537158189934,3.2965278102859736e-06
4.869999999999999,21.508905388452643,3.2202350628023367e-06
4.879999999999999,21.75096748053118,3.1462356523029216e-06
4.89,21.995753756684238,3.0744546133857913e-06
4.8999999999999995,22.243294875156092,3.004823011335848e-06
4.909999999999999,22.493621839164213,2.937274245970766e-06
4.919999999999999,22.746766000657274,2.8717440464822284e-06
4.929999999999999,23.00275906419585,2.80817041118772e-06
4.9399999999999995,23.261633090866773,2.7464935543946458e-06
4.949999999999999,23.52342050223144,2.6866558601089954e-06
4.959999999999999,23.78815408430878,2.628601842320648e-06
4.969999999999999,24.05586699159281,2.5722781115976277e-06
4.9799999999999995,24.326592753048565,2.5176325751336783e-06
4.989999999999999,24.600365281350598,2.4646123673057113e-06
4.999999999999999,24.87721886581538,2.4131682838897563e-06
5.009999999999999,25.15718818088634,2.363253051729594e-06
5.02,25.440308291055416,2.314821034969146e-06
5.029999999999999,25.726614655204784,2.2678281912496464e-06
5.039999999999999,26.016143130993314,2.222232029554201e-06
5.049999999999999,26.308929979287893,2.1779915693503205e-06
5.06,26.60501186864058,2.1350673006808617e-06
5.069999999999999,26.904425879811885,2.093421144853929e-06
5.079999999999999,27.207209510341123,2.053016415382179e-06
5.089999999999999,27.51340067916402,2.0138177788221094e-06
5.1,27.823037732379277,1.975791073029535e-06
5.109999999999999,28.13615945634628,1.9389021842588195e-06
5.119999999999999,28.452805069277822,1.9031187062682625e-06
5.129999999999999,28.77301422901987,1.8684095142131317e-06
5.139999999999999,29.096827039786398,1.8347444781546527e-06
5.1499999999999995,29.424284057205213,1.8020943990305516e-06
5.159999999999999,29.755426293423874,1.7704309409646092e-06
5.169999999999999,30.090295222276914,1.7397265595328307e-06
5.179999999999999,30.428932784514664,1.7099544256039344e-06
5.1899999999999995,30.771381393094973,1.6810883443717595e-06
5.199999999999999,31.11768393853831,1.6531026691972752e-06
5.209999999999999,31.467883794347575,1.6259722098777896e-06
5.219999999999999,31.822024822336452,1.5996723528926056e-06
5.2299999999999995,32.18015137391477,1.5741849004279862e-06
5.239999999999999,32.542308300680425,1.5494910295250729e-06
5.249999999999999,32.908540960591424,1.5255704969131468e-06
5.259999999999999,33.278895222117846,1.5024037458860453e-06
5.27,33.653417470000896,1.4799718634280836e-06
5.279999999999999,34.03215461107769,1.458256535078581e-06
5.289999999999999,34.41515408017313,1.4372399973301734e-06
5.299999999999999,34.8024638460589,1.416904987356154e-06
5.31,35.194132417480766,1.3972346898620295e-06
5.319999999999999,35.590208849254594,1.3782126808565164e-06
5.329999999999999,35.99074274843227,1.3598228681371616e-06
5.339999999999999,36.39578428053561,1.3420494314690632e-06
5.349999999999999,36.805384173798004,1.3248801731041071e-06
5.359999999999999,37.21959372683799,1.308304304996667e-06
5.369999999999999,37.638464817003694,1.2923092415447352e-06
5.379999999999999,38.062049905447374,1.2768829195418942e-06
5.389999999999999,38.49040204368536,1.2620137778265407e-06
5.3999999999999995,38.923574880230184,1.24769073643002e-06
5.409999999999999,39.36162266729518,1.2339031751447064e-06
5.419999999999999,39.8046002675728,1.2206409114330285e-06
5.429999999999999,40.25256316108648,1.2078941775984826e-06
5.4399999999999995,40.705567452117336,1.195653597139635e-06
5.449999999999999,41.16366987620589,1.183910160208142e-06
5.459999999999999,41.62692780722999,1.172655198091795e-06
5.469999999999999,42.09539926579589,1.1618812490708383e-06
5.4799999999999995,42.56914292701194,1.1515824219850555e-06
5.489999999999999,43.04821812459095,1.1417520536847229e-06
5.499999999999999,43.5326848599238,1.132383895115966e-06
5.509999999999999,44.02260380962273,1.1234721351278115e-06
5.52,44.5180363331053,1.1150113944850195e-06
5.529999999999999,45.019044480260845,1.1069967201076605e-06
5.539999999999999,45.525690999200854,1.0994235795095529e-06
5.549999999999999,46.038039344093164,1.0922878554077055e-06
5.559999999999999,46.55615368308117,1.0855858404748868e-06
5.569999999999999,47.0800989062888,1.079314232207449e-06
5.579999999999999,47.60994063391143,1.0734701278805468e-06
5.589999999999999,48.145745225273366,1.0680512482351376e-06
5.599999999999999,48.687579789217466,1.063056485107772e-06
5.609999999999999,49.23551218767773,1.0584846523388175e-06
5.619999999999999,49.789611046020994,1.0543349746942691e-06
5.629999999999999,50.34994576186969,1.050607158024755e-06
5.639999999999999,50.91658651377172,1.0473013961421314e-06
5.6499999999999995,51.489604269964985,1.0444183783713008e-06
5.659999999999999,52.069070797236684,1.041959297772327e-06
5.669999999999999,52.65505866987906,1.03992586002791e-06
5.679999999999999,53.247641278741256,1.038320292991293e-06
5.6899999999999995,53.846892840379084,1.0371453568896688e-06
5.699999999999999,54.45288840630269,1.036404355178153e-06
5.709999999999999,55.06570387289868,1.0361011926957838e-06
5.719999999999999,55.68541599489184,1.036240713700058e-06
5.7299999999999995,56.312102388440955,1.0368281909545974e-06
5.739999999999999,56.945841542346926,1.037869465698622e-06
5.749999999999999,57.586712828665426,1.039371031564965e-06
5.759999999999999,58.23479651262465,1.0413400543919462e-06
5.769999999999999,58.890173762651465,1.043784392990658e-06
5.779999999999999,59.552926660506465,1.0467126208727441e-06
5.789999999999999,60.22313821152868,1.0501340489437315e-06
5.799999999999999,60.90089235499168,1.0540587491669883e-06
5.809999999999999,61.58627397457091,1.0584975792033774e-06
5.819999999999999,62.279368908923885,1.0634622080316708e-06
5.829999999999999,62.98026396257524,1.06896520271523e-06
5.839999999999999,63.68904692130944,1.0750214968666891e-06
5.849999999999999,64.40580655759432,1.0816466905111036e-06
5.859999999999999,65.1306326413027,1.0888569795688984e-06
5.869999999999999,65.86361595251572,1.0966697038689056e-06
5.879999999999999,66.60484829286797,1.1051034005383067e-06
5.889999999999999,67.35442249701583,1.1141778598517718e-06
5.8999999999999995,68.11243244423088,1.1239141835876402e-06
5.909999999999999,68.87897307011878,1.1343348459389764e-06
5.919999999999999,69.6541403784656,1.1454637570273492e-06
5.929999999999999,70.43803145321165,1.1573263290671562e-06
5.9399999999999995,71.23074447055437,1.1699495452283472e-06
5.949999999999999,72.03237871119208,1.1833620377294684e-06
5.959999999999999,72.84303457808613,1.1975973720152241e-06
5.969999999999999,73.66281360485856,1.2126916869465322e-06
5.979999999999999,74.49181846404053,1.2286811695919273e-06
5.989999999999999,75.33015298350823,1.245604321895998e-06
5.999999999999999,76.17792215944156,1.2635020824246242e-06
6.009999999999999,77.0352321694237,1.2824179531985945e-06
6.019999999999999,77.90219038568067,1.3023981317163884e-06
6.029999999999999,78.77890538846364,1.3234916482669758e-06
6.039999999999999,79.6654869795741,1.3457505086334347e-06
6.049999999999999,80.56204619603402,1.3692298422882377e-06
6.059999999999999,81.46869532390113,1.3939880561809953e-06
6.069999999999999,82.38554791223117,1.4200869942195071e-06
6.079999999999999,83.31271878718758,1.4475921025449197e-06
6.089999999999999,84.2503240663011,1.4765726007018484e-06
6.099999999999999,85.19848117941001,1.5071093071273666e-06
6.109999999999999,86.1573088897425,1.5393024592223709e-06
6.119999999999999,87.12692728496056,1.5732441865869e-06
6.129999999999999,88.10745780341716,1.609032044528011e-06
6.139999999999999,89.0990232499399,1.6467701092698388e-06
6.1499999999999995,90.10174781115767,1.686569361358972e-06
6.159999999999999,91.11575707099227,1.7285480855181632e-06
6.169999999999999,92.14117802631772,1.7728322872986108e-06
6.179999999999999,93.17813910278684,1.8195561268809223e-06
6.189999999999999,94.22677017082789,1.868862370374996e-06
6.199999999999999,95.28720256181197,1.9209028589689855e-06
6.209999999999999,96.35956908439232,1.975838996277502e-06
6.219999999999999,97.44400404101816,2.0338422542393144e-06
6.229999999999999,98.5406432446225,2.095094697914621e-06
6.239999999999999,99.6496240379199,2.1597997139021356e-06
6.249999999999999,100.77108532552013,2.2282456624489774e-06
6.259999999999999,101.90516756497382,2.3006968909349865e-06
6.269999999999999,103.05201279122663,2.3774238596148906e-06
6.279999999999999,104.21176463736906,2.4587170193446627e-06
6.289999999999999,105.38456835255461,2.5448880933924777e-06
6.299999999999999,106.57057082011218,2.6362714167797965e-06
6.309999999999999,107.76992057585211,2.733225334425629e-06
6.319999999999999,108.98276782656909,2.8361336593672816e-06
6.329999999999999,110.20926446874239,2.9454071923306804e-06
6.339999999999999,111.44956410743654,3.061485303923615e-06
6.349999999999999,112.70382207540209,3.184837580724905e-06
6.359999999999999,113.97219545237937,3.3159655365428304e-06
6.369999999999999,115.25484308460608,3.4554043901158957e-06
6.379999999999999,116.55192560486273,3.6037304238002236e-06
6.389999999999999,117.86360546912734,3.7618414855734152e-06
6.399999999999999,119.1900469584815,3.930655584990418e-06
6.409999999999999,120.53141619445148,4.111029714214178e-06
6.419999999999999,121.88788116736319,4.303891880819233e-06
6.429999999999999,123.25961175727255,4.510246031922065e-06
6.439999999999999,124.6467797551193,4.7311772098007175e-06
6.449999999999999,126.049558884108,4.967856944290623e-06
6.459999999999999,127.46812482131655,5.221548887243174e-06
6.469999999999999,128.90265521953603,5.493614694334089e-06
6.479999999999999,130.35332972934117,5.78552015950788e-06
6.489999999999999,131.82033002139542,6.098841607345498e-06
6.499999999999999,133.3038398089907,6.435272548641582e-06
6.509999999999999,134.80404487082583,6.796630604478494e-06
6.519999999999999,136.32113307402295,7.1848647040833e-06
6.529999999999999,137.8552943995305,7.6023280639426315e-06
6.539999999999999,139.40672096946565,8.052261552603654e-06
6.549999999999999,140.9756070685372,8.538514140133845e-06
6.559999999999999,142.5621491706208,9.065867018905281e-06
6.569999999999999,144.16654594847375,9.638161215438309e-06
6.579999999999999,145.78899830392652,1.0259025420736996e-05
6.589999999999999,147.4297093924609,1.0931846766103635e-05
6.599999999999999,149.0888846499842,1.1660174667591438e-05
6.609999999999999,150.7667318356874,1.245048412416667e-05
6.619999999999999,152.4634610382121,1.3309377542707403e-05
6.629999999999999,154.17928470994045,1.4245025689813583e-05
6.639999999999999,155.91441767941856,1.526533508048245e-05
6.649999999999999,157.66907718161218,1.637875922218328e-05
6.659999999999999,159.443482888721,1.7595189217124516e-05
6.669999999999999,161.2378569347255,1.8925552017891995e-05
6.679999999999999,163.0524239535859,2.038232812062948e-05
6.689999999999999,164.88741109568008,2.1979078316698474e-05
6.699999999999999,166.74304805951536,2.3730606973383316e-05
6.709999999999999,168.61956710913432,2.5654089040831896e-05
6.719999999999999,170.517203100842,2.776938087411522e-05
6.729999999999999,172.43619351601214,3.0098860658346114e-05
6.739999999999999,174.37677848481547,3.266805370754654e-05
6.749999999999999,176.33920082412783,3.550488934686796e-05
6.759999999999999,178.3237060549129,3.86411360657151e-05
6.769999999999999,180.33054243184947,4.211260984646987e-05
6.779999999999999,182.35996096726743,4.596006927166053e-05
6.789999999999999,184.41221545545932,5.023013134707654e-05
6.799999999999999,186.48756250438305,5.4975355021791196e-05
6.809999999999999,188.58626155837,6.025544039175202e-05
6.819999999999999,190.70857491614996,6.613904193837658e-05
6.829999999999999,192.85476775707605,7.270465545488222e-05
6.839999999999999,195.0251081638398,8.00420241351768e-05
6.849999999999999,197.21986714606686,8.825360148242194e-05
6.8599999999999985,199.43931865887987,9.745646055344566e-05
6.869999999999999,201.683739614526,0.00010778530223691857
6.879999999999999,203.953409893142,0.00011939560220714373
6.889999999999999,206.24861236367377,0.0001324655373503141
6.899999999999999,208.569632878118,0.00014720153130171894
6.909999999999999,210.9167602802054,0.00016384185498686122
6.919999999999999,213.2902864065629,0.00018266131526116497
6.929999999999999,215.69050605793836,0.00020398016353733147
6.939999999999999,218.11771700273908,0.0002281685299098528
6.949999999999999,220.57221994089707,0.00025565640028475244
6.959999999999999,223.0543184412189,0.0002869472901004459
6.969999999999999,225.56431893129474,0.00032262472404653
6.979999999999999,228.1025305849618,0.00036337296029155845
6.989999999999999,230.66926523731752,0.0004099939239600285
6.999999999999999,233.26483731458816,0.00046342210852594074
7.009999999999999,235.88956359755602,0.0005247627792646511
7.019999999999999,238.54376311517956,0.0005953119857702488
7.029999999999999,241.22775693197494,0.000676591503644064
7.039999999999999,243.9418677271238,0.0007704130652936848
7.049999999999999,246.6864196478788,0.0008789040383387724
7.059999999999999,249.4617378060877,0.0010045833981095899
7.0699999999999985,252.26814761839773,0.001150459790318351
7.079999999999999,255.10597431548624,0.001320105988211302
7.089999999999999,257.9755422323345,0.0015177642606707673
7.099999999999999,260.8771736530389,0.001748514783697551
7.1099999999999985,263.8111878775661,0.002018412740259152
7.119999999999999,266.777899506048,0.0023347368235789603
7.129999999999999,269.77761677333314,0.002706230905016053
7.139999999999999,272.81063953512165,0.0031433957703510805
7.149999999999999,275.87725637649373,0.0036589061466361927
7.159999999999999,278.97774141809714,0.0042680715900718
7.169999999999999,282.11235035152214,0.004989408179221422
7.179999999999999,285.2813150887165,0.005845410630582826
7.189999999999999,288.4848378046976,0.006863411937602595
7.199999999999999,291.72308315638963,0.008076707305586758
7.209999999999999,294.99616861382617,0.009525951864178707
7.219999999999999,298.30415261130224,0.011260875574012261
7.229999999999999,301.6470193286849,0.01334248927364172
7.239999999999999,305.0246603395841,0.015845748068493738
7.249999999999999,308.4368510337085,0.018862978693515567
7.259999999999999,311.88322130777675,0.022508146609980875
7.269999999999999,315.3632186272883,0.026922242910341163
7.2799999999999985,318.8760613192002,0.03228010696117624
7.289999999999999,322.4206799379423,0.03879900554521349
7.299999999999999,325.99564269231917,0.046749561997587764
7.309999999999999,329.5990612915865,0.0564695777348976
7.3199999999999985,333.22847079912555,0.06838169754428039
7.329999999999999,336.8806773674874,0.08301583123176189
7.339999999999999,340.55156387536834,0.1010378159250051
7.349999999999999,344.2358421101033,0.1232860105517033
7.3599999999999985,347.9267361401304,0.1508181082215731
7.369999999999999,351.61557734661886,0.18497107281354305
7.379999999999999,355.29128722511234,0.22743775054710078
7.389999999999999,358.9397157259388,0.28036493817545854
7.399999999999999,362.5427964683025,0.34647862501184434
7.409999999999999,366.0774701886184,0.42924356658659807
7.419999999999999,369.5143165699449,0.533065932694677
7.429999999999999,372.81582539201986,0.6635489933619261
7.439999999999999,375.93422669818676,0.8278132094779401
7.449999999999999,378.80879535819366,1.0348922685215738
7.459999999999999,381.3625545552243,1.2962144607231199
7.469999999999999,383.4983287218264,1.6261736003093616
7.479999999999999,385.0941672424303,2.042781062563507
7.489999999999998,385.99829447247583,2.568367235050005
7.499999999999999,386.0239816425006,3.230259975591273
7.509999999999999,384.9451156245785,4.061304520820217
7.519999999999999,382.4938159205191,5.099994617455748
7.5299999999999985,378.3622068887704,6.389863327397277
7.539999999999999,372.2112962897271,7.977651200475869
7.549999999999999,363.69055393718617,9.909681067574844
7.559999999999999,352.47161635954166,12.225927493161242
7.5699999999999985,338.29768392933744,14.95162266989341
7.579999999999999,321.0457382771275,18.087030343516613
7.589999999999999,300.7916447019395,21.597230222126512
7.599999999999999,277.86048428178,25.405020173868262
7.6099999999999985,252.84047407267838,29.390586546782032
7.619999999999999,226.54391908479124,33.40051307195027
7.629999999999999,199.91448817051932,37.2657831717898
7.639999999999999,173.90104762053812,40.82476817997649
7.649999999999999,149.33275839710328,43.94485547580022
7.659999999999999,126.82905451738372,46.53688000675213
7.669999999999999,106.76234484525735,48.55958281461786
7.679999999999999,89.27085343632328,50.01504260926261
7.689999999999999,74.30485876347295,50.938460009463824
7.699999999999998,61.685936104114624,51.386149397238505
7.709999999999999,51.16321713733262,51.424630501462524
7.719999999999999,42.45802002950799,51.12228388335942
7.729999999999999,35.29452302641901,50.54385563040525
7.739999999999998,29.417990939875008,49.74741021318023
7.749999999999999,24.6035969314593,48.78308099760689
7.759999999999999,20.658974847240746,47.692982549836984
7.769999999999999,17.423042635197678,46.51178398410043
7.7799999999999985,14.762924685852994,45.267590710046456
7.789999999999999,12.570132697205368,43.98291651025444
7.799999999999999,10.756688512814316,42.675621433495444
7.809999999999999,9.251544056329646,41.35975455671327
7.8199999999999985,7.997450024031152,40.04627929152106
7.829999999999999,6.9483089687146675,38.74368033227178
7.839999999999999,6.066987344587223,37.45846213401704
7.849999999999999,5.323533953144546,36.19555312965374
7.8599999999999985,4.69374367130903,34.95863074072462
7.869999999999999,4.158007285794986,33.75038121676761
7.879999999999999,3.700394116143914,32.57270665779656
7.889999999999999,3.307921948906825,31.426889633984228
7.899999999999999,2.9699765498327593,30.31372397482086
7.909999999999998,2.67784992571675,29.233618700943847
7.919999999999999,2.424373011383308,28.186680583609245
7.929999999999999,2.2036225664581313,27.172779893819715
7.939999999999999,2.0106871090228937,26.19160275387537
7.949999999999998,1.8414794705822655,25.24269289211414
7.959999999999999,1.6925863279094029,24.325484982286767
7.969999999999999,1.5611470347069798,23.43933129842154
7.979999999999999,1.444755751267409,22.583523051971497
7.989999999999998,1.3413821835884108,21.757307470454634
7.999999999999999,1.2493071908353715,20.95990147402535
8.009999999999998,1.1670702533464032,20.19050263525723
8.02,1.093426560090126,19.448297935115118
8.03,1.027311774877421,18.732470762424136
8.04,0.9678130531856032,18.042206484553464
8.049999999999999,0.9141451098220589,17.376696866930388
8.059999999999999,0.8656303989411364,16.735143558915002
8.069999999999999,0.8216826496227403,16.116760821599495
8.079999999999998,0.7817931469816911,15.520777639422121
8.089999999999998,0.7455192632105808,14.9464393315178
8.1,0.7124748577039058,14.393008751545445
8.11,0.6823221822760739,13.859767161058375
8.12,0.6547650791149707,13.346014826427732
8.129999999999999,0.6295432223213469,12.851071397380156
8.139999999999999,0.6064272345601402,12.374276106717174
8.149999999999999,0.5852145390067841,11.914987823952854
8.159999999999998,0.5657258247740414,11.472584991079772
8.169999999999998,0.5478020262588437,11.046465463768556
8.179999999999998,0.5313017358718566,10.636046276709402
8.19,0.5160989825730965,10.24076334834228
8.2,0.5020813206893154,9.860071137993181
8.209999999999999,0.48914817928936816,9.493442266480667
8.219999999999999,0.4772094410184522,9.140367107119124
8.229999999999999,0.46618420038183417,8.800353358424994
8.239999999999998,0.45599969533007895,8.472925599425732
8.249999999999998,0.44659036867611374,8.15762483728305
8.259999999999998,0.4378970595150634,7.854008046641631
8.27,0.42986628555979206,7.5616477094179
8.28,0.42244962401263425,7.280131352579537
8.29,0.4156031630247609,7.009061090036048
8.299999999999999,0.40928702098477976,6.7480531685793155
8.309999999999999,0.40346492420193325,6.496737519623258
8.319999999999999,0.39810383197441296,6.254757318849162
8.329999999999998,0.3931736080931397,6.02176855322035
8.339999999999998,0.38864672731870187,5.797439597634192
8.349999999999998,0.3844980170747198,5.581450800616605
8.36,0.3807044267765063,5.373494080265605
8.37,0.37724482232634904,5.173272530485837
8.379999999999999,0.37409980645752194,4.980500036846149
8.389999999999999,0.37125155305972973,4.794900904389712
8.399999999999999,0.3686836607743429,4.616209495596289
8.409999999999998,0.36638102667845734,4.444169877792327
8.419999999999998,0.3643297239114849,4.278535483439442
8.429999999999998,0.36251690224150285,4.119068778224208
8.44,0.36093068953045926,3.9655409418599987
8.45,0.3595601090530789,3.8177315574737656
8.459999999999999,0.35839500253049666,3.6754283116505277
8.469999999999999,0.35742596022828305,3.538426704383872
8.479999999999999,0.3566442601178418,3.406529768012771
8.489999999999998,0.35604180942752595,3.279547796342778
8.499999999999998,0.3556110952407298,3.1572980820594547
8.509999999999998,0.35534513685107355,3.0396046637582192
8.52,0.35523744422104214,2.9262980811816273
8.53,0.355281979609775,2.8172151390245155
8.54,0.3554731223321783,2.712198678997913
8.549999999999999,0.3558056376085102,2.6110973596238702
8.559999999999999,0.35627464690758137,2.5137654440176185
8.569999999999999,0.35687560206004865,2.420062594858219
8.579999999999998,0.35760426039442733,2.3298536768557994
8.589999999999998,0.3584566633392699,2.2430085659502783
8.599999999999998,0.35942911692860713,2.1594019652844496
8.61,0.36051817140520914,2.0789132282412353
8.62,0.361720604149955,2.00142618748422
8.629999999999999,0.36303340623350144,1.9268289897089503
8.639999999999999,0.36445376693136,1.8550139369435805
8.649999999999999,0.36597905875550263,1.7858773336734668
8.659999999999998,0.3676068279171941,1.7193193387593104
8.669999999999998,0.3693347825407128,1.655243823245742
8.679999999999998,0.3711607807047884,1.593558233470517
8.69,0.3730828224658874,1.5341734586960059
8.7,0.37509904108283804,1.4770037037798946
8.709999999999999,0.3772076939139868,1.4219663665831452
8.719999999999999,0.3794071553423847,1.3689819197201534
8.729999999999999,0.381695910230129,1.317973796640822
8.739999999999998,0.3840725469752334,1.2688682819231103
8.749999999999998,0.3865357513312239,1.2215944055700112
8.759999999999998,0.3890843014576503,1.1760838411853753
8.769999999999998,0.39171706254270505,1.1322708078874606
8.78,0.39443298162499923,1.090091975824317
8.79,0.39723108365064513,1.0494863751840142
8.799999999999999,0.4001104672606478,1.0103953085458732
8.809999999999999,0.4030703006325101,0.9727622664010289
8.819999999999999,0.40610981815592534,0.9365328458891832
8.829999999999998,0.4092283171429097,0.9016546724993402
8.839999999999998,0.41242515452876116,0.8680773246001734
8.849999999999998,0.4156997440215961,0.8357522608215552
8.86,0.4190515535162154,0.8046327501433469
8.87,0.422480102400656,0.774673804466522
8.879999999999999,0.425984959132261,0.7458321137163509
8.889999999999999,0.42956573936511555,0.7180659835254344
8.899999999999999,0.43322210388168797,0.6913352750833578
8.909999999999998,0.4369537567927894,0.6656013472781087
8.919999999999998,0.44076044269893344,0.6408270003783693
8.929999999999998,0.44464194562612935,0.6169764226563793
8.94,0.4485980879468702,0.5940151389451731
8.95,0.4526287287041968,0.5719099607587363
8.959999999999999,0.4567337622203637,0.5506289383414951
8.969999999999999,0.46091311573811306,0.5301413137461439
8.979999999999999,0.4651667493485955,0.5104174772127495
8.989999999999998,0.46949465476545105,0.4914289243261157
8.999999999999998,0.4738968542012431,0.4731482147974889
9.009999999999998,0.4783733991981514,0.45554893261220375
9.019999999999998,0.4829243691813507,0.43860564728777907
9.03,0.48754987139214734,0.42229387799398377
9.04,0.49225003982725146,0.40659005791006314
9.049999999999999,0.4970250344896448,0.3914715001926982
9.059999999999999,0.5018750403902772,0.3769163647217989
9.069999999999999,0.5068002668491728,0.3629036264837863
9.079999999999998,0.5118009471820842,0.34941304569261744
9.089999999999998,0.5168773379688371,0.33642513830517956
9.099999999999998,0.5220297185041232,0.32392114786362125
9.11,0.5272583900139057,0.3118830178334056
9.12,0.5325636753488533,0.30029336587472893
9.129999999999999,0.5379459185696602,0.28913545880491437
9.139999999999999,0.5434054844696378,0.2783931883148993
9.149999999999999,0.5489427581475175,0.2680510476091955
9.159999999999998,0.5545581444532981,0.2580941084624261
9.169999999999998,0.5602520678280446,0.24850800021221556
9.179999999999998,0.5660249719286651,0.23927888885352847
9.189999999999998,0.5718773193074418,0.23039345701055858
9.2,0.5778095910727745,0.22183888449790923
9.209999999999999,0.5838222865478895,0.21360282952146764
9.219999999999999,0.5899159231392819,0.20567341128881472
9.229999999999999,0.5960910360533667,0.1980391926555181
9.239999999999998,0.6023481780781127,0.19068916359699442
9.249999999999998,0.6086879193151021,0.18361272498731035
9.259999999999998,0.6151108470051883,0.1767996733471451
9.269999999999998,0.621617565391564,0.17024018627609655
9.28,0.6282086955352564,0.1639248081484471
9.29,0.6348848751632628,0.15784443642944238
9.299999999999999,0.6416467584760717,0.15199030817634673
9.309999999999999,0.6484950160664338,0.14635398764521246
9.319999999999999,0.6554303348035737,0.14092735408991897
9.329999999999998,0.6624534177212722,0.13570258997628068
9.339999999999998,0.6695649839153467,0.1306721696207085
9.349999999999998,0.6767657684266702,0.12582884807698663
9.36,0.6840565222054217,0.121165650948166
9.37,0.691438012032678,0.11667586421917879
9.379999999999999,0.6989110204615628,0.11235302454683255
9.389999999999999,0.7064763457533744,0.10819090978640875
9.399999999999999,0.7141348018267071,0.10418352991385785
9.409999999999998,0.7218872182458823,0.10032511857612282
9.419999999999998,0.7297344401841812,0.09661012466548878
9.429999999999998,0.737677328404315,0.09303320429900339
9.439999999999998,0.7457167592293462,0.0895892129201568
9.45,0.7538536245442286,0.08627319794873652
9.459999999999999,0.762088831801096,0.08308039168033796
9.469999999999999,0.770423304021446,0.08000620435326744
9.479999999999999,0.7788579798072097,0.07704621750153791
9.489999999999998,0.7873938133462591,0.07419617740902723
9.499999999999998,0.7960317744480049,0.07145198911723985
9.509999999999998,0.8047728485706988,0.06880971048574315
9.519999999999998,0.8136180368547614,0.06626554648331312
9.53,0.8225683561594662,0.0638158436603571
9.54,0.8316248391006026,0.061457084763900785
9.549999999999999,0.8407885341100432,0.05918588381015098
9.559999999999999,0.8500605054865608,0.05699898113958763
9.569999999999999,0.8594418334548467,0.05489323870904298
9.579999999999998,0.8689336142248759,0.05286563548357836
9.589999999999998,0.8785369600596713,0.050913263067487474
9.599999999999998,0.8882529993519003,0.04903332157785739
9.609999999999998,0.898082876698667,0.04722311556642779
9.62,0.9080277529824966,0.04548005012745853
9.629999999999999,0.9180888054517748,0.04380162705489965
9.639999999999999,0.92826722781317,0.042185441301914706
9.649999999999999,0.9385642303254188,0.04062917752167894
9.659999999999998,0.9489810398956088,0.039130606708417164
9.669999999999998,0.9595189001796465,0.03768758296763429
9.679999999999998,0.9701790716839077,0.0362980403451348
9.689999999999998,0.9809628318772093,0.03495998992478841
9.7,0.9918714753023626,0.033671516943493636
9.709999999999999,1.0029063136918814,0.032430778022609054
9.719999999999999,1.014068676086143,0.031235998468649953
9.729999999999999,1.0253599089551917,0.03008546967532091
9.739999999999998,1.0367813763290634,0.028977546760447045
9.749999999999998,1.0483344599268958,0.02791064616215501
9.759999999999998,1.0600205592910954,0.02688324336779113
9.769999999999998,1.0718410919235086,0.025893870688442323
9.78,1.08379749341782,0.024941114918480813
9.79,1.0958912176142164,0.024023615589875317
9.799999999999999,1.108123736744676,0.02314006295255229
9.809999999999999,1.1204965415831176,0.022289196068719343
9.819999999999999,1.1330111415996642,0.02146980099808555
9.829999999999998,1.1456690651129045,0.020680708931236535
9.839999999999998,1.1584718594541907,0.01992079458076504
9.849999999999998,1.171421091133041,0.019188974584219917
9.859999999999998,1.1845183460028146,0.018484205897721935
9.87,1.1977652294310202,0.017805484274442417
9.879999999999999,1.211163366474562,0.017151842913684982
9.889999999999999,1.224714402057637,0.0165223511203879
9.899999999999999,1.2384200011488318,0.015916112741604514
9.909999999999998,1.2522818489458043,0.01533226494778933
9.919999999999998,1.2663016510617917,0.01476997696580489
9.929999999999998,1.280481133716447,0.01422844892514952
9.939999999999998,1.2948220439337785,0.0137069109886471
9.95,1.3093261497321886,0.013204621832541476
9.959999999999999,1.323995240325754,0.012720867665923804
9.969999999999999,1.3388311263274542,0.012254961207440395
9.979999999999999,1.353835639955404,0.011806240682989334
9.989999999999998,1.3690106352482057,0.011374069148519518
9.999999999999998,1.3843579882731523,0.010957833331540861
10.009999999999998,1.3998795973413334,0.01055694268520623
10.019999999999998,1.4155773832283889,0.010170828590707573
10.029999999999998,1.4314532893971215,0.009798943519065009
10.04,1.447509282226943,0.009440760381378312
10.049999999999999,1.4637473512443309,0.009095771802481969
10.059999999999999,1.4801695093508358,0.008763489157293917
10.069999999999999,1.4967777930616852,0.008443441962331264
10.079999999999998,1.5135742627454258,0.008135177185343756
10.089999999999998,1.530561002867779,0.0078382586272699
10.099999999999998,1.5477401222409841,0.007552266448954813
10.109999999999998,1.5651137542698468,0.007276796328220156
10.12,1.582684057206373,0.007011458938618598
10.129999999999999,1.6004532144068433,0.006755879390397248
10.139999999999999,1.618423434592392,0.006509696688226918
10.149999999999999,1.636596952116526,0.006272563365057963
10.159999999999998,1.654976027229611,0.006044144835971902
10.169999999999998,1.6735629463497685,0.005824118899338264
10.179999999999998,1.6923600223383,0.005612175298110819
10.189999999999998,1.7113695947779697,0.005408015263786172
10.2,1.7305940302572569,0.005211351171596127
10.209999999999999,1.7500357226560943,0.005021906122660953
10.219999999999999,1.769697093432822,0.004839413438227328
10.229999999999999,1.7895805919186112,0.004663616323053884
10.239999999999998,1.8096886956143488,0.004494267489285239
10.249999999999998,1.8300239104921046,0.004331128825574771
10.259999999999998,1.8505887713018159,0.0041739711349367695
10.269999999999998,1.8713858418764473,0.004022573672233531
10.279999999999998,1.8924177154453512,0.0038767238654264726
10.29,1.9136870149505611,0.0037362170097622275
10.299999999999999,1.9351963933670864,0.003600855974517611
10.309999999999999,1.9569485340299528,0.003470451005722307
10.319999999999999,1.9789461509596498,0.0033448193653045624
10.329999999999998,2.001191989194432,0.0032237850674252245
10.339999999999998,2.023688825127126,0.003107178637583018
10.349999999999998,2.0464394668455212,0.0029948368645552476
10.359999999999998,2.0694467544788067,0.00288660261663113
10.37,2.0927135605460294,0.002782324602593515
10.379999999999999,2.116242790307591,0.002681857106519627
10.389999999999999,2.140037382123463,0.0025850598013915584
10.399999999999999,2.164100307814772,0.002491797544187131
10.409999999999998,2.1884345730309143,0.0024019401956650224
10.419999999999998,2.2130432176203465,0.0023153624892106057
10.429999999999998,2.2379293160051317,0.0022319437493171002
10.439999999999998,2.2630959775589377,0.002151567768774676
10.45,2.2885463469919394,0.0020741226303277803
10.459999999999999,2.314283604739504,0.0019995005519945837
10.469999999999999,2.340310967358777,0.001927597799379445
10.479999999999999,2.3666316879217923,0.0018583144464377349
10.489999999999998,2.393249056418367,0.001791554240371951
10.499999999999998,2.420166400163587,0.0017272244702389965
10.509999999999998,2.4473870842093124,0.0016652358283384397
10.519999999999998,2.474914511760353,0.0016055022764478654
10.529999999999998,2.5027521246099953,0.0015479410530364322
10.54,2.530903403559527,0.0014924724934843195
10.549999999999999,2.5593718688372933,0.00143901980790173
10.559999999999999,2.588161080541592,0.0013875090409220373
10.569999999999999,2.617274639080851,0.0013378689683126992
10.579999999999998,2.646716185618511,0.001290030998538965
10.589999999999998,2.676489402539632,0.0012439290658237557
10.599999999999998,2.706598013941711,0.0011994995127315056
10.609999999999998,2.7370457860272386,0.001156681059010002
10.62,2.767836527594533,0.0011154147014687044
10.629999999999999,2.798974090511016,0.0010756436363558745
10.639999999999999,2.8304623701890668,0.0010373131883953056
10.649999999999999,2.8623053060729937,0.0010003707258062387
10.659999999999998,2.894506882211012,0.0009647653410160938
10.669999999999998,2.9270711276561787,0.0009304480611608124
10.679999999999998,2.960002116966865,0.0008973717808076211
10.689999999999998,2.993303970729437,0.0008654911477474156
10.699999999999998,3.0269808560679103,0.0008347625069845075
10.709999999999999,3.06103698715877,0.0008051438486444167
10.719999999999999,3.0954766258216115,0.0007765946048183614
10.729999999999999,3.1303040820430335,0.0007490756080988109
10.739999999999998,3.1655237144191255,0.0007225492437225789
10.749999999999998,3.2011399307448594,0.0006969792949028815
10.759999999999998,3.237157188560238,0.0006723308982117253
10.769999999999998,3.2735799957019425,0.0006485705021239634
10.779999999999998,3.3104129108877194,0.0006256657790285282
10.79,3.3476605443710548,0.0006035854221420341
10.799999999999999,3.3853275583667224,0.0005822993737982588
10.809999999999999,3.423418667674917,0.0005617787045759938
10.819999999999999,3.461938640274295,0.0005419955622807726
10.829999999999998,3.50089229791275,0.0005229231383162149
10.839999999999998,3.5402845167088186,0.0005045356302468752
10.849999999999998,3.5801202278692195,0.00048680806119962006
10.859999999999998,3.6204044181967023,0.00046971638644604006
10.87,3.661142130689995,0.0004532374885569388
10.879999999999999,3.702338465201325,0.00043734910673237545
10.889999999999999,3.7439985790689785,0.0004220298094048646
10.899999999999999,3.7861276877561028,0.0004072589687364621
10.909999999999998,3.8287310655755125,0.0003930166698072487
10.919999999999998,3.8718140463742543,0.00037928366094979257
10.929999999999998,3.91538202403753,0.00036604146373718776
10.939999999999998,3.9594404532345604,0.00035327228603495014
10.949999999999998,4.0039948500959515,0.0003409590000800532
10.959999999999999,4.049050792896864,0.00032908512288294894
10.969999999999999,4.094613922747146,0.0003176347979798445
10.979999999999999,4.140689944450202,0.0003065926613394178
10.989999999999998,4.18728462714381,0.0002959438717173954
10.999999999999998,4.234403804873877,0.0002856741960613644
11.009999999999998,4.282053377408735,0.00027576992697164927
11.019999999999998,4.330239310971355,0.0002662178660807037
11.029999999999998,4.3789676389788195,0.0002570053086085847
11.04,4.4282444627943285,0.00024812002669327666
11.049999999999999,4.478075952677273,0.0002395501674916204
11.059999999999999,4.528468348382967,0.00023128431437661364
11.069999999999999,4.579427959880979,0.00022331149884867292
11.079999999999998,4.630961168204076,0.00021562115779629628
11.089999999999998,4.683074426240149,0.00020820312102037358
11.099999999999998,4.735774259531928,0.00020104759968526457
11.109999999999998,4.789067267103191,0.0001941451691339797
11.119999999999997,4.842960122505056,0.0001874866781939837
11.129999999999999,4.897459574380199,0.0001810633311817541
11.139999999999999,4.952572447316843,0.00017486667193894787
11.149999999999999,5.008305642745233,0.00016888855666262684
11.159999999999998,5.064666139794181,0.0001631211443650884
11.169999999999998,5.121660996156048,0.00015755688804584868
11.179999999999998,5.179297349002492,0.00015218851548464565
11.189999999999998,5.237582416099452,0.00014700896077382133
11.199999999999998,5.29652349637076,0.0001420114431385201
11.209999999999999,5.356127970885336,0.0001371894377542511
11.219999999999999,5.4164033038052,0.0001325366597291707
11.229999999999999,5.477357043311888,0.00012804705667588634
11.239999999999998,5.53899682254183,0.00012371480182343735
11.249999999999998,5.601330360611491,0.00011953427498231487
11.259999999999998,5.664365463775128,0.00011550002460318176
11.269999999999998,5.7281100260216755,0.00011160682004949664
11.279999999999998,5.792572030187449,0.0001078496246760293
11.29,5.857759548964308,0.00010422358732461147
11.299999999999999,5.92368074590147,0.00010072403677545904
11.309999999999999,5.990343876417207,9.73464766258643e-05
11.319999999999999,6.057757288955517,9.408656257631739e-05
11.329999999999998,6.125929426142495,9.094008149039751e-05
11.339999999999998,6.194868825476414,8.790299428857274e-05
11.349999999999998,6.264584120547572,8.497141001134086e-05
11.359999999999998,6.3350840421161685,8.214158052209819e-05
11.369999999999997,6.406377419195684,7.940989620550918e-05
11.379999999999999,6.478473180146824,7.677288199071792e-05
11.389999999999999,6.551380354003939,7.422717416029679e-05
11.399999999999999,6.625108071570022,7.176951879443819e-05
11.409999999999998,6.69966556625633,6.939679392609644e-05
11.419999999999998,6.7750621753929465,6.710599151358401e-05
11.429999999999998,6.8513073413883125,6.489421395336472e-05
11.439999999999998,6.928410612900011,6.275867085716773e-05
11.449999999999998,7.006381646016855,6.069667608605029e-05
11.459999999999999,7.085230205692451,5.87056296242712e-05
11.469999999999999,7.164966167010885,5.678301121154218e-05
11.479999999999999,7.245599515979547,5.4926405321697045e-05
11.489999999999998,7.3271403509889685,5.31334842977306e-05
11.499999999999998,7.4095988840690445,5.1402005544128186e-05
11.509999999999998,7.492985442155918,4.9729809018680747e-05
11.519999999999998,7.5773104683711345,4.8114814919454705e-05
11.529999999999998,7.662584523525259,4.6555011851933345e-05
11.539999999999997,7.74881828756229,4.5048448466220824e-05
11.549999999999999,7.83602256038562,4.3593254163218115e-05
11.559999999999999,7.9242082634326065,4.218762628474808e-05
11.569999999999999,8.013386441036564,4.0829827798257606e-05
11.579999999999998,8.10356826179684,3.951818536233838e-05
11.589999999999998,8.194765019962244,3.825108754206818e-05
11.599999999999998,8.286988137026558,3.70269768494152e-05
11.609999999999998,8.380249163368168,3.5844340954224405e-05
11.619999999999997,8.474559779087606,3.4701729975069403e-05
11.629999999999999,8.569931795714878,3.3597746681186055e-05
11.639999999999999,8.666377157688265,3.253104453045639e-05
11.649999999999999,8.763907943836472,3.150032617884909e-05
11.659999999999998,8.862536368874947,3.050434210495714e-05
11.669999999999998,8.96227478509691,2.9541885158708893e-05
11.679999999999998,9.063135684215064,2.8611782056023843e-05
11.689999999999998,9.165131698235255,2.7712907828155906e-05
11.699999999999998,9.268275601292803,2.6844178339282048e-05
11.709999999999999,9.37258031126019,2.6004548568877122e-05
11.719999999999999,9.478058891350011,2.5193011451093665e-05
11.729999999999999,9.584724551733654,2.4408596801823497e-05
11.739999999999998,9.692590651336614,2.3650367808092664e-05
11.749999999999998,9.801670699892304,2.291741380346254e-05
11.759999999999998,9.911978358867145,2.2208861044787006e-05
11.769999999999998,10.023527443426657,2.152386752281421e-05
11.779999999999998,10.136331924185145,2.086162149110605e-05
11.789999999999997,10.250405928939553,2.02213405739404e-05
11.799999999999999,10.365763744420166,1.9602270941930732e-05
11.809999999999999,10.482419818200063,1.900368492077232e-05
11.819999999999999,10.600388760971132,1.8424874646348422e-05
11.829999999999998,10.719685347538755,1.7865160721151478e-05
11.839999999999998,10.840324518917146,1.7323888469362538e-05
11.849999999999998,10.962321384235779,1.6800426626330155e-05
11.859999999999998,11.085691222614752,1.6294166646619942e-05
11.869999999999997,11.210449485058355,1.58045220638869e-05
11.879999999999999,11.336611796583602,1.5330926223408955e-05
11.889999999999999,11.464193959058095,1.487282471194391e-05
11.899999999999999,11.593211951501296,1.4429687631605702e-05
11.909999999999998,11.723681932576357,1.4001005095768519e-05
11.919999999999998,11.85562024272164,1.3586285709708073e-05
11.929999999999998,11.98904340616834,1.3185056126121305e-05
11.939999999999998,12.123968132976946,1.2796860647537e-05
11.949999999999998,12.260411321092537,1.2421260875617356e-05
11.959999999999997,12.398390058418904,1.2057835407350458e-05
11.969999999999999,12.537921624911538,1.1706179578133635e-05
11.979999999999999,12.67902349503434,1.1365902933662362e-05
11.989999999999998,12.821713343399962,1.1036605487073243e-05
11.999999999999998,12.966009041922273,1.071791117533438e-05
12.009999999999998,13.111928662763855,1.0409462554909883e-05
12.019999999999998,13.259490481384761,1.011091499015397e-05
12.029999999999998,13.408712978798317,9.821936342960954e-06
12.039999999999997,13.559614843847875,9.542206694882435e-06
12.049999999999999,13.712214975504601,9.271418101711598e-06
12.059999999999999,13.866532485186083,9.009274380534956e-06
12.069999999999999,14.02258669909621,8.755490929250778e-06
12.079999999999998,14.180397160710239,8.509794096450926e-06
12.089999999999998,14.339983637184943,8.271905465664521e-06
12.099999999999998,14.501366117380663,8.041558736120674e-06
12.109999999999998,14.66456481353391,7.818502580583689e-06
12.119999999999997,14.829600165256412,7.602494607627867e-06
12.129999999999999,14.996492842058789,7.393301151054181e-06
12.139999999999999,15.165263745897619,7.190697082014589e-06
12.149999999999999,15.335934013746273,6.994465643843404e-06
12.159999999999998,15.50852502018897,6.804398309596484e-06
12.169999999999998,15.683058380038462,6.620294662297679e-06
12.179999999999998,15.85955595098359,6.441962282323165e-06
12.189999999999998,16.038039840014402,6.269207495420885e-06
12.199999999999998,16.218532403736646,6.1018411141677765e-06
12.209999999999997,16.401056247860037,5.9396862759948516e-06
12.219999999999999,16.58563423239756,5.782572423225429e-06
12.229999999999999,16.772289474488502,5.630335162077917e-06
12.239999999999998,16.96104535124818,5.482816137491926e-06
12.249999999999998,17.151925502643664,5.339862923778301e-06
12.259999999999998,17.344953834395948,5.201328931092624e-06
12.269999999999998,17.540154520908445,5.067073327732375e-06
12.279999999999998,17.737552008221787,4.936960978257716e-06
12.289999999999997,17.937171019957304,4.81085695381915e-06
12.299999999999999,18.13903656092345,4.688625401351915e-06
12.309999999999999,18.34317391376557,4.570141260018587e-06
12.319999999999999,18.549608645503913,4.455283872077438e-06
12.329999999999998,18.758366610740516,4.343936778453319e-06
12.339999999999998,18.969473954847437,4.235987613109361e-06
12.349999999999998,19.182957117184454,4.13132800739334e-06
12.359999999999998,19.3988428343463,4.029853504358689e-06
12.369999999999997,19.61715814343935,3.931463483060151e-06
12.379999999999997,19.837930385387853,3.836061092824085e-06
12.389999999999999,20.06118721039611,3.7435517280524473e-06
12.399999999999999,20.286956584662068,3.6538406685174933e-06
12.409999999999998,20.515266784945634,3.5668391430505515e-06
12.419999999999998,20.7461464058171,3.4824616609767903e-06
12.429999999999998,20.979624363489783,3.400625734443419e-06
12.439999999999998,21.21572989938685,3.321251814781614e-06
12.449999999999998,21.454492583741175,3.2442632363901676e-06
12.459999999999997,21.695942319228287,3.1695861681408577e-06
12.469999999999999,21.940109344632376,3.0971495723055246e-06
12.479999999999999,22.18702423854517,3.026885171004934e-06
12.489999999999998,22.43671792387973,2.9587269294026345e-06
12.499999999999998,22.689221679971528,2.8926058019770307e-06
12.509999999999998,22.944567131406593,2.8284591230173775e-06
12.519999999999998,23.202786258878756,2.766226190720452e-06
12.529999999999998,23.463911402791123,2.705848436304313e-06
12.539999999999997,23.727975267256518,2.6472693708385344e-06
12.549999999999999,23.995010924132433,2.5904345387235092e-06
12.559999999999999,24.26505181709059,2.535291477572899e-06
12.569999999999999,24.538131765722152,2.481789684253103e-06
12.579999999999998,24.814284969678138,2.429880586833958e-06
12.589999999999998,25.093546013650954,2.379517227867796e-06
12.599999999999998,25.375949879488875,2.3306513579051598e-06
12.609999999999998,25.6615319387941,2.283237684657253e-06
12.619999999999997,25.950327959227664,2.2372331281526246e-06
12.629999999999997,26.24237411081363,2.19259609463982e-06
12.639999999999999,26.537706970421592,2.1492864349643746e-06
12.649999999999999,26.836363526295248,2.1072654042454977e-06
12.659999999999998,27.138381182628322,2.06649562252114e-06
12.669999999999998,27.443797764187536,2.0269410360304193e-06
12.679999999999998,27.75265152098392,1.988566878802093e-06
12.689999999999998,28.06498113299287,1.951339634217939e-06
12.699999999999998,28.380825714923567,1.915226996219847e-06
12.709999999999997,28.700224821202212,1.8801978178751788e-06
12.719999999999999,29.02321845889877,1.846221482714696e-06
12.729999999999999,29.349847084359077,1.8132684680145838e-06
12.739999999999998,29.68015160572357,1.7813104804677292e-06
12.749999999999998,30.01417339157256,1.7503201463894554e-06
12.759999999999998,30.351954276131394,1.720270954616766e-06
12.769999999999998,30.693536564537666,1.691137196121472e-06
12.779999999999998,31.038963038171463,1.6628938999878615e-06
12.789999999999997,31.38827696004945,1.6355167654055765e-06
12.799999999999997,31.74152208028376,1.6089820893283656e-06
12.809999999999999,32.09874264160655,1.5832666894493723e-06
12.819999999999999,32.45998338496071,1.5583478221436528e-06
12.829999999999998,32.82528955515866,1.5342030950285227e-06
12.839999999999998,33.194706903400544,1.5108141645905346e-06
12.849999999999998,33.56828169396364,1.4881655808520487e-06
12.859999999999998,33.94606071480941,1.4662390796164331e-06
12.869999999999997,34.32809128050581,1.4450170314939536e-06
12.879999999999997,34.7144212381607,1.4244824108990452e-06
12.889999999999999,35.105098973429264,1.4046187559645975e-06
12.899999999999999,35.50017341658978,1.3854101262434042e-06
12.909999999999998,35.89969404868959,1.3668410580101905e-06
12.919999999999998,36.30371090776056,1.3488965169777555e-06
12.929999999999998,36.71227459510586,1.331561848240639e-06
12.939999999999998,37.12543628165829,1.3148227232598064e-06
12.949999999999998,37.5432477144111,1.2986650837018064e-06
12.959999999999997,37.96576122191347,1.2830766669540934e-06
12.969999999999999,38.393029719630974,1.2680488563158196e-06
12.979999999999999,38.825106720365795,1.2535706922801152e-06
12.989999999999998,39.26204633923964,1.2396315448242999e-06
12.999999999999998,39.70390330035494,1.2262212625335927e-06
13.009999999999998,40.1507329436369,1.2133301545544421e-06
13.019999999999998,40.60259123175046,1.2009489720570663e-06
13.029999999999998,41.05953475709297,1.1890688891362225e-06
13.039999999999997,41.521620748863285,1.1776814830792152e-06
13.049999999999997,41.988907080207795,1.1667787139301633e-06
13.059999999999999,42.46145227544433,1.1563529032795365e-06
13.069999999999999,42.9393155173639,1.1463967122079886e-06
13.079999999999998,43.42255665510272,1.1369034522574983e-06
13.089999999999998,43.91123621375699,1.127868528742874e-06
13.099999999999998,44.40541539797573,1.119286726555774e-06
13.109999999999998,44.905156100843655,1.1111530427494789e-06
13.119999999999997,45.41052091195844,1.1034629134918269e-06
13.129999999999997,45.92157312525424,1.096212210934723e-06
13.139999999999999,46.438376746910805,1.0893972404110349e-06
13.149999999999999,46.96099650334825,1.0830147379369307e-06
13.159999999999998,47.48949784930964,1.0770618679976793e-06
13.169999999999998,48.023946976030395,1.0715362215949827e-06
13.179999999999998,48.564410819496366,1.0664358145338628e-06
13.189999999999998,49.11095706879107,1.0617590859271573e-06
13.199999999999998,49.66365417475169,1.0575049431076302e-06
13.209999999999997,50.22257136165024,1.0536734261260016e-06
13.219999999999999,50.78777863156708,1.0502648106797481e-06
13.229999999999999,51.35934677345443,1.0472796817996302e-06
13.239999999999998,51.93734737287264,1.04471912980691e-06
13.249999999999998,52.52185282093414,1.0425847596068822e-06
13.259999999999998,53.11293632334527,1.0408787007027245e-06
13.269999999999998,53.71067190954611,1.0396036179271096e-06
13.279999999999998,54.31513444194938,1.0387627228890117e-06
13.289999999999997,54.92639962527915,1.0383597861331444e-06
13.299999999999997,55.54454401601022,1.0383991500094617e-06
13.309999999999999,56.169645031909035,1.0388857422501617e-06
13.319999999999999,56.801780961709134,1.0398250943157112e-06
13.329999999999998,57.4410309787512,1.0412238414070447e-06
13.339999999999998,58.08747514746913,1.043089319057214e-06
13.349999999999998,58.74119443121131,1.0454293137065886e-06
13.359999999999998,59.40227070443365,1.0482523454175828e-06
13.369999999999997,60.07078676293136,1.0515676937065037e-06
13.379999999999997,60.74682633418238,1.055385424601267e-06
13.389999999999999,61.43047408780335,1.0597164189383607e-06
13.399999999999999,62.12181564611855,1.0645724019124314e-06
13.409999999999998,62.82093759484442,1.0699659738918821e-06
13.419999999999998,63.527927493888306,1.0759106425138494e-06
13.429999999999998,64.24287388826406,1.0824208560719479e-06
13.439999999999998,64.96586631912487,1.0895120382101573e-06
13.449999999999998,65.6969953377429,1.097201619964936e-06
13.459999999999997,66.43635251698092,1.105509148133037e-06
13.469999999999997,67.1840304569435,1.114454302776984e-06
13.479999999999999,67.94012279976234,1.1240580901592369e-06
13.489999999999998,68.70472424133543,1.1343429215364042e-06
13.499999999999998,69.47793054315923,1.1453326822834723e-06
13.509999999999998,70.25983854428823,1.1570528041199875e-06
13.519999999999998,71.05054617342512,1.1695303405010415e-06
13.529999999999998,71.85015246114178,1.182794045235879e-06
13.539999999999997,72.65875755223237,1.196874454396952e-06
13.549999999999997,73.47646271819964,1.2118039715822472e-06
13.559999999999999,74.30337036987557,1.2276169565937174e-06
13.569999999999999,75.13958407247337,1.2443515213841046e-06
13.579999999999998,75.98520856254947,1.2620526442279045e-06
13.589999999999998,76.84034975005922,1.28076412802634e-06
13.599999999999998,77.70511473628046,1.3005322308328059e-06
13.609999999999998,78.57961182764033,1.3214061571023243e-06
13.619999999999997,79.46395054922911,1.3434382162054733e-06
13.629999999999997,80.35824165845966,1.3666839875090367e-06
13.639999999999999,81.26259715887389,1.3912024921549484e-06
13.649999999999999,82.17713031409626,1.4170563716690666e-06
13.659999999999998,83.10195566193815,1.4443120735314117e-06
13.669999999999998,84.03718902865087,1.4730400438393432e-06
13.679999999999998,84.98294754333105,1.5033149271953064e-06
13.689999999999998,85.93934965247853,1.5352157739506897e-06
13.699999999999998,86.9065151347082,1.5688262549373568e-06
13.709999999999997,87.88456511724488,1.6042373250161652e-06
13.719999999999997,88.87362210688401,1.6415713515380307e-06
13.729999999999999,89.87380998053641,1.6809454104991045e-06
13.739999999999998,90.88525400504707,1.7224782508311525e-06
13.749999999999998,91.9080808568212,1.7662967350937365e-06
13.759999999999998,92.94241863763467,1.8125363286792822e-06
13.769999999999998,93.98839689061651,1.8613416103483409e-06
13.779999999999998,95.04614661640322,1.912866804556758e-06
13.789999999999997,96.11580028946678,1.9672763360365007e-06
13.799999999999997,97.19749187461773,2.0247454070919013e-06
13.809999999999999,98.29135684368488,2.0854605980730754e-06
13.819999999999999,99.39753219237194,2.1496204914881998e-06
13.829999999999998,100.51615645729521,2.217436320216566e-06
13.839999999999998,101.64736973320016,2.289132640283946e-06
13.849999999999998,102.79131369042436,2.364948383182377e-06
13.859999999999998,103.94813160672548,2.4452173107669377e-06
13.869999999999997,105.11796837303626,2.5303015274707846e-06
13.879999999999997,106.30097050178048,2.620538311381974e-06
13.889999999999997,107.49728615388598,2.7162905697980953e-06
13.899999999999999,108.70706515726815,2.8179485221387086e-06
13.909999999999998,109.93045902551162,2.9259314597136427e-06
13.919999999999998,111.16762097675506,3.040689584072619e-06
13.929999999999998,112.41870595277628,3.162705925661042e-06
13.939999999999998,113.68387063828267,3.2924983445074085e-06
13.949999999999998,114.96327348040728,3.430621614667438e-06
13.959999999999997,116.2570747084122,3.57766959415012e-06
13.969999999999997,117.56543635360119,3.7342774820508896e-06
13.979999999999999,118.88852226944313,3.901124164617142e-06
13.989999999999998,120.2264981519067,4.078934651971113e-06
13.999999999999998,121.57953156766447,4.268665925899065e-06
14.009999999999998,122.9477919813178,4.471664317102591e-06
14.019999999999998,124.33145075044517,4.689047006172447e-06
14.029999999999998,125.7306811595843,4.92201098454496e-06
14.039999999999997,127.14565844241166,5.1718541205896865e-06
14.049999999999997,128.57655980355315,5.439982167316413e-06
14.059999999999999,130.0235644406281,5.727916097481124e-06
14.069999999999999,131.48685356652678,6.037299773499391e-06
14.079999999999998,132.96661043192796,6.36990795957675e-06
14.089999999999998,134.46302034805203,6.727654683463852e-06
14.099999999999998,135.9762707096565,7.112601955245885e-06
14.109999999999998,137.5065510182734,7.526968850574797e-06
14.119999999999997,139.0540529056914,7.973140965753127e-06
14.129999999999997,140.61897015768392,8.453680252078234e-06
14.139999999999997,142.20149873826185,8.971432821652057e-06
14.149999999999999,143.80183681663758,9.53050620188435e-06
14.159999999999998,145.4201847910021,1.0136033080581285e-05
14.169999999999998,147.05674531439615,1.079458104489161e-05
14.179999999999998,148.71172331477345,1.1512006333464231e-05
14.189999999999998,150.38532601931323,1.2292964391081433e-05
14.199999999999998,152.0777629823062,1.314177971265102e-05
14.209999999999997,153.7892461102069,1.4062778594466872e-05
14.219999999999997,155.5199896935626,1.5064792103256979e-05
14.229999999999999,157.2702104261907,1.615698646063947e-05
14.239999999999998,159.04012743364387,1.7350902913873014e-05
14.249999999999998,160.8299622943366,1.865679915215983e-05
14.259999999999998,162.63993906880927,2.008647458116657e-05
14.269999999999998,164.47028432564628,2.1653349554785725e-05
14.279999999999998,166.32122717464856,2.3372612092981866e-05
14.289999999999997,168.19299929674003,2.5261337999232363e-05
14.299999999999997,170.08583496824824,2.7337915124359384e-05
14.309999999999997,171.9999710871464,2.9622879776597936e-05
14.319999999999999,173.93564718160164,3.214092911000143e-05
14.329999999999998,175.89310545362832,3.491986428899681e-05
14.339999999999998,177.87259079845617,3.7991735878440346e-05
14.349999999999998,179.8743508483622,4.139157216508333e-05
14.359999999999998,181.8986359890238,4.515900678084794e-05
14.369999999999997,183.94569938613424,4.9338895245070236e-05
14.379999999999997,186.0157970081245,5.398243732590709e-05
14.389999999999997,188.1091876489186,5.914835576639774e-05
14.399999999999999,190.22613296085407,6.49029811051067e-05
14.409999999999998,192.3668974737457,7.132196993696984e-05
14.419999999999998,194.53174861004618,7.849257955774826e-05
14.429999999999998,196.7209567103116,8.651474692160656e-05
14.439999999999998,198.9347950539904,9.550291697831362e-05
14.449999999999998,201.1735398796558,0.00010558798552355518
14.459999999999997,203.4374703989307,0.0001169199282462343
14.469999999999997,205.72686879627798,0.00012967244388983578
14.479999999999999,208.04202024530716,0.00014404553014102676
14.489999999999998,210.38321291341336,0.00016026966593806537
14.499999999999998,212.75073794687412,0.00017861272133414986
14.509999999999998,215.1448894789673,0.0001993836845328625
14.519999999999998,217.56596460042593,0.00022294170733371582
14.529999999999998,220.01426333220965,0.0002497048597490117
14.539999999999997,222.49008860947185,0.00028015734406371747
14.549999999999997,224.99374619154534,0.0003148669986503435
14.559999999999997,227.5255446265831,0.00035449529948234265
14.569999999999999,230.0857951672103,0.0003998142074153133
14.579999999999998,232.67481160765203,0.0004517340012466298
14.589999999999998,235.29291022506098,0.0005113165874717
14.599999999999998,237.94040953912696,0.0005798142866101461
14.609999999999998,240.6176300951949,0.0006587053502261602
14.619999999999997,243.3248942917373,0.0007497232883114586
14.629999999999997,246.06252587764462,0.0008549326817638924
14.639999999999997,248.83084970128556,0.000976769532524931
14.649999999999999,251.63019124934038,0.0011181113052870356
14.659999999999998,254.4608757827643,0.0012824039744929227
14.669999999999998,257.323227739486,0.0014737514329108163
14.679999999999998,260.2175699425444,0.001697032638914057
14.689999999999998,263.1442223455861,0.00195808429948871
14.699999999999998,266.1035006472835,0.002263902389404764
14.709999999999997,269.0957145929034,0.0026228882396101844
14.719999999999997,272.12116596512374,0.003045139058595196
14.729999999999997,275.1801459212774,0.0035428331684129407
14.739999999999998,278.2729320281682,0.004130657680987804
14.749999999999998,281.3997841099961,0.004826406938850728
14.759999999999998,284.56093975587606,0.005651630685384131
14.769999999999998,287.75660798921814,0.00663254783373115
14.779999999999998,290.9869621626499,0.00780107225244198
14.789999999999997,294.2521307895566,0.009196137996175888
14.799999999999997,297.55218604242566,0.010865363652295153
14.809999999999997,300.88712944987384,0.0128671243991618
14.819999999999999,304.25687434286374,0.015273098784150027
14.829999999999998,307.6612231668242,0.018171566510001035
14.839999999999998,311.0998399855125,0.02167140893126174
14.849999999999998,314.57221503978946,0.02590727660936426
14.859999999999998,318.07762051088235,0.031046047835272754
14.869999999999997,321.61505465472305,0.03729499990863647
14.879999999999997,325.18317119083025,0.04491215381652796
14.889999999999997,328.7801892536973,0.05421948836276737
14.899999999999999,332.4037802052178,0.06561957603661145
14.909999999999998,336.0509225275235,0.07961694321262722
14.919999999999998,339.7177176758904,0.09684521713522179
14.929999999999998,343.3991550813925,0.1181018167969175
14.939999999999998,347.0888116251296,0.14439237276236785
14.949999999999998,350.77846829188553,0.17698745004658475
14.959999999999997,354.45761943005385,0.21749522727855783
14.969999999999997,358.112845751767,0.2679544160576001
14.979999999999997,361.7270131408474,0.3309530348585872
14.989999999999998,365.2782512038981,0.40977982354028397
14.999999999999998,368.73865483354405,0.5086166011094702
15.009999999999998,372.0726398037309,0.6327815525965248
15.019999999999998,375.2348770414035,0.7890341564632515
15.029999999999998,378.16771919122925,0.9859536691594174
15.039999999999997,380.79804152350704,1.2344011450172574
15.049999999999997,383.03343916231626,1.548070799391659
15.059999999999997,384.7577820960161,1.9441258471217608
15.069999999999999,385.826248995382,2.443892892846379
15.079999999999998,386.06016743423186,3.0735541863334244
15.089999999999998,385.242345082955,3.864716878972017
15.099999999999998,383.1140950602542,4.854653434866251
15.109999999999998,379.37588547152177,6.085889724758705
15.119999999999997,373.6943832102431,7.604685901191871
15.129999999999997,365.7193854954263,9.45785104394853
15.139999999999997,355.1142081845542,11.687347905611368
15.149999999999997,341.6016922952675,14.322419854753674
15.159999999999998,325.02416433849544,17.36965962238399
15.169999999999998,305.40912532471015,20.8025729433133
15.179999999999998,283.0245648735332,24.553497579128965
15.189999999999998,258.4025478607211,28.511516093841696
15.199999999999998,232.3124414514762,32.5293367150944
15.209999999999997,205.67894761905418,36.43954198718838
15.219999999999997,179.4606339862955,40.07697569710124
15.229999999999997,154.52167024329526,43.301215178836465
15.239999999999998,131.53204574857065,46.01292884395219
15.249999999999998,110.91834613611302,48.160545676113216
15.259999999999998,92.86674785914448,49.737423560293934
15.269999999999998,77.363710764991,50.77253111268037
15.279999999999998,64.25392465789999,51.318548012070956
15.289999999999997,53.29819559306849,51.44054584453537
15.299999999999997,44.22095995114772,51.207033069467236
15.309999999999997,36.743952223124545,50.683858671928526
15.319999999999999,30.606908881769687,49.930683352229515
15.329999999999998,25.578164233549856,48.99939471437673
15.339999999999998,21.458328921758195,47.93381404125424
15.349999999999998,18.07975316903905,46.77015900367657
15.359999999999998,15.303747492045053,45.53788015819718
15.369999999999997,13.016856099552978,44.260626018644686
15.379999999999997,11.12695583701436,42.95719475765294
15.389999999999997,9.559594883760271,41.64240024656215
15.399999999999997,8.25475898242949,40.327823306196485
15.409999999999998,7.164120650936708,39.02244366249214
15.419999999999998,6.24875566693651,37.733160826700754
15.429999999999998,5.477278461945454,36.465217486372715
15.439999999999998,4.824336118769788,35.22254047429965
15.449999999999998,4.269400802597521,34.00801366536578
15.459999999999997,3.7958058205422445,32.82369556032908
15.469999999999997,3.3899783242600563,31.670992330812027
15.479999999999997,3.0408290530038364,30.5507953460134
15.489999999999998,2.7392670888000046,29.463590424549885
15.499999999999998,2.477813670841912,28.409544671110275
15.509999999999998,2.250294410430084,27.38857555400693
15.519999999999998,2.051593516209217,26.40040591680511
15.529999999999998,1.877457083593196,25.444607842984706
15.539999999999997,1.7243352407327859,24.52063767767614
15.549999999999997,1.5892551340812249,23.6278640191893
15.559999999999997,1.4697184210599952,22.765590115013605
15.569999999999999,1.3636182898775802,21.933071793222524
15.579999999999998,1.2691720772513087,21.129531823847277
15.589999999999998,1.184866379364776,20.3541714189777
15.599999999999998,1.1094121983925935,19.60617943424511
15.609999999999998,1.04170815360195,18.884739724051492
15.619999999999997,0.9808102602261991,18.189036995352406
15.629999999999997,0.9259069629615365,17.518261463178206
15.639999999999997,0.8762984916523974,16.871612523542737
15.649999999999997,0.831379715410617,16.24830163509814
15.659999999999998,0.7906258674933958,15.647554555645003
15.669999999999998,0.7535806221882869,15.06861305419627
15.679999999999998,0.7198461102218825,14.510736195459568
15.689999999999998,0.6890745134036705,13.973201280508418
15.699999999999998,0.6609610140754535,13.455304496274518
15.709999999999997,0.6352378108922,12.956361341581795
15.719999999999997,0.6116690602054975,12.475706862406486
15.729999999999997,0.5900465779930903,12.012695735052635
15.739999999999998,0.5701861780580478,11.566702226265802
15.749999999999998,0.5519245461077087,11.13712005371303
15.759999999999998,0.535116563932623,10.723362166488897
15.769999999999998,0.5196330125616845,10.324860462286827
15.779999999999998,0.505358598564413,9.941065453838867
15.789999999999997,0.4921902411409343,9.57144589895216
15.799999999999997,0.48003561532516964,9.215488394612779
15.809999999999997,0.4688118671650264,8.872696954834
15.819999999999997,0.4584445068222791,8.542592570094188
15.829999999999998,0.4488664510618081,8.224712754500345
15.839999999999998,0.4400171794976139,7.918611088732067
15.849999999999998,0.43184200198545136,7.62385675866893
15.859999999999998,0.4242914190938615,7.340034093528869
15.869999999999997,0.4173205571038053,7.066742107183381
15.879999999999997,0.4108886740039583,6.803594042985274
15.889999999999997,0.4049587253380577,6.550216924199043
15.899999999999997,0.3994969804426523,6.306251111625244
15.909999999999998,0.3944726786119903,6.071349870362121
15.919999999999998,0.3898577351849589,5.845178942755184
15.929999999999998,0.38562647225116664,5.627416132951122
15.939999999999998,0.38175538398252085,5.417750900287203
15.949999999999998,0.378222923849343,5.215883963782241
15.959999999999997,0.37500932052520936,5.021526915728563
15.969999999999997,0.3720964080180108,4.834401847201185
15.979999999999997,0.36946747889482034,4.654240983021973
15.989999999999998,0.3671071481648199,4.480786328413017
15.999999999999998,0.3650012360348831,4.3137893252279795
16.009999999999998,0.36313665812984786,4.153010519623521
16.019999999999996,0.3615013310488494,3.9982192391891314
16.029999999999998,0.36008408348629634,3.849193281107653
16.04,0.35887457969967546,3.7057186096566896
16.049999999999997,0.3578632474673375,3.567589064100776
16.06,0.35704121607755845,3.4346060756795698
16.069999999999997,0.3564002544181164,3.3065783949623104
16.08,0.35593272265065895,3.183321827113414
16.089999999999996,0.35563152555420663,3.0646589765725056
16.099999999999998,0.3554900644126718,2.950419001326312
16.109999999999996,0.3555022038544097,2.840437374207858
16.119999999999997,0.355662231832368,2.734555653603115
16.13,0.35596482834851173,2.6326212615940054
16.139999999999997,0.35640503800864926,2.5344872697513314
16.15,0.3569782394271129,2.4400121928930543
16.159999999999997,0.3576801236836491,2.349059789761201
16.169999999999998,0.3585066701653172,2.2614988708671966
16.179999999999996,0.3594541256777051,2.1772031131847904
16.189999999999998,0.36051898720077996,2.096050881509257
16.2,0.3616979824856652,2.0179250559928197
16.209999999999997,0.3629880555473866,1.9427128661500828
16.22,0.3643863516192956,1.8703057306202158
16.229999999999997,0.3658902031550539,1.8005991026985497
16.24,0.3674971185245239,1.7334923217547045
16.249999999999996,0.36920476954650217,1.6688884695309119
16.259999999999998,0.371010981862459,1.606694232217103
16.269999999999996,0.372913724869003,1.5468197671066006
16.279999999999998,0.37491110161628777,1.4891785738060828
16.29,0.3770013409591877,1.433687370723869
16.299999999999997,0.3791827930331016,1.3802659772235404
16.31,0.3814539183169623,1.3288371971310586
16.319999999999997,0.3838132814319347,1.279326708199175
16.33,0.3862595470366062,1.2316629567453334
16.339999999999996,0.3887914735602605,1.185777054586812
16.349999999999998,0.39140790656565505,1.141602679226151
16.359999999999996,0.39410777458638524,1.09907597907339
16.369999999999997,0.3968900861647666,1.058135483037347
16.38,0.39975392364950185,1.0187220103794183
16.389999999999997,0.4026984395458065,0.9807785857581413
16.4,0.40572285387430257,0.9442503584480306
16.409999999999997,0.4088264503695875,0.9090845228693971
16.419999999999998,0.4120085727269077,0.875230241786745
16.429999999999996,0.41526862200331077,0.8426385735381153
16.439999999999998,0.4186060545620023,0.8112624025861926
16.449999999999996,0.4220203785596052,0.7810563700947649
16.459999999999997,0.42551115168992537,0.751976808700715
16.47,0.4290779794586649,0.7239816805746373
16.479999999999997,0.4327205128307645,0.6970305162250983
16.49,0.43643844601386506,0.6710843555338879
16.499999999999996,0.4402315148089112,0.6461056919273154
16.509999999999998,0.44409949522604897,0.6220584190662714
16.519999999999996,0.44804220140183804,0.5989077774549489
16.529999999999998,0.4520594841838201,0.5766203044343285
16.54,0.45615123010410585,0.5551637870513444
16.549999999999997,0.4603173597281356,0.5345072144395802
16.56,0.46455782624823916,0.5146207324358353
16.569999999999997,0.46887261429527977,0.4954756002956098
16.58,0.4732617392607379,0.47704415061576544
16.589999999999996,0.4777252467444574,0.4592997510005458
16.599999999999998,0.4822632104939887,0.44221676155169076
16.609999999999996,0.48687573185509697,0.42577049898720626
16.619999999999997,0.49156293893786485,0.40993720097627423
16.63,0.4963249864178382,0.3946939944526542
16.639999999999997,0.501162054134914,0.38001885950758485
16.65,0.5060743464276704,0.36589059763393755
16.659999999999997,0.5110620914906557,0.3522888010458725
16.669999999999998,0.5161255410935599,0.3391938250431855
16.679999999999996,0.5212649699283579,0.32658675913860513
16.689999999999998,0.526480674747862,0.3144493978444158
16.699999999999996,0.5317729739710486,0.30276421492521954
16.709999999999997,0.5371422072572442,0.2915143384043698
16.72,0.5425887353185336,0.28068352801065555
16.729999999999997,0.5481129391168347,0.270256148908567
16.74,0.5537152195551285,0.26021714965584686
16.749999999999996,0.5593959971038716,0.25055204036008627
16.759999999999998,0.565155711649646,0.24124687331165592
16.769999999999996,0.5709948220209083,0.23228822152140355
16.779999999999998,0.5769138056282407,0.22366315877844956
16.79,0.5829131582060469,0.21535924109817245
16.799999999999997,0.5889933936131688,0.20736448938487667
16.81,0.595155043658768,0.19966737284154776
16.819999999999997,0.601398657697797,0.19225679041839472
16.83,0.6077248024714261,0.18512205528669143
16.839999999999996,0.6141340619105723,0.17825287938098291
16.849999999999998,0.6206270370582998,0.17163935978219247
16.859999999999996,0.6272043457822815,0.1652719629394387
16.869999999999997,0.6338666226246296,0.15914151092658546
16.88,0.6406145186603941,0.15323916816043667
16.889999999999997,0.6474487014319695,0.14755642956345927
16.9,0.6543698548043683,0.14208510789538067
16.909999999999997,0.6613786787915675,0.13681732096621707
16.919999999999998,0.6684758894776494,0.13174548050254387
16.929999999999996,0.6756622189179399,0.1268622810071709
16.939999999999998,0.6829384151759988,0.12216069104192764
16.949999999999996,0.690305242171988,0.11763394174410204
16.959999999999997,0.6977634795775635,0.11327551631931791
16.97,0.7053139227894069,0.10907914101498616
16.979999999999997,0.7129573828818662,0.10503877599496562
16.99,0.7206946866321952,0.10114860783904277
16.999999999999996,0.7285266764284771,0.09740303988847546
17.009999999999998,0.7364542102407635,0.09379668401401645
17.019999999999996,0.74447816161132,0.09032435292480959
17.029999999999998,0.7525994196487142,0.0869810527236757
17.04,0.7608188890855195,0.08376197697689812
17.049999999999997,0.7691374902101927,0.0806624981926507
17.06,0.7775561588857385,0.0776781613008957
17.069999999999997,0.7860758465688691,0.07480467726243549
17.08,0.7946975203382717,0.07203791702628909
17.089999999999996,0.8034221629574674,0.0693739064501265
17.099999999999998,0.8122507728556662,0.06680881923621501
17.109999999999996,0.8211843641777978,0.06433897169192905
17.119999999999997,0.8302239668275121,0.0619608173856195
17.13,0.8393706265226111,0.0596709422498589
17.139999999999997,0.8486254048639678,0.05746606014389187
17.15,0.8579893793615925,0.05534300711962721
17.159999999999997,0.8674636435057067,0.053298737122513706
17.169999999999998,0.877049306831587,0.0513303175267685
17.179999999999996,0.8867474950036482,0.04943492527825623
17.189999999999998,0.8965593498992404,0.04760984305331051
17.199999999999996,0.9064860296611502,0.0458524545043086
17.209999999999997,0.9165287087918025,0.04416024077117065
17.22,0.9266885782399742,0.04253077678526133
17.229999999999997,0.9369668455026819,0.04096172815134133
17.24,0.9473647347190919,0.0394508476866977
17.249999999999996,0.95788348676022,0.03799597176534156
17.259999999999998,0.9685243593366542,0.03659501734502487
17.269999999999996,0.9792886271050991,0.035245978916011965
17.279999999999998,0.9901775817923503,0.033946926097682684
17.289999999999996,1.0011925323010598,0.03269600048485802
17.299999999999997,1.0123348048225447,0.031491412729121974
17.31,1.0236057429618617,0.030331440061962676
17.319999999999997,1.0350067078621081,0.02921442374146878
17.33,1.046539078343971,0.02813876705167146
17.339999999999996,1.0582042510453462,0.02710293325665924
17.349999999999998,1.0700036405355826,0.026105442501011062
17.359999999999996,1.081938679464203,0.025144870015215558
17.369999999999997,1.0940108187036355,0.024219844025210553
17.38,1.1062215274968767,0.0233290438400524
17.389999999999997,1.118572293614264,0.02247119836197209
17.4,1.131064623496534,0.021645083632928244
17.409999999999997,1.143700042413461,0.020849521199774807
17.419999999999998,1.1564800946236538,0.02008337641336702
17.429999999999996,1.1694063435374984,0.01934555677562728
17.439999999999998,1.1824803718956145,0.0186350108574603
17.449999999999996,1.1957037819279097,0.017950726323711128
17.459999999999997,1.2090781955251,0.01729172839685121
17.47,1.2226052544173154,0.016657078536510262
17.479999999999997,1.2362866203532892,0.016045873054776005
17.49,1.2501239752885978,0.015457242062246723
17.499999999999996,1.264119021571669,0.014890348196568521
17.509999999999998,1.278273482126996,0.01434438509989071
17.519999999999996,1.2925891006508483,0.013818576391470015
17.529999999999998,1.3070676418071197,0.013312174526638219
17.539999999999996,1.3217108914273574,0.012824459788675595
17.549999999999997,1.336520656715586,0.012354739453246376
17.56,1.3514987664499845,0.011902346429737703
17.569999999999997,1.3666470711930223,0.011466638402036825
17.58,1.3819674435035842,0.011046996894128141
17.589999999999996,1.397461778152984,0.010642826386042003
17.599999999999998,1.4131319923521037,0.01025355374132229
17.609999999999996,1.4289800259651697,0.009878627065237558
17.619999999999997,1.4450078417361927,0.009517514926421732
17.63,1.4612174255191805,0.009169705624436166
17.639999999999997,1.4776107865105002,0.008834706439088071
17.65,1.4941899574864834,0.008512043070980402
17.659999999999997,1.5109569950417543,0.008201258882527937
17.669999999999998,1.5279139798306953,0.007901914137262085
17.679999999999996,1.5450630168139947,0.007613585417084023
17.689999999999998,1.5624062355079553,0.007335864999502852
17.699999999999996,1.579945790239044,0.007068360339209235
17.709999999999997,1.5976838604024983,0.006810693592918904
17.72,1.6156226507174747,0.0065625008632617665
17.729999999999997,1.633764391492303,0.006323431749434429
17.74,1.6521113388914435,0.006093148835724496
17.749999999999996,1.670665775206468,0.005871327217635184
17.759999999999998,1.6894300091343495,0.005657654182786161
17.769999999999996,1.7084063760505523,0.0054518285780452945
17.779999999999998,1.727597238291413,0.005253560403361338
17.789999999999996,1.7470049854397214,0.005062570406735538
17.799999999999997,1.7666320346136128,0.004878589676080976
17.81,1.7864808307605837,0.004701359343273791
17.819999999999997,1.8065538469530398,0.0045306301556410095
17.83,1.8268535846877096,0.004366162069794108
17.839999999999996,1.8473825741899537,0.004207723932760734
17.849999999999998,1.8681433747214635,0.00405509314249847
17.859999999999996,1.8891385748935163,0.0039080553705070865
17.869999999999997,1.9103707929846077,0.003766404306428785
17.88,1.9318426772556416,0.0036299412371330435
17.889999999999997,1.953556906275222,0.0034984748068201095
17.9,1.9755161892472475,0.003371820739141096
17.909999999999997,1.9977232663427307,0.003249801578841265
17.919999999999998,2.0201809090376686,0.003132246509153445
17.929999999999996,2.042891920450335,0.003018991016744079
17.939999999999998,2.065859135685753,0.0029098766692890674
17.949999999999996,2.089085422184002,0.0028047508933514887
17.959999999999997,2.1125736800726314,0.002703466751940271
17.97,2.1363268425253303,0.002605882788691729
17.979999999999997,2.1603478761217683,0.002511862790495193
17.99,2.1846397812120153,0.0024212755651655212
17.999999999999996,2.2092055922868425,0.00233399476930226
18.009999999999998,2.2340483783518534,0.0022498987235897755
18.019999999999996,2.2591712433073514,0.0021688702614835525
18.029999999999998,2.2845773263330464,0.002090796588160496
18.039999999999996,2.3102698022724653,0.002015569054178378
18.049999999999997,2.3362518820266973,0.0019430830239509844
18.06,2.3625268129513426,0.0018732377243450417
18.069999999999997,2.389097879258971,0.0018059361005316793
18.08,2.415968402425193,0.0017410847319699594
18.089999999999996,2.4431417416019414,0.0016785936193261881
18.099999999999998,2.4706212940301326,0.0016183760917705481
18.109999999999996,2.4984104954622888,0.001560348674206163
18.119999999999997,2.526512820588394,0.0015044309673776768
18.13,2.554931783470619,0.0014505455847001413
18.139999999999997,2.583670937975903,0.0013986179954139193
18.15,2.6127338782154195,0.0013485763954556684
18.159999999999997,2.6421242389917845,0.0013003516198891924
18.169999999999998,2.67184569625002,0.0012538770395558775
18.179999999999996,2.7019019675333666,0.0012090884608966736
18.189999999999998,2.732296812448889,0.001165924058699304
18.199999999999996,2.763034033155151,0.0011243244226705204
18.209999999999997,2.79411747480181,0.0010842322648561924
18.22,2.825551026014889,0.001045592392577927
18.229999999999997,2.8573386193813723,0.0010083516474295418
18.24,2.88948423193635,0.0009724588315481598
18.249999999999996,2.921991885655127,0.0009378646375113076
18.259999999999998,2.9548656479906765,0.0009045215617923472
18.269999999999996,2.988109632390098,0.0008723838348164575
18.279999999999998,3.0217279987299364,0.0008414073978521966
18.289999999999996,3.0557249538678204,0.000811549827796294
18.299999999999997,3.090104752163712,0.0007827702834162823
18.31,3.1248716960059473,0.0007550294552748541
18.319999999999997,3.1600301363480137,0.0007282895088703894
18.33,3.195584473361408,0.0007025138170987501
18.339999999999996,3.2315391568688465,0.0006776671308708433
18.349999999999998,3.2678986868812903,0.0006537155631969276
18.359999999999996,3.3046676141866564,0.0006306264866135748
18.369999999999997,3.3418505409134145,0.0006083684933425574
18.379999999999995,3.379452121099609,0.0005869113582930506
18.389999999999997,3.4174770613050502,0.0005662259521360561
18.4,3.455930121307538,0.0005462840461301519
18.409999999999997,3.494816114499057,0.0005270585521089185
18.419999999999998,3.5341399085461944,0.0005085233997585457
18.429999999999996,3.5739064260040063,0.0004906534903050668
18.439999999999998,3.6141206449259924,0.00047342466681789085
18.449999999999996,3.6547875994799064,0.00045681368676200835
18.459999999999997,3.695912380673942,0.00044079807529220943
18.47,3.7375001369724976,0.00042535611654960547
18.479999999999997,3.7795560748087396,0.00041046697482950906
18.49,3.822085459301233,0.0003961105869534498
18.499999999999996,3.8650936149070256,0.0003822676379245145
18.509999999999998,3.908585926081462,0.0003689195383178296
18.519999999999996,3.9525678379570053,0.00035604839273672344
18.529999999999998,3.9970448571779484,0.0003436368452862644
18.539999999999996,4.04202255240304,0.00033166820970923974
18.549999999999997,4.087506555005647,0.0003201264417380203
18.56,4.133502559806754,0.0003089960909256955
18.569999999999997,4.180016325781457,0.000298262281956849
18.58,4.227053676772444,0.0002879106972895996
18.589999999999996,4.274620502271764,0.00027792752874971054
18.599999999999998,4.322722758269545,0.0002682993990325561
18.609999999999996,4.371366467754359,0.00025901347146727076
18.619999999999997,4.4205577215520275,0.00025005738675773536
18.629999999999995,4.470302679089721,0.00024141924390065817
18.639999999999997,4.520607569160149,0.00023308758621339045
18.65,4.571478690693709,0.00022505138811250403
18.659999999999997,4.622922413693469,0.00021729997689337875
18.669999999999998,4.674945179949557,0.00020982305266011906
18.679999999999996,4.72755350372463,0.00020261072478067936
18.689999999999998,4.780753972640325,0.00019565346710848246
18.699999999999996,4.834553248495187,0.00018894210650891778
18.709999999999997,4.888958068090979,0.00018246781219748165
18.72,4.943975244092174,0.0001762220784301948
18.729999999999997,4.999611666072214,0.00017019665559922737
18.74,5.055874301111766,0.0001643836160486332
18.749999999999996,5.112770194706702,0.00015877533208932755
18.759999999999998,5.170306471677133,0.00015336445695929437
18.769999999999996,5.228490337051808,0.000148143916111605
18.779999999999998,5.2873290769615195,0.00014310689913402572
18.789999999999996,5.346830059648607,0.00013824683008089035
18.799999999999997,5.407000736491752,0.0001335573371500901
18.81,5.4678486426192325,0.00012903230957991754
18.819999999999997,5.529381397980461,0.00012466586251287144
18.83,5.59160670829729,0.00012045232907132225
18.839999999999996,5.654532366018993,0.00011638625405613861
18.849999999999998,5.718166251286818,0.00011246238816240332
18.859999999999996,5.782516333015763,0.000108675664453187
18.869999999999997,5.84759067013907,0.00010502114955073118
18.879999999999995,5.913397412112129,0.0001014941216462825
18.889999999999997,5.97994480010416,9.80900347437012e-05
18.9,6.047241168042773,9.480450970890708e-05
18.909999999999997,6.115294943648006,9.163332920708071e-05
18.919999999999998,6.184114649476433,8.857243302037268e-05
18.929999999999996,6.25370890404424,8.561790675801124e-05
18.939999999999998,6.324086423213444,8.276594542616118e-05
18.949999999999996,6.395256020781482,8.001289881101846e-05
18.959999999999997,6.4672266097105355,7.735525368867789e-05
18.97,6.5400072032742145,7.47896257357676e-05
18.979999999999997,6.613606916175989,7.231275571609198e-05
18.99,6.688034965678495,6.992150596605539e-05
18.999999999999996,6.763300672787393,6.76128536430776e-05
19.009999999999998,6.839413463793433,6.538385638060347e-05
19.019999999999996,6.916382870943387,6.323168911851948e-05
19.029999999999998,6.994218533697817,6.115363496280018e-05
19.039999999999996,7.072930199999285,5.914707633822615e-05
19.049999999999997,7.152527727482461,5.720949202232609e-05
19.06,7.23302108469557,5.533845440566743e-05
19.069999999999997,7.314420352356085,5.353162569616537e-05
19.08,7.39673572501765,5.1786731296165085e-05
19.089999999999996,7.479977511895231,5.0101582649334765e-05
19.099999999999998,7.564156138116923,4.8474076398369805e-05
19.109999999999996,7.649282146130004,4.690218551351382e-05
19.119999999999997,7.735366197009993,4.5383956953756447e-05
19.129999999999995,7.822419071781967,4.391750949822941e-05
19.139999999999997,7.910451672762346,4.250103149723462e-05
19.15,7.999475025326878,4.1132764522260304e-05
19.159999999999997,8.089500278954533,3.981101260109795e-05
19.169999999999998,8.18053870843746,3.853414634061075e-05
19.179999999999996,8.272601715445152,3.730059543057952e-05
19.189999999999998,8.365700829940554,3.610884688073245e-05
19.199999999999996,8.459847711609408,3.49574433915893e-05
19.209999999999997,8.55505415130424,3.3844981849972396e-05
19.219999999999995,8.651332072882157,3.277010077983496e-05
19.229999999999997,8.748693534544186,3.1731482987866625e-05
19.24,8.847150729962184,3.0727864979071095e-05
19.249999999999996,8.94671599002311,2.975802878107617e-05
19.259999999999998,9.047401784360675,2.882080055467282e-05
19.269999999999996,9.149220722901587,2.7915049304622715e-05
19.279999999999998,9.252185557427245,2.7039685690725994e-05
19.289999999999996,9.3563091834699,2.6193654952988096e-05
19.299999999999997,9.461604642001447,2.5375934103996803e-05
19.31,9.56808512043799,2.4585542289925593e-05
19.319999999999997,9.675763954585694,2.3821533931142088e-05
19.33,9.784654630299844,2.3082997607512434e-05
19.339999999999996,9.8947707851566,2.236905507819851e-05
19.349999999999998,10.006126210141451,2.1678860379888748e-05
19.359999999999996,10.118734851518006,2.101159676898345e-05
19.369999999999997,10.232610813110098,2.0366468366383107e-05
19.379999999999995,10.347768357095347,1.974271226716289e-05
19.389999999999997,10.464221906083372,1.9139593542071294e-05
19.4,10.581986044965062,1.855640363147519e-05
19.409999999999997,10.701075522722398,1.799245957598728e-05
19.419999999999998,10.821505254255795,1.7447103306423533e-05
19.429999999999996,10.94329032227083,1.6919700580989545e-05
19.439999999999998,11.066445979839566,1.6409633584192318e-05
19.449999999999996,11.190987651526505,1.5916307737933363e-05
19.459999999999997,11.316930935291165,1.5439151179514138e-05
19.469999999999995,11.444291604600634,1.497761241768512e-05
19.479999999999997,11.573085610387793,1.4531159729247355e-05
19.49,11.703329083027851,1.4099280600660126e-05
19.499999999999996,11.83503833433439,1.3681481214218189e-05
19.509999999999998,11.968229860141092,1.3277282283612653e-05
19.519999999999996,12.10292034217817,1.288621965527172e-05
19.529999999999998,12.23912664952201,1.2507847864472516e-05
19.539999999999996,12.376865841062061,1.2141737223245397e-05
19.549999999999997,12.516155167619637,1.1787473351534202e-05
19.56,12.657012074086586,1.1444656742812586e-05
19.569999999999997,12.799454201585055,1.1112902364153102e-05
19.58,12.943499389938085,1.0791837900450535e-05
19.589999999999996,13.089165680419146,1.0481100792447041e-05
19.599999999999998,13.236471316832265,1.0180343410451825e-05
19.609999999999996,13.385434748227738,9.889230520351805e-06
19.619999999999997,13.536074631232962,9.60743873130111e-06
19.629999999999995,13.688409832366434,9.334656152977115e-06
19.639999999999997,13.842459430374957,9.07058207889228e-06
19.65,13.998242718693955,8.814926369062796e-06
19.659999999999997,14.15577920872678,8.567406296725513e-06
19.669999999999998,14.31508863110545,8.327749988973572e-06
19.679999999999996,14.476190938315593,8.09569557313055e-06
19.689999999999998,14.639106307340295,7.870990363510399e-06
19.699999999999996,14.803855142163801,7.653390594017189e-06
19.709999999999997,14.970458076300385,7.442661170687567e-06
19.719999999999995,15.138935975300175,7.238575550804594e-06
19.729999999999997,15.309309940442818,7.0409129707481936e-06
19.74,15.481601310310964,6.8494606186114226e-06
19.749999999999996,15.655831663344797,6.664013629537715e-06
19.759999999999998,15.832022820774686,6.484374288434715e-06
19.769999999999996,16.010196849333344,6.310351813342736e-06
19.779999999999998,16.19037606399408,6.14176215671961e-06
19.789999999999996,16.372583030733427,5.978427823994329e-06
19.799999999999997,16.55684057026908,5.820176254260602e-06
19.81,16.743171761389554,5.666838881094751e-06
19.819999999999997,16.93159994119252,5.518254990687597e-06
19.83,17.122148709293853,5.374269546208338e-06
19.839999999999996,17.31484193078893,5.2347329798088524e-06
19.849999999999998,17.509703739205086,5.099501054661321e-06
19.859999999999996,17.706758539482333,4.968434736683265e-06
19.869999999999997,17.906031010984933,4.8414000752099256e-06
19.879999999999995,18.107546110541875,4.718268091877069e-06
19.889999999999997,18.311329075518916,4.598914676974259e-06
19.9,18.517405426920245,4.483220492531533e-06
19.909999999999997,18.725800972521995,4.3710708813999005e-06
19.919999999999998,18.93654181217276,4.262353311761874e-06
19.929999999999996,19.149654344544334,4.1569531846528165e-06
19.939999999999998,19.365165261002225,4.054764580207237e-06
19.949999999999996,19.583101552938228,3.955685473632297e-06
19.959999999999997,19.8034905155003,3.859617159585941e-06
19.969999999999995,20.026359751013835,3.766464071859707e-06
19.979999999999997,20.251737172443853,3.6761335966836536e-06
19.99,20.479651006896276,3.588535878704233e-06
