t,x,y
0.0,12.071712657615057,3.705941840166388
0.009999999999999998,11.97528153182481,3.5937359156071214
0.019999999999999997,11.8858696347345,3.4846182675869746
0.029999999999999995,11.80315907364597,3.378536327997571
0.039999999999999994,11.72685126745128,3.275435313785268
0.04999999999999999,11.656665706813111,3.1752586291480895
0.05999999999999999,11.59233857869293,3.077948225609972
0.06999999999999999,11.533621791981188,2.983444901183342
0.07999999999999999,11.480282116778685,2.891688527839561
0.08999999999999998,11.432100043920673,2.8026183517004677
0.09999999999999998,11.3888686573471,2.716173289622531
0.10999999999999999,11.350393379032887,2.6322919609991886
0.11999999999999998,11.316490812587757,2.550912986281006
0.12999999999999998,11.28698812279028,2.471975122280268
0.13999999999999999,11.261722382643732,2.3954173990174663
0.14999999999999997,11.240539922206064,2.32117925975278
0.15999999999999998,11.223295777416023,2.249200663909157
0.16999999999999998,11.209853158891608,2.179422186001262
0.17999999999999997,11.200082889888506,2.111785123185842
0.18999999999999997,11.193862997564135,2.046231551942382
0.19999999999999996,11.191078329298483,1.9827043742817256
0.20999999999999996,11.191620043354215,1.9211474133233897
0.21999999999999997,11.195385261393918,1.8615054507244726
0.22999999999999995,11.202276744239327,1.8037242556923951
0.23999999999999996,11.212202524207413,1.7477506322110683
0.24999999999999997,11.22507563096668,1.6935324345195322
0.25999999999999995,11.240813781944338,1.6410185973230673
0.26999999999999996,11.259339129843065,1.590159145809637
0.27999999999999997,11.28057799638463,1.5409052144950037
0.29,11.304460652856692,1.4932090487567387
0.29999999999999993,11.330921085071877,1.4470240144637887
0.30999999999999994,11.359896800911221,1.4023045942308634
0.31999999999999995,11.391328622773507,1.3590063909930206
0.32999999999999996,11.425160529803527,1.3170861146429425
0.33999999999999997,11.461339484585357,1.2765015766348802
0.3499999999999999,11.499815239628795,1.2372116942281766
0.35999999999999993,11.540540236506237,1.19917646165103
0.36999999999999994,11.583469447979015,1.162356944194297
0.37999999999999995,11.628560228753976,1.1267152705744286
0.38999999999999996,11.675772228688132,1.0922146052612811
0.3999999999999999,11.725067253854768,1.058819140306913
0.4099999999999999,11.77640915552131,1.0264940791110695
0.41999999999999993,11.829763751116086,0.9952056107315257
0.42999999999999994,11.885098705852137,0.9649208987797964
0.43999999999999995,11.942383450237992,0.9356080599203305
0.44999999999999996,12.001589106820319,0.9072361406992567
0.4599999999999999,12.062688390867775,0.879775103606528
0.4699999999999999,12.12565554800734,0.8531958032274042
0.4799999999999999,12.190466287188107,0.8274699649096775
0.48999999999999994,12.257097698691586,0.8025701688098678
0.49999999999999994,12.325528205493875,0.7784698255517899
0.5099999999999999,12.395737501491828,0.7551431565459564
0.5199999999999999,12.467706483829119,0.7325651767496357
0.5299999999999999,12.541417219012038,0.7107116697420963
0.5399999999999999,12.6168528919849,0.6895591680618128
0.5499999999999999,12.693997735651056,0.669084939143708
0.5599999999999999,12.772837003372116,0.6492669617029728
0.57,12.853356934506454,0.6300839047027385
0.58,12.935544703629684,0.6115151106547427
0.5899999999999999,13.019388376052117,0.5935405782136569
0.5999999999999999,13.104876890361785,0.5761409402500225
0.6099999999999999,13.192000019131793,0.5592974468350727
0.6199999999999999,13.280748323236116,0.5429919498908912
0.6299999999999999,13.371113136926967,0.527206883149771
0.6399999999999999,13.46308653932167,0.5119252451449382
0.6499999999999999,13.556661317943483,0.49713058377033337
0.6599999999999999,13.651830945583958,0.4828069796325043
0.6699999999999999,13.748589563141117,0.4689390291991375
0.6799999999999999,13.846931952189275,0.4555118296733524
0.69,13.946853506042059,0.44251096433116877
0.6999999999999998,14.048350219629382,0.42992248682186757
0.7099999999999999,14.151418667742698,0.41773290686352105
0.7199999999999999,14.256055979445108,0.4059291764141325
0.7299999999999999,14.362259825630996,0.39449867571338065
0.7399999999999999,14.470028404004651,0.38342919985025337
0.7499999999999999,14.579360417175046,0.37270894569708235
0.7599999999999999,14.690255056737822,0.3623264992214597
0.7699999999999999,14.802711998446915,0.3522708233133827
0.7799999999999999,14.91673138624451,0.3425312458001208
0.7899999999999999,15.03231382065449,0.33309744786163
0.7999999999999998,15.149460324835156,0.3239594518343529
0.8099999999999998,15.268172347509191,0.31510761087633743
0.8199999999999998,15.388451761453007,0.306532598768357
0.8299999999999998,15.510300847402103,0.29822539942746806
0.8399999999999999,15.633722283293642,0.29017729679953796
0.8499999999999999,15.758719116456527,0.2823798630152509
0.8599999999999999,15.885294774883631,0.2748249513696322
0.8699999999999999,16.013453057495177,0.2675046871027031
0.8799999999999999,16.1431981241142,0.2604114584027687
0.8899999999999999,16.274534484534733,0.25353790723175174
0.8999999999999999,16.407466979471337,0.2468769187824111
0.9099999999999998,16.542000791662765,0.24042161698183284
0.9199999999999998,16.678141434278025,0.23416535580249745
0.9299999999999998,16.815894744440698,0.2281017117695494
0.9399999999999998,16.95526687179655,0.22222447516755273
0.9499999999999998,17.0962642692703,0.21652764202211985
0.9599999999999999,17.238893698916094,0.21100541048691623
0.9699999999999999,17.383162222330313,0.20565217304652028
0.9799999999999999,17.529077196038003,0.20046251026858136
0.9899999999999999,17.676646259956843,0.19543118210755953
0.9999999999999999,17.82587733637684,0.19055312323014925
1.0099999999999998,17.976778629741908,0.18582343876045346
1.0199999999999998,18.129358620396676,0.18123739790987384
1.0299999999999998,18.28362606065384,0.17679042854818375
1.0399999999999998,18.439589964559804,0.17247810897245167
1.0499999999999998,18.597259611327548,0.16829616605022618
1.0599999999999998,18.75664454143881,0.16424047008770049
1.0699999999999998,18.917754552965622,0.1603070298924126
1.0799999999999998,19.080599697549438,0.15649198764707378
1.0899999999999999,19.245190273031195,0.15279161199913696
1.0999999999999999,19.411536827722134,0.14920229765685686
1.1099999999999999,19.579650155961232,0.14572056023712143
1.1199999999999999,19.749541295412726,0.14234303214720248
1.13,19.921221524886597,0.1390664588286039
1.14,20.094702360918404,0.13588769418846922
1.15,20.26999555275999,0.1328036949783743
1.16,20.44711308510782,0.1298115206600543
1.17,20.62606717411529,0.12690832863406593
1.1799999999999997,20.80687026496995,0.12409137063810936
1.1899999999999997,20.98953502958517,0.12135798930258679
1.1999999999999997,21.174074369029356,0.11870561678266758
1.2099999999999997,21.360501416974415,0.11613177388513188
1.2199999999999998,21.548829525878656,0.11363406192064586
1.2299999999999998,21.73907227038038,0.11121016192465268
1.2399999999999998,21.931243445926444,0.10885783190959397
1.2499999999999998,22.12535706722947,0.10657490409771199
1.2599999999999998,22.321427370750346,0.10435928406605513
1.2699999999999998,22.519468815099867,0.10220894898009317
1.2799999999999998,22.719496073262924,0.1001219420967108
1.2899999999999998,22.921524034782635,0.09809637191720592
1.2999999999999998,23.125567804880127,0.09613040996941245
1.3099999999999998,23.331642703585896,0.09422228863893391
1.3199999999999998,23.539764266908158,0.09237030008056561
1.3299999999999998,23.74994824588444,0.09057279408940988
1.3399999999999999,23.962210604019372,0.08882817518693475
1.3499999999999999,24.176567517838905,0.08713490133394741
1.3599999999999999,24.393035376413472,0.08549148215314017
1.3699999999999999,24.611630780928916,0.08389647721105717
1.38,24.83237054546711,0.08234849501573148
1.3899999999999997,25.055271696125065,0.08084619110443989
1.3999999999999997,25.280351470130114,0.07938826615824365
1.4099999999999997,25.50762731609114,0.07797346478723974
1.4199999999999997,25.737116893843012,0.07660057411247334
1.4299999999999997,25.968838074321514,0.0752684224032807
1.4399999999999997,26.202808939405173,0.07397587808786762
1.4499999999999997,26.439047781891983,0.07272184823390196
1.4599999999999997,26.67757310546758,0.07150527723867568
1.4699999999999998,26.918403624659973,0.07032514573760956
1.4799999999999998,27.161558264829463,0.06918046945712751
1.4899999999999998,27.40705616221377,0.06807029813866983
1.4999999999999998,27.654916664552708,0.06699371501913708
1.5099999999999998,27.905159330601595,0.06594983530401376
1.5199999999999998,28.157803930200018,0.06493780517502755
1.5299999999999998,28.412870444497226,0.06395680096382053
1.5399999999999998,28.67037906606846,0.06300602824608564
1.5499999999999998,28.930350199051123,0.062084721020109514
1.5599999999999998,29.19280445937408,0.061192141319407936
1.5699999999999998,29.457762674778905,0.06032757786635615
1.5799999999999998,29.725245884978598,0.059490345383905865
1.5899999999999999,29.99527534181454,0.058679783925687304
1.5999999999999996,30.267872509395644,0.0578952581591123
1.6099999999999997,30.543059064232988,0.05713615667120267
1.6199999999999997,30.820856895359853,0.056401891629992054
1.6299999999999997,31.10128810444007,0.055691898585511934
1.6399999999999997,31.38437500589674,0.05500563490009634
1.6499999999999997,31.670140126995662,0.0543425795881801
1.6599999999999997,31.9586062079216,0.0537022327986729
1.6699999999999997,32.24979620183682,0.0530841153000198
1.6799999999999997,32.543733274912064,0.052487767991876225
1.6899999999999997,32.84044080580279,0.05191275192501962
1.6999999999999997,33.13994238594206,0.051358647564867556
1.7099999999999997,33.442261819730795,0.050825054140893916
1.7199999999999998,33.74742312421919,0.05031158945244787
1.7299999999999998,34.05545052895543,0.04981788950563587
1.7399999999999998,34.366368475794594,0.04934360816872132
1.7499999999999998,34.680201618507255,0.04888841693534014
1.7599999999999998,34.996974821499684,0.04845200518666904
1.7699999999999998,35.31671316070906,0.048034079198756685
1.7799999999999998,35.63944192289153,0.047634362054960536
1.7899999999999998,35.96518660497806,0.04725259350359691
1.7999999999999998,36.293972913495104,0.046888529760093924
1.8099999999999998,36.62582676391697,0.0465419433274683
1.8199999999999996,36.96077427900824,0.04621262309412821
1.8299999999999996,37.29884178718488,0.04590037442308149
1.8399999999999996,37.64005582375977,0.045605018438200834
1.8499999999999996,37.98444312886871,0.0453263922224944
1.8599999999999997,38.33203064624348,0.04506434877418514
1.8699999999999997,38.682845521903126,0.044818756976172824
1.8799999999999997,39.03691510266568,0.0445895015987682
1.8899999999999997,39.39426693182267,0.0443764838518813
1.8999999999999997,39.75492874942495,0.04417962103578352
1.9099999999999997,40.118928491215705,0.043998846450190886
1.9199999999999997,40.48629428560063,0.04383410967925525
1.9299999999999997,40.85705445134784,0.04368537672729967
1.9399999999999997,41.2312374951225,0.04355263017839052
1.9499999999999997,41.608872107947064,0.04343586951416023
1.9599999999999997,41.9899871579905,0.043335111975411636
1.9699999999999998,42.37461169336251,0.04325039193163453
1.9799999999999998,42.76277493705339,0.04318176141508652
1.9899999999999998,43.154506282686796,0.04312929052887023
1.9999999999999998,43.54983529050531,0.04309306781447627
2.01,43.94879168310246,0.04307320065031755
2.0199999999999996,44.35140533680448,0.04306981619846291
2.03,44.75770627477382,0.04308306213129753
2.0399999999999996,45.16772466922977,0.0431131062024986
2.05,45.58149083189292,0.04316013730300126
2.0599999999999996,45.99903520765299,0.04322436610498462
2.07,46.42038836789922,0.04330602574343169
2.0799999999999996,46.8455810030222,0.043405372592176014
2.09,47.274643903778845,0.04352268833338685
2.0999999999999996,47.70760796246964,0.043658279718705346
2.11,48.144504165922775,0.04381247928017865
2.1199999999999997,48.5853635828334,0.04398564669386994
2.13,49.03021735355084,0.04417816985399484
2.1399999999999997,49.47909667928867,0.04439046600893328
2.1499999999999995,49.932032806441136,0.04462298344242547
2.1599999999999997,50.38905699852414,0.0448762045377683
2.1699999999999995,50.85020054642793,0.04515064454476318
2.1799999999999997,51.315494746741734,0.0454468539197596
2.1899999999999995,51.784970884833456,0.045765420127680506
2.1999999999999997,52.25866021851118,0.0461069693732578
2.2099999999999995,52.736593960792554,0.04647216842610257
2.2199999999999998,53.218803243091315,0.04686172861238626
2.2299999999999995,53.705319092749704,0.047276408209257374
2.2399999999999998,54.196172438516115,0.04771701173318414
2.2499999999999996,54.69139407337203,0.04818439395216797
2.26,55.19101462983824,0.04867946250647414
2.2699999999999996,55.69506455395751,0.04920318066833429
2.28,56.20357407584058,0.04975657047584378
2.2899999999999996,56.71657314325603,0.0503407199779721
2.3,57.23409141808408,0.05095678346018997
2.3099999999999996,57.7561582439987,0.05160598486768769
2.32,58.28280259998098,0.05228962279753014
2.3299999999999996,58.81405305910181,0.053009074891827025
2.34,59.349937739938845,0.05376580303500475
2.3499999999999996,59.89048425526771,0.0545613588424482
2.3599999999999994,60.4357196725419,0.05539738783766385
2.3699999999999997,60.98567045653391,0.056275635588698275
2.3799999999999994,61.54036241317946,0.057197953701044794
2.3899999999999997,62.099820624505796,0.058166306817401196
2.3999999999999995,62.66406932810892,0.05918278602639413
2.4099999999999997,63.23313190274739,0.060249609918071975
2.4199999999999995,63.807030787481736,0.06136913332413491
2.4299999999999997,64.38578739209028,0.06254385703830329
2.4399999999999995,64.96942201104909,0.06377643708889597
2.4499999999999997,65.55795369026966,0.06506969922808031
2.4599999999999995,66.15140011761478,0.0664266507851132
2.4699999999999998,66.74977756959184,0.06785048630131484
2.4799999999999995,67.35310076864843,0.0693446030427592
2.4899999999999998,67.96138275985204,0.07091261436295844
2.4999999999999996,68.57463476774116,0.07255836538373307
2.51,69.19286597542764,0.07428595800964102
2.5199999999999996,69.81608343677993,0.07609975972660739
2.53,70.4442918907352,0.07800442416681583
2.5399999999999996,71.07749356804933,0.08000491246871623
2.55,71.7156879902377,0.08210651483796216
2.5599999999999996,72.3588717577053,0.0843148742168495
2.5699999999999994,73.00703832325115,0.08663601138847764
2.5799999999999996,73.66017775010758,0.089076351523774
2.5899999999999994,74.31827638695935,0.09164276114720894
2.5999999999999996,74.98131656125584,0.09434258254930085
2.6099999999999994,75.64927634202151,0.0971836591530976
2.6199999999999997,76.32212917317062,0.10017437702420466
2.6299999999999994,76.99984348562714,0.10332370826371852
2.6399999999999997,77.68238223404055,0.10664126278630018
2.6499999999999995,78.36970256824266,0.1101373255048816
2.6599999999999997,79.06175534793734,0.11382291081720469
2.6699999999999995,79.75848464046288,0.11770981933347487
2.6799999999999997,80.459827080744,0.1218107117334073
2.6899999999999995,81.1657113577796,0.1261391661541147
2.6999999999999997,81.87605757562692,0.13070975106871022
2.7099999999999995,82.59077654205522,0.13553810579642658
2.7199999999999998,83.30976901915301,0.1406410255294407
2.7299999999999995,84.03292494363157,0.14603655115149541
2.7399999999999998,84.76012254536256,0.15174406979072014
2.7499999999999996,85.49122729203283,0.1577844375750446
2.76,86.22609096286874,0.16418008467281328
2.7699999999999996,86.96455053719032,0.17095514345017307
2.7799999999999994,87.70642691265591,0.17813559576906002
2.7899999999999996,88.45152358485359,0.18574942510282091
2.7999999999999994,89.19962531300149,0.19382677105563892
2.8099999999999996,89.95049654987169,0.20240011059030003
2.8199999999999994,90.70387965032182,0.2115044657741354
2.8299999999999996,91.45949320513674,0.22117759622962876
2.8399999999999994,92.21703009097172,0.2314602251829681
2.8499999999999996,92.97615521711694,0.2423962993658037
2.8599999999999994,93.7365032422566,0.2540332534512492
2.8699999999999997,94.49767621974364,0.26642228366565096
2.8799999999999994,95.25924085391584,0.27961866458220347
2.8899999999999997,96.020725418083,0.2936821030223927
2.8999999999999995,96.78161683009779,0.3086770784056132
2.9099999999999997,97.54135725735563,0.32467323419591854
2.9199999999999995,98.299340301246,0.341745811471132
2.9299999999999997,99.05490710779037,0.35997609631152916
2.9399999999999995,99.80734225560838,0.3794518939900477
2.9499999999999997,100.5558691488391,0.40026805009725747
2.9599999999999995,101.2996450067375,0.4225270058106177
2.9699999999999998,102.03775580577538,0.4463393833573132
2.9799999999999995,102.76921066830621,0.471824613652704
2.9899999999999993,103.49293593403333,0.4991115757221403
2.9999999999999996,104.20776883677507,0.5283392926253965
3.0099999999999993,104.91245079658746,0.5596576683439092
3.0199999999999996,105.60562059318379,0.5932282053649501
3.0299999999999994,106.28580684460475,0.6292248060262396
3.0399999999999996,106.95142022459872,0.667834581876295
3.0499999999999994,107.60074587630474,0.7092585662698014
3.0599999999999996,108.23193492529118,0.7537125791916535
3.0699999999999994,108.84299627634493,0.801427975547876
3.0799999999999996,109.43178821637129,0.8526523851291787
3.0899999999999994,109.99601009463852,0.9076503914807886
3.0999999999999996,110.53319422927069,0.9667041241098151
3.1099999999999994,111.0406982064476,1.0301137336396715
3.1199999999999997,111.51569780457348,1.0981977107708156
3.1299999999999994,111.95518081422213,1.17129300354105
3.1399999999999997,112.35594207331248,1.2497548802289098
3.1499999999999995,112.71458009620346,1.3339564766233227
3.1599999999999997,113.02749575718485,1.4242879545437699
3.1699999999999995,113.29089325383548,1.5211552367786647
3.1799999999999997,113.50078466948588,1.6249781116255557
3.1899999999999995,113.65299766833135,1.736187789070859
3.1999999999999993,113.74318787351912,1.85522366684249
3.2099999999999995,113.7668561196129,1.9825292905260068
3.2199999999999993,113.7193716933423,2.1185473474968095
3.2299999999999995,113.59600203655607,2.2637136391189205
3.2399999999999993,113.39194976338518,2.418449927777342
3.2499999999999996,113.10239758506741,2.5831555959388894
3.2599999999999993,112.72256178119613,2.7581980596050006
3.2699999999999996,112.24775445795385,2.9439019596067832
3.2799999999999994,111.6734548108779,3.1405371458306384
3.2899999999999996,110.9953893072968,3.3483055468112726
3.2999999999999994,110.209619877458,3.567327161328788
3.3099999999999996,109.31263947176556,3.7976253480344693
3.3199999999999994,108.30147339236312,4.039111775880478
3.3299999999999996,107.17378371395189,4.291571570095069
3.3399999999999994,105.92797486682228,4.5546490448249815
3.3499999999999996,104.56329675659514,4.827834712502405
3.3599999999999994,103.07994101408875,5.110454344513355
3.3699999999999997,101.47912719228007,5.401660643684457
3.3799999999999994,99.7631744788346,5.700428317615113
3.3899999999999997,97.93555250070018,6.005553439128872
3.3999999999999995,96.0009091232383,6.315657563270204
3.4099999999999997,93.96507309422276,6.629196623396348
3.4199999999999995,91.8350232774566,6.944475958763746
3.4299999999999993,89.61883056661729,7.259670089821852
3.4399999999999995,87.32556554561255,7.572848207293164
3.4499999999999993,84.9651752588554,7.882004459984703
3.4599999999999995,82.54833932763951,8.185090962859785
3.4699999999999993,80.08629525088959,8.4800549970265
3.4799999999999995,77.59065223355478,8.764876712122303
3.4899999999999993,75.07319490828522,9.037606883994721
3.4999999999999996,72.54568227825689,9.29640367750617
3.5099999999999993,70.019653186053,9.539566217854873
3.5199999999999996,67.50624244950144,9.765564346950201
3.5299999999999994,65.01601501615752,9.973063272565136
3.5399999999999996,62.55882282742528,10.160942437121525
3.5499999999999994,60.143687738666415,10.32830825850243
3.5599999999999996,57.77871295261372,10.474500530213678
3.5699999999999994,55.47102345469101,10.599092724456655
3.5799999999999996,53.22673465298939,10.70188665456031
3.5899999999999994,51.05094729077931,10.782902157632831
3.5999999999999996,48.947765947509204,10.842362578903849
3.6099999999999994,46.920337889364006,10.880676915204672
3.6199999999999997,44.97090726275323,10.898419757810085
3.6299999999999994,43.100883270456315,10.896309436675473
3.6399999999999992,41.31091572997026,10.875185751802412
3.6499999999999995,39.60097618197658,10.835987680283594
3.6599999999999993,37.97044152134837,10.779731658850073
3.6699999999999995,36.41817642924924,10.707491157543583
3.6799999999999993,34.94261357437704,10.620377683830922
3.6899999999999995,33.541829548850735,10.519523560372471
3.6999999999999993,32.2136152626906,10.406066635257119
3.7099999999999995,30.955540234634526,10.281136948591485
3.7199999999999993,29.765010267409906,10.145845369063089
3.7299999999999995,28.639318355179313,10.001274127806871
3.7399999999999993,27.575689354693772,9.848469033054137
3.7499999999999996,26.57131743851824,9.688433568834224
3.7599999999999993,25.623398846892737,9.52212414064894
3.7699999999999996,24.72915788712759,9.350446971510742
3.7799999999999994,23.885869259456584,9.174255835764367
3.7899999999999996,23.090874792822145,8.994351068765376
3.7999999999999994,22.34159735348475,8.811479164896927
3.8099999999999996,21.635550598692433,8.626333253931458
3.8199999999999994,20.970346411439678,8.439554016367417
3.8299999999999996,20.343699496919072,8.251731135205166
3.8399999999999994,19.753430216946352,8.063405039341834
3.849999999999999,19.197465569128717,7.875068944944179
3.8599999999999994,18.67383887989908,7.687171061465565
3.869999999999999,18.18068834900433,7.500116935164793
3.8799999999999994,17.71625476819991,7.314271850157603
3.8899999999999992,17.278878546673223,7.129963266388685
3.8999999999999995,16.866996291175575,6.9474832260946355
3.9099999999999993,16.479136918150136,6.767090778279841
3.9199999999999995,16.113917639005646,6.589014293345742
3.9299999999999993,15.770039943239263,6.413453636830227
3.9399999999999995,15.44628502953518,6.240582463116198
3.9499999999999993,15.141509909383894,6.070550159165806
3.9599999999999995,14.854643120867596,5.903483836815949
3.9699999999999993,14.58468043166051,5.739490252510791
3.9799999999999995,14.330681312276132,5.578657416812772
3.9899999999999993,14.091764722820196,5.421056347450525
3.9999999999999996,13.867105575941057,5.266742563698583
4.01,13.655931406227989,5.115757466911271
4.02,13.45751873612452,4.9681297546332495
4.029999999999999,13.27119019885862,4.823876581874686
4.039999999999999,13.096311448083744,4.683004733593873
4.05,12.932288287470264,4.545511698295256
4.06,12.778564206918478,4.411386598190084
4.069999999999999,12.634617734937,4.28061113090701
4.079999999999999,12.499960194627896,4.15316037674073
4.089999999999999,12.374133554217865,4.029003551664905
4.1,12.256708313013037,3.908104722601283
4.109999999999999,12.147281683625394,3.790423426028732
4.119999999999999,12.04547577418117,3.6759152607539693
4.129999999999999,11.95093593106055,3.564532420924495
4.14,11.863329235413904,3.45622417345519
4.1499999999999995,11.782343024930979,3.350937307900449
4.159999999999999,11.707683579247563,3.248616533725872
4.169999999999999,11.639074873113826,3.14920484482875
4.18,11.576257404709443,3.0526438517165553
4.1899999999999995,11.518987131339333,2.9588740784102012
4.199999999999999,11.467034455343546,2.8678352330929338
4.209999999999999,11.420183292136182,2.779466451261004
4.22,11.378230203754065,2.693706514343754
4.2299999999999995,11.340983579980694,2.6104940455135393
4.239999999999999,11.308262886905798,2.5297676853934616
4.249999999999999,11.279897980423177,2.4514662506718663
4.26,11.255728438348523,2.3755288711090845
4.27,11.235602955690995,2.3018951129745986
4.279999999999999,11.219378778688226,2.2305050927155987
4.289999999999999,11.206921178005729,2.1612995700161557
4.299999999999999,11.198102958235388,2.0942200304228695
4.31,11.192803997192282,2.0292087622808057
4.319999999999999,11.190910819150664,1.966208920147994
4.329999999999999,11.192316200654126,1.905164575345478
4.339999999999999,11.19691879661774,1.8460207641240949
4.35,11.204622787863997,1.7887235298953559
4.359999999999999,11.215337566462066,1.733219949797793
4.369999999999999,11.228977431847811,1.6794581616124034
4.379999999999999,11.24546130145363,1.627387388131516
4.39,11.264712454049132,1.576957948566529
4.3999999999999995,11.286658283894326,1.5281212691195967
4.409999999999999,11.311230064014085,1.4808298928466321
4.419999999999999,11.338362733366735,1.4350374814684455
4.43,11.367994698168365,1.3906988137824352
4.4399999999999995,11.400067639391688,1.347769784497278
4.449999999999999,11.434526333883891,1.306207399706839
4.459999999999999,11.471318493664068,1.2659697665896927
4.47,11.510394608679414,1.2270160845177844
4.4799999999999995,11.551707796966086,1.18930663536173
4.489999999999999,11.595213672960014,1.1528027680621051
4.499999999999999,11.640870218448928,1.1174668844874531
4.509999999999999,11.68863765761359,1.0832624258643335
4.52,11.73847834849453,1.0501538539887882
4.529999999999999,11.790356678079457,1.018106633070814
4.539999999999999,11.844238961872618,0.9870872117490713
4.549999999999999,11.900093339740712,0.9570630090340557
4.56,11.957889698529417,0.928002389901104
4.569999999999999,12.017599588005266,0.8998746460556483
4.579999999999999,12.07919614108478,0.8726499765875134
4.589999999999999,12.142653994507155,0.8462994700649739
4.6,12.20794922679855,0.8207950810769727
4.609999999999999,12.275059291768148,0.7961096101862735
4.619999999999999,12.34396295509141,0.7722166843177005
4.629999999999999,12.414640232296259,0.7490907382445062
4.64,12.48707233998719,0.7267069913277816
4.6499999999999995,12.561241642621276,0.7050414280844256
4.659999999999999,12.637131601810152,0.684070778948785
4.669999999999999,12.714726728728314,0.6637725010722594
4.68,12.794012543969918,0.6441247573122267
4.6899999999999995,12.874975535445339,0.6251063972996702
4.699999999999999,12.957603117290558,0.606696939204382
4.709999999999999,13.041883592976152,0.5888765509915215
4.719999999999999,13.127806122376356,0.5716260312249348
4.7299999999999995,13.215360688085827,0.5549267911887882
4.739999999999999,13.304538062529792,0.5387608380450422
4.749999999999999,13.395329779012735,0.5231107570900089
4.759999999999999,13.487728104440167,0.5079596943291466
4.77,13.581726012437853,0.4932913400093332
4.779999999999999,13.677317156424493,0.47908991283971913
4.789999999999999,13.774495846807712,0.4653401437255277
4.799999999999999,13.873257028576514,0.45202726011176086
4.81,13.973596259485657,0.4391369708865518
4.819999999999999,14.075509688546793,0.42665545213296613
4.829999999999999,14.178994037528659,0.4145693322322369
4.839999999999999,14.284046582524628,0.4028656778203092
4.85,14.390665136186644,0.39153198020471697
4.859999999999999,14.498848030001822,0.3805561423990139
4.869999999999999,14.608594099877616,0.36992646568590737
4.879999999999999,14.719902670958474,0.35963163704851975
4.89,14.832773543525382,0.3496607168328492
4.8999999999999995,14.947206977755437,0.34000312741822664
4.909999999999999,15.063203680769632,0.33064864164019164
4.919999999999999,15.180764796134325,0.32158737088765765
4.929999999999999,15.299891891429018,0.3128097544364791
4.9399999999999995,15.420586947082157,0.3043065488500734
4.949999999999999,15.542852344439952,0.29606881816922376
4.959999999999999,15.666690857044758,0.288087923422456
4.969999999999999,15.792105640943314,0.2803555129677574
4.9799999999999995,15.919100225508545,0.2728635131086505
4.989999999999999,16.04767850417239,0.2656041191776214
4.999999999999999,16.177844725637502,0.2585697868775422
5.009999999999999,16.30960348718905,0.2517532233023185
5.02,16.442959726748146,0.24514737879485834
5.029999999999999,16.57791871573884,0.23874543890486954
5.039999999999999,16.71448605153087,0.23254081683174982
5.049999999999999,16.852667651549474,0.22652714570681523
5.06,16.992469747184316,0.2206982712709365
5.069999999999999,17.13389887782764,0.21504824483697996
5.079999999999999,17.276961885085612,0.20957131648876293
5.089999999999999,17.421665907001717,0.20426192855316097
5.1,17.56801837368271,0.1991147090418104
5.109999999999999,17.716027002244882,0.19412446549475498
5.119999999999999,17.865699792229968,0.1892861789754967
5.129999999999999,18.017045020897758,0.18459499838166468
5.139999999999999,18.170071239252728,0.18004623477192225
5.1499999999999995,18.324787268221282,0.17563535589790302
5.159999999999999,18.481202194831894,0.17135798098326685
5.169999999999999,18.63932536858668,0.1672098756542469
5.179999999999999,18.79916639775738,0.16318694706197773
5.1899999999999995,18.960735146563003,0.15928523909984948
5.199999999999999,19.12404173201423,0.155500927825329
5.209999999999999,19.289096521012272,0.15183031702431538
5.219999999999999,19.455910127456775,0.14826983395822554
5.2299999999999995,19.62449340965048,0.14481602521378584
5.239999999999999,19.79485746798117,0.1414655526820298
5.249999999999999,19.967013642531256,0.138215189701705
5.259999999999999,20.140973510837537,0.13506181732521763
5.27,20.316748885525705,0.13200242072151927
5.279999999999999,20.49435181276796,0.12903408567094404
5.289999999999999,20.673794570376153,0.1261539951991997
5.299999999999999,20.85508966607606,0.12335942632290113
5.31,21.038249835937965,0.1206477469036633
5.319999999999999,21.223288042665978,0.11801641262046456
5.329999999999999,21.410217473039744,0.1154629640892114
5.339999999999999,21.59905153819881,0.11298502395308772
5.349999999999999,21.78980387201376,0.11058029416174256
5.359999999999999,21.982488329837118,0.10824655332815772
5.369999999999999,22.177118987463142,0.1059816541671154
5.379999999999999,22.373710139928633,0.10378352106738264
5.389999999999999,22.57227629963468,0.10165014789900455
5.3999999999999995,22.772832196851354,0.09957959542735653
5.409999999999999,22.975392778529546,0.09756998915980233
5.419999999999999,23.179973207463966,0.09561951720402642
5.429999999999999,23.386588861600433,0.09372642817559519
5.4399999999999995,23.595255333456038,0.09188902930402798
5.449999999999999,23.805988429739077,0.09010568494325936
5.459999999999999,24.018804170530895,0.08837481402175368
5.469999999999999,24.233718788896372,0.08669488843500306
5.4799999999999995,24.450748730465424,0.085064431330714
5.489999999999999,24.669910653036414,0.08348201540986969
5.499999999999999,24.891221426427464,0.08194626145451997
5.509999999999999,25.114698132801454,0.08045583727015636
5.52,25.340358065453472,0.07900945537014459
5.529999999999999,25.56821872891233,0.07760587177295904
5.539999999999999,25.798297838812896,0.07624388462877309
5.549999999999999,26.030613321750945,0.07492233285154896
5.559999999999999,26.26518331533518,0.07364009496646597
5.569999999999999,26.50202616854699,0.07239608828551966
5.579999999999999,26.74116044099408,0.07118926697553903
5.589999999999999,26.982604903138853,0.07001862113246556
5.599999999999999,27.226378536338242,0.06888317568094555
5.609999999999999,27.47250053287371,0.06778198928089181
5.619999999999999,27.720990296108795,0.06671415343312416
5.629999999999999,27.97186744080402,0.06567879182916836
5.639999999999999,28.225151792792627,0.06467505877056111
5.6499999999999995,28.480863389236845,0.06370213846078236
5.659999999999999,28.73902247876066,0.06275924413160681
5.669999999999999,28.999649521576675,0.061845617178623004
5.679999999999999,29.262765189653447,0.0609605264781953
5.6899999999999995,29.528390366919552,0.06010326787608973
5.699999999999999,29.79654614928714,0.05927316291599252
5.709999999999999,30.067253844839517,0.05846955830693052
5.719999999999999,30.340534973975316,0.05769182524076801
5.7299999999999995,30.616411269544844,0.056939358720772465
5.739999999999999,30.894904676921882,0.05621157709597302
5.749999999999999,31.176037354041384,0.05550792169730943
5.759999999999999,31.459831671680053,0.05482785568652186
5.769999999999999,31.74631021346985,0.0541708637292043
5.779999999999999,32.03549577596319,0.053536451471559166
5.789999999999999,32.3274113686827,0.052924145025033356
5.799999999999999,32.62208021414983,0.052333490469634085
5.809999999999999,32.919525747592395,0.05176405380241096
5.819999999999999,33.21977161666278,0.05121542084959888
5.829999999999999,33.52284168207769,0.05068719582761067
5.839999999999999,33.82876001717929,0.050179001425910794
5.849999999999999,34.1375509077681,0.049690478464237034
5.859999999999999,34.4492388519041,0.04922128555677063
5.869999999999999,34.763848559665114,0.04877109879418908
5.879999999999999,35.08140495198591,0.048339611811631183
5.889999999999999,35.40193315995806,0.047926535658185436
5.8999999999999995,35.72545852597171,0.04753159788355469
5.909999999999999,36.05200660240093,0.047154542653081756
5.919999999999999,36.38160315098721,0.046795130558640846
5.929999999999999,36.71427414215871,0.046453138444825064
5.9399999999999995,37.05004575427571,0.04612835925272382
5.949999999999999,37.388944371233606,0.04582060236628359
5.959999999999999,37.73099658149384,0.04552969350721289
5.969999999999999,38.076229179048674,0.04525547401975221
5.979999999999999,38.42466916107303,0.044997801171619375
5.989999999999999,38.77634372657031,0.04475654813333927
5.999999999999999,39.13128027490565,0.04453160397761873
6.009999999999999,39.489506404217735,0.04432287369948303
6.019999999999999,39.85104990655737,0.04413027882182823
6.029999999999999,40.215938766919585,0.04395375729893908
6.039999999999999,40.58420116394223,0.04379326311663261
6.049999999999999,40.95586546579867,0.04364876674994045
6.059999999999999,41.33096022764363,0.04352025533566169
6.069999999999999,41.70951418888147,0.04340773286954695
6.079999999999999,42.0915562702062,0.04331122043455716
6.089999999999999,42.477115565088745,0.043230757232746025
6.099999999999999,42.866221339186,0.043166400462904445
6.109999999999999,43.25890302979032,0.04311822518782066
6.119999999999999,43.655190239330395,0.04308632506007268
6.129999999999999,44.05511273094906,0.0430708127400326
6.139999999999999,44.45870042380639,0.04307182034667958
6.1499999999999995,44.86598338791404,0.043089499964653485
6.159999999999999,45.276991829494975,0.043124025321060834
6.169999999999999,45.691756091758904,0.04317559155198832
6.179999999999999,46.110306652030964,0.04324441541643194
6.189999999999999,46.532674111559075,0.04333073641166338
6.199999999999999,46.95888918818239,0.043434817529601176
6.209999999999999,47.388982708576,0.043556946059900396
6.219999999999999,47.8229855994865,0.04369743450659948
6.229999999999999,48.260928863308855,0.04385662330178399
6.239999999999999,48.702843581956664,0.044034880263144484
6.249999999999999,49.14876090953134,0.04423260133504774
6.259999999999999,49.59871205659766,0.04445021228994262
6.269999999999999,50.052728278313715,0.04468816998144123
6.279999999999999,50.51084086190427,0.044946963667189914
6.289999999999999,50.97308111192281,0.045227116574440875
6.299999999999999,51.43948030991423,0.04552919031665881
6.309999999999999,51.910069724839815,0.04585378364308529
6.319999999999999,52.384880597561036,0.04620153407651751
6.329999999999999,52.86394411665027,0.04657312051267313
6.339999999999999,53.34729139937443,0.04696926523632232
6.349999999999999,53.834953471649484,0.04739073604541858
6.359999999999999,54.32696124412282,0.04783834879898538
6.369999999999999,54.82334545516898,0.04831297363667363
6.379999999999999,55.3241366776301,0.048815534102643825
6.389999999999999,55.82936528997545,0.04934701021752897
6.399999999999999,56.339061440260124,0.04990844234245717
6.409999999999999,56.85325501421683,0.05050093457436715
6.419999999999999,57.37197559853917,0.05112565865666202
6.429999999999999,57.89525243762426,0.05178385859185097
6.439999999999999,58.42311440620265,0.05247685353697431
6.449999999999999,58.955589964581186,0.0532060425703448
6.459999999999999,59.49270711491694,0.05397290934288394
6.469999999999999,60.034493355467504,0.054779026943555964
6.479999999999999,60.58097559407674,0.05562606745477581
6.489999999999999,61.13218009761419,0.05651580732539648
6.499999999999999,61.68813247143644,0.05745012924624519
6.509999999999999,62.248857576714165,0.05843103118447905
6.519999999999999,62.8143794641093,0.05946063349982601
6.529999999999999,63.38472129909506,0.060541186971422384
6.539999999999999,63.95990522539526,0.061675087595624595
6.549999999999999,64.53995233861905,0.06286487931374402
6.559999999999999,65.12488259805095,0.0641132635067757
6.569999999999999,65.71471472042747,0.06542311045797054
6.579999999999999,66.30946607945307,0.06679747018244
6.589999999999999,66.90915257882621,0.06823958638029802
6.599999999999999,67.51378847005584,0.06975291697191896
6.609999999999999,68.1233862983096,0.07134113913151371
6.619999999999999,68.73795673775753,0.07300816756173709
6.629999999999999,69.35750843602487,0.0747581715688501
6.639999999999999,69.98204785138672,0.07659559231793021
6.649999999999999,70.61157907944651,0.07852516215716392
6.659999999999999,71.24610366854137,0.08055192497846728
6.669999999999999,71.88562042340078,0.08268125760015461
6.679999999999999,72.53012515196772,0.08491889827093976
6.689999999999999,73.17961037778973,0.0872709793274473
6.699999999999999,73.83406518279988,0.08974404317538476
6.709999999999999,74.49347490041833,0.09234507697033707
6.719999999999999,75.15782081577825,0.09508154601492068
6.729999999999999,75.82707976348566,0.0979614383814611
6.739999999999999,76.50122385983529,0.10099329504763055
6.749999999999999,77.18022013039929,0.10418625152328753
6.759999999999999,77.86403010481169,0.10755008317376584
6.769999999999999,78.55260932532825,0.11109526136735594
6.779999999999999,79.24590684747999,0.11483301026715163
6.789999999999999,79.94386479465756,0.11877535638898579
6.799999999999999,80.64641777458421,0.12293519515727791
6.809999999999999,81.3534922607643,0.12732635985459198
6.819999999999999,82.06500596399268,0.1319636938961563
6.829999999999999,82.780867141436,0.13686312929606603
6.839999999999999,83.50097379543342,0.14204177864538034
6.849999999999999,84.22521278574315,0.1475180377989489
6.8599999999999985,84.95345904516392,0.15331167410747956
6.869999999999999,85.68557458358532,0.15944394138514761
6.879999999999999,86.42140734125577,0.16593771100971788
6.889999999999999,87.16079011261573,0.17281759609482972
6.899999999999999,87.90353934789329,0.18011008961737715
6.909999999999999,88.64945377519525,0.18784372341571481
6.919999999999999,89.39831284549956,0.19604924851269434
6.929999999999999,90.14987531560026,0.20475979816653161
6.939999999999999,90.90387753269526,0.21401108668899355
6.949999999999999,91.66003146960358,0.2238416362072182
6.959999999999999,92.41802272633336,0.23429300801582897
6.969999999999999,93.17750842810479,0.24541004630539132
6.979999999999999,93.93811485891726,0.25724115186397484
6.989999999999999,94.6994349402706,0.26983857402362377
6.999999999999999,95.46102551410642,0.28325872525962503
7.009999999999999,96.2224042657093,0.2975625349726421
7.019999999999999,96.98304655494367,0.31281581563945426
7.029999999999999,97.74238202134237,0.3290896548925544
7.039999999999999,98.49979077995229,0.34646084902324453
7.049999999999999,99.25459943106749,0.3650123612717503
7.059999999999999,100.0060767746342,0.3848338128070411
7.0699999999999985,100.75342913279556,0.4060220083843613
7.079999999999999,101.49579540339013,0.42868149848931814
7.089999999999999,102.23224176361458,0.45292517774890795
7.099999999999999,102.96175599674208,0.47887490552700196
7.1099999999999985,103.6832414453566,0.5066621813168319
7.119999999999999,104.39551058311734,0.5364288543825907
7.129999999999999,105.0972783738845,0.5683278237453325
7.139999999999999,105.78715510156711,0.6025238061860188
7.149999999999999,106.46363890764036,0.6391941186236846
7.159999999999999,107.12510810851654,0.6785294587104338
7.169999999999999,107.76981298615304,0.7207347345918624
7.179999999999999,108.39586788827503,0.7660297928465403
7.189999999999999,109.00124258965948,0.8146502355997465
7.199999999999999,109.58375392868619,0.866848143819327
7.209999999999999,110.14105788788409,0.9228926781554138
7.219999999999999,110.67064129104484,0.9830706911075755
7.229999999999999,111.1698141855681,1.04768717250745
7.239999999999999,111.63570298101773,1.1170655198729278
7.249999999999999,112.06524485368497,1.1915475461761276
7.259999999999999,112.45518282759804,1.2714933190853297
7.269999999999999,112.80206313790019,1.3572805774938113
7.2799999999999985,113.10223424829246,1.4493038178047262
7.289999999999999,113.35184904431468,1.5479728174419476
7.299999999999999,113.54686965359166,1.6537106830780273
7.309999999999999,113.68307686946144,1.7669511254512682
7.3199999999999985,113.75608327216847,1.8881350894294113
7.329999999999999,113.76135244253904,2.0177064046818565
7.339999999999999,113.69422339448835,2.156106578746528
7.349999999999999,113.54994256844445,2.3037684271436385
7.3599999999999985,113.32370250247071,2.4611086522876433
7.369999999999999,113.01068929891717,2.6285191475294494
7.379999999999999,112.60613815695328,2.8063570969518863
7.389999999999999,112.1053981314998,2.994933851609279
7.399999999999999,111.50400613849858,3.1945025002337353
7.409999999999999,110.79776833430303,3.405244732018795
7.419999999999999,109.98285115056524,3.6272564201242994
7.429999999999999,109.05587893234524,3.8605327103020843
7.439999999999999,108.01403523209552,4.104953221230424
7.449999999999999,106.85516863049655,4.360267112318156
7.459999999999999,105.57789790168026,4.626079106744301
7.469999999999999,104.18171321040212,4.901837075332244
7.479999999999999,102.66707101553351,5.186821568272732
7.489999999999998,101.03547598866982,5.480138451331933
7.499999999999999,99.28954765560202,5.780715026528335
7.509999999999999,97.43306634943151,6.087300514666564
7.519999999999999,95.47099413857292,6.398471419693208
7.5299999999999985,93.40946879766618,6.712642062924517
7.539999999999999,91.25576534043442,7.02808106611773
7.549999999999999,89.0182293605856,7.342932433591187
7.559999999999999,86.70617749519018,7.655242151315479
7.5699999999999985,84.32976633120074,7.962989902873477
7.579999999999999,81.89984007562006,8.264122978223154
7.589999999999999,79.4277537936692,8.55659357200701
7.599999999999999,76.9251826151418,8.838396916089827
7.6099999999999985,74.40392363431508,9.107608795015231
7.619999999999999,71.87569623655783,9.362421570963418
7.629999999999999,69.35194935756519,9.601176929469304
7.639999999999999,66.84368215821499,9.82239428691429
7.649999999999999,64.3612835385612,10.024794040103565
7.659999999999999,61.91439562984048,10.20731481851335
7.669999999999999,59.511804415981494,10.369124480904768
7.679999999999999,57.161358487064675,10.509624960168802
7.689999999999999,54.869917156946144,10.628450987908616
7.699999999999998,52.64332647007546,10.72546333270615
7.709999999999999,50.48642056520347,10.800737313437873
7.719999999999999,48.403045722200744,10.85454734112923
7.729999999999999,46.39610391646813,10.887348340866533
7.739999999999998,44.46761129377673,10.899755103741189
7.749999999999999,42.618768056293675,10.892520354620666
7.759999999999999,40.85003629167561,10.866512317839154
7.769999999999999,39.161221914030754,10.82269255039707
7.7799999999999985,37.55155804186865,10.762094551511852
7.789999999999999,36.019787286857834,10.685803633778612
7.799999999999999,34.56424069144769,10.594938450615324
7.809999999999999,33.18291248500675,10.490634199894483
7.8199999999999985,31.873529063619195,10.374027843119219
7.829999999999999,30.633611045586044,10.24624540989122
7.839999999999999,29.46052979720463,10.10839099116765
7.849999999999999,28.35155622639873,9.961537842741825
7.8599999999999985,27.30390344447862,9.806721122862882
7.869999999999999,26.314763448999624,9.644932190168102
7.879999999999999,25.381337413378134,9.477114447743507
7.889999999999999,24.50086115804208,9.304160360931473
7.899999999999999,23.67062559405654,9.126909633523521
7.909999999999998,22.887992916438673,8.946148314922493
7.919999999999999,22.15040917119456,8.76260870128498
7.929999999999999,21.45541347510042,8.576969903916277
7.939999999999999,20.800644576283627,8.389858935144442
7.949999999999998,20.183844999867713,8.201852242379694
7.959999999999999,19.60286328729499,8.01347754976238
7.969999999999999,19.055654730599358,7.82521591294201
7.979999999999999,18.540280650014843,7.637503994387239
7.989999999999998,18.054906668152675,7.450736444443024
7.999999999999999,17.597800302027487,7.265268283499225
8.009999999999998,17.16732778689845,7.08141735894695
8.02,16.761950576603084,6.899466741639283
8.03,16.380221391473444,6.719667120604739
8.04,16.020780205034654,6.542239086913754
8.049999999999999,15.682349989543601,6.367375376921728
8.059999999999999,15.363732522569629,6.195242992398922
8.069999999999999,15.063804124718622,6.025985246300213
8.079999999999998,14.781511541850783,5.859723682627507
8.089999999999998,14.515867863768047,5.696559906685829
8.1,14.265948619135173,5.536577293298378
8.11,14.03088797851131,5.37984259943654
8.12,13.809875149506812,5.226407463408407
8.129999999999999,13.602150915852814,5.076309809059498
8.139999999999999,13.40700436730783,4.929575146497062
8.149999999999999,13.223769790496405,4.786217782989066
8.159999999999998,13.051823742733081,4.646241941141116
8.169999999999998,12.890582287986991,4.509642794749847
8.179999999999998,12.739498396203166,4.3764074232845225
8.19,12.598059524948157,4.246515689096411
8.2,12.465785344893636,4.119941044416433
8.209999999999999,12.342225545690853,3.9966512805532903
8.219999999999999,12.226957905884904,3.8766092016418927
8.229999999999999,12.119586387690545,3.759773247937325
8.239999999999998,12.019739416662468,3.6460980665954206
8.249999999999998,11.927068251481828,3.5355350294361334
8.259999999999998,11.841245466299682,3.4280327067615404
8.27,11.761963548810447,3.323537300332667
8.28,11.688933584847742,3.221993029264432
8.29,11.621884034191437,3.1233424922431006
8.299999999999999,11.560559596988622,3.0275269827255595
8.309999999999999,11.50472015039714,2.934486783851466
8.319999999999999,11.454139764775634,2.8441614302790996
8.329999999999998,11.408605790031713,2.7564899418430833
8.339999999999998,11.367917994089858,2.6714110416167016
8.349999999999998,11.331887779218954,2.588863339724668
8.36,11.300337432542003,2.508785509974926
8.37,11.273099450624255,2.431116435097183
8.379999999999999,11.250015888504324,2.3557953474907123
8.389999999999999,11.230937749966595,2.2827619560807806
8.399999999999999,11.21572444225556,2.211956546547658
8.409999999999998,11.204243292822017,2.1433200558365133
8.419999999999998,11.196369023385907,2.076794175879082
8.429999999999998,11.191983316519886,2.012321414889823
8.44,11.190974384470652,1.9498451689392278
8.45,11.193236591055056,1.889309764403101
8.459999999999999,11.198670098165051,1.8306604949150929
8.469999999999999,11.20718051031557,1.7738436677407272
8.479999999999999,11.21867852973208,1.7188066501416417
8.489999999999998,11.233079707985516,1.6654978651649868
8.499999999999998,11.250304157688507,1.6138668171082107
8.509999999999998,11.270276264664254,1.563864121930267
8.52,11.292924467643411,1.5154415041468308
8.53,11.318181034548958,1.4685518006467253
8.54,11.34598184367927,1.4231489677916729
8.549999999999999,11.376266182302485,1.3791880833859012
8.559999999999999,11.408976569550175,1.3366253370778967
8.569999999999999,11.444058580738558,1.2954180261194352
8.579999999999998,11.481460674866586,1.2555245494520675
8.589999999999998,11.521134050513945,1.2169043950063687
8.599999999999998,11.563032502994453,1.1795181272487787
8.61,11.607112286113566,1.1433273755786142
8.62,11.653331985155221,1.1082948200136333
8.629999999999999,11.701652402808948,1.0743841727816197
8.639999999999999,11.752036446570585,1.0415601621889956
8.649999999999999,11.804449019898126,1.0097885170826457
8.659999999999998,11.858856928464247,0.9790359461737163
8.669999999999998,11.915228787758897,0.9492701191071264
8.679999999999998,11.973534932678954,0.92045964851216
8.69,12.03374733670992,0.8925740697767731
8.7,12.095839538214411,0.8655838195679294
8.709999999999999,12.159786568018504,0.839460215501926
8.719999999999999,12.225564874383577,0.8141754387188428
8.729999999999999,12.293152260766862,0.7897025125124073
8.739999999999998,12.362527829544552,0.7660152799685952
8.749999999999998,12.433671923272902,0.743088384265328
8.759999999999998,12.506566066662646,0.7208972499484091
8.769999999999998,12.58119291731136,0.6994180620891933
8.78,12.657536219806339,0.6786277453927934
8.79,12.735580759648537,0.6585039446203725
8.799999999999999,12.815312316590148,0.6390250069201838
8.809999999999999,12.896717625844143,0.6201699616813169
8.819999999999999,12.97978434122639,0.6019185008292933
8.829999999999998,13.064500998213468,0.5842509605149994
8.839999999999998,13.15085697699287,0.5671483038139294
8.849999999999998,13.23884247137915,0.5505921021584099
8.86,13.32844845885459,0.5345645173546749
8.87,13.419666671019332,0.5190482844334929
8.879999999999999,13.512489563756972,0.5040266955156201
8.889999999999999,13.606910292349857,0.4894835827309807
8.899999999999999,13.702922687108078,0.4754033018102482
8.909999999999998,13.800521229464051,0.4617707163562912
8.919999999999998,13.899701028244431,0.44857118314356964
8.929999999999998,14.000457799371938,0.43579053653794003
8.94,14.102787845963162,0.4234150736866956
8.95,14.206688039030924,0.4114315402990405
8.959999999999999,14.31215579798031,0.3998271170364704
8.969999999999999,14.419189074304724,0.38858940565206007
8.979999999999999,14.527786335288674,0.3777064157071186
8.989999999999998,14.63794654822724,0.36716655173233015
8.999999999999998,14.749669164836,0.35695860110449334
9.009999999999998,14.862954107747699,0.3470717215558759
9.019999999999998,14.977801757145047,0.3374954293299939
9.03,15.094212937882824,0.3282195877454135
9.04,15.21218890648562,0.31923439628235456
9.049999999999999,15.331731340502724,0.31053037947733936
9.059999999999999,15.452842327530938,0.3020983763921499
9.069999999999999,15.575524354815341,0.293929530377085
9.079999999999998,15.699780298680164,0.28601527935952314
9.089999999999998,15.825613413981001,0.2783473465774502
9.099999999999998,15.953027327020745,0.27091773062904045
9.11,16.082026026302554,0.2637186966457328
9.12,16.212613854396857,0.25674276751463165
9.129999999999999,16.344795499361886,0.2499827156573123
9.139999999999999,16.47857598774099,0.24343155466269248
9.149999999999999,16.61396067785984,0.23708253119643877
9.159999999999998,16.75095525293984,0.23092911733974392
9.169999999999998,16.88956571461561,0.22496500313697804
9.179999999999998,17.02979837600446,0.2191840896016599
9.189999999999998,17.17165985685518,0.21358048143026293
9.2,17.31515707784221,0.20814848027299063
9.209999999999999,17.460297255277684,0.2028825781792125
9.219999999999999,17.60708789583559,0.1977774513151149
9.229999999999999,17.755536791606822,0.19282795386503823
9.239999999999998,17.905652016064046,0.1880291119591057
9.249999999999998,18.05744191956792,0.18337611797127046
9.259999999999998,18.210915125283538,0.1788643249537132
9.269999999999998,18.36608052485954,0.1744892413224783
9.28,18.522947275027178,0.1702465256057838
9.29,18.68152479415316,0.16613198139996097
9.299999999999999,18.84182275882895,0.16214155251358411
9.309999999999999,19.00385110064436,0.1582713182774297
9.319999999999999,19.167620002940648,0.15451748905660023
9.329999999999998,19.33313989826689,0.15087640178224104
9.339999999999998,19.500421465594833,0.14734451572723017
9.349999999999998,19.66947562776325,0.14391840840535244
9.36,19.840313548885874,0.14059477161209677
9.37,20.01294663205414,0.13737040759294064
9.379999999999999,20.187386517338613,0.13424222533454233
9.389999999999999,20.36364507966764,0.1312072369899377
9.399999999999999,20.541734426893186,0.12826255442262763
9.409999999999998,20.721666897821716,0.12540538588243094
9.419999999999998,20.90345506062976,0.12263303276738995
9.429999999999998,21.0871117112613,0.11994288651287334
9.439999999999998,21.272649871899333,0.11733242558498147
9.45,21.46008278947229,0.11479921257302073
9.459999999999999,21.649423934212,0.11234089137997447
9.469999999999999,21.840686998694864,0.10995518452586703
9.479999999999999,22.033885896607586,0.1076398905296677
9.489999999999998,22.229034761702547,0.10539288138601748
9.499999999999998,22.42614794684821,0.10321210012990616
9.509999999999998,22.62524002271911,0.10109555846717155
9.519999999999998,22.826325776696265,0.09904133449189158
9.53,23.029420212980174,0.09704757052990629
9.54,23.234538551508184,0.09511247100412624
9.549999999999999,23.441696227322982,0.09323430038797718
9.559999999999999,23.650908890012953,0.09141138122808957
9.569999999999999,23.86219240274443,0.08964209229533676
9.579999999999998,24.07556284176828,0.08792486674445774
9.589999999999998,24.29103649656355,0.08625819025744161
9.599999999999998,24.508629869154312,0.08464059936034068
9.609999999999998,24.728359673763055,0.08307067975672774
9.62,24.950242836506487,0.08154706471510617
9.629999999999999,25.174296495227477,0.08006843382974609
9.639999999999999,25.40053799923678,0.0786335114077106
9.649999999999999,25.628984909057692,0.07724106480109084
9.659999999999998,25.859654996313708,0.07588990315507639
9.669999999999998,26.09256624360282,0.07457887606011247
9.679999999999998,26.327736844406225,0.07330687225508242
9.689999999999998,26.565185203401924,0.07207281882559204
9.7,26.804929936188433,0.0708756797082397
9.709999999999999,27.04698986914066,0.06971445436565522
9.719999999999999,27.291384039552483,0.06858817681721781
9.729999999999999,27.538131695676157,0.06749591456103943
9.739999999999998,27.787252296790612,0.06643676755124078
9.749999999999998,28.038765513543563,0.065409867635939
9.759999999999998,28.292691227820125,0.06441437722808918
9.769999999999998,28.549049532818998,0.06344948833185095
9.78,28.807860733237327,0.06251442176370003
9.79,29.06914534539988,0.061608426300292576
9.799999999999999,29.33292409740118,0.060730777889260186
9.809999999999999,29.599217929329466,0.059880779250756126
9.819999999999999,29.868047993322328,0.059057758732269115
9.829999999999998,30.13943565371445,0.058261069615941
9.839999999999998,30.413402487192695,0.05749008950004995
9.849999999999998,30.68997028293122,0.05674421963816017
9.859999999999998,30.969161042699522,0.056022884351731875
9.87,31.250996980849443,0.05532553074758235
9.879999999999999,31.53550052456108,0.054651627769127104
9.889999999999999,31.82269431389779,0.054000665717066874
9.899999999999999,32.11260120184898,0.05337215577681636
9.909999999999998,32.40524425437047,0.0527656295228507
9.919999999999998,32.70064675031016,0.052180638521841405
9.929999999999998,32.99883218102623,0.051616754194553034
9.939999999999998,33.299824250871474,0.051073566940121794
9.95,33.603646876937646,0.05055068587917664
9.959999999999999,33.910324188881475,0.050047738517174756
9.969999999999999,34.219880528746884,0.049564370397807124
9.979999999999999,34.532340450743426,0.04910024477672696
9.989999999999998,34.84772872091052,0.04865504234685504
9.999999999999998,35.16607031572479,0.04822846145253049
10.009999999999998,35.48739042273987,0.04782021735208078
10.019999999999998,35.81171444010637,0.047430041995199054
10.029999999999998,36.139067975748425,0.04705768395205323
10.04,36.46947684669981,0.04670290825837677
10.049999999999999,36.80296707835756,0.04636549628761552
10.059999999999999,37.13956490364685,0.04604524565018792
10.069999999999999,37.47929676114199,0.045741969838165086
10.079999999999998,37.8221892943344,0.045455498269813904
10.089999999999998,38.168269351209666,0.04518567648738511
10.099999999999998,38.51756398242051,0.044932366000509004
10.109999999999998,38.870100439816,0.04469544430231601
10.12,39.2259061748345,0.04447480491454542
10.129999999999999,39.58500883675297,0.04427035746262223
10.139999999999999,39.94743627020767,0.044082027647940385
10.149999999999999,40.31321651237433,0.04390975721027606
10.159999999999998,40.68237779232388,0.043753504464930655
10.169999999999998,41.0549485278139,0.04361324432164343
10.179999999999998,41.430957322539356,0.04348896848762157
10.189999999999998,41.81043296320357,0.043380685710299585
10.2,42.193404416369056,0.04328842205387374
10.209999999999999,42.57990082451903,0.04321222119808782
10.219999999999999,42.96995149947371,0.043152144718568326
10.229999999999999,43.363585922320475,0.04310827255827326
10.239999999999998,43.760833738047445,0.043080703423408834
10.249999999999998,44.16172475048092,0.04306955523267117
10.259999999999998,44.5662889172363,0.04307496561494793
10.269999999999998,44.974556344320916,0.0430970924490659
10.279999999999998,45.386557280187134,0.04313611446477365
10.29,45.802322105348196,0.04319223227566481
10.299999999999999,46.22188132939487,0.04326566871496829
10.309999999999999,46.64526558431827,0.043356669532398265
10.319999999999999,47.07250561560654,0.04346550431200341
10.329999999999998,47.50363227393008,0.04359246734268096
10.339999999999998,47.938676506287386,0.043737878548943204
10.349999999999998,48.377669346586515,0.043902084484402235
10.359999999999998,48.82064190005657,0.04408545993926769
10.37,49.26762533300527,0.04428840902935015
10.379999999999999,49.71865086733967,0.04451136582382194
10.389999999999999,50.17374976440834,0.04475479603066269
10.399999999999999,50.632953311531345,0.045019198425105454
10.409999999999998,51.096292807680044,0.04530510636926102
10.419999999999998,51.56379954826609,0.04561308942698501
10.429999999999998,52.03550480427014,0.04594375558690511
10.439999999999998,52.5114397963552,0.04629775402396753
10.45,52.99163569254414,0.046675775324307285
10.459999999999999,53.47612358151306,0.04707855433207457
10.469999999999999,53.96493445049905,0.047506872498085384
10.479999999999999,54.45809916232067,0.047961560321838216
10.489999999999998,54.95564843098169,0.048443499943775656
10.499999999999998,55.457612792537894,0.04895362825316388
10.509999999999998,55.96402255510448,0.04949294228740023
10.519999999999998,56.47490779663405,0.05006249936148167
10.529999999999998,56.9902983268786,0.050663421135914925
10.54,57.51022364949275,0.05129689766135458
10.549999999999999,58.034712925088265,0.05196419131028525
10.559999999999999,58.56379493199695,0.052666640952813856
10.569999999999999,59.09749802385126,0.05340566647691125
10.579999999999998,59.635850056302566,0.05418277680098173
10.589999999999998,60.17887835571301,0.054999573093172986
10.599999999999998,60.72660967451765,0.05585775348710031
10.609999999999998,61.27907012553169,0.05675912017199787
10.62,61.83628512038813,0.057705585991726
10.629999999999999,62.39827930367996,0.058699181510736616
10.639999999999999,62.96507647984008,0.059742062898638974
10.649999999999999,63.536699540013146,0.06083651976640366
10.659999999999998,64.11317038252616,0.061984983714064704
10.669999999999998,64.69450982662214,0.06319003762763264
10.679999999999998,65.28073752136244,0.06445442549575317
10.689999999999998,65.87187184688749,0.06578106308089299
10.699999999999998,66.46792976755228,0.06717305431724199
10.709999999999999,67.0689267411559,0.06863370088248195
10.719999999999999,67.67487660116241,0.07016651494755487
10.729999999999999,68.28579141138792,0.07177523516490812
10.739999999999998,68.90168132015935,0.07346384261345042
10.749999999999998,69.52255441847313,0.07523657570665826
10.759999999999998,70.14841656272604,0.07709795002817323
10.769999999999998,70.77927119455693,0.07905277812386399
10.779999999999998,71.41511915321897,0.08110618991827492
10.79,72.05595846803999,0.08326365557088859
10.799999999999999,72.70178408150888,0.08553101766897997
10.809999999999999,73.35258765114422,0.08791451191417986
10.819999999999999,74.00835729225993,0.09042079565623963
10.829999999999998,74.6690772883061,0.09305698050115503
10.839999999999998,75.334727785356,0.09583066638060975
10.849999999999998,76.00528441407683,0.09874998245151793
10.859999999999998,76.68071797819776,0.10182362310297079
10.87,77.36099407111872,0.10506089083733322
10.879999999999999,78.04607265580425,0.1084717431022523
10.889999999999999,78.73590761506927,0.11206684298273883
10.899999999999999,79.43044621437717,0.11585762222385104
10.909999999999998,80.1296286316399,0.1198563321719025
10.919999999999998,80.83338739116694,0.12407610818039556
10.929999999999998,81.54164675113367,0.12853103961158233
10.939999999999998,82.25432203904975,0.13323624547377666
10.949999999999998,82.97131882653457,0.1382079675889708
10.959999999999999,83.69253222696003,0.14346365140996725
10.969999999999999,84.41784603318885,0.14902204437504038
10.979999999999999,85.14713178889772,0.15490330223876722
10.989999999999998,85.88024786462589,0.16112909725458602
10.999999999999998,86.6170383300927,0.16772274604310017
11.009999999999998,87.35733181485288,0.17470934129767052
11.019999999999998,88.10094024743334,0.18211589731698835
11.029999999999998,88.84765734082865,0.1899715229390019
11.04,89.59725725554104,0.19830757792647544
11.049999999999999,90.3494929636681,0.207157861744721
11.059999999999999,91.10409449181356,0.21655881661244447
11.069999999999999,91.8607670139786,0.22654974782848888
11.079999999999998,92.61918882818675,0.23717305838159355
11.089999999999998,93.37900914322896,0.24847450514592462
11.099999999999998,94.139845676885,0.26050347683026076
11.109999999999998,94.90128202400562,0.27331329806959503
11.119999999999997,95.66286491178266,0.2869615478258323
11.129999999999999,96.42410116997604,0.30151040985035954
11.139999999999999,97.18445444160577,0.31702705062570613
11.149999999999999,97.94334157145897,0.33358402905918827
11.159999999999998,98.70012889950588,0.3512597295934182
11.169999999999998,99.45412812672384,0.37013883390231545
11.179999999999998,100.20459193211101,0.39031281801840817
11.189999999999998,100.95070931470434,0.4118804740751804
11.199999999999998,101.69160043162128,0.4349485039502932
11.209999999999999,102.42631119522139,0.45963212471173737
11.219999999999999,103.15380754896432,0.48605570137823884
11.229999999999999,103.87296947514457,0.5143533881687691
11.239999999999998,104.58258429421042,0.5446698846049312
11.249999999999998,105.28133990473125,0.5771611525067191
11.259999999999998,105.96781759885124,0.6119951748639129
11.269999999999998,106.64048450171914,0.6493527418966589
11.279999999999998,107.29768577990325,0.6894282405890936
11.29,107.93763654004633,0.7324304523702597
11.299999999999999,108.55841357308577,0.7785833363111189
11.309999999999999,109.15794698832455,0.8281267856999536
11.319999999999999,109.73401185500407,0.8813173366983513
11.329999999999998,110.28421997865067,0.9384288055175097
11.339999999999998,110.80601198858932,0.999752823076154
11.349999999999998,111.29664994477092,1.0655992315030942
11.359999999999998,111.7532107081536,1.1362963009996239
11.369999999999997,112.17258025724755,1.2121907370144624
11.379999999999999,112.55144971374574,1.2936473498729966
11.389999999999999,112.88631283611994,1.3810484346277638
11.399999999999999,113.17346598013387,1.4747926922411143
11.409999999999998,113.40901078751554,1.575293659668326
11.419999999999998,113.58886033119737,1.6829775349380796
11.429999999999998,113.70874922916711,1.7982803228044164
11.439999999999998,113.7642485625612,1.921644179965818
11.449999999999998,113.75078617154286,2.053512880636884
11.459999999999999,113.66367321881381,2.1943262811247064
11.469999999999999,113.49813770112063,2.3445137058128047
11.479999999999999,113.24936551116755,2.504486191639827
11.489999999999998,112.91254994753852,2.674627446157269
11.499999999999998,112.4829499067394,2.8552835702893717
11.509999999999998,111.95595653590497,3.0467517764546295
11.519999999999998,111.32716950456673,3.249267647942688
11.529999999999998,110.59248175286801,3.46299142964648
11.539999999999997,109.74817148214318,3.68799373857018
11.549999999999999,108.79100083853508,3.92424063287896
11.559999999999999,107.71831946009898,4.171578541575821
11.569999999999999,106.52816989820029,4.4297196545456705
11.579999999999998,105.21939217992292,4.698228276917968
11.589999999999998,103.79172389294112,4.976508819355487
11.599999999999998,102.24589174842943,5.263796139835985
11.609999999999998,100.58369000793736,5.559149017688351
11.619999999999997,98.80804248340681,5.861447295781333
11.629999999999999,96.9230421141216,6.169393607110047
11.639999999999999,94.93396441295084,6.4815202517373045
11.649999999999999,92.84725364165125,6.796201094616515
11.659999999999998,90.67047531945154,7.111669599911031
11.669999999999998,88.41224492233292,7.426040721994808
11.679999999999998,86.08211445458801,7.737339910208253
11.689999999999998,83.69043901595066,8.04353467854907
11.699999999999998,81.248216234845,8.342569921478448
11.709999999999999,78.76690479840302,8.632405593255513
11.719999999999999,76.2582318201672,8.911054598249429
11.729999999999999,73.73399302345531,9.176620250747666
11.739999999999998,71.20585444669989,9.427331460278257
11.749999999999998,68.68516259636307,9.66157444818244
11.759999999999998,66.18276947234,9.877919913495745
11.769999999999998,63.708878323102624,10.075144647321103
11.779999999999998,61.27291372936817,10.252247241639584
11.789999999999997,58.8834201844759,10.40845733002637
11.799999999999999,56.54798763749555,10.543238975765236
11.809999999999999,54.27320831380274,10.656287633729004
11.819999999999999,52.064658989400264,10.747522232596447
11.829999999999998,49.92690844263242,10.817072566924546
11.839999999999998,47.86354812317194,10.865262734103139
11.849999999999998,45.87723878371299,10.89259215216364
11.859999999999998,43.96977308308452,10.899714335520096
11.869999999999997,42.14214787730339,10.887414804376252
11.879999999999999,40.39464314255661,10.856588668851671
11.889999999999999,38.72690492018559,10.80821857885543
11.899999999999999,37.1380282570128,10.743353706625394
11.909999999999998,35.6266392209013,10.663089906471821
11.919999999999998,34.19097257876879,10.568551755039783
11.929999999999998,32.828945028643886,10.460876298400885
11.939999999999998,31.538222671656722,10.341198750107406
11.949999999999998,30.31628139630471,10.210640303078591
11.959999999999997,29.160461377930194,10.070297687181764
11.969999999999999,28.068014376972005,9.921234685444704
11.979999999999999,27.036144568934255,9.764475343135985
11.989999999999998,26.062043641102374,9.600998660599297
11.999999999999998,25.142919715462185,9.431734774931469
12.009999999999998,24.276021376500918,9.257562307629415
12.019999999999998,23.458657031003543,9.0793067896665
12.029999999999998,22.688210030679212,8.89774000528591
12.039999999999997,21.962150290819885,8.713580071567353
12.049999999999999,21.278042792776894,8.527492170361208
12.059999999999999,20.633553499313525,8.340089739546116
12.069999999999999,20.026452879805603,8.151936125586131
12.079999999999998,19.45461781072381,7.963546455148631
12.089999999999998,18.916031751172117,7.775389811166544
12.099999999999998,18.408783868444548,7.587891488812294
12.109999999999998,17.93106708230324,7.401435389973299
12.119999999999997,17.481175374416683,7.2163664522266995
12.129999999999999,17.05750061191759,7.032993062803488
12.139999999999999,16.658528787872992,6.851589492272831
12.149999999999999,16.2828361923573,6.672398219460487
12.159999999999998,15.929085182864252,6.495632246733837
12.169999999999998,15.59602004765473,6.321477280978173
12.179999999999998,15.282462723797323,6.150093853274973
12.189999999999998,14.987308633378827,5.981619314566025
12.199999999999998,14.7095224653887,5.816169759800554
12.209999999999997,14.448134240480812,5.653841798660183
12.219999999999999,14.202235387562796,5.494714249927341
12.229999999999999,13.970975015416592,5.338849719583054
12.239999999999998,13.753556325570491,5.186296080203386
12.249999999999998,13.549233216816447,5.037087842519428
12.259999999999998,13.35730705925002,4.891247431686346
12.269999999999998,13.177123624578957,4.748786375938669
12.279999999999998,13.008070201870197,4.609706402397285
12.289999999999997,12.849572887759042,4.474000448847177
12.299999999999999,12.701094029080192,4.341653599010268
12.309999999999999,12.562129832121872,4.212643941013339
12.319999999999999,12.432208114903956,4.086943358696118
12.329999999999998,12.310886214190582,3.9645182559160013
12.339999999999998,12.19774902089411,3.8453302217003023
12.349999999999998,12.092407154263185,3.7293366367686063
12.359999999999998,11.994495240150036,3.616491232114327
12.369999999999997,11.90367032088949,3.5067445950888003
12.379999999999997,11.819610395236793,3.4000446256049925
12.389999999999999,11.742012997711816,3.296336963608883
12.399999999999999,11.67059393292273,3.1955653667490593
12.409999999999998,11.605086078987028,3.0976720559437303
12.419999999999998,11.545238253153391,3.002598031189324
12.429999999999998,11.490814190292143,2.910283352370017
12.439999999999998,11.44159156869131,2.8206673953472605
12.449999999999998,11.397361107698714,2.733689082070703
12.459999999999997,11.357925736826088,2.6492870873204444
12.469999999999999,11.32309981149605,2.567400023130198
12.479999999999999,11.292708388899392,2.4879666046170046
12.489999999999998,11.266586554157087,2.4109257981511845
12.499999999999998,11.244578790486282,2.336216951045712
12.509999999999998,11.226538393457163,2.2637799087637522
12.519999999999998,11.212326925965574,2.1935551169138563
12.529999999999998,11.2018137109993,2.1254837101547572
12.539999999999997,11.194875356434165,2.0595075921719226
12.549999999999999,11.191395315227519,1.9955695024333606
12.559999999999999,11.19126347399214,1.9336130746361109
12.569999999999999,11.194375767103441,1.8735828878864837
12.579999999999998,11.200633821173035,1.8154245073071678
12.589999999999998,11.209944618451575,1.7590845204039955
12.599999999999998,11.22222018484577,1.7045105656696677
12.609999999999998,11.237377302673025,1.6516513531206987
12.619999999999997,11.255337239125183,1.6004566815275867
12.629999999999997,11.276025479050764,1.5508774583027343
12.639999999999999,11.299371497414791,1.5028657025759038
12.649999999999999,11.325308539964409,1.4563745484452728
12.659999999999998,11.353773411583258,1.4113582481829263
12.669999999999998,11.384706270394542,1.3677721758823898
12.679999999999998,11.418050460242318,1.3255728159268505
12.689999999999998,11.45375233785214,1.2847177571035633
12.699999999999998,11.49176110536026,1.245165687314943
12.709999999999997,11.532028659976392,1.2068763828858833
12.719999999999999,11.574509460990008,1.1698106922563138
12.729999999999999,11.619160395521423,1.1339305231719996
12.739999999999998,11.66594064653774,1.099198831315624
12.749999999999998,11.714811583204607,1.065579600907551
12.759999999999998,11.765736652703746,1.0330378270459044
12.769999999999998,11.8186812752308,1.001539498733364
12.779999999999998,11.873612741969053,0.9710515824923724
12.789999999999997,11.930500131737194,0.9415420000700708
12.799999999999997,11.989314224109007,0.9129796093693796
12.809999999999999,12.050027415554347,0.8853341862602231
12.819999999999999,12.112613644127896,0.8585764042269738
12.829999999999998,12.177048321034805,0.8326778126189825
12.839999999999998,12.243308262475326,0.8076108167271736
12.849999999999998,12.311371622445654,0.7833486588794054
12.859999999999998,12.381217836286979,0.7598653966508574
12.869999999999997,12.452827564508308,0.7371358823963501
12.879999999999997,12.526182638493632,0.7151357434820976
12.889999999999999,12.601266008277456,0.6938413631197468
12.899999999999999,12.678061698002699,0.6732298591315775
12.909999999999998,12.756554760484748,0.6532790645705113
12.919999999999998,12.8367312326322,0.6339675092286362
12.929999999999998,12.91857809644649,0.6152744000376236
12.939999999999998,13.002083242748354,0.5971796015263672
12.949999999999998,13.08723543535906,0.5796636172561584
12.959999999999997,13.174024275154508,0.5627075724675631
12.969999999999999,13.26244016431239,0.5462931977599085
12.979999999999999,13.352474282485076,0.5304028087260587
12.989999999999998,13.444118555987606,0.5150192896366333
12.999999999999998,13.537365630357908,0.5001260766679653
13.009999999999998,13.632208841063505,0.48570714278241756
13.019999999999998,13.728642192600212,0.471746980191181
13.029999999999998,13.826660334912669,0.4582305847377311
13.039999999999997,13.926258541296761,0.4451434405360701
13.049999999999997,14.027432684943602,0.43247150612683966
13.059999999999999,14.130179220224457,0.4202011993469573
13.069999999999999,14.234495165027356,0.40831938255409533
13.079999999999998,14.340378082306453,0.3968133490121747
13.089999999999998,14.447826062304868,0.3856708096735318
13.099999999999998,14.55683770532093,0.3748798804379873
13.109999999999998,14.667412108334982,0.3644290686161656
13.119999999999997,14.779548849766854,0.3543072607380891
13.129999999999997,14.893247975462703,0.3445037104993192
13.139999999999999,15.008509983934893,0.3350080274935998
13.149999999999999,15.12533581539092,0.32581016528227846
13.159999999999998,15.243726839517125,0.3169004103721206
13.169999999999998,15.363684844022353,0.3082693714562087
13.179999999999998,15.485212023000457,0.2999079693823644
13.189999999999998,15.608310967022497,0.29180742681177646
13.199999999999998,15.732984653639885,0.28395925823458745
13.209999999999997,15.85923643791085,0.2763552605270795
13.219999999999999,15.987070043113205,0.26898750378480846
13.229999999999999,16.116489551833602,0.2618483224450071
13.239999999999998,16.247499398757505,0.25493030641925196
13.249999999999998,16.3801043626727,0.24822629272608016
13.259999999999998,16.514309559094396,0.2417293573523683
13.269999999999998,16.6501204328268,0.23543280755649149
13.279999999999998,16.7875427518187,0.22933017399534977
13.289999999999997,16.92658260077295,0.2234152033547978
13.299999999999997,17.06724637509364,0.21768185118974956
13.309999999999999,17.20954077438749,0.21212427514025037
13.319999999999999,17.353472797725445,0.20673682805756916
13.329999999999998,17.499049738698282,0.20151405144471712
13.339999999999998,17.646279180397762,0.19645066917480797
13.349999999999998,17.795168990901523,0.1915415813568773
13.359999999999998,17.94572731870527,0.18678185846373627
13.369999999999997,18.097962585055164,0.18216673641084313
13.379999999999997,18.251883483787214,0.17769161014775597
13.389999999999999,18.407498977351054,0.17335202834667693
13.399999999999999,18.564818292681526,0.16914368833998666
13.409999999999998,18.723850917896886,0.16506243107371452
13.419999999999998,18.88460659863608,0.16110423640323088
13.429999999999998,19.04709533198529,0.15726521941807936
13.439999999999998,19.21132736742009,0.1535416245832555
13.449999999999998,19.377313203112568,0.14992982164602378
13.459999999999997,19.545063582888858,0.14642630150264369
13.469999999999997,19.714589493649616,0.14302767207901423
13.479999999999999,19.885902163085646,0.13973065459497094
13.489999999999998,20.059013057848855,0.1365320804541967
13.499999999999998,20.23393388056441,0.13342888640925105
13.509999999999998,20.41067656797298,0.13041811135354775
13.519999999999998,20.589253288945226,0.12749689291020158
13.529999999999998,20.769676442540177,0.12466246407641
13.539999999999997,20.951958657144804,0.12191215030793569
13.549999999999997,21.136112790093108,0.11924336683876087
13.559999999999999,21.322151923343082,0.11665361474554795
13.569999999999999,21.51008936310438,0.11414047841041994
13.579999999999998,21.6999386384901,0.11170162272162341
13.589999999999998,21.891713500183698,0.10933479034331528
13.599999999999998,22.08542792023656,0.10703779951210649
13.609999999999998,22.281096091291257,0.10480854165024248
13.619999999999997,22.47873242385856,0.10264497822350797
13.629999999999997,22.67835154615369,0.1005451387136575
13.639999999999999,22.87996830319661,0.09850711833451727
13.649999999999999,23.08359775596216,0.096529075816853
13.659999999999998,23.28925518158843,0.09460923181016462
13.669999999999998,23.496956072368917,0.09274586665980168
13.679999999999998,23.7067161343576,0.09093731801019325
13.689999999999998,23.918551287259238,0.08918197914526144
13.699999999999998,24.132477663906737,0.08747829713843222
13.709999999999997,24.348511609800195,0.08582477107335776
13.719999999999997,24.566669683507797,0.08421995089213363
13.729999999999999,24.786968655733613,0.08266243534137109
13.739999999999998,25.009425508748286,0.08115087019706285
13.749999999999998,25.234057436367248,0.07968394689577737
13.759999999999998,25.460881843716983,0.07826040104312781
13.769999999999998,25.689916347079393,0.0768790110122296
13.779999999999998,25.921178774384643,0.07553859716803603
13.789999999999997,26.154687164410145,0.0742380198942144
13.799999999999997,26.390459766697866,0.07297617831178323
13.809999999999999,26.628515041627082,0.07175200916108095
13.819999999999999,26.868871660371614,0.07056448559315026
13.829999999999998,27.111548504874634,0.06941261599504404
13.839999999999998,27.356564668245547,0.06829544329668544
13.849999999999998,27.603939455250956,0.0672120443976158
13.859999999999998,27.853692381274485,0.06616152792167389
13.869999999999997,28.105843172864322,0.06514303374050061
13.879999999999997,28.360411767851655,0.06415573204176622
13.889999999999997,28.617418315461688,0.06319882240794632
13.899999999999999,28.876883176439613,0.06227153295355355
13.909999999999998,29.138826923332207,0.06137312012331337
13.919999999999998,29.403270340482717,0.060502867290854224
13.929999999999998,29.670234424147814,0.05966008389423573
13.939999999999998,29.939740382676167,0.05884410485704362
13.949999999999998,30.211809636645114,0.05805428986845742
13.959999999999997,30.486463818992615,0.05729002268666621
13.969999999999997,30.763724775164835,0.05655071071386397
13.979999999999999,31.043614563274414,0.05583578481107647
13.989999999999998,31.32615545412928,0.05514469782956878
13.999999999999998,31.61136993135818,0.05447692437538915
14.009999999999998,31.899280691492876,0.053831960291826374
14.019999999999998,32.18991064403084,0.05320932213893128
14.029999999999998,32.48328291146489,0.05260854670658467
14.039999999999997,32.779420828800795,0.05202919104698745
14.049999999999997,33.078347943903225,0.051470831653874234
14.059999999999999,33.380088017583645,0.05093306389467794
14.069999999999999,33.68466502334093,0.05041550178326769
14.079999999999998,33.99210314722178,0.04991777761340808
14.089999999999998,34.302426787641544,0.049439541611039535
14.099999999999998,34.61566055487365,0.048980461751431545
14.109999999999998,34.93182926998792,0.048540223849964634
14.119999999999997,35.2509579657757,0.04811853064002332
14.129999999999997,35.57307188587811,0.04771510175068858
14.139999999999997,35.898196484230425,0.047329673512817326
14.149999999999999,36.226357424497444,0.04696199875577127
14.159999999999998,36.557580579423636,0.04661184662757128
14.169999999999998,36.891892028677525,0.046279002862634186
14.179999999999998,37.22931805883115,0.04596326940475407
14.189999999999998,37.56988516315553,0.045664464078547906
14.199999999999998,37.91362003998526,0.04538242068139242
14.209999999999997,38.26054959154553,0.04511698892710523
14.219999999999997,38.61070092267498,0.044868034409624905
14.229999999999999,38.964101338817734,0.04463543870769961
14.239999999999998,39.32077834217991,0.044419099844669734
14.249999999999998,39.68075963335348,0.04421893167924965
14.259999999999998,40.04407310844323,0.044034864167771984
14.269999999999998,40.41074685672775,0.04386684351656503
14.279999999999998,40.78080915840971,0.043714832309936474
14.289999999999997,41.15428848218975,0.04357880966383215
14.299999999999997,41.53121347834725,0.04345877204769127
14.309999999999997,41.91161297796121,0.04335473318876763
14.319999999999999,42.29551599318411,0.043266723816255376
14.329999999999998,42.68295171148777,0.043194792299769635
14.339999999999998,43.07394949199944,0.04313900497144505
14.349999999999998,43.468538861595455,0.043099446478312604
14.359999999999998,43.86674951074369,0.04307622016558874
14.369999999999997,44.26861128908424,0.04306944849157347
14.379999999999997,44.674154197419256,0.043079273910141096
14.389999999999997,45.08340836898433,0.043105861154865165
14.399999999999999,45.496404085277376,0.043149394986962936
14.409999999999998,45.913171763279145,0.043210081689692446
14.419999999999998,46.333741947033936,0.04328814998548959
14.429999999999998,46.75814530033507,0.043383851802007545
14.439999999999998,47.18641259893237,0.04349746309423463
14.449999999999998,47.61857472223841,0.04362928472521066
14.459999999999997,48.054662644460606,0.04377964341145985
14.469999999999997,48.49470741347843,0.04394889356416193
14.479999999999999,48.93874014672431,0.04413741794806954
14.489999999999998,49.386792028683004,0.04434562825248097
14.499999999999998,49.83889429284771,0.044573966795044176
14.509999999999998,50.29507820894671,0.04482290788049472
14.519999999999998,50.75537506936793,0.0450929592472371
14.529999999999998,51.219816174742974,0.04538466360579745
14.539999999999997,51.688432818652295,0.04569860027330571
14.549999999999997,52.16125626596206,0.04603538742966564
14.559999999999997,52.638317714338214,0.046395685996119714
14.569999999999999,53.11964830934535,0.04678019840084
14.579999999999998,53.60527911357099,0.04718967175699208
14.589999999999998,54.09524108246756,0.04762490041292855
14.599999999999998,54.589565041192444,0.04808672842219858
14.609999999999998,55.08828166005625,0.048576052162823284
14.619999999999997,55.59142142851619,0.04909382311255198
14.629999999999997,56.09901462748008,0.04964105080419365
14.639999999999997,56.6110912673129,0.05021880925196173
14.649999999999999,57.127681066716455,0.050828239263823856
14.659999999999998,57.64881343944274,0.05147054997434119
14.669999999999998,58.174517440504104,0.052147024476319165
14.679999999999998,58.70482172407473,0.05285902428467641
14.689999999999998,59.239754498494186,0.0536079941054692
14.699999999999998,59.779343480829105,0.054395466786642685
14.709999999999997,60.323615858272106,0.055223068068500684
14.719999999999997,60.87259821814324,0.05609252319559549
14.729999999999997,61.42631649523855,0.05700566278247382
14.739999999999998,61.98479591280014,0.057964429216619984
14.749999999999998,62.54806091855879,0.05897088353056643
14.759999999999998,63.11613511689367,0.060027212699362696
14.769999999999998,63.6890411543363,0.06113574201320096
14.779999999999998,64.26680063521114,0.06229894417946354
14.789999999999997,64.84943406998119,0.06351944487588579
14.799999999999997,65.43696075596905,0.06480003566121895
14.809999999999997,66.02939866998057,0.06614368560029704
14.819999999999999,66.62676437805627,0.06755355096283608
14.829999999999998,67.22907294055078,0.06903298542781039
14.839999999999998,67.8363377361796,0.07058555931364176
14.849999999999998,68.44857034978108,0.07221507168188075
14.859999999999998,69.06578043165001,0.07392556559566692
14.869999999999997,69.68797552163541,0.07572134779788371
14.879999999999997,70.31516081778722,0.07760701545577883
14.889999999999997,70.94733908548893,0.07958746430316135
14.899999999999999,71.58451043397008,0.08166791393903065
14.909999999999998,72.2266721050047,0.08385393130844464
14.919999999999998,72.87381820419392,0.08615145944142244
14.929999999999998,73.52593945396013,0.08856684468790013
14.939999999999998,74.18302297581579,0.0911068618066422
14.949999999999998,74.8450519878254,0.09377874688984561
14.959999999999997,75.51200549959313,0.09659023125324497
14.969999999999997,76.18385790016528,0.09954959000558121
14.979999999999997,76.86057864452044,0.10266567591241538
14.989999999999998,77.54213187362474,0.10594796208661766
14.999999999999998,78.22847597592171,0.10940659142586942
15.009999999999998,78.9195631100433,0.11305242730416794
15.019999999999998,79.61533873829306,0.11689710909216595
15.029999999999998,80.3157410972831,0.12095311090228245
15.039999999999997,81.0207005833935,0.12523381249465376
15.049999999999997,81.73013907968952,0.12975357780381147
15.059999999999997,82.4439693716029,0.1345278182651911
15.069999999999999,83.16209439273297,0.13957308029657592
15.079999999999998,83.88440634404762,0.14490714471929939
15.089999999999998,84.61078586201327,0.1505491222614568
15.099999999999998,85.34110114248118,0.1565195545308955
15.109999999999998,86.07520690849883,0.16284053211774704
15.119999999999997,86.81294319402345,0.16953583600671035
15.129999999999997,87.55413427155271,0.17663105987368596
15.139999999999997,88.29858738346996,0.18415375648447369
15.149999999999997,89.04609131331635,0.19213360272565427
15.159999999999998,89.79641472371868,0.20060259114466894
15.169999999999998,90.54930465253243,0.20959520424027595
15.179999999999998,91.3044846983494,0.2191486242929762
15.189999999999998,92.06165311749152,0.22930295397050346
15.199999999999998,92.8204807446464,0.24010145697171972
15.209999999999997,93.58060873730024,0.25159081923097343
15.219999999999997,94.3416459819183,0.26382144806968805
15.229999999999997,95.10316660125035,0.2768477618649219
15.239999999999998,95.86470706500013,0.2907285237112316
15.249999999999998,96.62576302003171,0.3055272050515348
15.259999999999998,97.38578603344045,0.3213123632408627
15.269999999999998,98.14417998850573,0.3381580556753173
15.279999999999998,98.90029712982552,0.356144290047234
15.289999999999997,99.65343397416262,0.3753574954646008
15.299999999999997,100.40282682691812,0.3958910329170294
15.309999999999997,101.14764689314052,0.41784574097583627
15.319999999999999,101.88699519061196,0.44133051695736425
15.329999999999998,102.61989704389855,0.466462933472817
15.339999999999998,103.34529625980738,0.49336987086207806
15.349999999999998,104.0620488497793,0.5221882209381189
15.359999999999998,104.7689164115682,0.5530656095958776
15.369999999999997,105.46455933186027,0.5861611036220151
15.379999999999997,106.14752939161716,0.6216460002443732
15.389999999999997,106.81626217846767,0.6597046112447731
15.399999999999997,107.46906920664675,0.7005350578596367
15.409999999999998,108.10412960014544,0.7443500949541674
15.419999999999998,108.7194821163876,0.7913778271005758
15.429999999999998,109.3130166189401,0.8418624803592973
15.439999999999998,109.88246573491986,0.8960651059809875
15.449999999999998,110.42539655718026,0.9542642147446951
15.459999999999997,110.93920313297888,1.0167562227685478
15.469999999999997,111.42109894948602,1.0838558544534636
15.479999999999997,111.86811084018863,1.1558962659403278
15.489999999999998,112.277073443056,1.2332290095297769
15.499999999999998,112.64462577607542,1.316223599800221
15.509999999999998,112.96720903717754,1.4052668224492224
15.519999999999998,113.24106767694072,1.5007614725097005
15.529999999999998,113.46225250386507,1.6031246947511184
15.539999999999997,113.62662822956625,1.7127855806901906
15.549999999999997,113.72988435111944,1.8301821692288707
15.559999999999997,113.76755184346742,1.955757517480345
15.569999999999999,113.735024680151,2.089954949217967
15.579999999999998,113.62758846180061,2.2332122190533057
15.589999999999998,113.44045568177047,2.385954598541883
15.599999999999998,113.16880903907227,2.5485868068256368
15.609999999999998,112.80785324803692,2.721483625329676
15.619999999999997,112.35287511116589,2.904979435214761
15.629999999999997,111.79931366105757,3.099356281016413
15.639999999999997,111.14283786625569,3.304831099596185
15.649999999999997,110.37943307636687,3.521541931391211
15.659999999999998,109.50549595715964,3.749533126221556
15.669999999999998,108.51793443073177,3.988740425553347
15.679999999999998,107.41427157082687,4.238976076684568
15.689999999999998,106.19275111709545,4.499914362914526
15.699999999999998,104.8524416971297,4.771078257481792
15.709999999999997,103.39333466985155,5.05182805414428
15.719999999999997,101.81643275229018,5.3413524206012
15.729999999999997,100.12382478249494,5.638662753548374
15.739999999999998,98.31874131760995,5.942591606369912
15.749999999999998,96.40558836779611,6.251795616423165
15.759999999999998,94.38995382091642,6.564763692362713
15.769999999999998,92.27858549221678,6.879830413790415
15.779999999999998,90.07933571212709,7.195195524332666
15.789999999999997,87.8010795995523,7.508947338551932
15.799999999999997,85.45359708829228,7.819092527539532
15.809999999999997,83.04742967754363,8.123589214791972
15.819999999999997,80.59371543051209,8.420382544485495
15.829999999999998,78.10400359847057,8.707442774321443
15.839999999999998,75.59005891615814,8.9828032378027
15.849999999999998,73.06366169163985,9.244597238044054
15.859999999999998,70.53641131890413,9.491092460647312
15.869999999999997,68.01953948896,9.720721604356251
15.879999999999997,65.52374029625994,9.932108123019415
15.889999999999997,63.05902219424241,10.124086324558395
15.899999999999997,60.634585156406864,10.295715420349186
15.909999999999998,58.25872632313091,10.446287181496157
15.919999999999998,55.93877461986371,10.575327446605993
15.929999999999998,53.68105346976321,10.682591947254913
15.939999999999998,51.490870592152135,10.768056930467425
15.949999999999998,49.37253214163284,10.831905395089434
15.959999999999997,47.329377394287334,10.87450990505477
15.969999999999997,45.36383048583419,10.896412829658738
15.979999999999997,43.47746571374943,10.898304858308226
15.989999999999998,41.6710819681217,10.8810027370084
15.999999999999998,39.94478306142188,10.845426901703256
16.009999999999998,38.29806089143888,10.7925796338168
16.019999999999996,36.72987854217547,10.723524286919362
16.029999999999998,35.23875062556008,10.6393661017821
16.04,33.8228209204967,10.541234399686362
16.049999999999997,32.47993333597384,10.430267062445843
16.06,31.207697819538375,10.307596719942143
16.069999999999997,30.003549456620444,10.17433897431461
16.08,28.86480046675933,10.031582613208746
16.089999999999996,27.7886863624798,9.880381460136032
16.099999999999998,26.772404881277524,9.721748067319911
16.109999999999996,25.813149378129534,9.556648816353785
16.119999999999997,24.90813663963506,9.386000385012457
16.13,24.054629382944178,9.21066743783176
16.139999999999997,23.24995456217357,9.031461285501141
16.15,22.491517490076504,8.84913944823532
16.159999999999997,21.776812587004567,8.664405914734475
16.169999999999998,21.103431142047246,8.477912011709302
16.179999999999996,20.4690665304589,8.290257732219574
16.189999999999998,19.871517337157393,8.101993438117125
16.2,19.30868865426312,7.9136218588649845
16.209999999999997,18.778592234253455,7.725600193630266
16.22,18.27934485687595,7.538342567211009
16.229999999999997,17.80916662407479,7.352222285444521
16.24,17.366377708927196,7.167574387890207
16.249999999999996,16.94939539643645,6.984697957259788
16.259999999999998,16.556729932569414,6.803858631501233
16.269999999999996,16.186980899127047,6.625290837574729
16.279999999999998,15.838832724513528,6.449200147524135
16.29,15.511050758022401,6.275765377170825
16.299999999999997,15.202476759714333,6.105140737938158
16.31,14.912024951477468,5.937457755305811
16.319999999999997,14.63867770505421,5.772827193554829
16.33,14.38148173230783,5.61134077718955
16.339999999999996,14.139544079703679,5.453072885086972
16.349999999999998,13.912028564533923,5.29808207222732
16.359999999999996,13.698152134089186,5.146412543018084
16.369999999999997,13.497181598699923,4.998095480022799
16.38,13.308430369624507,4.853150312510221
16.389999999999997,13.131255510877155,4.711585865131524
16.4,12.965054847870164,4.573401441415911
16.409999999999997,12.809264332728848,4.438587808731255
16.419999999999998,12.663355501839936,4.307128117064703
16.429999999999996,12.526833178329518,4.178998732696596
16.439999999999998,12.399233196108348,4.054170019289554
16.449999999999996,12.280120378962685,3.932607043213808
16.459999999999997,12.169086613110572,3.814270221211748
16.47,12.065749035933695,3.699115914816239
16.479999999999997,11.969748377068353,3.5870969738561103
16.49,11.880747374769953,3.4781632280039583
16.499999999999996,11.798429330566558,3.3722619417154505
16.509999999999998,11.722496749886165,3.2693382188853324
16.519999999999996,11.652670076288056,3.1693353775216364
16.529999999999998,11.588686515435608,3.07219528734813
16.54,11.530298942064558,2.977858670588077
16.549999999999997,11.477274874435235,2.8862653841089796
16.56,11.429395534999783,2.797354660641566
16.569999999999997,11.386454958566429,2.711065338439042
16.58,11.348259176562328,2.627336058305796
16.589999999999996,11.314625451366723,2.546105443777152
16.599999999999998,11.285381562844798,2.4673122630110207
16.609999999999996,11.260365155963738,2.390895566232106
16.619999999999997,11.239423101578526,2.316794824592498
16.63,11.222410918945211,2.244950043948916
16.639999999999997,11.209192282126889,2.1753018415503806
16.65,11.199638495297915,2.1077915460435404
16.659999999999997,11.193628024230799,2.0423612741268595
16.669999999999998,11.191046065407452,1.978953996138642
16.679999999999996,11.191784135760058,1.9175135982958882
16.689999999999998,11.195739716546116,1.8579849147166292
16.699999999999996,11.202815903447906,1.8003137678969308
16.709999999999997,11.212921034024772,1.7444470283193578
16.72,11.22596841839454,1.6903326195917974
16.729999999999997,11.241876060473277,1.6379195354822933
16.74,11.260566372752722,1.58715786639123
16.749999999999996,11.281965914005989,1.5379988179074602
16.759999999999998,11.306005181665455,1.490394703086431
16.769999999999996,11.33261838472276,1.4442989510493578
16.779999999999998,11.36174323094008,1.399666114286242
16.79,11.393320743547498,1.3564518604074194
16.799999999999997,11.427295083346603,1.3146129670891251
16.81,11.463613374682938,1.2741073167121857
16.819999999999997,11.502225546091456,1.2348938873454078
16.83,11.54308419032934,1.196932739273941
16.839999999999996,11.58614442335741,1.1601850027416551
16.849999999999998,11.63136374907983,1.1246128667422535
16.859999999999996,11.678701942831665,1.0901795604794944
16.869999999999997,11.728120936899009,1.0568493368881173
16.88,11.779584709621414,1.024587456959368
16.889999999999997,11.833059184336504,0.9933601715985351
16.9,11.888512137377196,0.9631347013590811
16.909999999999997,11.945913107194993,0.9338792178984318
16.919999999999998,12.005233306151192,0.9055628260286602
16.929999999999996,12.066445546822667,0.878155541422244
16.939999999999998,12.129524167377998,0.8516282704219891
16.949999999999996,12.194444960115801,0.8259527902338593
16.959999999999997,12.26118509754296,0.801101731909554
16.97,12.329723079635247,0.7770485556711788
16.979999999999997,12.400038673089986,0.7537675313606936
16.99,12.472112854675878,0.7312337185616647
16.999999999999996,12.545927754747268,0.7094229479761764
17.009999999999998,12.621466613289872,0.6883117991773956
17.019999999999996,12.698713732191928,0.6678775810937752
17.029999999999998,12.777654430072975,0.6480983128813422
17.04,12.85827499718163,0.6289527062492819
17.049999999999997,12.94056266065364,0.6104201440463156
17.06,13.024505546109218,0.5924806620545348
17.069999999999997,13.110092641525261,0.5751149308608857
17.08,13.197313761756998,0.5583042385404438
17.089999999999996,13.286159519990566,0.5420304716309051
17.099999999999998,13.37662129705549,0.5262760979733325
17.109999999999996,13.468691212273011,0.5110241498952113
17.119999999999997,13.562362095016129,0.49625820803500714
17.13,13.657627461595625,0.4819623840648298
17.139999999999997,13.754481490396236,0.46812130491099474
17.15,13.852918998390672,0.4547200974241022
17.159999999999997,13.95293541855832,0.44174437358775537
17.169999999999998,14.05452678064761,0.4291802148795661
17.179999999999996,14.157689691202162,0.4170141580134224
17.189999999999998,14.262421314351458,0.4052331809659726
17.199999999999996,14.368719353445762,0.39382468938443976
17.209999999999997,14.476582035497664,0.38277650283749587
17.22,14.586008094796322,0.3720768418544292
17.229999999999997,14.696996757338544,0.3617143154327609
17.24,14.809547726089422,0.35167790885909245
17.249999999999996,14.923661167919766,0.34195697136793846
17.259999999999998,15.039337700355452,0.3325412046078028
17.269999999999996,15.156578378632934,0.3234206514736649
17.279999999999998,15.275384683759393,0.3145856851483142
17.289999999999996,15.39575851204399,0.3060269982008642
17.299999999999997,15.517702164206511,0.2977355922778734
17.31,15.641218335253486,0.2897027680302446
17.319999999999997,15.766310103053936,0.28192011592006927
17.33,15.892980920558076,0.27437950629224284
17.339999999999996,16.02123460714036,0.2670730801592984
17.349999999999998,16.15107534000982,0.25999324038061117
17.359999999999996,16.28250764602016,0.2531326431202481
17.369999999999997,16.41553639336651,0.24648418974064584
17.38,16.550166785421847,0.24004101835197436
17.389999999999997,16.68640435356866,0.2337964960760201
17.4,16.824254950695867,0.22774421144385834
17.409999999999997,16.963724744305015,0.2218779672386681
17.419999999999998,17.10482021072169,0.21619177333657075
17.429999999999996,17.247548129937474,0.21067983967399695
17.439999999999998,17.39191557999873,0.2053365696495436
17.449999999999996,17.53792993186309,0.20015655367806515
17.459999999999997,17.685598843995976,0.1951345630848956
17.47,17.83493025825514,0.19026554393272072
17.479999999999997,17.985932395433235,0.18554461119273657
17.49,18.138613751031137,0.18096704310457104
17.499999999999996,18.292983091099266,0.1765282757367196
17.509999999999998,18.449049448184017,0.17222389774094501
17.519999999999996,18.606822118191474,0.16804964516599183
17.529999999999998,18.766310656797735,0.16400139653958234
17.539999999999996,18.92752487620744,0.16007516808674083
17.549999999999997,19.090474841827415,0.15626710916954228
17.56,19.255170869466355,0.15257349779231297
17.569999999999997,19.421623522655416,0.14899073626534062
17.58,19.589843609969446,0.14551534705053729
17.589999999999996,19.759842182509715,0.14214396873295213
17.599999999999998,19.93163053131501,0.13887335213535998
17.609999999999996,20.10522018540231,0.1357003565456397
17.619999999999997,20.280622909608333,0.13262194608302316
17.63,20.457850702596282,0.1296351861855599
17.639999999999997,20.63691579490149,0.1267372402237984
17.65,20.817830647123635,0.12392536622787037
17.659999999999997,21.000607948403893,0.1211969137101662
17.669999999999998,21.18526061481825,0.11854932061412811
17.679999999999996,21.371801787912027,0.11598011036127201
17.689999999999998,21.560244833126756,0.11348688899154655
17.699999999999996,21.750603338738077,0.11106734241916252
17.709999999999997,21.942891114692852,0.10871923377552978
17.72,22.137122191481097,0.10644040084206187
17.729999999999997,22.333310819144536,0.10422875357399995
17.74,22.531471466281022,0.10208227170645476
17.749999999999996,22.731618818379285,0.09999900241179749
17.759999999999998,22.93376777793357,0.09797705810820119
17.769999999999996,23.137933463613876,0.09601461430209739
17.779999999999998,23.344131209482054,0.0941099075030522
17.789999999999996,23.55237656440057,0.09226123321438164
17.799999999999997,23.762685291387534,0.0904669440070923
17.81,23.97507336647393,0.08872544773213693
17.819999999999997,24.189556979081125,0.08703520560139522
17.83,24.406152531427026,0.08539473046288848
17.839999999999996,24.62487663808511,0.08380258511831042
17.849999999999998,24.845746125660952,0.08225738068443006
17.859999999999996,25.068778032537736,0.08075777510472654
17.869999999999997,25.293989608736812,0.07930247196286055
17.88,25.52139831556499,0.07789021852368125
17.889999999999997,25.751021825489886,0.07651980446636442
17.9,25.98287802200939,0.0751900605431487
17.909999999999997,26.21698499953933,0.0738998572533298
17.919999999999998,26.453361063471988,0.07264810373039501
17.929999999999996,26.69202473042525,0.07143374686984812
17.939999999999998,26.932994727711176,0.07025576953441393
17.949999999999996,27.176289993532045,0.06911318964336723
17.959999999999997,27.42192967702814,0.06800505909673324
17.97,27.669933138325064,0.06693046271507337
17.979999999999997,27.920319948721875,0.0658885174185685
17.99,28.173109890916635,0.06487837147871298
17.999999999999996,28.42832295879545,0.06389920306677718
18.009999999999998,28.68597935768041,0.06295021956971152
18.019999999999996,28.94609950445942,0.062030656731284696
18.029999999999998,29.20870402771912,0.061139777814761966
18.039999999999996,29.473813767930235,0.06027687302219858
18.049999999999997,29.741449777610246,0.05944125882247959
18.06,30.011633321381765,0.05863227683891726
18.069999999999997,30.284385876153923,0.05784929332879334
18.08,30.559729131260752,0.05709169851199388
18.089999999999996,30.837684988591192,0.056358905924733166
18.099999999999998,31.118275562618976,0.0556503520325697
18.109999999999996,31.401523180511788,0.05496549563193837
18.119999999999997,31.68745038232275,0.05430381703380484
18.13,31.976079921004636,0.053664817674205584
18.139999999999997,32.26743476246044,0.0530480196083001
18.15,32.5615380855684,0.0524529650291624
18.159999999999997,32.85841328182531,0.0518792161093728
18.169999999999998,33.15808395551187,0.05132635439811034
18.179999999999996,33.46057392380868,0.05079398025273977
18.189999999999998,33.76590721653142,0.050281712585357144
18.199999999999996,34.07410807597133,0.04978918850646947
18.209999999999997,34.385200956695535,0.04931606298919937
18.22,34.69921052530058,0.048862008553596965
18.229999999999997,35.0161616595758,0.04842671522400008
18.24,35.336079447736026,0.04800989044978814
18.249999999999996,35.65898918916278,0.04761125831656065
18.259999999999998,35.98491639330752,0.04723055960727507
18.269999999999996,36.31388677905274,0.04686755164005505
18.279999999999998,36.64592627400599,0.046522008127569035
18.289999999999996,36.98106101370743,0.04619371906387999
18.299999999999997,37.31931734047076,0.045882490556453756
18.31,37.66072180133327,0.045588144450523026
18.319999999999997,38.00530114849546,0.04531051875498888
18.33,38.353082337571095,0.045049467478218606
18.339999999999996,38.7040925260772,0.04480486060109849
18.349999999999998,39.05835907189301,0.04457658410843683
18.359999999999996,39.41590953157684,0.044364540049871344
18.369999999999997,39.77677165844495,0.04416864660981512
18.379999999999995,40.14097339922058,0.04398883791417455
18.389999999999997,40.5085428931989,0.043825064489511685
18.4,40.879508469829105,0.04367729342943547
18.409999999999997,41.25389864580071,0.04354550852242284
18.419999999999998,41.631742122215094,0.04342971047910597
18.429999999999996,42.013067781540265,0.04332991719281089
18.439999999999998,42.39790468433286,0.043246164034271055
18.449999999999996,42.78628206322652,0.04317850412499754
18.459999999999997,43.17822932004893,0.04312700872443326
18.47,43.573776023509346,0.043091767674194446
18.479999999999997,43.972951903411676,0.04307288980868843
18.49,44.37578684576396,0.04307050343354166
18.499999999999996,44.782310887546075,0.04308475684538835
18.509999999999998,45.19255421112291,0.043115818894484556
18.519999999999996,45.60654713638321,0.04316387977276413
18.529999999999998,46.02432011210073,0.043229151885025456
18.539999999999996,46.44590371412188,0.04331187007762509
18.549999999999997,46.87132863560366,0.043412292634237744
18.56,47.30062567885746,0.043530702127011406
18.569999999999997,47.73382574675227,0.04366740631867992
18.58,48.170959833565526,0.04382273912621282
18.589999999999996,48.612059013771315,0.043997061794359804
18.599999999999998,49.05715442430808,0.044190764717896014
18.609999999999996,49.506277263283074,0.044404267654498834
18.619999999999997,49.95945877511953,0.044638021278433214
18.629999999999995,50.41673023664426,0.04489250864889499
18.639999999999997,50.878122943174,0.045168246686217536
18.65,51.34366819372771,0.04546578774137906
18.659999999999997,51.813397274712884,0.045785721329140036
18.669999999999998,52.28734143044238,0.04612867727710481
18.679999999999996,52.76553185655574,0.04649532640908562
18.689999999999998,53.24799968180245,0.046886382479441324
18.699999999999996,53.73477594381912,0.047302604751611604
18.709999999999997,54.22589156679617,0.04774480037175569
18.72,54.72137733775592,0.04821382688938994
18.729999999999997,55.221263881376345,0.04871059493235596
18.74,55.725581616631786,0.04923607287851603
18.749999999999996,56.23436073069674,0.04979128961859959
18.759999999999998,56.74763116494167,0.05037733598008187
18.769999999999996,57.26542257123878,0.050995369413973334
18.779999999999998,57.787764276060415,0.05164661781554656
18.789999999999996,58.31468524233342,0.052332383583665695
18.799999999999997,58.84621402894602,0.05305404793040857
18.81,59.38237873648429,0.0538130767388484
18.819999999999997,59.923206938907434,0.05461102800181812
18.83,60.468725667994605,0.05544955323894514
18.839999999999996,61.018961344360044,0.05633040497077866
18.849999999999998,61.57393971686624,0.057255443217108466
18.859999999999996,62.13368579886973,0.058226642333448896
18.869999999999997,62.698223798928296,0.059246098461913754
18.879999999999995,63.26757704607759,0.06031603758071094
18.889999999999997,63.84176791554842,0.06143882345132988
18.9,64.42081774442445,0.06261696671143405
18.909999999999997,65.00474674313325,0.06385313440971103
18.919999999999998,65.59357390128517,0.06515016015703717
18.929999999999996,66.18731686886828,0.06651105717780523
18.939999999999998,66.78599181713736,0.06793903373679314
18.949999999999996,67.38961336229873,0.0694375009311694
18.959999999999997,67.99819441691228,0.07101008911106087
18.97,68.61174604742796,0.072660663482215
18.979999999999997,69.2302773290813,0.07439333971450425
18.99,69.85379519236407,0.07621250038746323
18.999999999999996,70.48230423488513,0.07812281622611811
19.009999999999998,71.1158065427925,0.08012926538591868
19.019999999999996,71.75430149364142,0.0822371550308102
19.029999999999998,72.39778551560782,0.08445214864569278
19.039999999999996,73.04625182982423,0.08678029529575314
19.049999999999997,73.69969025316027,0.0892280499462471
19.06,74.35808690508262,0.0918023067889919
19.069999999999997,75.02142391633382,0.09451043181861518
19.08,75.68967908616244,0.09736030041767813
19.089999999999996,76.36282552267329,0.10036033708555105
19.099999999999998,77.04083131956259,0.10351955284782662
19.109999999999996,77.72365913771591,0.10684759154222376
19.119999999999997,78.4112657764695,0.11035477784958768
19.129999999999995,79.10360167620462,0.11405217473763508
19.139999999999997,79.80061040297385,0.11795164224558867
19.15,80.5022281521695,0.12206589169359805
19.159999999999997,81.20838314286969,0.12640855542186585
19.169999999999998,81.91899498897608,0.13099425841028622
19.179999999999996,82.63397394593494,0.13583870358015848
19.189999999999998,83.3532201284601,0.14095876075095976
19.199999999999996,84.07662276283325,0.1463725525861888
19.209999999999997,84.80405926057443,0.15209956008426656
19.219999999999995,85.53539430524748,0.15816072867020062
19.229999999999997,86.27047882835632,0.16457858613440618
19.24,87.00914885745367,0.17137737401717695
19.249999999999996,87.7512243414721,0.17858318388307654
19.259999999999998,88.49650772722477,0.18622412020208
19.269999999999996,89.24478254064341,0.194330464329589
19.279999999999998,89.99581191978413,0.20293484513263896
19.289999999999996,90.74933689696516,0.21207243714812246
19.299999999999997,91.5050745638183,0.22178117257641483
19.31,92.26271610602568,0.23210196881929232
19.319999999999997,93.02192468243251,0.2430789742039354
19.33,93.78233311805651,0.25475983504710065
19.339999999999996,94.54354136784787,0.2671959887225875
19.349999999999998,95.30511383690056,0.2804429740999692
19.359999999999996,96.06657648660509,0.29456076671849774
19.369999999999997,96.82741368086921,0.3096141433003782
19.379999999999995,97.5870646943723,0.32567307767618936
19.389999999999997,98.34492008230538,0.3428131614175165
19.4,99.10031774230768,0.3611160574617664
19.409999999999997,99.85253863290384,0.3806699884405319
19.419999999999998,100.60080228493028,0.4015702385672243
19.429999999999996,101.34426184404285,0.42391972088063257
19.439999999999998,102.081998796187,0.4478295741421778
19.449999999999996,102.81301735733149,0.4734197910150381
19.459999999999997,103.53623872679458,0.5008198312139011
19.469999999999995,104.25049452483559,0.5301693609257394
19.479999999999997,104.95452025767042,0.5616189526686844
19.49,105.64694820831265,0.5953308470861791
19.499999999999996,106.32630008383654,0.6314797206903628
19.509999999999998,106.9909793265281,0.6702534747799764
19.519999999999996,107.63926315427501,0.711854030609768
19.529999999999998,108.26929437248666,0.7564981208627888
19.539999999999996,108.87907302961014,0.8044180630028518
19.549999999999997,109.46644805683228,0.8558624912114527
19.56,110.02910895938955,0.9110970308077768
19.569999999999997,110.56457773303939,0.9704048853831352
19.58,111.07020119490821,1.0340873036985547
19.589999999999996,111.54314397431462,1.1024638843889307
19.599999999999998,111.98038231181705,1.1758726937364212
19.609999999999996,112.37869928718963,1.2546700930653985
19.619999999999997,112.73468152686706,1.3392302693637093
19.629999999999995,113.04471795768504,1.429944380804403
19.639999999999997,113.30500115960241,1.527219225034716
19.65,113.5115317630128,1.6314753662863164
19.659999999999997,113.66012668362255,1.7431446039662277
19.669999999999998,113.74643164810192,1.8626667124687846
19.679999999999996,113.76593885850481,1.990485333124791
19.689999999999998,113.71401057892545,2.1270429152693486
19.699999999999996,113.58590922929531,2.272774626567365
19.709999999999997,113.37683486832192,2.4281011319355392
19.719999999999995,113.08197057502565,2.5934201965440784
19.729999999999997,112.69653672047473,2.7690969094106435
19.74,112.21585336031873,2.9554529539048535
19.749999999999996,111.63541231391224,3.1527544966098517
19.759999999999998,110.95095745975115,3.3611989770486965
19.769999999999996,110.15857447382203,3.5809008559483484
19.779999999999998,109.25478534402374,3.811877232813677
19.789999999999996,108.2366507169921,4.054032580061804
19.799999999999997,107.10187453249928,4.307143912896488
19.81,105.84890941294846,4.570846611528059
19.819999999999997,104.47705932408071,4.8446215565196225
19.83,102.98657568577774,5.12778427152243
19.839999999999996,101.37874262271376,5.419476818653886
19.849999999999998,99.65594658055306,5.718663233384668
19.859999999999996,97.82172850891833,6.024128779774881
19.869999999999997,95.880807988775,6.334484656536855
19.879999999999995,93.83908443556511,6.648177243495303
19.889999999999997,91.70360424300405,6.9635034240628375
19.9,89.48250044090854,7.2786307913983554
19.909999999999997,87.18490167138741,7.591622832684384
19.919999999999998,84.82080338393116,7.900470256043383
19.929999999999996,82.40092321311025,8.203123927476383
19.939999999999998,79.93652669156162,8.497531996986224
19.949999999999996,77.43923943881268,8.781677786145014
19.959999999999997,74.92084982955123,9.053617594923212
19.969999999999995,72.3931091245453,9.311517152655853
19.979999999999997,69.8675367635084,9.553685102870018
19.99,67.35523762729221,9.778602437263034
