t,x,y
0.0,9.6,4.3
0.009999999999999998,9.55585931006515,4.217467852075142
0.019999999999999997,9.51495725122334,4.136361513730823
0.029999999999999995,9.477201339386095,4.056671368241311
0.039999999999999994,9.44250349499214,3.9783868350148897
0.04999999999999999,9.410779792730214,3.9014964329831257
0.05999999999999999,9.381950374867841,3.825987850528694
0.06999999999999999,9.355939033338487,3.7518480723497785
0.07999999999999999,9.332673218788761,3.679063406878377
0.08999999999999998,9.312083823182356,3.6076195654130383
0.09999999999999998,9.294105014251613,3.53750172645197
0.10999999999999999,9.278674193359118,3.468694552883759
0.11999999999999998,9.2657317250813,3.401182294320685
0.12999999999999998,9.25522072981282,3.334948870156062
0.13999999999999999,9.247087131353625,3.2699778423175614
0.14999999999999997,9.241279514926534,3.2062524676216877
0.15999999999999998,9.23774892044427,3.143755778052726
0.16999999999999998,9.236448802863867,3.0824705895623246
0.17999999999999997,9.23733487741034,3.02237955965366
0.18999999999999997,9.240365064034602,2.9634651999107855
0.19999999999999996,9.245499352458035,2.9057099268252053
0.20999999999999996,9.252699748991315,2.849096072704406
0.21999999999999997,9.261930159925397,2.793605927352019
0.22999999999999995,9.2731563385261,2.7392217501396847
0.23999999999999996,9.286345784030809,2.6859258038594587
0.24999999999999997,9.301467659546518,2.633700379965466
0.25999999999999995,9.318492751464326,2.582527805112212
0.26999999999999996,9.33739340181463,2.532390459458929
0.27999999999999997,9.358143452272808,2.483270789773328
0.29,9.380718133581892,2.435151350428641
0.29999999999999993,9.405094039876172,2.3880148021087306
0.30999999999999994,9.43124909551719,2.3418439144480883
0.31999999999999995,9.459162469114153,2.2966215942517807
0.32999999999999996,9.488814535368798,2.252330891153013
0.33999999999999997,9.520186838591147,2.2089550025965243
0.3499999999999999,9.553262036349834,2.166477288963634
0.35999999999999993,9.588023860238248,2.1248812800245367
0.36999999999999994,9.624457079959809,2.084150679907679
0.37999999999999995,9.662547458532698,2.0442693772755898
0.38999999999999996,9.70228171773024,2.0052214502483063
0.3999999999999999,9.743647507252515,1.9669911696201894
0.4099999999999999,9.786633366056847,1.929563006136148
0.41999999999999993,9.831228692030479,1.892921633983051
0.42999999999999994,9.87742371584928,1.857051932509424
0.43999999999999995,9.925209466140869,1.8219389923184117
0.44999999999999996,9.974577744972748,1.7875681164680894
0.4599999999999999,10.025521107147867,1.7539248199812905
0.4699999999999999,10.078032835446319,1.7209948316030623
0.4799999999999999,10.132106904736288,1.6887641013264711
0.48999999999999994,10.187737963531147,1.6572187994213134
0.49999999999999994,10.244921323514044,1.6263453116985414
0.5099999999999999,10.303652935752345,1.5961302416322447
0.5199999999999999,10.363929361998194,1.566560414725203
0.5299999999999999,10.425747758615964,1.5376228772003313
0.5399999999999999,10.489105868111777,1.509304891339573
0.5499999999999999,10.55400199960899,1.4815939360899528
0.5599999999999999,10.620435005390215,1.4544777097070973
0.57,10.68840426699733,1.4279441280875376
0.58,10.757909688748867,1.4019813197928688
0.5899999999999999,10.82895168146301,1.3765776258307854
0.5999999999999999,10.901531143522815,1.3517216006945925
0.6099999999999999,10.975649448856013,1.327402010459004
0.6199999999999999,11.051308441784833,1.3036078279521432
0.6299999999999999,11.128510423567995,1.2803282317867875
0.6399999999999999,11.207258137010792,1.2575526062702447
0.6499999999999999,11.28755475609249,1.2352705393167935
0.6599999999999999,11.369403881971126,1.2134718177865782
0.6699999999999999,11.452809531796563,1.1921464259987673
0.6799999999999999,11.537776126248625,1.1712845448557376
0.69,11.62430848061091,1.150876549634855
0.6999999999999998,11.712411801633474,1.1309130055226846
0.7099999999999999,11.802091678260279,1.111384665787765
0.7199999999999999,11.893354070725314,1.0922824706254715
0.7299999999999999,11.986205303481915,1.0735975446397596
0.7399999999999999,12.08065206398178,1.0553211921897332
0.7499999999999999,12.176701394551253,1.0374448954834135
0.7599999999999999,12.274360686728372,1.0199603118302365
0.7699999999999999,12.373637666351344,1.0028592744468656
0.7799999999999999,12.474540395238565,0.9861337871677267
0.7899999999999999,12.577077268641926,0.969776020833704
0.7999999999999998,12.681257008314315,0.9537783114184232
0.8099999999999998,12.787088657173161,0.9381331575966038
0.8199999999999998,12.89458156820557,0.9228332202286982
0.8299999999999998,13.003745408284967,0.9078713171696554
0.8399999999999999,13.114590152928612,0.8932404210466474
0.8499999999999999,13.227126081977955,0.8789336568222629
0.8599999999999999,13.341363773976388,0.8649442998238613
0.8699999999999999,13.457314098751018,0.8512657743996799
0.8799999999999999,13.574988221254035,0.8378916491989545
0.8899999999999999,13.694397596000522,0.8248156354112222
0.8999999999999999,13.815553964095603,0.8120315842877496
0.9099999999999998,13.938469346989388,0.7995334855466941
0.9199999999999998,14.063156043898006,0.7873154649138375
0.9299999999999998,14.189626632847583,0.7753717808098044
0.9399999999999998,14.317893966416493,0.763696822443001
0.9499999999999998,14.447971169277622,0.7522851075018977
0.9599999999999999,14.579871631928995,0.7411312807004763
0.9699999999999999,14.713609011543092,0.7302301108897075
0.9799999999999999,14.849197230525384,0.7195764887039537
0.9899999999999999,14.9866504736109,0.7091654245688829
0.9999999999999999,15.125983185337349,0.6989920466598899
1.0099999999999998,15.267210064707564,0.6890515993852855
1.0199999999999998,15.410346067366604,0.6793394406499776
1.0299999999999998,15.555406402918539,0.6698510399901642
1.0399999999999998,15.702406532848608,0.660581976655717
1.0499999999999998,15.851362166882678,0.651527937913033
1.0599999999999998,16.002289259064483,0.6426847174275332
1.0699999999999998,16.15520401181706,0.6340482127153426
1.0799999999999998,16.310122872029584,0.6256144236149155
1.0899999999999999,16.46706252948391,0.6173794505178122
1.0999999999999999,16.626039915462588,0.609339492622441
1.1099999999999999,16.787072199277137,0.6014908464476121
1.1199999999999999,16.95017677628446,0.5938299052746643
1.13,17.115371281440467,0.5863531559780301
1.14,17.28267358393218,0.5790571778666735
1.15,17.452101784363528,0.5719386413036037
1.16,17.623674213217683,0.5649943062362396
1.17,17.797409428855214,0.5582210207963763
1.1799999999999997,17.973326205561136,0.551615720540527
1.1899999999999997,18.15144354165693,0.5451754265247497
1.1999999999999997,18.331780658915235,0.5388972439444147
1.2099999999999997,18.51435699802672,0.5327783610531636
1.2199999999999998,18.699192216722267,0.52681604796379
1.2299999999999998,18.88630618789685,0.5210076554906613
1.2399999999999998,19.07571898946137,0.5153506144239824
1.2499999999999998,19.267450903985036,0.5098424343838256
1.2599999999999998,19.461522425109827,0.5044807023963127
1.2699999999999998,19.657954250191057,0.49926308216118787
1.2799999999999998,19.856767277818573,0.494187313130771
1.2899999999999998,20.057982605300534,0.4892512096322972
1.2999999999999998,20.261621521215332,0.4844526602409389
1.3099999999999998,20.467705494900816,0.4797896273243472
1.3199999999999998,20.6762561897222,0.4752601456218767
1.3299999999999998,20.887295453386315,0.47086232183778365
1.3399999999999999,21.100845314144046,0.4665943340268406
1.3499999999999999,21.316927977308254,0.4624544310083869
1.3599999999999999,21.5355658193065,0.45844093194709373
1.3699999999999999,21.75678136925554,0.4545522266107498
1.38,21.980597324136248,0.4507867739566891
1.3899999999999997,22.207036540185786,0.44714310197137197
1.3999999999999997,22.436122026218467,0.4436198074527443
1.4099999999999997,22.667876938763435,0.44021555574107657
1.4199999999999997,22.902324576424675,0.4369290805388371
1.4299999999999997,23.139488356183787,0.43375918492603016
1.4399999999999997,23.379391823265287,0.4307047402657107
1.4499999999999997,23.622058649083137,0.42776468591191347
1.4599999999999997,23.867512619286664,0.42493802959076493
1.4699999999999998,24.115777626969287,0.4222238474902525
1.4799999999999998,24.366877665665395,0.41962128440279123
1.4899999999999998,24.620836805438707,0.41712955520500805
1.4999999999999998,24.877679184705283,0.41474794516361885
1.5099999999999998,25.137429024331258,0.41247580856429794
1.5199999999999998,25.400110606645182,0.41031257007604427
1.5299999999999998,25.665748265974333,0.4082577252655526
1.5399999999999998,25.934366378886192,0.4063108411707717
1.5499999999999998,26.205989342825948,0.40447155792971257
1.5599999999999998,26.480641541844406,0.40273959157951106
1.5699999999999998,26.758347379058147,0.4011147310104369
1.5799999999999998,27.039131247847948,0.399596840349293
1.5899999999999999,27.323017517268816,0.39818586012408064
1.5999999999999996,27.61003051851145,0.3968818083691519
1.6099999999999997,27.90019452511642,0.3956847823651501
1.6199999999999997,28.193533693261163,0.3945949642778494
1.6299999999999997,28.490072101327936,0.39361261720439533
1.6399999999999997,28.789833723458152,0.392738087646645
1.6499999999999997,29.092842404516897,0.39197180787715924
1.6599999999999997,29.39912184137158,0.39131429772257464
1.6699999999999997,29.70869556223792,0.3907661665725995
1.6799999999999997,30.02158684820662,0.3903281214076665
1.6899999999999997,30.33781875471791,0.390000964491606
1.6999999999999997,30.65741410827718,0.38978559365604143
1.7099999999999997,30.980395461918278,0.38968300688615753
1.7199999999999998,31.306785069363436,0.38969430499373453
1.7299999999999998,31.63660485835342,0.3898206944014832
1.7399999999999998,31.969876363621992,0.39006349434311427
1.7499999999999998,32.306620675842275,0.3904241423449798
1.7599999999999998,32.646858472610035,0.39090419079473754
1.7699999999999998,32.99060995263137,0.3915053140721109
1.7799999999999998,33.33789479737265,0.39222931270992695
1.7899999999999998,33.68873212278052,0.39307811874385185
1.7999999999999998,34.04314043612091,0.39405380046049665
1.8099999999999998,34.40113760351473,0.39515856588102144
1.8199999999999996,34.76274079948922,0.39639476838886806
1.8299999999999996,35.12796646019213,0.3977649119287782
1.8399999999999996,35.49683018055977,0.3992716627307696
1.8499999999999996,35.86934666602342,0.4009178547059777
1.8599999999999997,36.24552972653834,0.4027064899341609
1.8699999999999997,36.62539218966342,0.40464074857065907
1.8799999999999997,37.00894583781988,0.4067239959530143
1.8899999999999997,37.39620128558268,0.40895979655001635
1.8999999999999997,37.78716792668721,0.41135191999067194
1.9099999999999997,38.181853899395534,0.4139043450191997
1.9199999999999997,38.580265984921326,0.41662127108636443
1.9299999999999997,38.98240952543081,0.4195071277349932
1.9399999999999997,39.38828826939021,0.422566592759383
1.9499999999999997,39.797904298209055,0.42580460053963687
1.9599999999999997,40.2112579614114,0.42922634934217097
1.9699999999999998,40.62834774975502,0.43283731611305726
1.9799999999999998,41.04917016195997,0.43664327178363976
1.9899999999999998,41.473719585800836,0.4406502950418284
1.9999999999999998,41.90198819689837,0.4448647842028804
2.01,42.333965820754294,0.4492934731579311
2.0199999999999996,42.76963975164111,0.45394345272139486
2.03,43.20899457481889,0.45882219155302834
2.0399999999999996,43.65201209045304,0.4639375445996305
2.05,44.098671121168245,0.4692977757786192
2.0599999999999996,44.54894730771743,0.474911581861076
2.07,45.00281287242372,0.4807881201174522
2.0799999999999996,45.46023651945709,0.48693702009738554
2.09,45.92118320264342,0.4933684108124544
2.0999999999999996,46.38561388275677,0.5000929492889623
2.11,46.853485212402255,0.5071218577969241
2.1199999999999997,47.32474941974237,0.5144669372425943
2.13,47.799354024307824,0.5221406006778632
2.1399999999999997,48.2772415458721,0.5301559075138366
2.1499999999999995,48.75834909713723,0.5385266111929427
2.1599999999999997,49.242608235357864,0.5472671769349835
2.1699999999999995,49.729944621461634,0.5563928217888672
2.1799999999999997,50.22027766770536,0.56591955601024
2.1899999999999995,50.71352003041466,0.5758642421643216
2.1999999999999997,51.209577402064404,0.5862446201003774
2.2099999999999995,51.70834811164343,0.5970793538679555
2.2199999999999998,52.209722697583715,0.6083880817623909
2.2299999999999995,52.71358332055938,0.620191483948421
2.2399999999999998,53.21980340225088,0.6325113254484918
2.2499999999999996,53.72824715858432,0.6453705108110114
2.26,54.2387690513421,0.6587931472010118
2.2699999999999996,54.75121324465438,0.6728046071581433
2.28,55.265413079395564,0.6874315906266014
2.2899999999999996,55.78119046307785,0.7027021948590856
2.3,56.29835512926939,0.7186459973193686
2.3099999999999996,56.81670410831738,0.7352941188113654
2.32,57.33602103234164,0.752679302764374
2.3299999999999996,57.856075344391805,0.7708360013270645
2.34,58.376621571464334,0.7898004584976608
2.3499999999999996,58.897398587262785,0.8096107951529483
2.3599999999999994,59.41812875978178,0.8303071011889414
2.3699999999999997,59.93851704520417,0.8519315303635314
2.3799999999999994,60.45825018428846,0.8745283956708847
2.3899999999999997,60.976995763621694,0.8981442691343254
2.3999999999999995,61.49440122350433,0.9228280763026815
2.4099999999999997,62.010092900359744,0.9486312057066194
2.4199999999999995,62.52367501234525,0.9756076167828114
2.4299999999999997,63.03472862568564,1.0038139332739522
2.4399999999999995,63.54281058946892,1.0333095433028043
2.4499999999999997,64.04745239824946,1.0641567279795625
2.4599999999999995,64.5481590876736,1.0964207581201966
2.4699999999999998,65.04440822427655,1.1301699584843967
2.4799999999999995,65.53564865624476,1.1654758372049383
2.4899999999999998,66.02129940517794,1.2024131705768022
2.4999999999999996,66.50074861075582,1.2410600731441042
2.51,66.97335226209985,1.2814981039619566
2.5199999999999996,67.43843327254682,1.3238122945787012
2.53,67.89528044969563,1.3680911939887526
2.5399999999999996,68.34314727351502,1.4144269518750652
2.55,68.78125132422619,1.4629152626032145
2.5599999999999996,69.20877323149712,1.513655398444332
2.5699999999999994,69.62485579355287,1.5667502040677819
2.5799999999999996,70.0286038373374,1.6223059422701824
2.5899999999999994,70.4190835079885,1.6804322439580837
2.5999999999999996,70.79532206617868,1.7412419603252909
2.6099999999999994,71.15630772506606,1.8048509977507434
2.6199999999999997,71.50099004361202,1.871378045007022
2.6299999999999994,71.82828043384923,1.9409442743912035
2.6399999999999997,72.13705283282617,2.0136730106777243
2.6499999999999995,72.42614513791284,2.089689259081447
2.6599999999999997,72.69436046165283,2.1691192541463544
2.6699999999999995,72.94046962420403,2.2520897939707982
2.6799999999999997,73.16321320623896,2.3387276384391544
2.6899999999999995,73.36130515912913,2.4291586483365464
2.6999999999999997,73.53343603387015,2.5235069701460495
2.7099999999999995,73.67827767737083,2.621893987883592
2.7199999999999998,73.7944880036487,2.7244372452153085
2.7299999999999995,73.88071685415532,2.8312492035776695
2.7399999999999998,73.9356125245239,2.9424358836451203
2.7499999999999996,73.95782858669365,3.058095443908143
2.76,73.94603252744903,3.17831653799022
2.7699999999999996,73.8989146117318,3.3031765817220213
2.7799999999999994,73.81519766968925,3.432739906250606
2.7899999999999996,73.69364674840871,3.5670560002260605
2.7999999999999994,73.53308079675303,3.7061574122714727
2.8099999999999996,73.33238473601222,3.8500576397538384
2.8199999999999994,73.09052210224044,3.998748975411009
2.8299999999999996,72.8065474969296,4.152200480121269
2.8399999999999994,72.47962014788394,4.3103558162986
2.8499999999999996,72.10901748029839,4.473131157438605
2.8599999999999994,71.69414870063866,4.640413195015859
2.8699999999999997,71.23456818849252,4.81205728927564
2.8799999999999994,70.72998832692593,4.987885830213629
2.8899999999999997,70.18029208472088,5.1676867411103835
2.8999999999999995,69.58554398470241,5.351212387158446
2.9099999999999997,68.94600071072051,5.538178689978206
2.9199999999999995,68.26211943556052,5.728264745152377
2.9299999999999997,67.53456506780805,5.9211127836343715
2.9399999999999995,66.76421497974619,6.116328648701338
2.9499999999999997,65.95216177845508,6.3134827912197515
2.9599999999999995,65.09971369926735,6.512111708669657
2.9699999999999998,64.20839192791715,6.711720129334749
2.9799999999999995,63.27992543698156,6.9117836527991265
2.9899999999999993,62.316243912109336,7.11175161952065
2.9999999999999996,61.31946641323823,7.311050999778458
3.0099999999999993,60.291888365534824,7.5090905393521545
3.0199999999999996,59.235965053569075,7.705265453604035
3.0299999999999994,58.15429452836699,7.898962048569362
3.0399999999999996,57.04959628205269,8.089563193419544
3.0499999999999994,55.924690020660684,8.276453607285525
3.0599999999999996,54.78247156561965,8.459025494976279
3.0699999999999994,53.62588914976537,8.636683919449379
3.0799999999999996,52.457918102421466,8.808852289641319
3.0899999999999994,51.28153623617647,8.974977535300333
3.0999999999999996,50.09969923602133,9.13453500776701
3.1099999999999994,48.91531689929233,9.287033016771367
3.1199999999999997,47.731230781928595,9.432016843098964
3.1299999999999994,46.55019311976756,9.569072298783459
3.1399999999999997,45.37484791600838,9.697828654243327
3.1499999999999995,44.20771399387162,9.817960951332237
3.1599999999999997,43.05117026352972,9.92919175452026
3.1699999999999995,41.907443879250025,10.031292104965736
3.1799999999999997,40.77860004333668,10.12408210193949
3.1899999999999995,39.6665355435816,10.207430539776226
3.1999999999999993,38.5729731699181,10.281254382734778
3.2099999999999995,37.49946024623003,10.345517280880191
3.2199999999999993,36.447367487226394,10.400228058917143
3.2299999999999995,35.41789168524024,10.445438386567465
3.2399999999999993,34.412058535071964,10.481240462876544
3.2499999999999996,33.430728465417516,10.507764133170614
3.2599999999999993,32.474602688713155,10.52517400183726
3.2699999999999996,31.544231187273308,10.533666258954431
3.2799999999999994,30.640021065213663,10.533465477885098
3.2899999999999996,29.762245829007483,10.52482136643592
3.2999999999999994,28.911055073877794,10.508005496243216
3.3099999999999996,28.086484357575028,10.483308142543136
3.3199999999999994,27.288465337334415,10.451035153395097
3.3299999999999996,26.516835684377043,10.411504998030713
3.3399999999999994,25.771348962485774,10.365045927616444
3.3499999999999996,25.051684156969767,10.311993316037743
3.3599999999999994,24.357454799380438,10.252687203242285
3.3699999999999997,23.688217792995506,10.18746998237883
3.3799999999999994,23.043481494345592,10.116684362851734
3.3899999999999997,22.422713613772597,10.040671432128502
3.3999999999999995,21.82534815223439,9.959769029829577
3.4099999999999997,21.250792229872424,9.874310194056894
3.4199999999999995,20.698431772964103,9.78462194143105
3.4299999999999993,20.167637293608152,9.691024065300548
3.4399999999999995,19.657768820386163,9.593828172140594
3.4499999999999993,19.168180216186137,9.493336905972226
3.4599999999999995,18.698222916831664,9.389843347208481
3.4699999999999993,18.247249812243084,9.283630371980683
3.4799999999999995,17.814617826184374,9.174970371119535
3.4899999999999993,17.399690837626434,9.064124879030624
3.4999999999999996,17.001841864810793,8.951344400603048
3.5099999999999993,16.620454800883724,8.836868356057813
3.5199999999999996,16.254926227154034,8.720924997706732
3.5299999999999994,15.904666585532077,8.60373149217108
3.5399999999999996,15.569101307604978,8.485494009243935
3.5499999999999994,15.247671619104251,8.366407883525666
3.5599999999999996,14.93983514782116,8.246657818621493
3.5699999999999994,14.64506641564745,8.12641811579055
3.5799999999999996,14.362857101351624,8.00585294757213
3.5899999999999994,14.092716221256971,7.885116644443415
3.5999999999999996,13.83417015821321,7.764354006083559
3.6099999999999994,13.586762595776328,7.643700626671559
3.6199999999999997,13.35005437774595,7.523283229357541
3.6299999999999994,13.123623283127465,7.403220007310868
3.6399999999999992,12.90706374119476,7.283620972976198
3.6499999999999995,12.699986496667222,7.164588305350501
3.6599999999999993,12.50201823819487,7.046216687739208
3.6699999999999995,12.312801180331029,6.928593660829381
3.6799999999999993,12.13199262767059,6.811799960371374
3.6899999999999995,11.95926454441024,6.69590983693272
3.6999999999999993,11.794303060874434,6.58099139317098
3.7099999999999995,11.636807996757861,6.467106900126089
3.7199999999999993,11.486492414083306,6.354313091168943
3.7299999999999995,11.343082104847777,6.242661471784598
3.7399999999999993,11.20631510983735,6.132198607898356
3.7499999999999996,11.075941277681103,6.0229663913129805
3.7599999999999993,10.95172177030212,5.915002316104128
3.7699999999999996,10.833428600152775,5.8083397362084135
3.7799999999999994,10.72084421075671,5.703008101129409
3.7899999999999996,10.613761018579234,5.599033197959921
3.7999999999999994,10.511980982460125,5.496437377735792
3.8099999999999996,10.415315214423702,5.395239762365559
3.8199999999999994,10.32358356628004,5.295456453474372
3.8299999999999996,10.236614238263359,5.197100728748323
3.8399999999999994,10.154243424814489,5.100183221450957
3.849999999999999,10.076314947708749,5.0047120989097955
3.8599999999999994,10.002679906344369,4.910693230995673
3.869999999999999,9.933196359946393,4.818130344479281
3.8799999999999994,9.867729005602714,4.727025174333259
3.8899999999999992,9.806148869770105,4.637377606961985
3.8999999999999995,9.748333028687927,4.5491858111767565
3.9099999999999993,9.694164324435413,4.462446366648679
3.9199999999999995,9.64353109227004,4.377154385601806
3.9299999999999993,9.59632691004059,4.293303624910517
3.9399999999999995,9.552450378197848,4.210886586419516
3.9499999999999993,9.511804863576257,4.129894624397064
3.9599999999999995,9.474298282652041,4.050318039057457
3.9699999999999993,9.439842899227948,3.9721461637807804
3.9799999999999995,9.408355125279094,3.8953674487123
3.9899999999999993,9.379755321838765,3.8199695415973003
3.9999999999999996,9.35396761983829,3.745939361290703
4.01,9.330919756640787,3.6732631648545766
4.02,9.310542903894493,3.601926614771293
4.029999999999999,9.292771510809184,3.5319148401282603
4.039999999999999,9.277543157560094,3.463212493522616
4.05,9.264798416250091,3.39580380441336
4.06,9.254480712307636,3.329672629934482
4.069999999999999,9.246536197447446,3.2648025017699007
4.079999999999999,9.240913630551145,3.201176669812604
4.089999999999999,9.237564260814962,3.1387781433325626
4.1,9.23644171698811,3.0775897293535954
4.109999999999999,9.23750190346244,3.0175940683056974
4.119999999999999,9.240702901684516,2.9587736673024003
4.129999999999999,9.24600487486499,2.901110931066805
4.14,9.253369978335304,2.8445881906883477
4.1499999999999995,9.26276227460334,2.789187730567006
4.159999999999999,9.274147652295314,2.7348918132583275
4.169999999999999,9.287493748748853,2.6816827022887915
4.18,9.302769876862442,2.6295426835333
4.1899999999999995,9.319946955199692,2.578454085192736
4.199999999999999,9.338997441900139,2.5283992957456065
4.209999999999999,9.35989527168622,2.479360780692759
4.22,9.382615795676323,2.4313210983532643
4.2299999999999995,9.407135724245082,2.384262914261014
4.239999999999999,9.43343307346906,2.3381690133189608
4.249999999999999,9.461487113493899,2.2930223118465185
4.26,9.491278319743992,2.248805868176133
4.27,9.522788326279787,2.205502892542533
4.279999999999999,9.555999877843215,2.163096759921747
4.289999999999999,9.590896791486022,2.1215710140522765
4.299999999999999,9.627463916503073,2.0809093747079483
4.31,9.665687095975214,2.041095744622689
4.319999999999999,9.70555313093864,2.002114214931132
4.329999999999999,9.747049742682256,1.9639490726795237
4.339999999999999,9.790165537366725,1.9265848072336658
4.35,9.83488998195392,1.8900061088076945
4.359999999999999,9.88121337163258,1.854197873989865
4.369999999999999,9.929126801789838,1.8191452084394608
4.379999999999999,9.978622140929625,1.7848334293849006
4.39,10.029691998362274,1.7512480719771693
4.3999999999999995,10.082329706378165,1.7183748865217785
4.409999999999999,10.13652929687338,1.6861998397552198
4.419999999999999,10.192285478265918,1.6547091163162322
4.43,10.249593614723459,1.6238891190738203
4.4399999999999995,10.308449703397608,1.5937264709892704
4.449999999999999,10.368850353021823,1.564208016451662
4.459999999999999,10.430792771708914,1.5353208172870503
4.47,10.494274747144159,1.5070521537141692
4.4799999999999995,10.55929463019553,1.479389523498908
4.489999999999999,10.62585131903962,1.4523206410493694
4.499999999999999,10.693944239449289,1.4258334388372762
4.509999999999999,10.763573335029896,1.399916063579122
4.52,10.834739053509542,1.3745568747937293
4.529999999999999,10.907442333028621,1.3497444435677668
4.539999999999999,10.981684589923587,1.3254675507048597
4.549999999999999,11.057467705277439,1.3017151857947682
4.56,11.134794012194211,1.2784765460790433
4.569999999999999,11.213666288789137,1.2557410322546134
4.579999999999999,11.294087746432771,1.2334982471929326
4.589999999999999,11.37606202006801,1.21173799367158
4.6,11.459593158846667,1.1904502721119936
4.609999999999999,11.544685614611199,1.1696252796842064
4.619999999999999,11.631344235978448,1.1492534064984845
4.629999999999999,11.719574260265137,1.1293252331585009
4.64,11.809381305393986,1.109831528493329
4.6499999999999995,11.900771362665376,1.0907632469768376
4.659999999999999,11.993750788851235,1.0721115266683272
4.669999999999999,12.088326298664928,1.0538676871033053
4.68,12.184504960549535,1.03602322554605
4.6899999999999995,12.282294189746011,1.0185698148537263
4.699999999999999,12.381701742550959,1.0014993008426185
4.709999999999999,12.482735710747491,0.9848036997005074
4.719999999999999,12.585404514641144,0.9684751962829753
4.7299999999999995,12.689716899836194,0.9525061405367337
4.739999999999999,12.795681932442502,0.9368890448942884
4.749999999999999,12.903308994269285,0.9216165818023316
4.759999999999999,13.012607778586439,0.9066815810694511
4.77,13.123588286026987,0.8920770272594059
4.779999999999999,13.236260817961757,0.8777960585698894
4.789999999999999,13.350635974878724,0.8638319631216331
4.799999999999999,13.466724653368397,0.8501781761142702
4.81,13.584538041967297,0.8368282777099241
4.819999999999999,13.704087617890329,0.8237759905437767
4.829999999999999,13.82538514392041,0.8110151772533791
4.839999999999999,13.948442664088999,0.7985398386641357
4.85,14.073272501427027,0.7863441110923023
4.859999999999999,14.199887255934806,0.7744222636301593
4.869999999999999,14.328299801407606,0.7627686960493758
4.879999999999999,14.458523282893346,0.7513779364878069
4.89,14.59057111427157,0.740244639156426
4.8999999999999995,14.72445697497215,0.7293635826416961
4.909999999999999,14.86019480770178,0.718729667700004
4.919999999999999,14.997798817282467,0.7083379144799113
4.929999999999999,15.137283467937793,0.6981834607390401
4.9399999999999995,15.27866348120921,0.6882615597672563
4.949999999999999,15.42195383394661,0.6785675783408425
4.959999999999999,15.567169755809052,0.6690969949231939
4.969999999999999,15.71432672693421,0.6598453978559986
4.9799999999999995,15.863440477119331,0.650808483021193
4.989999999999999,16.01452698344626,0.6419820521541111
4.999999999999999,16.167602468416735,0.6333620110091392
5.009999999999999,16.322683398125985,0.6249443675575925
5.02,16.479786480180064,0.6167252303545495
5.029999999999999,16.638928661392217,0.6087008070553294
5.039999999999999,16.800127126833928,0.6008674023308815
5.049999999999999,16.96339929766368,0.5932214164031259
5.06,17.128762829260516,0.5857593434725955
5.069999999999999,17.296235609369887,0.5784777701746184
5.079999999999999,17.465835756062077,0.571373374142871
5.089999999999999,17.63758161524616,0.5644429227801141
5.1,17.811491759518542,0.5576832715264798
5.109999999999999,17.987584985892695,0.5510913625984586
5.119999999999999,18.16588031368836,0.5446642236880097
5.129999999999999,18.34639698241142,0.5383989666864494
5.139999999999999,18.529154449475023,0.53229278647801
5.1499999999999995,18.714172387339612,0.5263429599188648
5.159999999999999,18.90147068186662,0.5205468444998756
5.169999999999999,19.091069429709087,0.5149018772975574
5.179999999999999,19.282988935688635,0.5094055739468244
5.1899999999999995,19.477249710140377,0.5040555276388028
5.199999999999999,19.6738724660985,0.49884940817781365
5.209999999999999,19.87287811579294,0.49378496123532545
5.219999999999999,20.074287768222135,0.4888600073305765
5.2299999999999995,20.27812272589492,0.4840724410334018
5.239999999999999,20.4844044813894,0.47942023023358427
5.249999999999999,20.693154713843832,0.47490141543041214
5.259999999999999,20.904395285211738,0.4705141090826136
5.27,21.118148234963474,0.46625649525137614
5.279999999999999,21.33443577758742,0.4621268287620654
5.289999999999999,21.553280298436732,0.45812343467426586
5.299999999999999,21.77470434883388,0.4542447078967437
5.31,21.998730641374294,0.4504891127788963
5.319999999999999,22.225382045005365,0.4468551827525391
5.329999999999999,22.45468157987205,0.4433415200243028
5.339999999999999,22.686652411919496,0.43994679531892195
5.349999999999999,22.921317845378443,0.4366697479930994
5.359999999999999,23.158701308878,0.4335091872472872
5.369999999999999,23.39882636214981,0.43046398981710915
5.379999999999999,23.641716685425063,0.42753310063243793
5.389999999999999,23.88739607134178,0.42471553304950665
5.3999999999999995,24.13588841752418,0.4220103689695504
5.409999999999999,24.387217718822132,0.4194167590159493
5.419999999999999,24.641408059200543,0.41693392277037084
5.429999999999999,24.898483603267792,0.414561149068415
5.4399999999999995,25.158468576232142,0.41229779796220345
5.449999999999999,25.421387247008102,0.410143302236803
5.459999999999999,25.687263946497126,0.40809716388518547
5.469999999999999,25.956123043367946,0.4061589566841961
5.4799999999999995,26.22798893238769,0.40432832697271454
5.489999999999999,26.50288602260013,0.4026049944535022
5.499999999999999,26.78083872498601,0.4009887530701498
5.509999999999999,27.06187143959129,0.3994794719601006
5.52,27.346008541838565,0.39807709651928336
5.529999999999999,27.63327434072232,0.39678165305376595
5.539999999999999,27.923693078654225,0.39559324813384483
5.549999999999999,28.217288930309966,0.3945120680804888
5.559999999999999,28.514085972974904,0.39353838208554315
5.569999999999999,28.81410816751084,0.3926725439831632
5.579999999999999,29.11737933839381,0.39191499414243985
5.589999999999999,29.423923152769678,0.3912662614691837
5.599999999999999,29.73376309812775,0.3907269652986197
5.609999999999999,30.04692245977511,0.3902978179044591
5.619999999999999,30.363424296866462,0.38997962690147897
5.629999999999999,30.68329141724002,0.3897732977108519
5.639999999999999,31.00654635124456,0.3896798362189442
5.6499999999999995,31.33321132443311,0.38970035157506216
5.659999999999999,31.66330822339287,0.38983605988724057
5.669999999999999,31.99685852929446,0.3900882921868949
5.679999999999999,32.333883325725814,0.3904584925241226
5.6899999999999995,32.674403254456514,0.3909482229549305
5.699999999999999,33.01843847295495,0.39155916827912834
5.709999999999999,33.36600861408525,0.3922931404712434
5.719999999999999,33.7171327478446,0.3931520824553469
5.7299999999999995,34.07182934118744,0.39413807209510665
5.739999999999999,34.43011620300727,0.39525332926469164
5.749999999999999,34.79201044004742,0.3965002202667454
5.759999999999999,35.15752840691301,0.39788126332921125
5.769999999999999,35.5266856528399,0.39939913451792375
5.779999999999999,35.899496830808815,0.4010566792194679
5.789999999999999,36.27597566052476,0.4028569154574281
5.799999999999999,36.65613487696858,0.4048030392875545
5.809999999999999,37.039986153129256,0.406898433978184
5.819999999999999,37.427540029911775,0.4091466780217304
5.829999999999999,37.81880583704805,0.411551554045035
5.839999999999999,38.21379158717887,0.41411706017494
5.849999999999999,38.61250392810107,0.41684741646140555
5.859999999999999,39.014948047000075,0.4197470756077189
5.869999999999999,39.421127575812946,0.42282073373179974
5.879999999999999,39.831044494963116,0.4260733414024364
5.889999999999999,40.24469900952145,0.42951011847713605
5.8999999999999995,40.662089427658216,0.4331365684980919
5.909999999999999,41.08321208847767,0.43695848595691716
5.919999999999999,41.508061222955966,0.4409819729317866
5.929999999999999,41.936628827507015,0.4452134538033046
5.9399999999999995,42.368904529322286,0.4496596909334011
5.949999999999999,42.804875384019105,0.4543278079717898
5.959999999999999,43.24452577251257,0.45922530210541496
5.969999999999999,43.68783725626904,0.46436006101965294
5.979999999999999,44.13478839495176,0.46974038412385577
5.989999999999999,44.58535457171685,0.47537500297610424
5.999999999999999,45.03950779611567,0.48127310443644317
6.009999999999999,45.497216448584155,0.4874443610015371
6.019999999999999,45.958445139327495,0.4938989469490516
6.029999999999999,46.423154469214005,0.5006475665548975
6.039999999999999,46.89130079136108,0.5077014821782762
6.049999999999999,47.362835959670456,0.5150725435292174
6.059999999999999,47.83770706538636,0.5227732184022587
6.069999999999999,48.31585617317027,0.5308166243039184
6.079999999999999,48.797220030540906,0.5392165623702432
6.089999999999999,49.28172976516858,0.5479875529639368
6.099999999999999,49.769310504191026,0.5571448804503402
6.109999999999999,50.25988106834415,0.5667046291806394
6.119999999999999,50.75335363428035,0.5766837232213227
6.129999999999999,51.249633342030634,0.5870999725394325
6.139999999999999,51.74861789176413,0.5979721201683418
6.1499999999999995,52.25019708084577,0.6093198949227848
6.159999999999999,52.7542524093452,0.6211640593101971
6.169999999999999,53.26065660670165,0.6335264645859169
6.179999999999999,53.769273139671014,0.6464301081067525
6.189999999999999,54.27995567819414,0.6598991947422186
6.199999999999999,54.79254752652027,0.6739592018563089
6.209999999999999,55.30688110512693,0.6886369415441359
6.219999999999999,55.82277733415312,0.7039606312208091
6.229999999999999,56.3400450067209,0.7199599659871091
6.239999999999999,56.85848009947112,0.7366661931411068
6.249999999999999,57.37786509444234,0.7541121913851276
6.259999999999999,57.89796827321912,0.7723325536009114
6.269999999999999,58.418542949788154,0.791363672241826
6.279999999999999,58.93932668204229,0.8112438271489599
6.289999999999999,59.460040466132696,0.8320132654923903
6.299999999999999,59.98038785873556,0.8537143084792037
6.309999999999999,60.500054083170056,0.876391448467811
6.319999999999999,61.018705098580206,0.9000914492628203
6.329999999999999,61.53598666136978,0.9248634423325817
6.339999999999999,62.051523404010695,0.9507590109295172
6.349999999999999,62.56491772798218,0.9778323183236073
6.359999999999999,63.075748776395386,1.0061402063273017
6.369999999999999,63.58357139932597,1.0357422963900156
6.379999999999999,64.08791504353798,1.066701096982719
6.389999999999999,64.58828259028219,1.0990821141453324
6.399999999999999,65.0841492282064,1.1329539527994894
6.409999999999999,65.57496147093451,1.168388377763346
6.419999999999999,66.06013592299622,1.205460424979838
6.429999999999999,66.53905815530868,1.2442484831555407
6.439999999999999,67.01108160471121,1.284834373841149
6.449999999999999,67.47552646011658,1.327303414483034
6.459999999999999,67.93167860732837,1.3717444702034796
6.469999999999999,68.3787888123072,1.4182499474937638
6.479999999999999,68.81607163252507,1.4669158425346078
6.489999999999999,69.24270460578961,1.5178417264867559
6.499999999999999,69.65782770770014,1.57113068303255
6.509999999999999,70.06054258731159,1.6268892662468901
6.519999999999999,70.44991216860303,1.6852273924865004
6.529999999999999,70.82496060491094,1.7462581601483667
6.539999999999999,71.18467302450185,1.8100976999422616
6.549999999999999,71.5279958141408,1.8768649231620633
6.559999999999999,71.85383740851779,1.946681180348057
6.569999999999999,72.16106881373766,2.0196699451859
6.579999999999999,72.44852491208752,2.0959563654023152
6.589999999999999,72.71500633586405,2.1756667125226103
6.599999999999999,72.95928122650697,2.258927830103974
6.609999999999999,73.18008793097515,2.345866428849243
6.619999999999999,73.37613837417972,2.4366082696708995
6.629999999999999,73.5461214821581,2.531277305140592
6.639999999999999,73.68870767220047,2.629994665200468
6.649999999999999,73.80255406115316,2.7328775299366432
6.659999999999999,73.88631008547021,2.840037890215186
6.669999999999999,73.93862409451913,2.9515811955137115
6.679999999999999,73.95815068554842,3.0676048932386246
6.689999999999999,73.94355895986466,3.1881967611145643
6.699999999999999,73.89354139527296,3.3134332199457246
6.709999999999999,73.80682338137578,3.4433775725596187
6.719999999999999,73.68217406154912,3.5780779903656894
6.729999999999999,73.518417336442,3.7175655492175332
6.739999999999999,73.31444412959021,3.8618520828977396
6.749999999999999,73.06922465735036,4.010928123742586
6.759999999999999,72.78182134358242,4.164760792735909
6.769999999999999,72.45140266524676,4.323291567896569
6.779999999999999,72.07725595303629,4.486434357281157
6.789999999999999,71.65880177843081,4.654073365739665
6.799999999999999,71.1956066702769,4.826061377683988
6.809999999999999,70.68739628365087,5.002218060434142
6.819999999999999,70.13406793836397,5.182328487267184
6.829999999999999,69.53570109985031,5.366142143133475
6.839999999999999,68.89256842172745,5.553371978137589
6.849999999999999,68.20514354304245,5.743694113782625
6.8599999999999985,67.47410826062999,5.93674783637539
6.869999999999999,66.70035732158446,6.132136089620118
6.879999999999999,65.88500066738978,6.3294265162910115
6.889999999999999,65.02936365228749,6.5281530432666495
6.899999999999999,64.1349847237449,6.727817839757616
6.909999999999999,63.20360944242148,6.927894220741236
6.919999999999999,62.23718248249183,7.127829811717046
6.929999999999999,61.23783793645213,7.327049889784033
6.939999999999999,60.2078848623004,7.524961842605927
6.949999999999999,59.14979105103326,7.720959905716311
6.959999999999999,58.066164426140396,7.9144301135199
6.969999999999999,56.9597338508672,8.104755182338849
6.979999999999999,55.83332577054376,8.29132025054882
6.989999999999999,54.689841433354324,8.473518301400135
6.999999999999999,53.53223187789705,8.650755745347874
7.009999999999999,52.36347378636491,8.822457659577674
7.019999999999999,51.186543937503394,8.988073095381212
7.029999999999999,50.004395253779684,9.14707989558691
7.039999999999999,48.81993284942066,9.298989194128698
7.049999999999999,47.63599179398145,9.443349434832752
7.059999999999999,46.4553163688467,9.57974979841071
7.0699999999999985,45.28054099386935,9.707823190996825
7.079999999999999,44.11417383116852,9.827248402877226
7.089999999999999,42.9585819127481,9.937751889004922
7.099999999999999,41.815979719453324,10.039108624464932
7.1099999999999985,40.688419118935926,10.13114264197559
7.119999999999999,39.57778300080056,10.213726659442314
7.129999999999999,38.48578014614526,10.286781436683643
7.139999999999999,37.413943557072926,10.350274351161442
7.149999999999999,36.36362995299379,10.404217736866364
7.159999999999999,35.33602207278671,10.4486666497435
7.169999999999999,34.33213236793706,10.483716367618465
7.179999999999999,33.35280798541066,10.509499687072756
7.189999999999999,32.39873757877468,10.526183903490615
7.199999999999999,31.47045947366871,10.53396756173297
7.209999999999999,30.56836944195039,10.533077438151185
7.219999999999999,29.692730867136977,10.523765063663516
7.229999999999999,28.843683610177273,10.506303679538254
7.239999999999999,28.021254573647884,10.48098490679531
7.249999999999999,27.22536747876513,10.448115717015368
7.259999999999999,26.4558528707107,10.408015468000114
7.269999999999999,25.712457982857146,10.361013074719471
7.2799999999999985,24.99485615664846,10.30744438463561
7.289999999999999,24.302656097979117,10.247649697894431
7.299999999999999,23.63541046823582,10.181971515474121
7.309999999999999,22.992624116824995,10.110752473524167
7.3199999999999985,22.373761738358198,10.034333467762748
7.329999999999999,21.77825496307975,9.953051996883236
7.339999999999999,21.205508933737224,9.8672406736413
7.349999999999999,20.65490825543698,9.777225944014482
7.3599999999999985,20.125822431385043,9.683326972317188
7.369999999999999,19.617610787206758,9.585854684240312
7.379999999999999,19.1296267723094,9.485111000946166
7.389999999999999,18.661221939323468,9.381388164847337
7.399999999999999,18.21174927028235,9.27496825424021
7.409999999999999,17.78056624298328,9.166122771455516
7.419999999999999,17.367037367439387,9.055112375614655
7.429999999999999,16.970536417972003,8.942186696527385
7.439999999999999,16.59044832498005,8.827584235967542
7.449999999999999,16.226170706494838,8.711532359892594
7.459999999999999,15.877115204863399,8.594247337989493
7.469999999999999,15.542708478180463,8.475934464490539
7.479999999999999,15.222393051149952,8.356788210180468
7.489999999999998,14.915627906407012,8.236992430352744
7.499999999999999,14.62188893240079,8.116720602241072
7.509999999999999,14.340669206817473,7.996136093522392
7.519999999999999,14.071479138465603,7.875392456150378
7.5299999999999985,13.813846506755397,7.754633736614978
7.539999999999999,13.567316385327066,7.633994802037561
7.549999999999999,13.331450990903226,7.513601676245462
7.559999999999999,13.105829454751088,7.393571880398833
7.5699999999999985,12.890047533233757,7.274014782340961
7.579999999999999,12.68371726715671,7.155031946453386
7.589999999999999,12.486466611232467,7.03671746977581
7.599999999999999,12.29793901790013,6.919158328025434
7.6099999999999985,12.117792987398065,6.802434723408119
7.619999999999999,11.94570162494921,6.686620408334169
7.629999999999999,11.781352201067726,6.571782994956962
7.639999999999999,11.624445624285036,6.457984295257456
7.649999999999999,11.474695969076212,6.345280622835189
7.659999999999999,11.33183005109389,6.233723067452216
7.669999999999999,11.19558689286152,6.123357803566959
7.679999999999999,11.065717243695834,6.014226368843596
7.689999999999999,10.94198316060716,5.90636591314728
7.699999999999998,10.824157533934535,5.799809459635737
7.709999999999999,10.71202360940808,5.694586159990789
7.719999999999999,10.605374575911897,5.590721520377065
7.729999999999999,10.504013169080707,5.488237615963545
7.739999999999998,10.407751211032888,5.387153320634267
7.749999999999999,10.316409224848954,5.287484506309571
7.759999999999999,10.229816085337662,5.189244225625272
7.769999999999999,10.14780861307401,5.092442907227515
7.7799999999999985,10.07023121725855,4.997088530835927
7.789999999999999,9.996935576558332,4.903186785995124
7.799999999999999,9.927780299934858,4.810741232520859
7.809999999999999,9.862630599118782,4.719753453182354
7.8199999999999985,9.801357997108402,4.630223191590805
7.829999999999999,9.743840047865714,4.542148483011114
7.839999999999999,9.689960041429291,4.455525785725065
7.849999999999999,9.639606745077314,4.3703500985051065
7.8599999999999985,9.592674163699561,4.286615069451952
7.869999999999999,9.549061282239736,4.204313106535511
7.879999999999999,9.50867183481741,4.123435477731132
7.889999999999999,9.47141409498576,4.043972402548172
7.899999999999999,9.437200675170843,3.965913138318348
7.909999999999998,9.405948308484845,3.889246068592955
7.919999999999999,9.377577664596284,3.81395877993208
7.929999999999999,9.352013176079836,3.740038134109321
7.939999999999999,9.329182861957001,3.6674703382089984
7.949999999999998,9.309018161146438,3.5962410101511155
7.959999999999999,9.291453778402982,3.5263352391914373
7.969999999999999,9.276427543210316,3.457737641247179
7.979999999999999,9.263880261252337,3.3904324140963173
7.989999999999998,9.253755581669457,3.324403386981636
7.999999999999999,9.245999871232195,3.259634067214507
8.009999999999998,9.240562094096035,3.196107683831145
8.02,9.237393694347446,3.1338072284967735
8.03,9.236448487103248,3.0727154935621783
8.04,9.237682556125689,3.0128151075195686
8.049999999999999,9.241054153924175,2.954088568103362
8.059999999999999,9.246523607334947,2.896518273067617
8.069999999999999,9.254053228454195,2.8400865488210876
8.079999999999998,9.26360722991267,2.7847756772096712
8.089999999999998,9.275151643802866,2.7305679199623163
8.1,9.288654244919748,2.6774455415582232
8.11,9.304084477839703,2.625390830613943
8.12,9.321413387570457,2.5743861195834103
8.129999999999999,9.340613553478752,2.524413802504464
8.139999999999999,9.361659026630633,2.475456351751114
8.149999999999999,9.384525269722397,2.4274963336767157
8.159999999999998,9.409189100579574,2.380516422502046
8.169999999999998,9.43562863828743,2.3344994131371277
8.179999999999998,9.463823251628428,2.2894282331966544
8.19,9.493753509671658,2.2452859543401353
8.2,9.525401136338033,2.2020558010940054
8.209999999999999,9.55874896608487,2.1597211598827712
8.219999999999999,9.593780902090941,2.118265586877523
8.229999999999999,9.630481876498099,2.077672815030607
8.239999999999998,9.668837808421538,2.0379267639269822
8.249999999999998,9.708835570738895,1.9990115430265691
8.259999999999998,9.750462956932786,1.9609114557151381
8.27,9.793708647547446,1.923611004513026
8.28,9.838562179448708,1.8870948946971242
8.29,9.88501391390927,1.851348039158944
8.299999999999999,9.933055004555895,1.816355563799664
8.309999999999999,9.982677378028924,1.7821028049421959
8.319999999999999,10.033873705735965,1.748575313061559
8.329999999999998,10.086637379649687,1.7157588542490585
8.339999999999998,10.140962489079413,1.6836394114169624
8.349999999999998,10.196843792958552,1.6522031886682735
8.36,10.254276704121699,1.6214366084726772
8.37,10.313257269427675,1.5913263117841303
8.379999999999999,10.373782149818828,1.5618591585227377
8.389999999999999,10.43584860241636,1.5330222270946916
8.399999999999999,10.499454460771274,1.5048028152773152
8.409999999999998,10.564598117026462,1.4771884402412707
8.419999999999998,10.631278510747096,1.4501668348895158
8.429999999999998,10.699495112025408,1.4237259478416917
8.44,10.769247907361768,1.3978539420281082
8.45,10.840537385763321,1.372539193369566
8.459999999999999,10.913364522065901,1.3477702911402252
8.469999999999999,10.987730768772865,1.3235360339724176
8.479999999999999,11.063638043627012,1.299825428333013
8.489999999999998,11.141088718016258,1.2766276867407338
8.499999999999998,11.220085606422536,1.2539322256085708
8.509999999999998,11.300631954248667,1.231728664222572
8.52,11.382731428393432,1.2100068223377123
8.53,11.466388109851794,1.1887567168027733
8.54,11.551606483931572,1.167968559747468
8.549999999999999,11.638391431917677,1.1476327561230601
8.559999999999999,11.726748222673248,1.127739901443871
8.569999999999999,11.816682503079127,1.1082807803200099
8.579999999999998,11.908200293271369,1.089246362556364
8.589999999999998,12.001307979008574,1.0706278009595527
8.599999999999998,12.096012304931635,1.0524164288156266
8.61,12.19232036829497,1.034603757262695
8.62,12.290239611561226,1.0171814734222033
8.629999999999999,12.389777817391666,1.00014143738174
8.639999999999999,12.490943103768146,0.983475679246488
8.649999999999999,12.593743918334047,0.9671763967482484
8.659999999999998,12.698189033447044,0.9512359526041748
8.669999999999998,12.804287540964888,0.9356468721448717
8.679999999999998,12.912048846729059,0.9204018412275111
8.69,13.021482668052144,0.9054937026793318
8.7,13.132599028965654,0.8909154540468105
8.709999999999999,13.245408256293558,0.8766602450234976
8.719999999999999,13.359920975994314,0.8627213748487614
8.729999999999999,13.476148109246694,0.8490922899559585
8.739999999999998,13.59410086644764,0.8357665828503285
8.749999999999998,13.713790747229032,0.8227379878626362
8.759999999999998,13.835229536604604,0.8100003790833716
8.769999999999998,13.95842930166923,0.7975477681012517
8.78,14.083402388747167,0.7853743015988419
8.79,14.210161420600983,0.7734742590045539
8.799999999999999,14.338719292279045,0.7618420508559015
8.809999999999999,14.469089169901363,0.7504722158842335
8.819999999999999,14.601284488346314,0.7393594186844671
8.829999999999998,14.735318948540073,0.728498447642882
8.839999999999998,14.871206515187241,0.7178842127329461
8.849999999999998,15.008961414594305,0.7075117433382456
8.86,15.148598131506734,0.6973761867250836
8.87,15.290131407391103,0.6874728057528189
8.879999999999999,15.433576239164218,0.677796976397752
8.889999999999999,15.578947876737749,0.6683441860330099
8.899999999999999,15.726261821085751,0.6591100314724886
8.909999999999998,15.87553382236599,0.6500902170479705
8.919999999999998,16.026779877559008,0.6412805529175558
8.929999999999998,16.180016228191068,0.6326769533920389
8.94,16.33525935961879,0.6242754347253757
8.95,16.49252599870518,0.6160721135507983
8.959999999999999,16.651833111988026,0.6080632051761509
8.969999999999999,16.813197903868737,0.6002450219122917
8.979999999999999,16.97663781460601,0.592613971527303
8.989999999999998,17.14217051785081,0.5851665559409033
8.999999999999998,17.309813919703842,0.5778993692774403
9.009999999999998,17.479586156524196,0.5708090965047061
9.019999999999998,17.651505592955004,0.5638925120055924
9.03,17.82559081996493,0.5571464781693186
9.04,18.001860652776625,0.5505679440506879
9.049999999999999,18.18033412811221,0.5441539443039571
9.059999999999999,18.361030502806308,0.5379015976381425
9.069999999999999,18.543969251509775,0.5318081056252277
9.079999999999998,18.729170064301645,0.5258707515596163
9.089999999999998,18.91665284433142,0.5200868993217787
9.099999999999998,19.106437705363074,0.5144539922888446
9.11,19.298544968601096,0.5089695524459978
9.12,19.492995160446235,0.5036311792832646
9.129999999999999,19.689809009895583,0.49843654879875415
9.139999999999999,19.88900744543556,0.4933834126443994
9.149999999999999,20.090611591991397,0.4884695972710089
9.159999999999998,20.294642767740886,0.48369300311902136
9.169999999999998,20.50112248030689,0.4790516039691409
9.179999999999998,20.71007242319251,0.47454344624271616
9.189999999999998,20.921514472654636,0.4701666482111884
9.2,21.13547068348856,0.4659193994640438
9.209999999999999,21.351963284933994,0.46179996035662585
9.219999999999999,21.571014676370925,0.4578066615088942
9.229999999999999,21.792647422143748,0.4539379034614195
9.239999999999998,22.016884245998455,0.4501921564093007
9.249999999999998,22.243748028186292,0.44656795952056677
9.259999999999998,22.47326179927569,0.44306392079828294
9.269999999999998,22.70544873456312,0.4396787168579829
9.28,22.94033214825852,0.4364110927520885
9.29,23.177935487388027,0.43325986184928933
9.299999999999999,23.41828232540386,0.4302239057693826
9.309999999999999,23.66139635430591,0.4273021745589835
9.319999999999999,23.907301369260182,0.4244936880462731
9.329999999999998,24.156021272700606,0.4217975341594132
9.339999999999998,24.407580063978983,0.4192128695067438
9.349999999999998,24.662001829601756,0.4167389198691812
9.36,24.919310734445205,0.41437498054249033
9.37,25.179531012564063,0.4121204167445134
9.379999999999999,25.44268695758187,0.40997466408810274
9.389999999999999,25.708802912390293,0.40793722915574576
9.399999999999999,25.977903239958,0.4060076926445099
9.409999999999998,26.250012326169287,0.40418570817103716
9.419999999999998,26.525154576465933,0.4024710019225835
9.429999999999998,26.803354395252484,0.4008633746512111
9.439999999999998,27.084636172556387,0.3993627026869624
9.45,27.369024270093128,0.3979689390342576
9.459999999999999,27.656543006719954,0.3966821145527815
9.469999999999999,27.94721664326287,0.3955023392241225
9.479999999999999,28.24106935271327,0.3944298052635641
9.489999999999998,28.538125188860885,0.39346479043387156
9.499999999999998,28.838408103489638,0.392607655259262
9.509999999999998,29.141941910864244,0.3918588468689153
9.519999999999998,29.448750266079276,0.3912189011010742
9.53,29.758856642877703,0.39068844467621255
9.54,30.072284310342553,0.39026819750997127
9.549999999999999,30.389056304476078,0.38995897546550745
9.559999999999999,30.70919540523077,0.38976169275418704
9.569999999999999,31.03272411139438,0.38967736455502877
9.579999999999998,31.359664610970988,0.389707110030443
9.589999999999998,31.690038751772324,0.3898521553857817
9.599999999999998,32.023868010715105,0.39011383708629394
9.609999999999998,32.36117345513007,0.390493606098081
9.62,32.701975667291784,0.39099303688340875
9.629999999999999,33.04629476111819,0.3916138244372878
9.639999999999999,33.394150331771165,0.39235779000598675
9.649999999999999,33.74556140894856,0.3932268863116977
9.659999999999998,34.100546413721815,0.39422320230140645
9.669999999999998,34.459123113397,0.3953489681345795
9.679999999999998,34.82130855481837,0.3966065625813587
9.689999999999998,35.187118995161036,0.39799852071894803
9.7,35.55656989748163,0.3995275344656468
9.709999999999999,35.92967585277846,0.4011964612852112
9.719999999999999,36.306450519901496,0.4030083309314325
9.729999999999999,36.68690656337434,0.4049663524440826
9.739999999999998,37.071055587652225,0.40707392157500594
9.749999999999998,37.45890802403628,0.4093346343624472
9.759999999999998,37.85047307776061,0.41175229280559916
9.769999999999998,38.24575866808814,0.41433091141257133
9.78,38.64477132954124,0.41707472878445967
9.79,39.047516123024565,0.4199882178640536
9.799999999999999,39.45399654124762,0.4230760965078989
9.809999999999999,39.86421440913354,0.4263433385465161
9.819999999999999,40.278169783755544,0.4297951861723444
9.829999999999998,40.695860845124955,0.4334371621803289
9.839999999999998,41.11728378298829,0.437275083008776
9.849999999999998,41.54243266949126,0.44131507362151345
9.859999999999998,41.97129927450798,0.4455635901253475
9.87,42.4038729952501,0.4500274266447064
9.879999999999999,42.8401407018541,0.45471373357469813
9.889999999999999,43.28008658006761,0.4596300361128856
9.899999999999999,43.72369197254897,0.46478425283379227
9.909999999999998,44.170935169320835,0.47018471959590613
9.919999999999998,44.621791251462675,0.4758402081565236
9.929999999999998,45.07623192319819,0.48175994612113077
9.939999999999998,45.534225300611105,0.487953641476027
9.95,45.99573570452032,0.4944315068549757
9.959999999999999,46.46072341243592,0.5012042889308672
9.969999999999999,46.9291443898676,0.5082833003455791
9.979999999999999,47.400950119438306,0.5156804390766956
9.989999999999998,47.87608731246695,0.5234082226847092
9.999999999999998,48.354497636354004,0.5314798204428162
10.009999999999998,48.83611741585966,0.539909088383344
10.019999999999998,49.320877238932546,0.5487106146067249
10.029999999999998,49.80870173718956,0.5578997463501556
10.04,50.29950922909762,0.5674926317474499
10.049999999999999,50.793211352803326,0.5775062628868595
10.059999999999999,51.2897126908217,0.5879585199369868
10.069999999999999,51.7889102874105,0.5988682266664858
10.079999999999998,52.29069327363155,0.6102551950319632
10.089999999999998,52.79494246700236,0.6221402726656569
10.099999999999998,53.30152987860729,0.6345454002425306
10.109999999999998,53.810318226696204,0.6474936684473481
10.12,54.321160377711216,0.661009381346213
10.129999999999999,54.83389874637488,0.6751181238066483
10.139999999999999,55.34836484647368,0.6898468185605839
10.149999999999999,55.864378644797476,0.7052237991101997
10.159999999999998,56.38174793277751,0.7212788823457035
10.169999999999998,56.90026765954162,0.7380434441260308
10.179999999999998,57.4197191691811,0.755550497148091
10.189999999999998,57.93986955863348,0.7738347747019462
10.2,58.46047090553611,0.7929328163702716
10.209999999999999,58.981259466969796,0.8128830574053222
10.219999999999999,59.501954852057736,0.8337259216932542
10.229999999999999,60.02225917701246,0.8555039024133042
10.239999999999998,60.5418561636315,0.8782616636052437
10.249999999999998,61.06041019720882,0.9020461479950733
10.259999999999998,61.57756536098184,0.9269066755597726
10.269999999999998,62.09294451140878,0.952895038647041
10.279999999999998,62.60614825506191,0.9800656076975195
10.29,63.11675381805861,1.008475448626036
10.299999999999999,63.624313983203315,1.0381844292451063
10.309999999999999,64.12835604464232,1.0692553080609872
10.319999999999999,64.62838078418554,1.1017538112688754
10.329999999999998,65.1238611740528,1.1357487828934327
10.339999999999998,65.61424133643746,1.171312253176575
10.349999999999998,66.09893539629991,1.2085195316150017
10.359999999999998,66.57732635963602,1.2474492883341612
10.37,67.04876500545592,1.2881836265545779
10.379999999999999,67.5125688137466,1.3308081427433525
10.389999999999999,67.96802092963979,1.3754119732154693
10.399999999999999,68.41436918519166,1.4220878238992918
10.409999999999998,68.85082519369331,1.4709319800960452
10.419999999999998,69.27656353832819,1.5220442922843667
10.429999999999998,69.69072106986046,1.5755281352764792
10.439999999999998,70.09239634066319,1.6314903357437864
10.45,70.48064920961001,1.6900410619913429
10.459999999999999,70.85450063294903,1.7512936734034898
10.469999999999999,71.21293257959242,1.8153645404374896
10.479999999999999,71.55488845221399,1.8823727680661724
10.489999999999998,71.87927353771532,1.9524399062097806
10.499999999999998,72.18495590492174,2.0256895774853345
10.509999999999998,72.47076768600182,2.102247028365961
10.519999999999998,72.73550672830812,2.18223861146835
10.529999999999998,72.97793870223438,2.2657911833182296
10.54,73.19679976130622,2.353031400161387
10.549999999999999,73.39079974874825,2.4440849215921143
10.559999999999999,73.55862595395006,2.5390755092922186
10.569999999999999,73.6989475798997,2.6381240139716127
10.579999999999998,73.81042085292454,2.741347243188121
10.589999999999998,73.89169486966803,2.848856720052683
10.599999999999998,73.94141823285594,2.9607573042354574
10.609999999999998,73.95824642134724,3.0771457085120484
10.62,73.94085001330347,3.1981088826862734
10.629999999999999,73.88792371159472,3.323722279668649
10.639999999999999,73.79819607960556,3.454048039168497
10.649999999999999,73.67044029520763,3.589133011988962
10.659999999999998,73.50348520885844,3.729006802990133
10.669999999999998,73.29622765312234,3.8736796169460876
10.679999999999998,73.04764468770215,4.023140203906161
10.689999999999998,72.75680691995025,4.177353664479268
10.699999999999998,72.4228917368607,4.336259359239065
10.709999999999999,72.0451968295129,4.499768852966982
10.719999999999999,71.62315401409768,4.667763892147915
10.729999999999999,71.15634206593232,4.840094672473682
10.739999999999998,70.64450024074252,5.016578083501766
10.749999999999998,70.08753977779752,5.196996427828975
10.759999999999998,69.48555567800878,5.381096221503387
10.769999999999998,68.8388362682124,5.568587487728634
10.779999999999998,68.14787179313137,5.759143371864168
10.79,67.4133611111458,5.952400194543653
10.799999999999999,66.63621609691872,6.147958026139633
10.809999999999999,65.8175641531128,6.345381737043793
10.819999999999999,64.95874802884305,6.544202548587565
10.829999999999998,64.06132270151666,6.7439203424120855
10.839999999999998,63.12705026434658,6.944006199471599
10.849999999999998,62.15789157804753,7.14390561866727
10.859999999999998,61.15599508555194,7.343042353466491
10.87,60.123683001764455,7.54082267651791
10.879999999999999,59.06343499237849,7.736639995426051
10.889999999999999,57.977870077611115,7.929879699584672
10.899999999999999,56.86972534889431,8.119924607763735
10.909999999999998,55.7418344630757,8.306160257319714
10.919999999999998,54.5971032245121,8.487980574491306
10.929999999999998,53.43848605425156,8.664793185983623
10.939999999999998,52.26896020641178,8.836024972181855
10.949999999999998,51.09150170721702,9.001127098366084
10.959999999999999,49.9090603171763,9.159579941978356
10.969999999999999,48.72453638671355,9.310897503698149
10.979999999999999,47.540758437191,9.454631358842548
10.989999999999998,46.36046247236933,9.590374156968686
10.999999999999998,45.1862735028481,9.717762366915542
11.009999999999998,44.020688615320545,9.836478625645903
11.019999999999998,42.86606319551456,9.946253204243188
11.029999999999998,41.724598723709484,10.046865079545983
11.04,40.59833388356775,10.138142172876318
11.049999999999999,39.48913752581496,10.219961141680859
11.059999999999999,38.39870443247185,10.292246532441787
11.069999999999999,37.32855333519685,10.354969422149964
11.079999999999998,36.2800268376906,10.408145675015339
11.089999999999998,35.25429386458881,10.451833667150156
11.099999999999998,34.25235309902405,10.48613185564833
11.109999999999998,33.27503889242191,10.511175880688704
11.119999999999997,32.3230275110041,10.527135656729355
11.129999999999999,31.39684538143886,10.534212155344388
11.139999999999999,30.49687741616086,10.532634222273282
11.149999999999999,29.623376530322535,10.522655304262786
11.159999999999998,28.776473272535288,10.504550193347438
11.169999999999998,27.956185777181613,10.47861188842957
11.179999999999998,27.162429925255,10.445148453477293
11.189999999999998,26.395029141752172,10.404480136008035
11.199999999999998,25.653724401426544,10.356936490288152
11.209999999999999,24.938183479353462,10.302853822619847
11.219999999999999,24.248010275982928,10.242572681606438
11.229999999999999,23.582753271621385,10.176435664255363
11.239999999999998,22.941913831439358,10.104785324315607
11.249999999999998,22.324953715575216,10.027962348774887
11.259999999999998,21.731302225139345,9.946303884778098
11.269999999999998,21.160362644427206,9.860142091752763
11.279999999999998,20.61151801551329,9.769802906507257
11.29,20.084136888116717,9.67560485383214
11.299999999999999,19.57757805197826,9.577858134656479
11.309999999999999,19.09119465946293,9.476863912509208
11.319999999999999,18.62433818349783,9.372913649838404
11.329999999999998,18.17636201090596,9.266288547423324
11.339999999999998,17.74662395307648,9.157259282416293
11.349999999999998,17.334489276777592,9.046085607500798
11.359999999999998,16.939332598308532,8.93301625633853
11.369999999999997,16.560539761243923,8.818288848462677
11.379999999999999,16.19750950577153,8.702129843926173
11.389999999999999,15.849654610842654,8.584754632746385
11.399999999999999,15.51640301142392,8.466367625967518
11.409999999999998,15.197198532433307,8.34716243255626
11.419999999999998,14.89150149638575,8.227322064030265
11.429999999999998,14.598789174425056,8.107019171207098
11.439999999999998,14.318556027202744,7.986416322033591
11.449999999999998,14.050313870418611,7.8656662904988774
11.459999999999999,13.793591879281095,7.744912371591323
11.469999999999999,13.54793651286995,7.624288708079703
11.479999999999999,13.312911359081083,7.503920626349609
11.489999999999998,13.088096899144873,7.383924978383992
11.499999999999998,12.873090213697235,7.264410491639917
11.509999999999998,12.667504641100832,7.145478115518199
11.519999999999998,12.470969399627037,7.027221359221256
11.529999999999998,12.283129164183332,6.909726644790368
11.539999999999997,12.103643629042724,6.7930736424188485
11.549999999999999,11.932187073825723,6.6773355899400775
11.559999999999999,11.768447866068502,6.5625796296898615
11.569999999999999,11.612127987677964,6.4488671215706175
11.579999999999998,11.462942585860123,6.336253936226617
11.589999999999998,11.320619457633528,6.224790764490715
11.599999999999998,11.18489857438818,6.114523402121971
11.609999999999998,11.055531640555328,6.005493014117319
11.619999999999997,10.932281596272809,5.897736410803818
11.629999999999999,10.814922161380425,5.791286301899307
11.639999999999999,10.703237416882397,5.686171530804986
11.649999999999999,10.59702134435559,5.582417316405128
11.659999999999998,10.496077402208,5.4800454761553254
11.669999999999998,10.40021813830361,5.379074631504508
11.679999999999998,10.309264774521582,5.279520416470954
11.689999999999998,10.223046821715355,5.18139567113188
11.699999999999998,10.141401727810088,5.084710619610327
11.709999999999999,10.064174509373387,4.989473048270045
11.719999999999999,9.991217407467506,4.895688471749644
11.729999999999999,9.922389572334835,4.80336028588352
11.739999999999998,9.85755674040315,4.712489918634902
11.749999999999998,9.796590930651245,4.623076971257061
11.759999999999998,9.739370167446442,4.535119347969532
11.769999999999998,9.685778195185135,4.448613384221635
11.779999999999998,9.635704209808466,4.363553966648017
11.789999999999997,9.589042612808848,4.279934643352581
11.799999999999999,9.545692789268568,4.197747724285848
11.809999999999999,9.505558852997606,4.116984387843817
11.819999999999999,9.468549433482083,4.037634772921705
11.829999999999998,9.434577476595972,3.9596880649677093
11.839999999999998,9.403560042859523,3.883132579736327
11.849999999999998,9.375418112476256,3.807955842716515
11.859999999999998,9.350076407739605,3.734144661845559
11.869999999999997,9.3274632308104,3.661685193935908
11.879999999999999,9.30751029133246,3.590563011614167
11.889999999999999,9.290152552348319,3.5207631635073446
11.899999999999999,9.275328085279009,3.452270230544105
11.909999999999998,9.262977930715682,3.385068378921191
11.919999999999998,9.253045961619497,3.3191414102815306
11.929999999999998,9.245478757326099,3.254472808084065
11.939999999999998,9.240225485642462,3.1910457807627903
11.949999999999998,9.237237786187489,3.1288433025219566
11.959999999999997,9.236469661074185,3.0678481512233162
11.969999999999999,9.237877371810805,3.008042943654512
11.979999999999999,9.241419341391094,2.949410168424121
11.989999999999998,9.247056059768642,2.891932216525144
11.999999999999998,9.25474999500307,2.8355914097584236
12.009999999999998,9.264465509072126,2.7803700274073173
12.019999999999998,9.276168777301145,2.7262503306862396
12.029999999999998,9.289827711704795,2.67321458533576
12.039999999999997,9.305411888384002,2.6212450827408893
12.049999999999999,9.322892478196978,2.570324159654498
12.059999999999999,9.342242181237463,2.520434215871878
12.069999999999999,9.363435164326251,2.471557730787896
12.079999999999998,9.386447001218889,2.4236772791009016
12.089999999999998,9.411254616126344,2.3767755447441603
12.099999999999998,9.437836230468964,2.3308353330374283
12.109999999999998,9.466171311695811,2.2858395825124522
12.119999999999997,9.496240524904248,2.241771375332001
12.129999999999999,9.52802568631617,2.1986139473011743
12.139999999999999,9.561509715752514,2.1563507004651137
12.149999999999999,9.596676599224898,2.1149652063540674
12.159999999999998,9.6335113485388,2.0744412138306814
12.169999999999998,9.671999963359067,2.0347626556674747
12.179999999999998,9.712129395690061,1.995913653863065
12.189999999999998,9.75388751121114,1.9578785279728026
12.199999999999998,9.79726305673065,1.920641799487134
12.209999999999997,9.842245634552528,1.884188191643121
12.219999999999999,9.888825670538932,1.8485026345620241
12.229999999999999,9.936994386361924,1.8135702678283399
12.239999999999998,9.986743772160796,1.779376443227114
12.249999999999998,10.038066554604843,1.74590673091475
12.259999999999998,10.090956180375803,1.7131469158580634
12.269999999999998,10.145406791745101,1.681082999862269
12.279999999999998,10.201413204062058,1.649701202726777
12.289999999999997,10.258970885164683,1.6189879625125068
12.299999999999999,10.318075931708053,1.588929938006716
12.309999999999999,10.378725050138462,1.5595140086537775
12.319999999999999,10.440915543060907,1.5307272714883606
12.329999999999998,10.504645289910354,1.502557041844645
12.339999999999998,10.569912730739363,1.4749908524480644
12.349999999999998,10.636716850124937,1.4480164526663775
12.359999999999998,10.705057157690604,1.421621809836636
12.369999999999997,10.774933679273728,1.3957951049713897
12.379999999999997,10.846346942418721,1.370524731786966
12.389999999999999,10.919297963057609,1.345799295287461
12.399999999999999,10.993788233400988,1.3216076098874117
12.409999999999998,11.069819707904973,1.2979386988491233
12.419999999999998,11.147394792044377,1.2747817923248508
12.429999999999998,11.226516334393,1.2521263237130773
12.439999999999998,11.307187615158695,1.229961928243577
12.449999999999998,11.389412336607595,1.208278440679157
12.459999999999997,11.473194613574428,1.1870658931520444
12.469999999999999,11.55853896207559,1.1663145142241418
12.479999999999999,11.64545029394525,1.1460147248026573
12.489999999999998,11.733933908290965,1.1261571359795355
12.499999999999998,11.823995483629556,1.1067325466634022
12.509999999999998,11.915641070722021,1.0877319409902726
12.519999999999998,12.008877084323133,1.0691464864745244
12.529999999999998,12.103710296531288,1.0509675314499294
12.539999999999997,12.200147832046373,1.0331866016316413
12.549999999999999,12.29819716140509,1.0157953979135539
12.559999999999999,12.397866095302428,0.9987857937229179
12.569999999999999,12.499162778930184,0.9821498325043585
12.579999999999998,12.602095685113508,0.9658797259836215
12.589999999999998,12.706673611447968,0.949967850418764
12.599999999999998,12.812905675174314,0.9344067441934805
12.609999999999998,12.920801308529414,0.9191891052812879
12.619999999999997,13.030370254546852,0.9043077885918392
12.629999999999997,13.141622562839675,0.8897558034482399
12.639999999999999,13.254568582869332,0.8755263125417904
12.649999999999999,13.36921896315093,0.8616126277929977
12.659999999999998,13.485584647514642,0.8480082079168402
12.669999999999998,13.603676871196786,0.8347066561899296
12.679999999999998,13.723507157599567,0.8217017179633496
12.689999999999998,13.845087315156858,0.8089872782177793
12.699999999999998,13.96842943285432,0.7965573598382928
12.709999999999997,14.0935458785604,0.7844061206595815
12.719999999999999,14.220449296541345,0.7725278509776948
12.729999999999999,14.34915260443885,0.760916971395126
12.739999999999998,14.479668990747,0.7495680305112842
12.749999999999998,14.612011912393735,0.7384757026423535
12.759999999999998,14.74619509123506,0.7276347862698773
12.769999999999998,14.882232512371822,0.7170402015009356
12.779999999999998,15.020138422541512,0.706686987566623
12.789999999999997,15.159927327541212,0.6965703009709837
12.799999999999997,15.301613990155571,0.6866854134194342
12.809999999999999,15.445213428158365,0.6770277097781704
12.819999999999999,15.590740911617038,0.6675926863594748
12.829999999999998,15.738211961004058,0.6583759489513816
12.839999999999998,15.887642346070066,0.6493732106067713
12.849999999999998,16.039048083540994,0.6405802899368137
12.859999999999998,16.192445435265245,0.6319931092797777
12.869999999999997,16.34785090639163,0.62360769290466
12.879999999999997,16.505281243169602,0.6154201654408661
12.889999999999999,16.664753430872718,0.6074267502937566
12.899999999999999,16.826284692727317,0.5996237676248568
12.909999999999998,16.98989248773253,0.5920076328974483
12.919999999999998,17.155594508808946,0.5845748553026685
12.929999999999998,17.32340868094243,0.5773220362219664
12.939999999999998,17.493353159051637,0.5702458678317897
12.949999999999998,17.665446325634072,0.5633431318264226
12.959999999999997,17.839706789579125,0.556610697704838
12.969999999999999,18.016153383838123,0.5500455215373129
12.979999999999999,18.194805163329633,0.5436446446615918
12.989999999999998,18.37568140281055,0.5374051924135131
12.999999999999998,18.558801594523395,0.5313243729449871
13.009999999999998,18.744185445395203,0.5253994761901322
13.019999999999998,18.931852875418194,0.5196278725240716
13.029999999999998,19.121824014940017,0.5140070117448059
13.039999999999997,19.314119202055235,0.5085344220446529
13.049999999999997,19.508758979933152,0.5032077090152149
13.059999999999999,19.70576409393918,0.49802455472403584
13.069999999999999,19.905155488132866,0.49298271697043905
13.079999999999998,20.106954302911294,0.48808002824727886
13.089999999999998,20.3111818716173,0.4833143949826915
13.099999999999998,20.51785971710756,0.4786837968073332
13.109999999999998,20.727009548216902,0.4741862858517199
13.119999999999997,20.938653255901105,0.4698199861189641
13.129999999999997,21.152812907902128,0.46558309313664725
13.139999999999999,21.36951074657172,0.4614738730640675
13.149999999999999,21.58876918428935,0.4574906622405511
13.159999999999998,21.81061079865895,0.4536318667860518
13.169999999999998,22.035058327775896,0.4498959622008649
13.179999999999998,22.262134665268082,0.4462814930157468
13.189999999999998,22.491862855101672,0.44278707249271937
13.199999999999998,22.724266086142475,0.4394113823768401
13.209999999999997,22.95936768353782,0.43615317319976266
13.219999999999999,23.197191096572073,0.433011265193153
13.229999999999999,23.437759905170054,0.4299845460172112
13.239999999999998,23.681097808131522,0.4270719716185885
13.249999999999998,23.927228615481827,0.4242725663868009
13.259999999999998,24.176176240995186,0.4215854232825788
13.269999999999998,24.427964694376136,0.4190097040248391
13.279999999999998,24.682618073088737,0.4165446393367803
13.289999999999997,24.940160553823073,0.4141895292516047
13.299999999999997,25.200616368085615,0.4119437457012252
13.309999999999999,25.46400979531247,0.40980673259812544
13.319999999999999,25.73036517349169,0.40777800341135284
13.329999999999998,25.99970687623423,0.40585714355685965
13.339999999999998,26.272059301364727,0.4040438111386873
13.349999999999998,26.54744685901396,0.40233773776327775
13.359999999999998,26.825893959190523,0.40073872942909355
13.369999999999997,27.107424998818043,0.3992466674925208
13.379999999999997,27.392064346900273,0.39786150987958413
13.389999999999999,27.679836298944256,0.396583296218459
13.399999999999999,27.970765088931966,0.395412145650706
13.409999999999998,28.264874877102915,0.39434825772748844
13.419999999999998,28.562189723305707,0.3933919151474513
13.429999999999998,28.862733567816832,0.3925434855474741
13.439999999999998,29.16653021122578,0.3918034234150987
13.449999999999998,29.47360329329616,0.39117227209388583
13.459999999999997,29.783976270426407,0.3906506657062153
13.469999999999997,30.097672393116728,0.390239331732591
13.479999999999999,30.414714681703817,0.38993909337333865
13.489999999999998,30.73512590104034,0.38975087205774817
13.499999999999998,31.05892853413516,0.38967569012593445
13.509999999999998,31.386144754653966,0.3897146736501986
13.519999999999998,31.71679638848253,0.38986905669446903
13.529999999999998,32.05090485150739,0.39014018871440437
13.539999999999997,32.38849115998979,0.3905295323143761
13.549999999999997,32.72957588035466,0.3910386690242398
13.559999999999999,33.074179088386,0.39166930381158477
13.569999999999999,33.422320328600144,0.39242326955236495
13.579999999999998,33.77401857730431,0.3933025304756616
13.589999999999998,34.12929219856578,0.3943091869753267
13.599999999999998,34.48815889133411,0.3954454821729513
13.609999999999998,34.850635644545825,0.3967138064754836
13.619999999999997,35.21673868667943,0.39811670313485564
13.629999999999997,35.58648343031074,0.3996568744797817
13.639999999999999,35.95988437778283,0.40133719389932565
13.649999999999999,36.33695509601023,0.403160707373311
13.659999999999998,36.71770815346222,0.40513064058903236
13.669999999999998,37.10215504552526,0.40725040771135884
13.679999999999998,37.490306123872436,0.40952361945940896
13.689999999999998,37.88217051314311,0.4119540924055918
13.699999999999998,38.27775600911978,0.41454586000756766
13.709999999999997,38.67706903132267,0.41730317901626096
13.719999999999997,39.0801145226735,0.42023054062676257
13.729999999999999,39.48689585560391,0.42333268119671563
13.739999999999998,39.89741473500153,0.4266145933765375
13.749999999999998,40.31167106475523,0.43008154229145523
13.759999999999998,40.72966284428735,0.43373907735172684
13.769999999999998,41.151386081503084,0.4375930416126304
13.779999999999998,41.57683465599738,0.4416495880673993
13.789999999999997,42.00600019184505,0.4459151944516753
13.799999999999997,42.438871918195,0.4503966794616785
13.809999999999999,42.875436462564295,0.4551012265579159
13.819999999999999,43.31567776513239,0.4600363942710425
13.829999999999998,43.75957691520846,0.4652101352751369
13.839999999999998,44.20711197264669,0.4706308172005517
13.849999999999998,44.6582577917914,0.4763072432192828
13.859999999999998,45.11298581448407,0.4822486764147066
13.869999999999997,45.57126382343216,0.4884648690099106
13.879999999999997,46.033055800184464,0.494966078618903
13.889999999999997,46.4983216775144,0.5017630975080069
13.899999999999999,46.96701710157135,0.5088672806018334
13.909999999999998,47.43909317636889,0.5162905750950026
13.919999999999998,47.91449620236552,0.5240455512193605
13.929999999999998,48.39316740740687,0.5321454342854417
13.939999999999998,48.87504265457258,0.540604138831371
13.949999999999998,49.36005213380637,0.5494363048892331
13.959999999999997,49.848119972747035,0.5586573437576842
13.969999999999997,50.33916394887599,0.5682834718685155
13.979999999999999,50.833095131287045,0.5783317529330967
13.989999999999998,51.32981748995094,0.5888201439153857
13.999999999999998,51.829227484009074,0.5997675429962898
14.009999999999998,52.3312136006917,0.6111938422521676
14.019999999999998,52.8356559607764,0.6231199756960332
14.029999999999998,53.3424258351945,0.6355679752704095
14.039999999999997,53.851385151339365,0.6485610284617261
14.049999999999997,54.362385945084846,0.6621235408924016
14.059999999999999,54.87526980625436,0.676281200399804
14.069999999999999,55.38986734446773,0.6910610406369614
14.079999999999998,55.90599756953854,0.7064915120545309
14.089999999999998,56.42346725926861,0.7226025546994012
14.099999999999998,56.94207026031516,0.7394256730821217
14.109999999999998,57.46158681849429,0.7569940163784686
14.119999999999997,57.98178285660343,0.7753424614139832
14.129999999999997,58.5024092047908,0.7945076987167472
14.139999999999997,59.023200808436414,0.8145283196687049
14.149999999999999,59.54387591582013,0.8354448977393043
14.159999999999998,60.064135191675966,0.8573000974840242
14.169999999999998,60.583660820748406,0.8801387700755015
14.179999999999998,61.102115569863805,0.9040080548209274
14.189999999999998,61.61914185986322,0.9289574713217842
14.199999999999998,62.13436081590288,0.9550390103357279
14.209999999999997,62.64737116413025,0.9823072597311087
14.219999999999997,63.15774820323076,1.010819502387457
14.229999999999999,63.665042772105615,1.0406358169415904
14.239999999999998,64.16878011499368,1.0718191874750445
14.249999999999998,64.66845872922912,1.1044356125021049
14.259999999999998,65.16354924830209,1.1385542025995377
14.269999999999998,65.65349345801906,1.1742472407370106
14.279999999999998,66.13770303633002,1.2115902983383922
14.289999999999997,66.61555845360479,1.2506623114560707
14.299999999999997,67.0864078670131,1.2915456608223572
14.309999999999997,67.54956600826901,1.334326232498488
14.319999999999999,68.00431315981164,1.379093463041831
14.329999999999998,68.44989433257324,1.4259403332614655
14.339999999999998,68.88551816774294,1.4749634178628106
14.349999999999998,69.31035618896863,1.5262628582976085
14.359999999999998,69.7235422504311,1.5799423003411117
14.369999999999997,70.12417178008192,1.6361088489533293
14.379999999999997,70.51130146001498,1.694872945461579
14.389999999999997,70.88394917164557,1.756348187617233
14.399999999999999,71.24109376819958,1.8206511738120885
14.409999999999998,71.58167547232632,1.8879012313306205
14.419999999999998,71.90459664548838,1.9582200758459423
14.429999999999998,72.2087223677689,2.0317314843321346
14.439999999999998,72.49288188096689,2.1085608227668478
14.449999999999998,72.75587044893771,2.188834494992793
14.459999999999997,72.99645120883265,2.2726793743621267
14.469999999999997,73.21335802720932,2.360222074285438
14.479999999999999,73.40529886879429,2.4515881262637818
14.489999999999998,73.57095935264283,2.546901099685194
14.499999999999998,73.70900739808712,2.646281566935549
14.509999999999998,73.81809847738602,2.7498459595979208
14.519999999999998,73.896881391197,2.8577053072078424
14.529999999999998,73.9440049754963,2.9699638762131215
14.539999999999997,73.95812558637837,3.0867176700139103
14.549999999999997,73.93791548696262,3.20805274966542
14.559999999999997,73.88207176354904,3.3340435530097925
14.569999999999999,73.7893261218726,3.4647510783152162
14.579999999999998,73.65845576310049,3.600220878985277
14.589999999999998,73.48829452239,3.7404810809858984
14.599999999999998,73.27774529479142,3.8855402174942153
14.609999999999998,73.02579220336709,4.035385206925945
14.619999999999997,72.73151386342187,4.189979178548156
14.629999999999997,72.39409700979064,4.349259302007145
14.639999999999997,72.012849451397,4.513134844803818
14.649999999999999,71.58721446985768,4.68148505294203
14.659999999999998,71.11678327273131,4.8541575004582205
14.669999999999998,70.60130841775322,5.030966361725268
14.679999999999998,70.04071581545902,5.21169104815407
14.689999999999998,69.43511537195667,5.396075209042785
14.699999999999998,68.78481164771922,5.5838258694351355
14.709999999999997,68.09031132797361,5.774613212357934
14.719999999999997,67.35233028289264,5.968070621557746
14.729999999999997,66.57179780036365,6.163795269984088
14.739999999999998,65.7498585820529,6.361349251752309
14.749999999999998,64.88787252786237,6.560261231729385
14.759999999999998,63.987411942162446,6.760028513168744
14.769999999999998,63.050254996504805,6.960120068949438
14.779999999999998,62.0783776864556,7.159979661102128
14.789999999999997,61.07394328115248,7.359029382950623
14.799999999999997,60.03928758962825,7.556674171944511
14.809999999999997,58.976902230349324,7.752306612951765
14.819999999999999,57.88941601899921,7.945311853041848
14.829999999999998,56.77957510159913,8.135072618023354
14.839999999999998,55.65021956655386,8.320974938552661
14.849999999999998,54.50426036473128,8.50241358988203
14.859999999999998,53.344654313900406,8.678797637297405
14.869999999999997,52.17437982478415,8.849555668102191
14.879999999999997,50.99641142915101,9.01414105636129
14.889999999999997,49.81369594438912,9.172036713730447
14.899999999999999,48.62912865731731,9.322759526708122
14.909999999999998,47.44553137276457,9.465864283510102
14.919999999999998,46.265631909930136,9.600947020390045
14.929999999999998,45.0920453931242,9.727647908092921
14.939999999999998,43.927258209016685,9.845653305270417
14.949999999999998,42.77361349892348,9.954697448140895
14.959999999999997,41.63330019947198,10.054563183615938
14.969999999999997,40.50834328338024,10.14508243757578
14.979999999999997,39.40059793014302,10.226135711035868
14.989999999999998,38.311744607938635,10.297651394184268
14.999999999999998,37.243287960915076,10.359604215941308
15.009999999999998,36.19655642699998,10.412013563565782
15.019999999999998,35.17270506960251,10.454941138988216
15.029999999999998,34.17271932053354,10.488488454542235
15.039999999999997,33.19742027905775,10.51279408014749
15.049999999999997,32.247471879836425,10.528030548755574
15.059999999999997,31.323388882065654,10.534401172702387
15.069999999999999,30.4255450538507,10.532136945354289
15.079999999999998,29.554183289632682,10.52149309555403
15.089999999999998,28.709424502972166,10.502746056254795
15.099999999999998,27.89127836194433,10.476190111795944
15.109999999999998,27.09965287447305,10.442134432625682
15.119999999999997,26.33436453112184,10.400900097776152
15.129999999999997,25.59514802004444,10.352817314209242
15.139999999999997,24.881665670888534,10.298222806901402
15.149999999999997,24.193516588648414,10.237457378054764
15.159999999999998,23.530245193744545,10.170863684312325
15.169999999999998,22.891349365965777,10.098784202849476
15.179999999999998,22.276288011522528,10.021559388147125
15.189999999999998,21.68448806333456,9.939526048557582
15.199999999999998,21.115350974668047,9.853015883271041
15.209999999999997,20.568258558780844,9.76235423844536
15.219999999999997,20.042578369400786,9.66785900909943
15.229999999999997,19.53766850104931,9.56983972071197
15.239999999999998,19.052881847011506,9.468596775706894
15.249999999999998,18.587569977825876,9.364420808752111
15.259999999999998,18.141086400157082,9.25759222041778
15.269999999999998,17.712789569448624,9.148380780217416
15.279999999999998,17.302045340210988,9.037045382634352
15.289999999999997,16.908229170924685,8.92383386796684
15.299999999999997,16.530727934599767,8.808982944289781
15.309999999999997,16.168941428938282,8.692718185017737
15.319999999999999,15.822283653254283,8.575254082682337
15.329999999999998,15.490183768959392,8.456794176830186
15.339999999999998,15.172086918317728,8.337531213021201
15.349999999999998,14.867454779415963,8.217647358424784
15.359999999999998,14.57576599580605,8.097314442820174
15.369999999999997,14.296516429266404,7.976694232671229
15.379999999999997,14.02921928763849,7.855938727417032
15.389999999999997,13.773405143278177,7.735190472721169
15.399999999999997,13.52862184352071,7.614582888438579
15.409999999999998,13.294434346776184,7.494240605780648
15.419999999999998,13.070424483230898,7.374279808889756
15.429999999999998,12.85619065648227,7.254808585125619
15.439999999999998,12.651347496013267,7.135927274154333
15.449999999999998,12.455525482839315,7.017728801540538
15.459999999999997,12.268370523640852,6.900299029360014
15.469999999999997,12.089543499654859,6.783717100078046
15.479999999999997,11.918719831235382,6.668055754684941
15.489999999999998,11.755589019127543,6.5533816495353605
15.499999999999998,11.599854124467306,6.439755690815461
15.509999999999998,11.451231302102913,6.3272333326775
15.519999999999998,11.309449371947462,6.215864851819617
15.529999999999998,11.174249276483714,6.105695657810476
15.539999999999997,11.045383612109697,5.996766565879389
15.549999999999997,10.922616217147235,5.889114042263783
15.559999999999997,10.805721679116882,5.782770470591127
15.569999999999999,10.694484871345784,5.677764400881424
15.579999999999998,10.588700550925632,5.574120771130288
15.589999999999998,10.488172944899132,5.471861126621402
15.599999999999998,10.392715302901204,5.371003844407146
15.609999999999998,10.302149516352658,5.271564330278876
15.619999999999997,10.216305767879,5.173555201015177
15.629999999999997,10.135022123520184,5.076986479440073
15.639999999999997,10.058144183544794,4.981865766237636
15.649999999999997,9.98552476740319,4.888198396724065
15.659999999999998,9.917023568133283,4.795987602565309
15.669999999999998,9.852506832768897,4.705234661379457
15.679999999999998,9.79184707595267,4.615939032520796
15.689999999999998,9.73492279391682,4.528098488943718
15.699999999999998,9.681618176197205,4.4417092460754315
15.709999999999997,9.63182284968706,4.356766077943636
15.719999999999997,9.585431638695217,4.273262425567617
15.729999999999997,9.542344308338679,4.191190506732681
15.739999999999998,9.502465336798275,4.110541414788438
15.749999999999998,9.465703711705098,4.031305208077161
15.759999999999998,9.431972722146067,3.95347099778651
15.769999999999998,9.401189747937563,3.877027033932574
15.779999999999998,9.373276076007407,3.8019607816608283
15.789999999999997,9.348156728823502,3.7282589925801606
15.799999999999997,9.325760286932418,3.655907774647549
15.809999999999997,9.306018725433002,3.5848926566760615
15.819999999999997,9.288867261787939,3.5151986480373005
15.829999999999998,9.274244214731354,3.446810293670213
15.839999999999998,9.262090856654673,3.379711728762948
15.849999999999998,9.252351282642293,3.313886727653349
15.859999999999998,9.244972286006835,3.2493187499651532
15.869999999999997,9.239903237930442,3.1859909838343556
15.879999999999997,9.237095971654401,3.1238863863327984
15.889999999999997,9.236504674400884,3.062987721104202
15.899999999999997,9.23808578596841,3.0032775934156626
15.909999999999998,9.2417978991378,2.9447384828929604
15.919999999999998,9.247601666410151,2.887352773926632
15.929999999999998,9.255459711601716,2.8311027840049956
15.939999999999998,9.265336545759236,2.775970790143847
15.949999999999998,9.277198486741064,2.7219390530277727
15.959999999999997,9.291013583104073,2.668989839613793
15.969999999999997,9.306751541798647,2.617105444334437
15.979999999999997,9.324383659322908,2.566268208385548
15.989999999999998,9.343882756230743,2.516460537344468
15.999999999999998,9.3652231149423,2.4676649176964545
16.009999999999998,9.388380420129055,2.4198639322914848
16.019999999999996,9.413331702782912,2.373040273949889
16.029999999999998,9.440055286697142,2.327176758166101
16.04,9.468530737222911,2.282256335048052
16.049999999999997,9.498738812450702,2.2382621003019043
16.06,9.530661418095763,2.1951773039561093
16.069999999999997,9.564281563501256,2.152985359286715
16.08,9.599583320201921,2.1116698504944744
16.089999999999996,9.636551782257841,2.071214539809989
16.099999999999998,9.675173024284218,2.031603377468866
16.109999999999996,9.715434069858683,1.9928205037158149
16.119999999999997,9.75732285747307,1.954850253750363
16.13,9.80082820760439,1.917677162541626
16.139999999999997,9.845939792248473,1.8812859683439975
16.15,9.892648101991721,1.8456616182976378
16.159999999999997,9.940944416582152,1.8107892721564673
16.169999999999998,9.990820784381523,1.7766543005704276
16.179999999999996,10.042269994431027,1.7432422886752463
16.189999999999998,10.095285552573406,1.7105390374071316
16.2,10.149861657954386,1.6785305649337057
16.209999999999997,10.205993175571281,1.6472031109142207
16.22,10.263675621913816,1.6165431328733404
16.229999999999997,10.322905143989876,1.5865373070606688
16.24,10.383678499931314,1.5571725286406994
16.249999999999996,10.445993041235292,1.528435911170831
16.259999999999998,10.50984669214307,1.5003147880457237
16.269999999999996,10.575237934096322,1.4727967112046074
16.279999999999998,10.642165793098062,1.445869448381829
16.29,10.710629823337,1.419520982824528
16.299999999999997,10.7806300932048,1.3937395118461784
16.31,10.852167171090551,1.368513445701283
16.319999999999997,10.92524210919969,1.3438314077139732
16.33,10.999856435880783,1.31968223005334
16.339999999999996,11.076012142673795,1.2960549525199692
16.349999999999998,11.153711673020672,1.2729388206300138
16.359999999999996,11.232957911749754,1.2503232834700904
16.369999999999997,11.313754172515498,1.2281979929312523
16.38,11.396104189613562,1.2065528006227346
16.389999999999997,11.480012109738047,1.1853777550129119
16.4,11.565482482519393,1.1646630994618774
16.409999999999997,11.652520252261859,1.1443992697495329
16.419999999999998,11.741130749310265,1.1245768919703576
16.429999999999996,11.831319680979817,1.1051867808269071
16.439999999999998,11.923093126817959,1.0862199357412934
16.449999999999996,12.016457530818888,1.067667538769508
16.459999999999997,12.111419694828097,1.049520952025284
16.47,12.207986772259268,1.0317717150841172
16.479999999999997,12.306166260573626,1.0144115432000036
16.49,12.405965996861653,0.9974323239921997
16.499999999999996,12.507394152545281,0.9808261147450875
16.509999999999998,12.610459227891559,0.964585139945892
16.519999999999996,12.715170047107852,0.9487017886416271
16.529999999999998,12.821535752912446,0.9331686122016297
16.54,12.929565801535253,0.9179783219764033
16.549999999999997,13.039269959990833,0.9031237858742106
16.56,13.150658301332111,0.8885980261260379
16.569999999999997,13.263741200797854,0.874394216692546
16.58,13.378529332189459,0.8605056806625264
16.589999999999996,13.495033663663554,0.8469258880760535
16.599999999999998,13.613265452151275,0.8336484545935211
16.609999999999996,13.73323624355809,0.8206671371678979
16.619999999999997,13.85495786852794,0.8079758322008423
16.63,13.978442439315119,0.7955685732044053
16.639999999999997,14.103702346956005,0.7834395283996195
16.65,14.230750258393586,0.7715829984209803
16.659999999999997,14.359599112321762,0.7599934146939199
16.669999999999998,14.490262118375224,0.7486653363456878
16.679999999999996,14.622752754439,0.7375934480613993
16.689999999999998,14.757084764072742,0.7267725579614444
16.699999999999996,14.893272154256588,0.7161975954015051
16.709999999999997,15.031329193195248,0.7058636088196742
16.72,15.17127040697723,0.6957657643240822
16.729999999999997,15.313110578396259,0.6858993431028142
16.74,15.456864745249222,0.6762597392090084
16.749999999999996,15.602548198011837,0.6668424577755999
16.759999999999998,15.750176477915135,0.6576431130647512
16.769999999999996,15.89976537507434,0.6486574265504349
16.779999999999998,16.05133092591923,0.6398812253129148
16.79,16.20488941137468,0.6313104402019504
16.799999999999997,16.36045735582571,0.6229411037540851
16.81,16.518051524859512,0.6147693486112534
16.819999999999997,16.677688923444585,0.6067914058186704
16.83,16.839386794121342,0.5990036031591466
16.839999999999996,17.003162614885824,0.5914023636619345
16.849999999999998,17.169034096901374,0.5839842042244481
16.859999999999996,17.33701918350424,0.5767457336935975
16.869999999999997,17.50713604795101,0.5696836515366941
16.88,17.679403091468046,0.5627947464068355
16.889999999999997,17.8538389412877,0.5560758947405607
16.9,18.03046244850522,0.5495240594474929
16.909999999999997,18.20929268536335,0.5431362888332211
16.919999999999998,18.390348943955303,0.5369097150254928
16.929999999999996,18.573650733783108,0.5308415528383635
16.939999999999998,18.759217779401975,0.5249290986225535
16.949999999999996,18.947070018049256,0.5191697291360371
16.959999999999997,19.13722759714218,0.5135609004697987
16.97,19.329710871037744,0.5081001471787405
16.979999999999997,19.524540398983035,0.5027850811327279
16.99,19.721736942303174,0.49761339057563236
16.999999999999996,19.921321461329143,0.49258283926452445
17.009999999999998,20.123315112326264,0.4876912656221226
17.019999999999996,20.327739244284437,0.48293658193635447
17.029999999999998,20.534615394918028,0.4783167737517739
17.04,20.74396528745811,0.47382989910004625
17.049999999999997,20.955810827175014,0.46947408778010064
17.06,21.170174097237684,0.4652475408163754
17.069999999999997,21.38707735457884,0.4611485299151815
17.08,21.60654302555737,0.45717539697169535
17.089999999999996,21.82859370046206,0.4533265537800492
17.099999999999998,22.053252128535988,0.44960048167505356
17.109999999999996,22.280541214628755,0.44599573092561007
17.119999999999997,22.510484012990766,0.44251092060168845
17.13,22.743103721679425,0.439144738354224
17.139999999999997,22.978423676699283,0.4358959402484712
17.15,23.216467345857872,0.43276335065241456
17.159999999999997,23.457258322325586,0.4297458621807596
17.169999999999998,23.700820315805046,0.4268424360205695
17.179999999999996,23.94717713824794,0.4240521031149326
17.189999999999998,24.196352708622623,0.4213739623793143
17.199999999999996,24.448371040877483,0.4188071815454092
17.209999999999997,24.703256234721884,0.4163509975691011
17.22,24.961032466774604,0.4140047169833618
17.229999999999997,25.221723981304628,0.41176771631624276
17.24,25.48535508055104,0.4096394425747262
17.249999999999996,25.751950113528004,0.4076194139418153
17.259999999999998,26.021533444846554,0.4057072231914852
17.269999999999996,26.294129465365664,0.40390253543524135
17.279999999999998,26.569762581210213,0.402205088808529
17.289999999999996,26.848457195348637,0.4006146961704402
17.299999999999997,27.13023769415676,0.39913124613049183
17.31,27.415128433382282,0.3977547041588765
17.319999999999997,27.70315372349612,0.39648511378143714
17.33,27.9943378144137,0.39532259786064045
17.339999999999996,28.28870485956188,0.39426736247857785
17.349999999999998,28.586278897290576,0.3933196986453261
17.359999999999996,28.88708385901281,0.39247998065202827
17.369999999999997,29.191143534798954,0.3917486697756987
17.38,29.49848155204348,0.39112631634370415
17.389999999999997,29.80912135311393,0.39061356192856816
17.4,30.12308617167685,0.3902111416974765
17.409999999999997,30.44039900365424,0.38991988722149706
17.419999999999998,30.76108258571646,0.3897407287751611
17.429999999999996,31.085159368471892,0.3896746980924215
17.439999999999998,31.41265148707558,0.3897229313753953
17.449999999999996,31.74358073160888,0.38988667237962327
17.459999999999997,32.077968516160965,0.39016727565735587
17.47,32.41583583497732,0.3905662114651781
17.479999999999997,32.757203192895425,0.391085073991554
17.49,33.10209062470186,0.3917255780472541
17.499999999999996,33.45051763725454,0.39248956575029964
17.509999999999998,33.80250316510899,0.39337901144562376
17.519999999999996,34.15806552703559,0.3943960264925255
17.529999999999998,34.517222380552624,0.3955428642920332
17.539999999999996,34.87999064637235,0.3968219286709172
17.549999999999997,35.2463864571594,0.39823577958890216
17.56,35.61642513987296,0.399787135140273
17.569999999999997,35.990121139363914,0.4014788800913722
17.58,36.36748795847687,0.40331407260719027
17.589999999999996,36.748538095417096,0.4052959513010167
17.599999999999998,37.1332829754511,0.40742794298887447
17.609999999999996,37.52173283186984,0.40971367703459377
17.619999999999997,37.91389667019037,0.4121569887825281
17.63,38.30978219241484,0.4147619281677162
17.639999999999997,38.70939570177838,0.4175327708334686
17.65,39.112742013158766,0.42047402846614285
17.659999999999997,39.51982435719875,0.42359045935984585
17.669999999999998,39.93064428104139,0.42688707976016255
17.679999999999996,40.345201546759355,0.4303691762200902
17.689999999999998,40.763494021409706,0.43404231795446263
17.699999999999996,41.185517563015765,0.43791236998728383
17.709999999999997,41.6112658855369,0.4419855090691974
17.72,42.040730380033,0.4462682454780723
17.729999999999997,42.473900048645724,0.4507674292783817
17.74,42.910761339356064,0.4554902700363577
17.749999999999996,43.35129799077815,0.46044435504357895
17.759999999999998,43.79549087018638,0.46563766824819686
17.769999999999996,44.2433177573051,0.47107861486573344
17.779999999999998,44.69475320401097,0.4767760383828499
17.789999999999996,45.14976835000047,0.4827392422080751
17.799999999999997,45.60833071408441,0.48897801396684143
17.81,46.070403985453495,0.49550264995871945
17.819999999999997,46.53594775987075,0.5023239865429173
17.83,47.004917296921384,0.5094534287459768
17.839999999999996,47.47726332912338,0.5169029721626187
17.849999999999998,47.952931773796315,0.5246852371496238
17.859999999999996,48.43186345928885,0.5328135010858303
17.869999999999997,48.91399381326708,0.5413017348195107
17.88,49.39925247696032,0.5501646471186917
17.889999999999997,49.887563091803855,0.5594177111226223
17.9,50.378842924509236,0.5690772080456145
17.909999999999997,50.87300250236352,0.5791602700077266
17.919999999999998,51.36994523078745,0.5896849249407252
17.929999999999996,51.8695668964489,0.6006701536265487
17.939999999999998,52.37175532554226,0.6121359308787022
17.949999999999996,52.87638994873549,0.6241032766771712
17.959999999999997,53.38334131337039,0.6365943130499063
17.97,53.89247059337001,0.6496323214675732
17.979999999999997,54.40362900362563,0.6632418083707406
17.99,54.91665724101131,0.6774485696648004
17.999999999999996,55.43138500157064,0.6922797504811026
18.009999999999998,55.94763033369798,0.7077639183031953
18.019999999999996,56.46519900669564,0.723931135986729
18.029999999999998,56.9838838303342,0.7408130377274699
18.039999999999996,57.50346389590478,0.7584429075968241
18.049999999999997,58.02370393583311,0.7768557639995614
18.06,58.54435353361128,0.7960884457343125
18.069999999999997,59.06514632122414,0.8161797020237729
18.08,59.5857991468413,0.8371702853572076
18.089999999999996,60.10601122707767,0.8591030301844691
18.099999999999998,60.62546323221477,0.8820229613500465
18.109999999999996,61.143816343753116,0.9059773974771207
18.119999999999997,61.6607112837002,0.9310160509761756
18.13,62.17576740455075,0.9571911209659243
18.139999999999997,62.68858161594267,0.9845574051015502
18.15,63.1987272814709,1.0131724130714013
18.159999999999997,63.70575314216587,1.0430964743517201
18.169999999999998,64.2091823077346,1.0743928155026155
18.179999999999996,64.70851114710847,1.107127660858571
18.189999999999998,65.20320806971785,1.1413703592429794
18.199999999999996,65.69271243835763,1.177193464245366
18.209999999999997,66.17643344094357,1.2146728213409652
18.22,66.65374896622316,1.2538876490563806
18.229999999999997,67.12400450108782,1.294920609507257
18.24,67.58651206269475,1.3378578667299377
18.249999999999996,68.04054917226605,1.382789130481846
18.259999999999998,68.4853578868625,1.4298076831016908
18.269999999999996,68.92014390706856,1.4790103857588532
18.279999999999998,69.34407578139488,1.5304976602890887
18.289999999999996,69.75628422592149,1.5843734432477472
18.299999999999997,70.1558615819613,1.6407451080562347
18.31,70.54186145332679,1.6997233478471736
18.319999999999997,70.91329851309885,1.7614220208894722
18.33,71.26914847898966,1.8259579587970944
18.339999999999996,71.60834858231804,1.8934506802988793
18.349999999999998,71.92979804052482,1.9640220967411555
18.359999999999996,72.2323590379514,2.037796124573112
18.369999999999997,72.51485806365659,2.1148982247990515
18.379999999999995,72.7760876238132,2.195454875003098
18.389999999999997,73.01480844170737,2.2795929489150986
18.4,73.22975220349441,2.367438998623196
18.409999999999997,73.41962484794121,2.459118441624259
18.419999999999998,73.58311043261162,2.554754641972999
18.429999999999996,73.71887570782353,2.6544678785366838
18.439999999999998,73.82557533765176,2.7583741941161355
18.449999999999996,73.90185787030754,2.866584135428745
18.459999999999997,73.94637250242131,2.979201351504937
18.47,73.95777656251643,3.0963210967272214
18.479999999999997,73.9347438964263,3.218028585751948
18.49,73.87597396862131,3.344397256083111
18.499999999999996,73.78020179830594,3.4754869168264215
18.509999999999998,73.64620876246175,3.6113417757658772
18.519999999999996,73.47283381016986,3.7519884606880454
18.529999999999998,73.25898587717987,3.897433855472618
18.539999999999996,73.00365615220117,4.04766305510284
18.549999999999997,72.70593158618706,4.202637145324641
18.56,72.36500798182045,4.362291155669487
18.569999999999997,71.98020375665372,4.526531971297763
18.58,71.55097349842737,4.695236377185725
18.589999999999996,71.07692096486396,4.868249311516822
18.599999999999998,70.55781236539161,5.045382171262793
18.609999999999996,69.9935877512036,5.2264115709027354
18.619999999999997,69.38437269327027,5.411078180454884
18.629999999999995,68.7304874693618,5.599086102951712
18.639999999999997,68.03245556238826,5.790102532596433
18.65,67.29100988065356,5.9837578997866
18.659999999999997,66.50709692240497,6.179646521525339
18.669999999999998,65.68187886215603,6.3773277252247755
18.679999999999996,64.81673292507485,6.576327511929584
18.689999999999998,63.913247833378385,6.776140950760582
18.699999999999996,62.973218384235906,6.976234755205755
18.709999999999997,61.998636436097385,7.176050660228542
18.72,60.99167947974508,7.37500929320148
18.729999999999997,59.95469618340173,7.572514550426985
18.74,58.890190028590744,7.767958190463722
18.749999999999996,57.80080044899085,7.96072483594257
18.759999999999998,56.68928166719068,8.15019736650556
18.769999999999996,55.55848056432775,8.335762301451538
18.779999999999998,54.41131243575921,8.516815407240804
18.789999999999996,53.25073709028931,8.692767048419528
18.799999999999997,52.07973321529353,8.863047682799275
18.81,50.90127427714177,9.027112858394318
18.819999999999997,49.71830360202043,9.184448084066403
18.83,48.5337114513534,9.33457315994496
18.839999999999996,47.3503127888317,9.477046054875823
18.849999999999998,46.17082692261645,9.611466313006883
18.859999999999996,44.99785936093566,9.737477690018654
18.869999999999997,43.8338851911254,9.854770426477783
18.879999999999995,42.681235818295576,9.963082568129659
18.889999999999997,41.542086962472546,10.062200995048716
18.9,40.41845043833741,10.151961488259555
18.909999999999997,39.31216719071374,10.232248512632593
18.919999999999998,38.224903806568726,10.302994193305885
18.929999999999996,37.15815050535641,10.364176971392476
18.939999999999998,36.113221782329155,10.415819704153458
18.949999999999996,35.09125878526577,10.457987412123417
18.959999999999997,34.09323335350917,10.490784731391683
18.97,33.11995386708678,10.514353033385065
18.979999999999997,32.1720719095505,10.528867449918701
18.99,31.250090508659465,10.534533661357298
18.999999999999996,30.35437266559806,10.531584697306185
19.009999999999998,29.485150923441594,10.520277660818989
19.019999999999996,28.642537044141374,10.500890487237829
19.029999999999998,27.82653200449692,10.473718811560952
19.039999999999996,27.037036137268053,10.439072849435135
19.049999999999997,26.27385890823313,10.397274540603979
19.06,25.53672889905026,10.348654689941554
19.069999999999997,24.82530295794218,10.293550457352831
19.08,24.139175522903827,10.232302857334982
19.089999999999996,23.477886911575617,10.165254623150634
19.099999999999998,22.840931644551514,10.092748117948265
19.109999999999996,22.22776575691999,10.015123573771918
19.119999999999997,21.63781396935638,9.932717419144087
19.129999999999995,21.070475904909472,9.845860895961458
19.139999999999997,20.525131907532938,9.754878820342588
19.15,20.00114864585895,9.660088434302034
19.159999999999997,19.497883757787296,9.561798520869548
19.169999999999998,19.014689831864573,9.460308733034058
19.179999999999996,18.550918453999188,9.355908904760355
19.189999999999998,18.10592354488755,9.24887856174934
19.199999999999996,17.679063924983407,9.13948664496624
19.209999999999997,17.269706268298872,9.027991130517854
19.219999999999995,16.87722685299241,8.91463897379152
19.229999999999997,16.501013514445912,8.799665992506243
19.24,16.140467177516353,8.683296857466372
19.249999999999996,15.795002994428835,8.565745182236709
19.259999999999998,15.464051420114721,8.447213623758227
19.269999999999996,15.147058895098734,8.327894070105314
19.279999999999998,14.843488450507374,8.207967846052002
19.289999999999996,14.552820112538376,8.087605959014994
19.299999999999997,14.274551130194304,7.9669693790437766
19.31,14.008196119492627,7.846209331302161
19.319999999999997,13.753287045986339,7.725467614159217
19.33,13.509373141696646,7.604876927202665
19.339999999999996,13.276020733544764,7.484561208293926
19.349999999999998,13.05281299822606,7.364635976949322
19.359999999999996,12.839349659602364,7.2452086845364665
19.369999999999997,12.635246641086578,7.126379058700523
19.379999999999995,12.440135680316358,7.008239443317853
19.389999999999997,12.253663901183396,6.890875150645391
19.4,12.075493378218987,6.77436479285622
19.409999999999997,11.905300694535788,6.658780603277269
19.419999999999998,11.742776442034746,6.544188772259962
19.429999999999996,11.587624754655701,6.430649755589593
19.439999999999998,11.439562852739813,6.318218568660543
19.449999999999996,11.2983205254419,6.206945095215235
19.459999999999997,11.163639664351702,6.096874367325781
19.469999999999995,11.035273818165365,5.988046829830734
19.479999999999997,10.912987693041593,5.880498615995712
19.49,10.796556706043138,5.774261797141638
19.499999999999996,10.685766564944188,5.669364616401163
19.509999999999998,10.58041280530184,5.56583173026193
19.519999999999996,10.480300375516515,5.463684427764888
19.529999999999998,10.385243249538822,5.362940834967612
19.539999999999996,10.295064009372425,5.263616123272177
19.549999999999997,10.209593467708846,5.165722699646251
19.56,10.128670317205046,5.069270383437368
19.569999999999997,10.05214076046174,4.974266584294277
19.58,9.979858172303114,4.880716465504221
19.589999999999996,9.911682786220515,4.788623095696482
19.599999999999998,9.847481370337272,4.697987599415865
19.609999999999996,9.787126929282186,4.608809296038229
19.619999999999997,9.730498428612636,4.521085828387631
19.629999999999995,9.677480508267479,4.434813290752771
19.639999999999997,9.627963218122163,4.349986347149265
19.65,9.581841779069462,4.266598339098253
19.659999999999997,9.53901635380756,4.184641387540334
19.669999999999998,9.49939179785111,4.104106497320964
19.679999999999996,9.462877448706184,4.024983648207646
19.689999999999998,9.42938692958286,3.947261879775407
19.699999999999996,9.398837944626559,3.870929375423873
19.709999999999997,9.371152088566529,3.7959735402947907
19.719999999999995,9.346254671281867,3.722381073036231
19.729999999999997,9.32407455546494,3.6501380319079595
19.74,9.304543984873229,3.5792299012250592
19.749999999999996,9.287598432697898,3.50964165060213
19.759999999999998,9.27317645834858,3.4413577906218524
19.769999999999996,9.26121956742832,3.374362425510172
19.779999999999998,9.251672077264155,3.3086393026088636
19.789999999999996,9.244480991907361,3.244171858256009
19.799999999999997,9.239595885266684,3.1809432604629677
19.81,9.236968784652763,3.1189364493410743
19.819999999999997,9.236554062959279,3.0581341744964923
19.83,9.238308336439962,2.99851902992191
19.839999999999996,9.242190367276338,2.940073486504953
19.849999999999998,9.248160969963608,2.8827799222377584
19.859999999999996,9.256182923201504,2.826620650319143
19.869999999999997,9.2662208864673,2.7715779455585334
19.879999999999995,9.278241319891805,2.7176340684103932
19.889999999999997,9.292212408377036,2.6647712873705625
19.9,9.308103989509371,2.6129718998567775
19.909999999999997,9.325887484826662,2.5622182516358305
19.919999999999998,9.345535834840367,2.5124927542471562
19.929999999999996,9.367023436999764,2.463777901384892
19.939999999999998,9.390326086272957,2.4160562845398412
19.949999999999996,9.415420919418652,2.3693106063432787
19.959999999999997,9.442286361955674,2.3235236928288625
19.969999999999995,9.470902077468466,2.278678504991708
19.979999999999997,9.501248919636208,2.2347581490275936
19.99,9.533308885542612,2.191745886771842
