t,x,y
0.0,10.95,4.85
0.009999999999999998,10.803153518540187,4.758546607789422
0.019999999999999997,10.66322190937094,4.668081479031911
0.029999999999999995,10.5299323556928,4.578648227090778
0.039999999999999994,10.403024469802682,4.490285856338443
0.04999999999999999,10.282249935280085,4.40302900961311
0.05999999999999999,10.167371794560747,4.316908314716144
0.06999999999999999,10.058164124393947,4.231950581075175
0.07999999999999999,9.954411534915172,4.148179051829759
0.08999999999999998,9.85590895286055,4.065613516538402
0.09999999999999998,9.762460785449013,3.9842707257348917
0.10999999999999999,9.673880472966722,3.904164628079831
0.11999999999999998,9.589990493729452,3.8253063201228565
0.12999999999999998,9.510621784021208,3.747704340347782
0.13999999999999999,9.435613201080908,3.671364939579542
0.14999999999999997,9.36481126446152,3.596292181906213
0.15999999999999998,9.298069819806594,3.522488090002093
0.16999999999999998,9.23524966290304,3.449952818677644
0.17999999999999997,9.17621821045275,3.3786847977654983
0.18999999999999997,9.12084920765255,3.3086808550840443
0.19999999999999996,9.06902240677751,3.2399363556273575
0.20999999999999996,9.020623299845697,3.1724453097131495
0.21999999999999997,8.975542846654044,3.1062004857217134
0.22999999999999995,8.933677194917248,3.0411935259058267
0.23999999999999996,8.894927399517753,2.9774150627772515
0.24999999999999997,8.859199267149297,2.914854768986779
0.25999999999999995,8.826403112295537,2.8535014524140885
0.26999999999999996,8.79645354357148,2.793343137299108
0.27999999999999997,8.769269174882503,2.7343671950588226
0.29,8.744772534728105,2.6765603524177135
0.29999999999999993,8.722889856956238,2.6199087734214577
0.30999999999999994,8.703550859296794,2.5643981486344964
0.31999999999999995,8.686688633406558,2.510013721006972
0.32999999999999996,8.672239462981448,2.4567403544019797
0.33999999999999997,8.660142669958457,2.404562586620851
0.3499999999999999,8.650340487149204,2.35346466716447
0.35999999999999993,8.642777908573114,2.30343061076541
0.36999999999999994,8.637402566789103,2.2544442348573144
0.37999999999999995,8.634164617823053,2.2064891933504924
0.38999999999999996,8.633016609970642,2.1595490199487117
0.3999999999999999,8.633913386095564,2.113607154508669
0.4099999999999999,8.636811979464827,2.0686469731569708
0.41999999999999993,8.64167150265467,2.024651822778938
0.42999999999999994,8.648453068054023,1.9816050388564885
0.43999999999999995,8.657119697420676,1.9394899699331418
0.44999999999999996,8.667636227808488,1.8982900045659523
0.4599999999999999,8.67996923366342,1.8579885901135382
0.4699999999999999,8.694086949662081,1.818569251659812
0.4799999999999999,8.709959202165933,1.7800156065912311
0.48999999999999994,8.727557349607515,1.7423113747473578
0.49999999999999994,8.746854197926854,1.7054404030431944
0.5099999999999999,8.767823943445702,1.6693866754128504
0.5199999999999999,8.790442128123772,1.634134317535245
0.5299999999999999,8.814685570120211,1.59966761388709
0.5399999999999999,8.840532310893744,1.56597101713157
0.5499999999999999,8.86796156946505,1.5330291538840832
0.5599999999999999,8.896953693746987,1.5008268326367975
0.57,8.927490111932979,1.469349052197443
0.58,8.959553290575059,1.4385810067124274
0.5899999999999999,8.993126694947412,1.408508089827408
0.5999999999999999,9.028194747350105,1.3791159006221014
0.6099999999999999,9.064742790137615,1.3503902472181166
0.6199999999999999,9.102757052314523,1.3223171491816805
0.6299999999999999,9.142224614236529,1.2948828409305473
0.6399999999999999,9.18313337500913,1.2680737742087225
0.6499999999999999,9.225472022968479,1.2418766192841355
0.6599999999999999,9.269230007045408,1.2162782660050686
0.6699999999999999,9.314397507703696,1.1912658255168602
0.6799999999999999,9.360965411257405,1.1668266304346768
0.69,9.40892528644767,1.1429482341979942
0.6999999999999998,9.458269358188748,1.119618412172982
0.7099999999999999,9.508990485048106,1.0968251611346045
0.7199999999999999,9.561082137246892,1.0745566987678699
0.7299999999999999,9.614538378249193,1.052801461594675
0.7399999999999999,9.669353846261592,1.0315481032227598
0.7499999999999999,9.725523732034548,1.0107854947760233
0.7599999999999999,9.78304376289374,0.9905027223601015
0.7699999999999999,9.841910186041753,0.9706890851756527
0.7799999999999999,9.902119749824585,0.9513340952840692
0.7899999999999999,9.963669690602705,0.9324274741682435
0.7999999999999998,10.026557718902108,0.9139591500979741
0.8099999999999998,10.090782005467135,0.8959192559000354
0.8199999999999998,10.15634116725438,0.8782981269453358
0.8299999999999998,10.223234250198331,0.8610863010857959
0.8399999999999999,10.291460723325397,0.8442745127952341
0.8499999999999999,10.361020465813779,0.8278536912774477
0.8599999999999999,10.431913756066887,0.8118149577204241
0.8699999999999999,10.504141259518201,0.7961496235801275
0.8799999999999999,10.577704018237801,0.7808491880324382
0.8899999999999999,10.652603443791607,0.7659053337191333
0.8999999999999999,10.72884130714979,0.7513099244921958
0.9099999999999998,10.806419730049354,0.737055002520103
0.9199999999999998,10.885341175937032,0.7231327859251686
0.9299999999999998,10.965608442724179,0.7095356654631002
0.9399999999999998,11.047224655359878,0.6962562015645845
0.9499999999999998,11.130193258560757,0.683287121509091
0.9599999999999999,11.214518009808513,0.6706213165650596
0.9699999999999999,11.300202972181081,0.6582518392749075
0.9799999999999999,11.387252508944206,0.646171900315846
0.9899999999999999,11.475671277347628,0.6343748656870154
0.9999999999999999,11.565464222923204,0.6228542538388864
1.0099999999999998,11.656636573789086,0.6116037330037923
1.0199999999999998,11.749193835436154,0.6006171183891291
1.0299999999999998,11.843141786036217,0.5898883692014253
1.0399999999999998,11.938486471585428,0.579411585959891
1.0499999999999998,12.03523420137193,0.5691810077595787
1.0599999999999998,12.133391543311845,0.5591910097316923
1.0699999999999998,12.232965320084391,0.5494361002305295
1.0799999999999998,12.333962605184814,0.5399109181862546
1.0899999999999999,12.436390719098267,0.5306102305183832
1.0999999999999999,12.540257225540861,0.5215289296328443
1.1099999999999999,12.645569927695481,0.5126620310358382
1.1199999999999999,12.752336865480846,0.5040046705468172
1.13,12.860566312199534,0.4955521019276273
1.14,12.970266771528678,0.48729969444731897
1.15,13.081446974677839,0.4792429304668103
1.16,13.194115877601394,0.4713774030956361
1.17,13.308282656631624,0.463698814712848
1.1799999999999997,13.42395670749488,0.4562029739356071
1.1899999999999997,13.541147643053325,0.44888579329842726
1.1999999999999997,13.659865290548455,0.4417432872629466
1.2099999999999997,13.780119689359577,0.43477157006293904
1.2199999999999998,13.901921088868889,0.4279668535807327
1.2299999999999998,14.025279945582724,0.42132544560920404
1.2399999999999998,14.150206920404228,0.4148437481217582
1.2499999999999998,14.276712878522408,0.4085182545148085
1.2599999999999998,14.404808886674969,0.40234554801793176
1.2699999999999998,14.534506211269148,0.396322299808975
1.2799999999999998,14.665816316586183,0.39044526715642913
1.2899999999999998,14.798750862925722,0.3847112916555148
1.2999999999999998,14.933321703764156,0.37911729800687516
1.3099999999999998,15.069540885295819,0.3736602916938572
1.3199999999999998,15.207420644619825,0.3683373573772635
1.3299999999999998,15.346973407916556,0.36314565735037346
1.3399999999999999,15.48821178883632,0.3580824299435903
1.3499999999999999,15.63114858691914,0.35314498796474975
1.3599999999999999,15.775796785413018,0.3483307174057704
1.3699999999999999,15.922169549654173,0.34363707598602317
1.38,16.070280226260387,0.3390615914382154
1.3899999999999997,16.2201423411357,0.33460186027078764
1.3999999999999997,16.371769597876973,0.33025554642023575
1.4099999999999997,16.525175876179556,0.32602037993956223
1.4199999999999997,16.680375230096942,0.32189415576657376
1.4299999999999997,16.83738188570497,0.3178747327111316
1.4399999999999997,16.99621024034137,0.3139600319796051
1.4499999999999997,17.15687486066937,0.3101480360966459
1.4599999999999997,17.319390480856914,0.30643678781797923
1.4699999999999998,17.48377200079605,0.3028243890561035
1.4799999999999998,17.650034484280148,0.2993089998428833
1.4899999999999998,17.81819315660542,0.2958888374857307
1.4999999999999998,17.988263402859296,0.292562175540913
1.5099999999999998,18.160260766228404,0.28932734280034433
1.5199999999999998,18.334200945693997,0.28618272247784643
1.5299999999999998,18.510099793872982,0.28312675136810156
1.5399999999999998,18.68797331478429,0.280157919041989
1.5499999999999998,18.867837661339003,0.277274767115818
1.5599999999999998,19.04970913238376,0.27447588862598427
1.5699999999999998,19.23360417099355,0.2717599271820245
1.5799999999999998,19.419539361532774,0.26912557637344503
1.5899999999999999,19.607531426843668,0.26657157916802776
1.5999999999999996,19.797597225350437,0.2640967273410366
1.6099999999999997,19.989753748013662,0.26169986094599806
1.6199999999999997,20.184018114476515,0.25937986793461565
1.6299999999999997,20.380407570236553,0.2571356836222435
1.6399999999999997,20.578939483293077,0.25496629025352263
1.6499999999999997,20.779631340271024,0.2528707166669461
1.6599999999999997,20.982500742556265,0.25084803796903743
1.6699999999999997,21.18756540224661,0.2488973752493232
1.6799999999999997,21.394843137297688,0.24701789541382008
1.6899999999999997,21.604351866405846,0.24520881106774806
1.6999999999999997,21.816109606063108,0.2434693801389471
1.7099999999999997,22.030134464831757,0.24179890586719543
1.7199999999999998,22.246444638117012,0.2401967367442994
1.7299999999999998,22.46505840272032,0.2386622664948968
1.7399999999999998,22.685994111131713,0.2371949341024721
1.7499999999999998,22.90927018555065,0.23579422388118162
1.7599999999999998,23.134905110876147,0.2344596656863652
1.7699999999999998,23.362917422593586,0.23319083576509095
1.7799999999999998,23.59332570706178,0.23198735608828192
1.7899999999999998,23.826148592637885,0.23084889482182375
1.7999999999999998,24.06140474091425,0.22977516679269203
1.8099999999999998,24.299112838461358,0.22876593390081248
1.8199999999999996,24.53929158816707,0.22782100558812562
1.8299999999999996,24.78195970015607,0.22694023936614488
1.8399999999999996,25.02713588221482,0.22612354140977586
1.8499999999999996,25.274838822373145,0.22537086802907336
1.8599999999999997,25.525087182754266,0.22468222590639453
1.8699999999999997,25.777899592780265,0.22405767241502336
1.8799999999999997,26.033294633773064,0.223497316898449
1.8899999999999997,26.291290826388977,0.22300132164584668
1.8999999999999997,26.551906617433136,0.22256990294498
1.9099999999999997,26.815160366029243,0.2222033322148185
1.9199999999999997,27.081070329119346,0.22190193722022933
1.9299999999999997,27.349654640924516,0.2216661039789538
1.9399999999999997,27.62093128903048,0.2214962790573434
1.9499999999999997,27.89491811526434,0.2213929690506981
1.9599999999999997,28.17163279001206,0.22135674308841313
1.9699999999999998,28.45109279260403,0.22138823465235946
1.9799999999999998,28.73331539119738,0.22148814345544854
1.9899999999999998,29.01831762166712,0.2216572374354236
1.9999999999999998,29.30611626546683,0.22189635486786546
2.01,29.59672782402352,0.222206406868543
2.0199999999999996,29.890168472113633,0.22258838223419566
2.03,30.18645405936065,0.22304334694268035
2.0399999999999996,30.485600078502415,0.22357244734707715
2.05,30.78762163196407,0.22417691356107883
2.0599999999999996,31.092533401033887,0.22485806255804924
2.07,31.400349613502915,0.22561730144318823
2.0799999999999996,31.71108400970606,0.2264561309053644
2.09,32.02474980684255,0.22737614886218818
2.0999999999999996,32.341359639949154,0.22837905679040546
2.11,32.660925528120295,0.2294666631401247
2.1199999999999997,32.983458848787386,0.23064088581332903
2.13,33.30897028110591,0.23190375819573772
2.1399999999999997,33.63746975744399,0.233257434246978
2.1499999999999995,33.96896641224192,0.23470419388537322
2.1599999999999997,34.3034685281849,0.23624644867100147
2.1699999999999995,34.64098348104818,0.23788674757675143
2.1799999999999997,34.98151767866259,0.23962778352934427
2.1899999999999995,35.32507649785674,0.24147240013271612
2.1999999999999997,35.67166421883571,0.24342359864989369
2.2099999999999995,36.02128395574673,0.245484545426285
2.2199999999999998,36.37393758370354,0.24765857970770846
2.2299999999999995,36.729625656308265,0.2499492225742783
2.2399999999999998,37.08834728126023,0.2523601909180966
2.2499999999999996,37.45010008410315,0.25489540069584943
2.26,37.81488010660439,0.25755897806566413
2.2699999999999996,38.18268170249383,0.2603552708015443
2.28,38.553497433983644,0.26328885956901305
2.2899999999999996,38.92731796272678,0.26636456982914947
2.3,39.30413192560675,0.26958748531268
2.3099999999999996,39.683925786777216,0.27296296390572805
2.32,40.06668374981652,0.2764966477700787
2.3299999999999996,40.452387606574334,0.28019447974362854
2.34,40.84101659049243,0.2840627194132249
2.3499999999999996,41.232547223964936,0.28810795988282667
2.3599999999999994,41.62695315751556,0.29233714545902745
2.3699999999999997,42.0242049799982,0.29675759294374493
2.3799999999999994,42.424270017383414,0.3013770142502279
2.3899999999999997,42.827112181768186,0.30620353234309894
2.3999999999999995,43.23269174848519,0.3112457063312807
2.4099999999999997,43.6409651386451,0.31651255567894315
2.4199999999999995,44.051884689788125,0.3220135856690275
2.4299999999999997,44.46539841506973,0.32775881237059024
2.4399999999999995,44.881449746224085,0.33375879262201247
2.4499999999999997,45.299977263374146,0.34002465417517047
2.4599999999999995,45.7209144104231,0.3465681268503433
2.4699999999999998,46.14418919454294,0.35340157581893766
2.4799999999999995,46.56972385460803,0.3605380388581149
2.4899999999999998,46.99743449727427,0.36799126773819985
2.4999999999999996,47.42723078437053,0.375775761365993
2.51,47.85901553910427,0.3839068102011891
2.5199999999999996,48.29268434633312,0.39240054080869147
2.53,48.728125131543834,0.4012739626716322
2.5399999999999996,49.16521770041663,0.41054501605267857
2.55,49.603833278966846,0.420232624814054
2.5599999999999996,50.04383402346038,0.4303567515718998
2.5699999999999994,50.485072493491586,0.4409384548016094
2.5799999999999996,50.927391101521245,0.4519999493562152
2.5899999999999994,51.370621537369615,0.4635646689682149
2.5999999999999996,51.81458417203913,0.4756573293457791
2.6099999999999994,52.259087399588694,0.48830400269359653
2.6199999999999997,52.703926969986,0.5015321892554803
2.6299999999999994,53.1488852833459,0.5153708935674505
2.6399999999999997,53.593730648187424,0.5298507044632426
2.6499999999999995,54.038216533299455,0.54500386909475
2.6599999999999997,54.48208075478056,0.5608643793245147
2.6699999999999995,54.925044611816126,0.5774680658191965
2.6799999999999997,55.36681201345332,0.5948526859900145
2.6899999999999995,55.807068575805594,0.6130580164932524
2.6999999999999997,56.24548073121045,0.632125944328874
2.7099999999999995,56.68169467248127,0.6521005715730083
2.7199999999999998,57.11533535253091,0.6730283147248194
2.7299999999999995,57.546005433598914,0.6949580071980099
2.7399999999999998,57.97328428961598,0.7179409819931577
2.7499999999999996,58.396726893257295,0.7420311752893669
2.76,58.81586267760364,0.7672852292221545
2.7699999999999996,59.23019443004426,0.7937625836778364
2.7799999999999994,59.63919716638216,0.8215255778033907
2.7899999999999996,60.042316977380885,0.8506395296649203
2.7999999999999994,60.4389698865216,0.8811728231719838
2.8099999999999996,60.828540825135285,0.91319695643868
2.8199999999999994,61.210382547910385,0.9467866015472769
2.8299999999999996,61.5838145280155,0.9820196663002938
2.8399999999999994,61.948122020112216,1.0189773139455496
2.8499999999999996,62.30255530875742,1.0577439606879104
2.8599999999999994,62.646328791963796,1.0984072709897779
2.8699999999999997,62.97862032491798,1.141058116070073
2.8799999999999994,63.298570776322826,1.1857904854328118
2.8899999999999997,63.60528371132555,1.2327013703763616
2.8999999999999995,63.89782516716208,1.2818906285598421
2.9099999999999997,64.17522379550843,1.333460777078563
2.9199999999999995,64.43647150611537,1.3875167106162114
2.9299999999999997,64.6805240152233,1.4441654064737846
2.9399999999999995,64.90630195454703,1.503515541174122
2.9499999999999997,65.11269245252487,1.5656770286585937
2.9599999999999995,65.29855116598793,1.6307604790538477
2.9699999999999998,65.46270471602413,1.6988765760129767
2.9799999999999995,65.6039537886319,1.7701353518203082
2.9899999999999993,65.72107684586044,1.844645382518598
2.9999999999999996,65.81283450701159,1.92251283954921
3.0099999999999993,65.87797468279136,2.003840432037825
3.0199999999999996,65.91523838794038,2.088726258120053
3.0299999999999994,65.92336616679292,2.1772625810744684
3.0399999999999996,65.90110578839358,2.269534378008709
3.0499999999999994,65.84722046560248,2.3656178376045633
3.0599999999999996,65.76049803689425,2.4655787168504455
3.0699999999999994,65.63976116362645,2.5694705711147936
3.0799999999999996,65.4838778175865,2.67733299316596
3.0899999999999994,65.29177289746363,2.789189698859346
3.0999999999999996,65.06244068574598,2.9050465101410596
3.1099999999999994,64.7949574949811,3.024889369420334
3.1199999999999997,64.48849547354472,3.148682245603783
3.1299999999999994,64.1423355457018,3.2763652850441676
3.1399999999999997,63.75588181919925,3.40785276943239
3.1499999999999995,63.32867502595438,3.543031334689097
3.1599999999999997,62.860405705392616,3.6817583394971334
3.1699999999999995,62.35092765638898,3.8238603028100338
3.1799999999999997,61.80026894560075,3.969131859333956
3.1899999999999995,61.20864365002563,4.117334717067658
3.1999999999999993,60.57646045177429,4.2681972243915265
3.2099999999999995,59.904330431505024,4.42141423005159
3.2199999999999993,59.19307273067536,4.576647393096376
3.2299999999999995,58.44371736746756,4.7335260433948
3.2399999999999993,57.65750609588838,4.891648554487246
3.2499999999999996,56.835890394526324,5.0505841295597795
3.2599999999999993,55.98052601812598,5.209875397158369
3.2699999999999996,55.093265451677524,5.3690412755594
3.2799999999999994,54.17614727358005,5.527580375647466
3.2899999999999996,53.23138215566642,5.684975046973078
3.2999999999999994,52.26133626100854,5.8406957944794105
3.3099999999999996,51.268512770476434,5.994205886673894
3.3199999999999994,50.255530823234444,6.144966331447496
3.3299999999999996,49.225102695795485,6.292441064205681
3.3399999999999994,48.18000956378726,6.436102189552154
3.3499999999999996,47.12307662173529,6.575435147046747
3.3599999999999994,46.05714750518067,6.7099437950879155
3.3699999999999997,44.98505899872846,6.839155256110701
3.3799999999999994,43.909616187236765,6.9626244209013874
3.3899999999999997,42.833568657543296,7.07993806649435
3.3999999999999995,41.759588236841736,7.190718434666802
3.4099999999999997,40.690248330699646,7.294626352082469
3.4199999999999995,39.628005752801954,7.391363639091697
3.4299999999999993,38.5751844002914,7.4806750486426585
3.4399999999999995,37.53396213589054,7.562349398534579
3.4499999999999993,36.50635949433851,7.636220281732107
3.4599999999999995,35.49423196570401,7.70216595059687
3.4699999999999993,34.499263888467105,7.760108860872008
3.4799999999999995,33.5229659151322,7.810014455250813
3.4899999999999993,32.56667377905709,7.851889700770394
3.4999999999999996,31.63155027791043,7.885781000089964
3.5099999999999993,30.718588237483868,7.911771944313156
3.5199999999999996,29.828616070853982,7.929980621129481
3.5299999999999994,28.962304038400692,7.940556835919044
3.5399999999999996,28.12017233105772,7.943679087189384
3.5499999999999994,27.302599635395747,7.9395515077796075
3.5599999999999996,26.509832722676162,7.928400749815224
3.5699999999999994,25.741996354611146,7.910472872869002
3.5799999999999996,24.99910349087936,7.886030333936104
3.5899999999999994,24.2810656838299,7.855349007966403
3.5999999999999996,23.587703216041014,7.81871541971051
3.6099999999999994,22.91875529826914,7.776424033126651
3.6199999999999997,22.273889449250476,7.728774868593999
3.6299999999999994,21.65271128234836,7.6760710602233155
3.6399999999999992,21.054772844366653,7.618616883705286
3.6499999999999995,20.47958123572106,7.556715763370363
3.6599999999999993,19.926606066859044,7.490668625563961
3.6699999999999995,19.395286668178937,7.420772362872517
3.6799999999999993,18.88503864065081,7.347318499287709
3.6899999999999995,18.395259587353035,7.270592094711288
3.6999999999999993,17.925334695324583,7.1908707179121585
3.7099999999999995,17.47464120476376,7.108423703428527
3.7199999999999993,17.042552925784907,7.023511433083647
3.7299999999999995,16.628443715994507,6.9363848622735365
3.7399999999999993,16.231690902918537,6.847285091684831
3.7499999999999996,15.851677979262144,6.756443100481781
3.7599999999999993,15.487797059228727,6.664079557118095
3.7699999999999996,15.139450893958633,6.570404725010826
3.7799999999999994,14.806054554274171,6.475618451955292
3.7899999999999996,14.487036831848057,6.379910221295423
3.7999999999999994,14.181841330953706,6.283459261186986
3.8099999999999996,13.889927361475827,6.1864347225496585
3.8199999999999994,13.610770598918243,6.0889958654461305
3.8299999999999996,13.343863518726067,5.99129231832088
3.8399999999999994,13.088715708638052,5.893464343280895
3.849999999999999,12.8448540463401,5.795643118262442
3.8599999999999994,12.611822668314257,5.697951074274519
3.869999999999999,12.389182971680523,5.600502188496138
3.8799999999999994,12.1765133765484,5.503402342710312
3.8899999999999992,11.973409117520312,5.406749650306462
3.8999999999999995,11.779481951233912,5.310634792469785
3.9099999999999993,11.594359741554355,5.215141377967941
3.9199999999999995,11.417686138681056,5.120346256363361
3.9299999999999993,11.249120077440258,5.0263198736994354
3.9399999999999995,11.088335364883584,4.933126587238837
3.9499999999999993,10.935020201314373,4.840824987477828
3.9599999999999995,10.788876665585466,4.749468219005245
3.9699999999999993,10.649620271842462,4.659104269087874
3.9799999999999995,10.51697942389377,4.5697762750851725
3.9899999999999993,10.390694956278237,4.481522797445366
3.9999999999999996,10.27051964261209,4.394378092271622
4.01,10.156217688335293,4.308372378995185
4.02,10.047564260260174,4.2235320901007265
4.029999999999999,9.944345038254804,4.139880105370247
4.039999999999999,9.846355768883413,4.057435978297964
4.05,9.753401783923348,3.97621616614485
4.06,9.665297620121107,3.8962342238177756
4.069999999999999,9.58186658296989,3.8175010077387577
4.079999999999999,9.502940334250328,3.7400248669772327
4.089999999999999,9.428358543944153,3.663811809691768
4.1,9.357968493625666,3.5888656793198264
4.109999999999999,9.291624726852316,3.515188311898691
4.119999999999999,9.229188715303456,3.4427796844028107
4.129999999999999,9.17052852484451,3.371638058534851
4.14,9.115518509055674,3.301760113057609
4.1499999999999995,9.064039011007353,3.23314106980023
4.159999999999999,9.015976075431546,3.1657748130202554
4.169999999999999,8.971221180678514,3.099653999903605
4.18,8.929670977526953,3.0347701659894657
4.1899999999999995,8.89122704195717,2.971113823723747
4.199999999999999,8.85579564268436,2.9086745542950374
4.209999999999999,8.82328751467022,2.847441094850957
4.22,8.793617647829542,2.78740141926498
4.2299999999999995,8.7667050845744,2.728542814102508
4.239999999999999,8.742472724127186,2.670851950503701
4.249999999999999,8.720847138311127,2.614314950876564
4.26,8.701758405136683,2.558917449299698
4.27,8.685139941510553,2.504644649887358
4.279999999999999,8.670928339421815,2.4514813822790607
4.289999999999999,8.659063218126231,2.3994121516193347
4.299999999999999,8.6494870902393,2.34842118433141
4.31,8.64214522278625,2.2984924724031583
4.319999999999999,8.636985506294032,2.249609814395625
4.329999999999999,8.63395833481312,2.2017568528911373
4.339999999999999,8.633016495072702,2.1549171089714827
4.35,8.634115053821377,2.1090740148966822
4.359999999999999,8.637211253511863,2.0642109440514633
4.369999999999999,8.642264414381668,2.0203112385421584
4.379999999999999,8.649235842584208,1.9773582350252104
4.39,8.658088739859421,1.9353352879425498
4.3999999999999995,8.668788119372113,1.8942257911505693
4.409999999999999,8.681300725904459,1.8540131978893954
4.419999999999999,8.695594960375061,1.8146810395582074
4.43,8.711640807257227,1.7762129418099648
4.4399999999999995,8.729409766280966,1.7385926398746825
4.449999999999999,8.748874787350774,1.7018039926094986
4.459999999999999,8.770010208430193,1.6658309956023962
4.47,8.79279169742412,1.6306577919650447
4.4799999999999995,8.817196196400001,1.59626868278873
4.489999999999999,8.84320186842016,1.5626481366892278
4.499999999999999,8.870788046896696,1.529780798499203
4.509999999999999,8.899935188498539,1.4976514960745098
4.52,8.930624827621633,1.4662452470423932
4.529999999999999,8.962839532788918,1.4355472649286267
4.539999999999999,8.996562865459357,1.4055429643649402
4.549999999999999,9.031779341679362,1.3762179650543378
4.56,9.068474394843914,1.3475580956645739
4.569999999999999,9.106634339481923,1.3195493976242387
4.579999999999999,9.146246338241871,1.2921781274409017
4.589999999999999,9.18729837074121,1.2654307583712845
4.6,9.229779203141476,1.239293982148519
4.609999999999999,9.273678359700035,1.213754709959942
4.619999999999999,9.31898609274349,1.1888000748994276
4.629999999999999,9.365693355951445,1.1644174328059798
4.64,9.413791783497086,1.1405943598744566
4.6499999999999995,9.463273664839685,1.1173186534463893
4.659999999999999,9.514131922551963,1.094578331325771
4.669999999999999,9.566360089380925,1.072361631840342
4.68,9.619952285366855,1.0506570141875757
4.6899999999999995,9.674903203334535,1.0294531544923957
4.699999999999999,9.731208088707504,1.0087389452831401
4.709999999999999,9.788862722056045,0.9885034937600146
4.719999999999999,9.847863401674319,0.9687361203701673
4.7299999999999995,9.90820692464558,0.9494263585816827
4.739999999999999,9.96989057577818,0.9305639503547362
4.749999999999999,10.032912111974724,0.9121388445862815
4.759999999999999,10.097269748362091,0.8941411948161242
4.77,10.16296214493675,0.8765613568962514
4.779999999999999,10.229988391431771,0.8593898878528159
4.789999999999999,10.298347998211284,0.8426175417654024
4.799999999999999,10.368040884447812,0.8262352673300408
4.81,10.439067367039327,0.8102342052541474
4.819999999999999,10.511428150251035,0.7946056854797398
4.829999999999999,10.585124313741941,0.7793412253863723
4.839999999999999,10.660157304877059,0.7644325260887126
4.85,10.736528929907106,0.7498714694693571
4.859999999999999,10.814241345026872,0.7356501154487779
4.869999999999999,10.893297048246865,0.7217606990342021
4.879999999999999,10.973698870327764,0.7081956281221207
4.89,11.055449967948958,0.6949474802080344
4.8999999999999995,11.138553817168255,0.6820089991268644
4.909999999999999,11.223014206261926,0.6693730923485017
4.919999999999999,11.308835229305753,0.6570328280339338
4.929999999999999,11.396021279200442,0.6449814325026713
4.9399999999999995,11.484577041695005,0.63321228737577
4.949999999999999,11.574507490652472,0.6217189262757866
4.959999999999999,11.665817882227639,0.610495032178602
4.969999999999999,11.75851374975434,0.5995344345664149
4.9799999999999995,11.852600898472797,0.5888311068145242
4.989999999999999,11.94808540039026,0.5783791636518788
4.999999999999999,12.044973590680724,0.5681728579422853
5.009999999999999,12.143272063042533,0.5582065781590331
5.02,12.242987665609801,0.548474845698646
5.029999999999999,12.344127496791494,0.5389723123476656
5.039999999999999,12.446698900858332,0.5296937579854092
5.049999999999999,12.55070946549459,0.5206340874668477
5.06,12.65616701801711,0.5117883282487132
5.069999999999999,12.763079622105153,0.5031516278804153
5.079999999999999,12.87145557474292,0.49471925149856893
5.089999999999999,12.981303403072019,0.4864865794701779
5.1,13.092631859425946,0.47844910603027646
5.109999999999999,13.205449920973777,0.4706024357551261
5.119999999999999,13.319766786761758,0.46294228140946586
5.129999999999999,13.435591874860478,0.4554644618354898
5.139999999999999,13.55293481994732,0.4481648997190871
5.1499999999999995,13.67180547097795,0.4410396193991093
5.159999999999999,13.79221388770774,0.43408474524978274
5.169999999999999,13.914170339303169,0.4272964992413414
5.179999999999999,14.037685302700332,0.420671198683369
5.1899999999999995,14.162769460161815,0.4142052543843758
5.199999999999999,14.289433697311873,0.407895168675067
5.209999999999999,14.417689101249486,0.40173753346510643
5.219999999999999,14.547546958098922,0.3957290286615919
5.2299999999999995,14.679018750958912,0.38986642045035813
5.239999999999999,14.812116159156655,0.3841465589694966
5.249999999999999,14.946851056026958,0.3785663768088065
5.259999999999999,15.083235507216953,0.37312288729933973
5.27,15.221281769037326,0.3678131828383457
5.279999999999999,15.36100228660276,0.36263443333683604
5.289999999999999,15.502409691543061,0.3575838848632862
5.299999999999999,15.645516801449165,0.35265885773581046
5.31,15.790336617920573,0.34785674514076137
5.319999999999999,15.93688232492936,0.343175011684853
5.329999999999999,16.08516728724017,0.3386111919688244
5.339999999999999,16.23520504877093,0.334162889221191
5.349999999999999,16.38700933037616,0.32982777417464454
5.359999999999999,16.540594028902667,0.32560358352497965
5.369999999999999,16.695973215482265,0.3214881186948999
5.379999999999999,16.85316113377829,0.31747924464584243
5.389999999999999,17.012172198310616,0.3135748886914832
5.3999999999999995,17.173020992749585,0.3097730393499
5.409999999999999,17.33572226769772,0.30607174539114096
5.419999999999999,17.500290939174157,0.3024691146779916
5.429999999999999,17.666742086977536,0.2989633130697838
5.4399999999999995,17.835090952623773,0.2955525634875892
5.449999999999999,18.00535293739382,0.2922351449625588
5.459999999999999,18.177543600324793,0.2890093917206165
5.469999999999999,18.35167865582596,0.2858736923653219
5.4799999999999995,18.52777397134871,0.2828264890726911
5.489999999999999,18.70584556567718,0.2798662766844238
5.499999999999999,18.88590960631972,0.27699160199944534
5.509999999999999,19.067982407058633,0.27420106305295433
5.52,19.252080425404618,0.27149330843198066
5.529999999999999,19.43822025979659,0.2688670366573845
5.539999999999999,19.626418646367178,0.2663209956662329
5.549999999999999,19.816692456695794,0.26385398211491745
5.559999999999999,20.009058694529593,0.2614648408971248
5.569999999999999,20.203534492546233,0.2591524646651496
5.579999999999999,20.400137109001214,0.25691579338403336
5.589999999999999,20.59888392411006,0.2547538139394744
5.599999999999999,20.79979243530307,0.25266555991210554
5.609999999999999,21.002880254666902,0.2506501110812955
5.619999999999999,21.208165104700413,0.24870659316716565
5.629999999999999,21.415664813842916,0.2468341776181805
5.639999999999999,21.62539731199997,0.24503208141385724
5.6499999999999995,21.837380625857886,0.24329956690928337
5.659999999999999,22.051632873977848,0.24163594172181296
5.669999999999999,22.268172261614694,0.24004055866630597
5.679999999999999,22.48701707133965,0.23851281624606077
5.6899999999999995,22.708185659973044,0.23705215833750118
5.699999999999999,22.931696454552643,0.23565807401029104
5.709999999999999,23.157567944204654,0.2343300978880489
5.719999999999999,23.38581867339206,0.23306781033951735
5.7299999999999995,23.616467234833657,0.23187083772057
5.739999999999999,23.849532262080153,0.23073885266800628
5.749999999999999,24.085032421734144,0.22967157444611597
5.759999999999999,24.322986401782284,0.2286687697461857
5.769999999999999,24.56341290069159,0.22773025341053807
5.779999999999999,24.806330626315933,0.2268558880539885
5.789999999999999,25.05175828232192,0.2260455851117557
5.799999999999999,25.29971455785111,0.22529930552975028
5.809999999999999,25.55021811675552,0.22461706051236502
5.819999999999999,25.80328758630601,0.2239989123386689
5.829999999999999,26.058941545352592,0.22344497524884574
5.839999999999999,26.31719850954118,0.22295541667332408
5.849999999999999,26.578076909057827,0.22253045932003507
5.859999999999999,26.84159508924905,0.22217038066159145
5.869999999999999,27.107771291339358,0.22187551469582484
5.879999999999999,27.376623635825013,0.22164625340670913
5.889999999999999,27.64817010607685,0.22148304820621217
5.8999999999999995,27.922428531134912,0.22138641147253912
5.909999999999999,28.199416567662478,0.22135691818793218
5.919999999999999,28.479151679993997,0.2213952077933015
5.929999999999999,28.761651103279405,0.22150198791423018
5.9399999999999995,29.04693184025441,0.2216780343821692
5.949999999999999,29.3350106389313,0.22192419336644287
5.959999999999999,29.625903964599033,0.22224138413934894
5.969999999999999,29.919627974759756,0.22263060152197084
5.979999999999999,30.216198492818346,0.22309291847207324
5.989999999999999,30.5156309804747,0.22362948881930594
5.999999999999999,30.817940508742858,0.2242415501558704
6.009999999999999,31.123141706410333,0.22493042930048063
6.019999999999999,31.431248735425367,0.22569754468647288
6.029999999999999,31.74227527590054,0.22654440764960151
6.039999999999999,32.056234477201855,0.22747262758367062
6.049999999999999,32.37313891947275,0.228483915901481
6.059999999999999,32.69300057322035,0.229580090212778
6.069999999999999,33.01583075688536,0.23076307872777185
6.079999999999999,33.34164009231403,0.23203492489501407
6.089999999999999,33.67043844511724,0.23339779377164568
6.099999999999999,34.002234853317056,0.23485397973387137
6.109999999999999,34.33703751385672,0.2364059075165819
6.119999999999999,34.67485370929778,0.23805614013017787
6.129999999999999,35.015689745995495,0.2398073854460148
6.139999999999999,35.35955088984752,0.24166250305082054
6.1499999999999995,35.706441298640556,0.24362451148120784
6.159999999999999,36.0563639576604,0.24569659503517255
6.169999999999999,36.40932060042403,0.2478821123410734
6.179999999999999,36.765311627154105,0.2501846051646974
6.189999999999999,37.12433602441249,0.25260780704207725
6.199999999999999,37.486391278105366,0.2551556526731397
6.209999999999999,37.85147328203347,0.2578322878131997
6.219999999999999,38.21957623319177,0.2606420807265819
6.229999999999999,38.59069248928844,0.26358963817322595
6.239999999999999,38.964812503903076,0.26667981193930723
6.249999999999999,39.34192469593375,0.2699177132820542
6.259999999999999,39.722015319903285,0.2733087272196164
6.269999999999999,40.10506833225599,0.276858527248766
6.279999999999999,40.49106527514565,0.28057308729382574
6.289999999999999,40.87998512123671,0.2844586990374902
6.299999999999999,41.27180410439439,0.28852199102550663
6.309999999999999,41.666495566809594,0.29276994511719606
6.319999999999999,42.06402978843037,0.2972099152010841
6.329999999999999,42.46437379464406,0.30184964877117126
6.339999999999999,42.86749112312271,0.3066973141422663
6.349999999999999,43.27334167392735,0.3117615151290279
6.359999999999999,43.68188147552499,0.31705131766226274
6.369999999999999,44.09306245210527,0.3225762758309441
6.379999999999999,44.50683218024673,0.328346459021073
6.389999999999999,44.92313361862628,0.3343724798462089
6.399999999999999,45.341904842348214,0.340665524847014
6.409999999999999,45.763078759520276,0.34723738676781113
6.419999999999999,46.186582802618965,0.35410049809915334
6.429999999999999,46.612338606600275,0.3612679667210614
6.439999999999999,47.040261666671285,0.3687536143043869
6.449999999999999,47.470260973803846,0.3765720179067079
6.459999999999999,47.90223864375429,0.38473854944183816
6.469999999999999,48.33608951416777,0.39326942109265356
6.479999999999999,48.77170072248069,0.40218173232735377
6.489999999999999,49.20895125987793,0.41149351938365686
6.499999999999999,49.64771146671024,0.42122380758420885
6.509999999999999,50.0878425590269,0.43139266613605964
6.519999999999999,50.52919611034285,0.44202126591527907
6.529999999999999,50.97161348964716,0.4531319403479955
6.539999999999999,51.4149252777711,0.4647482493941208
6.549999999999999,51.85895066584061,0.47689504414530315
6.559999999999999,52.30349682993862,0.4895985330848419
6.569999999999999,52.74835822097658,0.5028863622555113
6.579999999999999,53.193315867898185,0.5167876892408914
6.589999999999999,53.63813663319002,0.5313332632025581
6.599999999999999,54.08257243505746,0.5465555076809808
6.609999999999999,54.526359491037525,0.5624885919031534
6.619999999999999,54.96921742320765,0.5791685313412156
6.629999999999999,55.410848364631924,0.5966332814598496
6.639999999999999,55.850936041898834,0.6149228308476797
6.649999999999999,56.28914484691078,0.6340792930014715
6.659999999999999,56.725118932235965,0.6541469894943002
6.669999999999999,57.15848109086892,0.6751725687712331
6.679999999999999,57.58883173578673,0.6972051018178655
6.689999999999999,58.01574787190434,0.7202961731167002
6.699999999999999,58.43878197632343,0.7444999850247788
6.709999999999999,58.85746083705115,0.7698734649225157
6.719999999999999,59.2712844335783,0.7964763585828761
6.729999999999999,59.67972496662609,0.8243712919547452
6.739999999999999,60.082225600952945,0.8536238787148382
6.749999999999999,60.478199360743126,0.8843027951945905
6.759999999999999,60.867028023282884,0.9164798510152952
6.769999999999999,61.24806101384533,0.9502300516072678
6.779999999999999,61.620614393319,0.9856316394575128
6.789999999999999,61.98397007382982,1.0227660885670984
6.799999999999999,62.337374723889134,1.0617181476346216
6.809999999999999,62.68003906706469,1.1025758095659792
6.819999999999999,63.01113737263259,1.1454302450952132
6.829999999999999,63.32980675359698,1.1903757550117424
6.839999999999999,63.63514695374274,1.2375096384791173
6.849999999999999,63.926220392731636,1.2869320104177753
6.8599999999999985,64.20205204793014,1.3387456375039226
6.869999999999999,64.46163006897534,1.393055650928195
6.879999999999999,64.70390669889039,1.4499692031649303
6.889999999999999,64.92779909603206,1.5095951239293892
6.899999999999999,65.13219113254236,1.5720434243716954
6.909999999999999,65.31593551307209,1.6374247399737585
6.919999999999999,65.47785604823507,1.705849733114214
6.929999999999999,65.61675103805771,1.7774283342182597
6.939999999999999,65.7313970530856,1.8522689057695385
6.949999999999999,65.82055314938275,1.930477321299903
6.959999999999999,65.8829662019458,2.0121559040128747
6.969999999999999,65.91737681884159,2.097402251172669
6.979999999999999,65.92252599999921,2.1863079323644308
6.989999999999999,65.8971626360665,2.278957121802943
6.999999999999999,65.84005198754579,2.3754250408002986
7.009999999999999,65.74998509641779,2.4757762628453315
7.019999999999999,65.62578851617647,2.580063063544064
7.029999999999999,65.46633528353216,2.6883235661299874
7.039999999999999,65.27055667166721,2.8005797881526417
7.049999999999999,65.03745454259008,2.916835648488899
7.059999999999999,64.76611446656008,3.0370749251081297
7.0699999999999985,64.45571847508116,3.1612593763223944
7.079999999999999,64.10555945764688,3.289326605583285
7.089999999999999,63.71505435494751,3.4211882421812065
7.099999999999999,63.28375829176046,3.5567280601143807
7.1099999999999985,62.811377690538926,3.695800375456202
7.119999999999999,62.297782943458095,3.838228626491254
7.129999999999999,61.74302064318431,3.983804130830782
7.139999999999999,61.147323530067744,4.132285333121271
7.149999999999999,60.51112039121725,4.283397212353311
7.159999999999999,59.83504282840779,4.436831277400151
7.169999999999999,59.1199308671048,4.59224593054408
7.179999999999999,58.36683580103784,4.749267328249723
7.189999999999999,57.57702042847596,4.907490823361768
7.199999999999999,56.75195677475843,5.066482897988673
7.209999999999999,55.89332094217603,5.225783586824497
7.219999999999999,55.00298436182402,5.384909657689921
7.229999999999999,54.08300365373533,5.543357878731797
7.239999999999999,53.135605316057266,5.700609324723395
7.249999999999999,52.16317014108392,5.856133539281672
7.259999999999999,51.16821420002485,6.009393252694652
7.269999999999999,50.153367073372834,6.159849524852257
7.2799999999999985,49.12134863250785,6.306966959125406
7.289999999999999,48.074945763707134,6.450218720929531
7.299999999999999,47.01698664173978,6.5890918498353415
7.309999999999999,45.95031541668397,6.723092315688256
7.3199999999999985,44.877766713964185,6.851749833702044
7.329999999999999,43.802141178297106,6.974622295529114
7.339999999999999,42.72618159742469,7.091299856961737
7.349999999999999,41.652550844105455,7.201408498292852
7.3599999999999985,40.583811498499514,7.304613027382579
7.369999999999999,39.52240773834316,7.400619491213166
7.379999999999999,38.470649487187046,7.489176984513497
7.389999999999999,37.430699293434806,7.570078792951685
7.399999999999999,36.404561571696476,7.643162969604855
7.409999999999999,35.39407489819258,7.70831222306037
7.419999999999999,34.40090638390442,7.76545335474416
7.429999999999999,33.426549192876706,7.81455603559254
7.439999999999999,32.472321695555266,7.855631264587627
7.449999999999999,31.539369524814106,7.8887292693461495
7.459999999999999,30.62866883582581,7.913937206770636
7.469999999999999,29.74103192118579,7.931376463236443
7.479999999999999,28.87711369579105,7.941199844934095
7.489999999999998,28.03741980282666,7.9435885492454466
7.499999999999999,27.222315326487685,7.9387490994651
7.509999999999999,26.43203440370466,7.926910215350616
7.519999999999999,25.666690163174735,7.908319736097558
7.5299999999999985,24.92628499828676,7.88324158899438
7.539999999999999,24.21072088965506,7.851952829820611
7.549999999999999,23.519809513731726,7.814740913400784
7.559999999999999,22.853282533542284,7.771900953661814
7.5699999999999985,22.21080088237694,7.7237333789508416
7.579999999999999,21.5919644479899,7.6705415259191305
7.589999999999999,20.996320397868832,7.612629675898202
7.599999999999999,20.423371773176942,7.55030107212099
7.6099999999999985,19.872584834756044,7.483856306219717
7.619999999999999,19.34339628741312,7.413591784396937
7.629999999999999,18.835219652224847,7.339798439903838
7.639999999999999,18.347451084617205,7.262760620497749
7.649999999999999,17.87947475677365,7.182755109854169
7.659999999999999,17.430667393875872,7.100050374015028
7.669999999999999,17.00040265224902,7.014905874515234
7.679999999999999,16.58805458930531,6.927571600033174
7.689999999999999,16.193001040399793,6.838287649556398
7.699999999999998,15.814626246795061,6.747283980928372
7.709999999999999,15.452323310150604,6.654780225140738
7.719999999999999,15.105496132653863,6.560985605300644
7.729999999999999,14.773561099905843,6.466098930605452
7.739999999999998,14.455948436384078,6.370308652956862
7.749999999999999,14.152103283636343,6.273792993166541
7.759999999999999,13.861486557882024,6.17672010224623
7.769999999999999,13.583575597556575,6.079248257483655
7.7799999999999985,13.317864558830735,5.98152614954954
7.789999999999999,13.063864758445307,5.883693118486594
7.799999999999999,12.821104820811508,5.785879445424207
7.809999999999999,12.58913058294371,5.688206713467557
7.8199999999999985,12.367505156266695,5.590788073964402
7.829999999999999,12.155808681965821,5.493728606581878
7.839999999999999,11.953638015415548,5.397125682765726
7.849999999999999,11.760606565920995,5.301069253409582
7.8599999999999985,11.576343800052944,5.2056422344550395
7.869999999999999,11.400494874935784,5.110920833525865
7.879999999999999,11.232720282754359,5.016974858275887
7.889999999999999,11.072695257941799,4.923868085259243
7.899999999999999,10.920109400113809,4.83165855000125
7.909999999999998,10.774666192923705,4.7403988566497235
7.919999999999999,10.636082415838231,4.650136507804682
7.929999999999999,10.504087757461352,4.560914165371294
7.939999999999999,10.378424275584605,4.472769945326897
7.949999999999998,10.258845874081592,4.385737698183513
7.959999999999999,10.145117893716023,4.299847248979333
7.969999999999999,10.037016577636031,4.21512466277513
7.979999999999999,9.934328623250499,4.131592479019282
7.989999999999998,9.836850758718882,4.049269931706222
7.999999999999999,9.744389256209118,3.968173178184787
8.009999999999998,9.656759539506538,3.888315497333987
8.02,9.57378577269016,3.8097074855636937
8.03,9.49530043491336,3.7323572494358532
8.04,9.421143968983529,3.65627057500232
8.049999999999999,9.351164397634781,3.581451098211676
8.059999999999999,9.285216964588614,3.507900464080489
8.069999999999999,9.223163820387068,3.4356184710181417
8.079999999999998,9.164873682134003,3.36460321481131
8.089999999999998,9.110221503136605,3.294851225327285
8.1,9.059088209679214,3.2263575856313738
8.11,9.011360405617975,3.1591160519230845
8.12,8.966930091331024,3.093119165458397
8.129999999999999,8.925694421756656,3.028358355181462
8.139999999999999,8.887555456393793,2.9648240359901123
8.149999999999999,8.85241991558293,2.9025057012704893
8.159999999999998,8.82019896869581,2.841392008443922
8.169999999999998,8.790808020021403,2.7814708598433264
8.179999999999998,8.764166503101663,2.722729477406886
8.19,8.740197692785461,2.6651544743629696
8.2,8.71882852265768,2.608731921310394
8.209999999999999,8.699989410150014,2.5534474065774133
8.219999999999999,8.683614093087463,2.4992860950643085
8.229999999999999,8.669639473267313,2.4462327821758665
8.239999999999998,8.658005468446781,2.39427194232204
8.249999999999998,8.648654870839223,2.343387776644363
8.259999999999998,8.64153321292255,2.2935642568575743
8.27,8.636588641577069,2.2447851639484644
8.28,8.63377179669679,2.1970341263579765
8.29,8.63303569587034,2.150294655432557
8.299999999999999,8.634335628024589,2.104550175592646
8.309999999999999,8.637629048870137,2.0597840551027415
8.319999999999999,8.642875481121797,2.0159796349301753
8.329999999999998,8.650036421151153,1.9731202543070663
8.339999999999998,8.659075253729466,1.9311892718490826
8.349999999999998,8.669957171224246,1.8901700847758072
8.36,8.682649087259856,1.8500461534514479
8.37,8.697119563915729,1.8108010172271825
8.379999999999999,8.71333873992496,1.7724183112955616
8.389999999999999,8.731278261812275,1.7348817842563036
8.399999999999999,8.750911220562738,1.6981753084172329
8.409999999999998,8.772212090401265,1.6622828926009807
8.419999999999998,8.795156670720118,1.6271886932700825
8.429999999999998,8.81972202623979,1.5928770296371344
8.44,8.845886438298287,1.5593323885195118
8.45,8.873629355247243,1.5265394321220567
8.459999999999999,8.90293134468864,1.4944830056455498
8.469999999999999,8.933774045798195,1.4631481464100098
8.479999999999999,8.966140127106744,1.4325200888249399
8.489999999999998,9.000013247428495,1.4025842675692144
8.499999999999998,9.035378016324758,1.3733263227126573
8.509999999999998,9.07221995673314,1.344732103898808
8.52,9.110525469196705,1.3167876741700508
8.53,9.150281799935819,1.2894793112518013
8.54,9.191477008789624,1.2627935100625869
8.549999999999999,9.23409993887589,1.2367169844115597
8.559999999999999,9.278140186262178,1.2112366688271916
8.569999999999999,9.323588074515294,1.1863397186020703
8.579999999999998,9.370434628347542,1.1620135103324518
8.589999999999998,9.4186715488139,1.138245642006466
8.599999999999998,9.468291188766948,1.1150239334827035
8.61,9.519286531179363,1.092336425446612
8.62,9.571651167949614,1.0701713785305391
8.629999999999999,9.625379279502036,1.0485172723608036
8.639999999999999,9.680465614725334,1.027362804697218
8.649999999999999,9.736905472589614,1.00669688995748
8.659999999999998,9.794694685191802,0.9865086572555881
8.669999999999998,9.85382960079506,0.9667874487277718
8.679999999999998,9.914307067448119,0.9475228178277453
8.69,9.976124417200108,0.9287045275722648
8.7,10.0392794530124,0.9103225475604443
8.709999999999999,10.103770434592224,0.8923670518625253
8.719999999999999,10.169596065449044,0.8748284164908959
8.729999999999999,10.236755480367925,0.8576972168926752
8.739999999999998,10.305248229949196,0.8409642272869335
8.749999999999998,10.375074272692007,0.8246204161237277
8.759999999999998,10.446233964204932,0.8086569433440984
8.769999999999998,10.518728046364313,0.7930651578967949
8.78,10.592557637642235,0.7778365948401452
8.79,10.667724222257212,0.762962973190767
8.799999999999999,10.74422964039101,0.7484361934393955
8.809999999999999,10.822076082425847,0.7342483333132331
8.819999999999999,10.901266079623257,0.7203916454137185
8.829999999999998,10.981802496432683,0.7068585542382172
8.839999999999998,11.06368852292941,0.693641653330935
8.849999999999998,11.146927665683164,0.6807337035460248
8.86,11.231523743273016,0.6681276288012012
8.87,11.317480879527364,0.6558165133450935
8.879999999999999,11.404803497151462,0.643793598984815
8.889999999999999,11.493496311935905,0.6320522821570147
8.899999999999999,11.583564326096164,0.6205861115621207
8.909999999999998,11.675012822933791,0.6093887853057238
8.919999999999998,11.767847362889569,0.5984541475100108
8.929999999999998,11.862073778084598,0.5877761857873913
8.94,11.957698167694655,0.5773490284460484
8.95,12.054726893318158,0.5671669418245906
8.959999999999999,12.153166573598071,0.5572243280991261
8.969999999999999,12.253024081529462,0.5475157219522738
8.979999999999999,12.354306540227608,0.5380357880798645
8.989999999999998,12.457021319110584,0.5287793186170499
8.999999999999998,12.56117603035931,0.5197412305456132
9.009999999999998,12.666778524864496,0.5109165635215903
9.019999999999998,12.77383688919586,0.5023004772400261
9.03,12.882359442867088,0.4938882487499944
9.04,12.992354735092407,0.48567527017754974
9.049999999999999,13.103831541928722,0.47765704634145406
9.059999999999999,13.216798863356184,0.46982919248185784
9.069999999999999,13.331265920055928,0.4621874321978539
9.079999999999998,13.447242151663257,0.4547275948677197
9.089999999999998,13.564737214061644,0.4474456135404091
9.099999999999998,13.683760976990332,0.44033752277787575
9.11,13.80432352177326,0.43339945652548095
9.12,13.926435138713527,0.4266276462384636
9.129999999999999,14.05010632522272,0.4200184187119182
9.139999999999999,14.175347783895923,0.4135681940174998
9.149999999999999,14.30217042040993,0.4072734836074614
9.159999999999998,14.430585341603598,0.40113088839884914
9.169999999999998,14.560603853399536,0.3951370969824154
9.179999999999998,14.69223745865151,0.38928888392141087
9.189999999999998,14.825497856078062,0.3835831076877122
9.2,14.960396938258883,0.3780167090187722
9.209999999999999,15.0969467899408,0.3725867092092728
9.219999999999999,15.235159686406298,0.3672902084314992
9.229999999999999,15.37504809188652,0.36212438408925185
9.239999999999998,15.5166246572335,0.3570864895198773
9.249999999999998,15.65990221760086,0.35217385274035806
9.259999999999998,15.804893792791031,0.34738387416423055
9.269999999999998,15.951612584837418,0.34271402547635244
9.28,16.100071976403605,0.338161848219908
9.29,16.25028552921658,0.33372495240915
9.299999999999999,16.402266982507882,0.3294010151766133
9.309999999999999,16.556030250741426,0.3251877796931639
9.319999999999999,16.71158942165007,0.32108305401859816
9.329999999999998,16.86895875594809,0.3170847094254012
9.339999999999998,17.028152685015232,0.31319067942821066
9.349999999999998,17.189185809184057,0.3093989586402421
9.36,17.352072896007577,0.30570760166246214
9.37,17.516828878496735,0.30211472200712225
9.379999999999999,17.683468852620894,0.29861849128942125
9.389999999999999,17.85200807534551,0.2952171382608472
9.399999999999999,18.02246196366225,0.29190894753091606
9.409999999999998,18.194846092060708,0.2886922588250504
9.419999999999998,18.369176190438225,0.2855654661117968
9.429999999999998,18.545468141942777,0.2825270167657571
9.439999999999998,18.723737980743305,0.27957541076621806
9.45,18.90400188888787,0.2767092000951798
9.459999999999999,19.086276194032838,0.2739269879832167
9.469999999999999,19.27057736770154,0.27122742806903927
9.479999999999999,19.456922022140052,0.2686092238510985
9.489999999999998,19.645326907525764,0.266071128085087
9.499999999999998,19.835808909057082,0.26361194221871787
9.509999999999998,20.02838504391233,0.2612305158647023
9.519999999999998,20.223072457120995,0.25892574647260197
9.53,20.41988841862367,0.25669657881355623
9.54,20.618850320375188,0.2545420044703801
9.549999999999999,20.81997567220007,0.2524610615503349
9.559999999999999,21.023282097895894,0.2504528343664112
9.569999999999999,21.228787331152194,0.24851645315918447
9.579999999999998,21.436509211254915,0.24665109386247241
9.589999999999998,21.646465677290752,0.24485597808807813
9.599999999999998,21.858674764201492,0.24313037286976383
9.609999999999998,22.07315459833513,0.24147359048798664
9.62,22.28992339168554,0.23988498848530598
9.629999999999999,22.508999436339053,0.2383639696635209
9.639999999999999,22.730401098647008,0.23690998212764203
9.649999999999999,22.954146813053974,0.23552251938408447
9.659999999999998,23.180255073806798,0.23420112069593432
9.669999999999998,23.408744429563278,0.2329453711195541
9.679999999999998,23.639633476659085,0.23175490170797913
9.689999999999998,23.87294085096648,0.23062938988816847
9.7,24.10868521991531,0.22956855983155913
9.709999999999999,24.34688527411368,0.2285721828818072
9.719999999999999,24.58755971841476,0.22764007805654385
9.729999999999999,24.83072725993462,0.2267721129031955
9.739999999999998,25.076406600664903,0.2259682038485877
9.749999999999998,25.324616427372558,0.22522831686383288
9.759999999999998,25.575375399999217,0.2245524683076356
9.769999999999998,25.82870214016149,0.22394072576737184
9.78,26.084615219071807,0.22339320897400725
9.79,26.343133144466783,0.22291009083593924
9.799999999999999,26.604274342279535,0.22249159906160373
9.809999999999999,26.868057148019716,0.22213801672015232
9.819999999999999,27.134499791552994,0.22184968353832563
9.829999999999998,27.40362038031992,0.22162699737729277
9.839999999999998,27.675436882822506,0.22147041568745152
9.849999999999998,27.949967111292022,0.22138045706062245
9.859999999999998,28.227228703505215,0.22135770288288295
9.87,28.50723910192752,0.2214027992927504
9.879999999999999,28.790015519809916,0.22151646061264696
9.889999999999999,29.075574937294185,0.22169946940382426
9.899999999999999,29.363934075498115,0.2219526790044325
9.909999999999998,29.655109370272736,0.22227701610709633
9.919999999999998,29.949116946960054,0.2226734832259228
9.929999999999998,30.245972593886236,0.2231431613076574
9.939999999999998,30.545691734538615,0.22368721249239457
9.95,30.848289394468317,0.22430688346744077
9.959999999999999,31.153780151551096,0.22500351068894697
9.969999999999999,31.462178130580412,0.22577852063191775
9.979999999999999,31.773496961021443,0.2266334341726557
9.989999999999998,32.08774973792943,0.22756987061641273
9.999999999999998,32.404948983273414,0.22858955167932798
10.009999999999998,32.72510660530918,0.2296943056886048
10.019999999999998,33.0482338559211,0.2308860720095861
10.029999999999998,33.374341279067906,0.23216690650370125
10.04,33.70343864072302,0.23353898914291837
10.049999999999999,34.035534910655045,0.23500462553418514
10.059999999999999,34.37063819759648,0.2365662538934996
10.069999999999999,34.70875568984773,0.23822645136788614
10.079999999999998,35.04989359448453,0.23998794050544792
10.089999999999998,35.3940570732704,0.24185359609486673
10.099999999999998,35.74125017381958,0.2438264524314689
10.109999999999998,36.09147575875126,0.24590971093911285
10.12,36.44473543167855,0.2481067481966686
10.129999999999999,36.801029457539755,0.25042112445902165
10.139999999999999,37.16035667940984,0.2528565926214616
10.149999999999999,37.522714430986966,0.2554171076665555
10.159999999999998,37.88809843849802,0.2581068373624761
10.169999999999998,38.25650268374179,0.26093017769624127
10.179999999999998,38.62791934699206,0.26389175840670237
10.189999999999998,39.00233868659968,0.26699645625993246
10.2,39.37974891665987,0.27024940850106116
10.209999999999999,39.760136083263426,0.2736560264161388
10.219999999999999,40.14348393405649,0.27722200965186977
10.229999999999999,40.529773761382835,0.2809533632073137
10.239999999999998,40.918984247949794,0.284856414303246
10.249999999999998,41.31109134440137,0.28893782629206594
10.259999999999998,41.706068089390676,0.2932046182651611
10.269999999999998,42.10388443606554,0.29766418418000856
10.279999999999998,42.504507069231295,0.3023243130360833
10.29,42.90789920893788,0.30719321061952987
10.299999999999999,43.31402035636391,0.3122795282895679
10.309999999999999,43.72282612548873,0.317592380987417
10.319999999999999,44.13426801268557,0.3231413728192228
10.329999999999998,44.54829314372169,0.3289366253054031
10.339999999999998,44.964844017271886,0.3349888059185674
10.349999999999998,45.38385823454004,0.3413091581958195
10.359999999999998,45.80526819073389,0.34790953558669047
10.37,46.22900073026193,0.35480243888802865
10.379999999999999,46.65497688887927,0.3620010463853173
10.389999999999999,47.0831115246617,0.36951925423895404
10.399999999999999,47.51331295239561,0.3773717169997485
10.409999999999998,47.945482560528745,0.38557389009607723
10.419999999999998,48.37951443690214,0.39414207168589094
10.429999999999998,48.815294918449965,0.4030934522905127
10.439999999999998,49.25270214054762,0.41244616471445406
10.45,49.6916055715456,0.42221933569323866
10.459999999999999,50.13186551645821,0.4324331408666561
10.469999999999999,50.57333256865643,0.44310886342984496
10.479999999999999,51.01584703171863,0.45426895583254834
10.489999999999998,51.45923838740539,0.46593710217577844
10.499999999999998,51.90332465673544,0.4781382862886306
10.509999999999998,52.347911749999035,0.4908988625016205
10.519999999999998,52.7927927876589,0.5042466290152932
10.529999999999998,53.23774743133106,0.5182108955391385
10.54,53.68254110263707,0.5328225702362748
10.549999999999999,54.12692420392996,0.5481142422822874
10.559999999999999,54.57063130883817,0.5641202664686996
10.569999999999999,55.01338032228831,0.5808768502776234
10.579999999999998,55.454871603688915,0.5984221440564664
10.589999999999998,55.89478702260602,0.6167963391530549
10.599999999999998,56.33278900470918,0.6360417644124393
10.609999999999998,56.76851954004804,0.6562029849934984
10.62,57.20159925755182,0.6773268819439999
10.629999999999999,57.63162630083012,0.6994627677344494
10.639999999999999,58.05817523987013,0.7226624884826476
10.649999999999999,58.48079600274392,0.7469805186402261
10.659999999999998,58.89901284438088,0.7724740475921892
10.669999999999998,59.31232308566794,0.7992030939288178
10.679999999999998,59.72019597430949,0.827230598601246
10.689999999999998,60.12207164879391,0.8566224911682245
10.699999999999998,60.51736009124358,0.8874477521036834
10.709999999999999,60.90543990361206,0.9197785028810677
10.719999999999999,61.28565728288956,0.9536900584616372
10.729999999999999,61.657324977155916,0.9892609747094205
10.739999999999998,62.01972128283176,1.0265730788224383
10.749999999999998,62.37208934885747,1.0657114403340107
10.759999999999998,62.71363635215929,1.1067643604436221
10.769999999999998,63.043532747520864,1.1498233427826148
10.779999999999998,63.36091199761424,1.1949829817197426
10.79,63.66487017193783,1.2423408575471486
10.799999999999999,63.95446579671555,1.2919973843717578
10.809999999999999,64.22872027611984,1.3440555588425684
10.819999999999999,64.48661817147996,1.398620723340156
10.829999999999998,64.72710796199371,1.4558002441017313
10.839999999999998,64.94910356555474,1.5157030689737332
10.849999999999998,65.15148565538705,1.5784392949352581
10.859999999999998,65.33310376209423,1.6441196120406523
10.87,65.49277916952774,1.7128546242479716
10.879999999999999,65.6293078132312,1.7847541442967954
10.889999999999999,65.74146416456297,1.859926344086106
10.899999999999999,65.82800594853005,1.9384767852605547
10.909999999999998,65.88767913281323,2.0205073672775704
10.919999999999998,65.91922398777184,2.106115145008346
10.929999999999998,65.92138193762239,2.195391038241451
10.939999999999998,65.8929032082044,2.28841836901947
10.949999999999998,65.83255526205238,2.3852713463092345
10.959999999999999,65.73913200664848,2.486013456438318
10.969999999999999,65.61146419204182,2.590695641635518
10.979999999999999,65.44843011389882,2.699354499545448
10.989999999999998,65.2489676849571,2.8120102873324693
10.999999999999998,65.01208652999019,2.928665007310282
11.009999999999998,64.73688099690779,3.049300389772387
11.019999999999998,64.42254391325267,3.173875802941027
11.029999999999998,64.06837957653151,3.3023263996819767
11.04,63.673818438194346,3.434561047576024
11.049999999999999,63.238429945422,3.5704606857423977
11.059999999999999,62.761936342583915,3.7098766111610892
11.069999999999999,62.24422534783686,3.852629058922814
11.079999999999998,61.685361265151386,3.9985061607346917
11.089999999999998,61.085596457274384,4.1472629743250256
11.099999999999998,60.4453793693291,4.298621167483472
11.109999999999998,59.7653623493396,4.452268911953441
11.119999999999997,59.046406471755255,4.60786132438649
11.129999999999999,58.28958407219146,4.765021427545175
11.139999999999999,57.49617903368615,4.923341611092854
11.149999999999999,56.667684192905426,5.082385534858922
11.159999999999998,55.80579522517949,5.2416908671177564
11.169999999999998,54.912402792938586,5.400772165647806
11.179999999999998,53.989581010851104,5.559124463708775
11.189999999999998,53.039573069013045,5.716227369507739
11.199999999999998,52.06477396171256,5.871549584307467
11.209999999999999,51.06771186690781,6.024553500947128
11.219999999999999,50.05102631709462,6.174700308504637
11.229999999999999,49.01744539386249,6.321455142244329
11.239999999999998,47.96976100370172,6.464292372551625
11.249999999999998,46.91080413451274,6.602700707097951
11.259999999999998,45.84341900968531,6.736188280301979
11.269999999999998,44.77043807924981,6.864287408844573
11.279999999999998,43.69465718010467,6.986559039143825
11.29,42.61881210207676,7.102596764183013
11.299999999999999,41.54555660538787,7.2120302967925145
11.309999999999999,40.477442170290445,7.314528485379706
11.319999999999999,39.41690031525977,7.409801581697099
11.329999999999998,38.36622669887557,7.497603079443915
11.339999999999998,37.32756861854885,7.5777306916698555
11.349999999999998,36.302914132631805,7.6500269699789545
11.359999999999998,35.29408499626258,7.714379039197725
11.369999999999997,34.302730940003684,7.770718063353809
11.379999999999999,33.33032774333097,7.819017901565865
11.389999999999999,32.37817634185576,7.85929358308775
11.399999999999999,31.447405316424337,7.891599122389828
11.409999999999998,30.53897413898568,7.916025227392254
11.419999999999998,29.653679107798908,7.932696545819286
11.429999999999998,28.792159819624096,7.941768860915583
11.439999999999998,27.954907498768907,7.943426036499955
11.449999999999998,27.142273696274284,7.93787695253092
11.459999999999999,26.354480013082437,7.925352384509581
11.469999999999999,25.591628058963703,7.9061019049618055
11.479999999999999,24.85370971040821,7.880390884776219
11.489999999999998,24.14061748147504,7.848497543729718
11.499999999999998,23.452154662887022,7.8107102014781145
11.509999999999998,22.788045409072353,7.7673246163966985
11.519999999999998,22.14794409588507,7.718641622874752
11.529999999999998,21.531445009188918,7.664964728571802
11.539999999999997,20.938090520071828,7.606598199202541
11.549999999999999,20.367379697941285,7.543845076873745
11.559999999999999,19.818775512613442,7.477005607655252
11.569999999999999,19.291712087693043,7.406375703626945
11.579999999999998,18.785600956822233,7.3322456874706665
11.589999999999998,18.29983684595552,7.254899192803635
11.599999999999998,17.833802993277697,7.1746122030169
11.609999999999998,17.386875620016024,7.091652315145228
11.619999999999997,16.958428282552585,7.006278062202541
11.629999999999999,16.547835268534634,6.918738462413415
11.639999999999999,16.154474942527976,6.829272611605828
11.649999999999999,15.777732327989705,6.73810944263365
11.659999999999998,15.417001520785597,6.6454675499017455
11.669999999999998,15.07168760341253,6.551555115158251
11.679999999999998,14.741208288300875,6.456569910300017
11.689999999999998,14.424995244672768,6.360699359531923
11.699999999999998,14.122495150291714,6.264120662525273
11.709999999999999,13.833170536701035,6.167000979220976
11.719999999999999,13.556500408879312,6.069497622646595
11.729999999999999,13.291980635862831,5.971758330576462
11.739999999999998,13.039124252582166,5.873921525857141
11.749999999999998,12.79746158806535,5.776116612830058
11.759999999999998,12.566540228927334,5.678464310314057
11.769999999999998,12.345924997750068,5.581076948458777
11.779999999999998,12.13519768648142,5.4840588330816695
11.789999999999997,11.933956859846049,5.38750656458942
11.799999999999999,11.741817522083686,5.291509384263502
11.809999999999999,11.558410718942417,5.19614952526257
11.819999999999999,11.38338319621925,5.101502529420111
11.829999999999998,11.216396889189912,5.007637602836219
11.839999999999998,11.057128522022932,4.914617924441744
11.849999999999998,10.905269105033128,4.822500972677337
11.859999999999998,10.760523438121716,4.731338838710997
11.869999999999997,10.6226096541023,4.641178516764694
11.879999999999999,10.491258674759763,4.552062208973716
11.889999999999999,10.366213758870462,4.464027594519432
11.899999999999999,10.247230003035813,4.377108102392223
11.909999999999998,10.134073840906366,4.291333175600156
11.919999999999998,10.026522572407881,4.20672851931789
11.929999999999998,9.924363925880712,4.1233163304641485
11.939999999999998,9.827395599069396,4.0411155265173
11.949999999999998,9.735424791010448,3.960141970234146
11.959999999999997,9.648267826426252,3.880408660969287
11.969999999999999,9.565749711248696,3.801925939702973
11.979999999999999,9.487703733926098,3.72470167502588
11.989999999999998,9.413971116331977,3.6487414288482465
11.999999999999998,9.344400617539819,3.574048631507199
12.009999999999998,9.278848191538753,3.500624736032018
12.019999999999998,9.217176653038916,3.42846936566275
12.029999999999998,9.159255347713003,3.357580455647019
12.039999999999997,9.104959849110765,3.287954383865515
12.049999999999999,9.054171661485107,3.219586095735763
12.059999999999999,9.006777935800663,3.1524692218440924
12.069999999999999,8.96267120410048,3.08659618710982
12.079999999999998,8.921749120176868,3.0219583150835203
12.089999999999998,8.883914215521614,2.9585459250628348
12.099999999999998,8.849073668633821,2.8963484228726832
12.109999999999998,8.817139080737004,2.8353543869674005
12.119999999999997,8.788026267161024,2.775551648001494
12.129999999999999,8.761655055887971,2.7169273640605662
12.139999999999999,8.737949094363765,2.659468091442475
12.149999999999999,8.716835667174397,2.603159850452894
12.159999999999998,8.698245532867926,2.5479881846434127
12.169999999999998,8.68211275490602,2.4939382191345
12.179999999999998,8.668374541881088,2.4409947148047837
12.189999999999998,8.656971100938835,2.389142117651617
12.199999999999998,8.647845506089865,2.3383646037907555
12.209999999999997,8.640943558341808,2.288646123442431
12.219999999999999,8.636213657859926,2.239970441084892
12.229999999999999,8.633606685036753,2.192321172384885
12.239999999999998,8.633075890934435,2.1456818181497295
12.249999999999998,8.634576784944226,2.1000357965819685
12.259999999999998,8.638067032249044,2.0553664726850394
12.269999999999998,8.643506356854338,2.011657185467824
12.279999999999998,8.65085645060624,1.9688912733599795
12.289999999999997,8.660080883619317,1.9270520970173701
12.299999999999999,8.671145021177171,1.886123060622548
12.309999999999999,8.684015944736833,1.8460876315618289
12.319999999999999,8.69866237716723,1.8069293588318873
12.329999999999998,8.715054610919292,1.7686318888092627
12.339999999999998,8.733164440467014,1.7311789803349589
12.349999999999998,8.752965097820695,1.6945545185617912
12.359999999999998,8.774431191117058,1.6587425277168895
12.369999999999997,8.797538647092654,1.6237271816898062
12.379999999999997,8.822264655862186,1.5894928142897058
12.389999999999999,8.848587618200176,1.5560239286715887
12.399999999999999,8.876487095563217,1.523305205693798
12.409999999999998,8.90594376340168,1.491321510633537
12.419999999999998,8.93693936610093,1.4600578997614773
12.429999999999998,8.969456673710532,1.4294996263902244
12.439999999999998,9.003479441370432,1.399632145801474
12.449999999999998,9.038992371223864,1.3704411191722246
12.459999999999997,9.075981075565872,1.341912417335263
12.469999999999999,9.114432040879823,1.3140321245253352
12.479999999999999,9.154332595431029,1.2867865404211716
12.489999999999998,9.195670878231272,1.2601621818478832
12.499999999999998,9.23843580898017,1.2341457843734276
12.509999999999998,9.28261705990469,1.2087243032029495
12.519999999999998,9.32820502544861,1.1838849158998437
12.529999999999998,9.37519079699636,1.1596150224107415
12.539999999999997,9.423566141387566,1.135902243163038
12.549999999999999,9.473323476174263,1.1127344196480191
12.559999999999999,9.524455847678663,1.0900996136761045
12.569999999999999,9.576956907822257,1.0679861076278454
12.579999999999998,9.630820892274395,1.0463824042957608
12.589999999999998,9.686042605665767,1.0252772231593652
12.599999999999998,9.74261740159599,1.0046594998131038
12.609999999999998,9.800541165405162,0.9845183841702857
12.619999999999997,9.85981029664811,0.9648432391613425
12.629999999999997,9.920421690707208,0.9456236402482214
12.639999999999999,9.982372727827316,0.9268493708982696
12.649999999999999,10.045661257455444,0.9085104211044456
12.659999999999998,10.110285584583023,0.8905969850242227
12.669999999999998,10.176244456375766,0.873099458705784
12.679999999999998,10.24353704728035,0.8560084388682825
12.689999999999998,10.312162950207886,0.8393147186750237
12.699999999999998,10.382122164577368,0.8230092854131444
12.709999999999997,10.453415085420161,0.8070833178328103
12.719999999999999,10.526042493047514,0.7915281833965865
12.729999999999999,10.600005541143156,0.7763354364875569
12.739999999999998,10.675305749449677,0.7614968145617718
12.749999999999998,10.751944994760008,0.7470042353091502
12.759999999999998,10.829925502139687,0.7328497938788233
12.769999999999998,10.909249836850698,0.7190257599397643
12.779999999999998,10.989920895270085,0.7055245755338818
12.789999999999997,11.071941898402374,0.692338851625855
12.799999999999997,11.155316385178548,0.679461364975818
12.809999999999999,11.240048205424554,0.6668850553984479
12.819999999999999,11.326141513499465,0.6546030228224009
12.829999999999998,11.41360076125452,0.6426085248179825
12.839999999999998,11.502430692392547,0.6308949736107669
12.849999999999998,11.592636337570474,0.6194559328871364
12.859999999999998,11.68422300868522,0.6082851151223869
12.869999999999997,11.77719629380984,0.5973763787375895
12.879999999999997,11.871562051883581,0.5867237255355303
12.889999999999999,11.967326407778188,0.5763212980801131
12.899999999999999,12.064495748636721,0.5661633765375055
12.909999999999998,12.163076719281936,0.5562443761508317
12.919999999999998,12.263076218172122,0.546558844556524
12.929999999999998,12.364501393209032,0.5371014592892307
12.939999999999998,12.467359637476964,0.5278670254348815
12.949999999999998,12.57165858678599,0.5188504725405598
12.959999999999997,12.67740611589205,0.5100468522616189
12.969999999999999,12.784610335274127,0.501451335851323
12.979999999999999,12.89327958810551,0.49305921166231326
12.989999999999998,13.003422447041762,0.48486588284193105
12.999999999999998,13.115047709341342,0.4768668659465841
13.009999999999998,13.228164396697872,0.4690577873428356
13.019999999999998,13.342781752090229,0.4614343811672816
13.029999999999998,13.458909237020514,0.45399248718912044
13.039999999999997,13.576556529116765,0.44672804858419335
13.049999999999997,13.695733519800498,0.43963710976197085
13.059999999999999,13.816450310759025,0.43271581478431526
13.069999999999999,13.938717212796298,0.42596040483851916
13.079999999999998,14.06254474401119,0.4193672160729045
13.089999999999998,14.18794362742377,0.4129326777406321
13.099999999999998,14.314924789023774,0.4066533102310306
13.109999999999998,14.44349935589593,0.4005257231343729
13.119999999999997,14.573678653686871,0.3945466137168232
13.129999999999997,14.705474204770407,0.38871276510338654
13.139999999999999,14.838897727356658,0.38302104403981924
13.149999999999999,14.973961133314123,0.3774683993817082
13.159999999999998,15.110676526484218,0.37205186039078864
13.169999999999998,15.249056201038632,0.3667685350679155
13.179999999999998,15.389112639577663,0.36161560862479014
13.189999999999998,15.530858510921554,0.35659034210904833
13.199999999999998,15.674306669542233,0.3516900705111202
13.209999999999997,15.819470153584215,0.3469122014004249
13.219999999999999,15.96636218324355,0.3422542134806989
13.229999999999999,16.114996159188042,0.3377136551715111
13.239999999999998,16.265385660898723,0.33328814325644684
13.249999999999998,16.417544444458716,0.3289753617639526
13.259999999999998,16.571486441649615,0.3247730604195141
13.269999999999998,16.727225758190457,0.32067905343490716
13.279999999999998,16.884776671995155,0.3166912183220664
13.289999999999997,17.044153631492016,0.3128074947142522
13.299999999999997,17.205371253905273,0.30902588322772995
13.309999999999999,17.36844432300516,0.30534444452401965
13.319999999999999,17.53338778765248,0.3017612981360589
13.329999999999998,17.700216760093895,0.2982746213989427
13.339999999999998,17.86894651390423,0.2948826485172359
13.349999999999998,18.039592482022048,0.2915836696208819
13.359999999999998,18.21217025472734,0.2883760298574522
13.369999999999997,18.386695577207046,0.2852581285893511
13.379999999999997,18.56318434728064,0.28222841858193476
13.389999999999999,18.741652613624666,0.27928540511446087
13.399999999999999,18.922116573153552,0.2764276452773668
13.409999999999998,19.104592568550988,0.2736537472586283
13.419999999999998,19.289097085702675,0.2709623696669857
13.429999999999998,19.475646750851467,0.2683522209256526
13.439999999999998,19.664258327365097,0.2658220587565766
13.449999999999998,19.854948713464857,0.26337068949188874
13.459999999999997,20.047734938900888,0.2609969676028452
13.469999999999997,20.242634161691168,0.25869979522783204
13.479999999999999,20.439663664737044,0.2564781217345547
13.489999999999998,20.638840852149155,0.25433094333895057
13.499999999999998,20.840183244468783,0.2522573028869135
13.509999999999998,21.04370847613532,0.2502562893587028
13.519999999999998,21.249434291134296,0.2483270376282402
13.529999999999998,21.457378538503068,0.24646872825661723
13.539999999999997,21.66755916781188,0.24468058730357367
13.549999999999997,21.879994224431318,0.24296188618093165
13.559999999999999,22.09470184457712,0.24131194154836497
13.569999999999999,22.31170025005015,0.23973011526130247
13.579999999999998,22.53100773862651,0.23821581489260077
13.589999999999998,22.752642681394033,0.23676849336841527
13.599999999999998,22.97662351828777,0.23538764884713237
13.609999999999998,23.202968749992134,0.2340728250771426
13.619999999999997,23.431696931119944,0.23282361159864043
13.629999999999997,23.66282666305862,0.23163964399654038
13.639999999999999,23.896376586470097,0.23052060420547485
13.649999999999999,24.13236537343055,0.22946622086787263
13.659999999999998,24.370811715377666,0.2284762701788812
13.669999999999998,24.611734312674425,0.2275505765592759
13.679999999999998,24.855151873109868,0.22668901232633606
13.689999999999998,25.101083098225132,0.22589149875443346
13.699999999999998,25.34954667289748,0.22515800677603529
13.709999999999997,25.60056125446424,0.2244885577439146
13.719999999999997,25.854145461314236,0.22388322426226878
13.729999999999999,26.110317860925715,0.22334213108860923
13.739999999999998,26.36909695469725,0.22286545640810454
13.749999999999998,26.630501155790473,0.22245343391060415
13.759999999999998,26.894548789822263,0.22210635227133144
13.769999999999998,27.161258075089854,0.22182455696842082
13.779999999999998,27.430647105904765,0.22160845175156135
13.789999999999997,27.70273383602446,0.2214585001042074
13.799999999999997,27.97753606126743,0.22137522680302194
13.809999999999999,28.25507140127924,0.22135921957775356
13.819999999999999,28.535357279207584,0.22141113100826998
13.829999999999998,28.81841088436209,0.22153168230590817
13.839999999999998,29.104249169758802,0.2217216632496192
13.849999999999998,29.39288882876383,0.22198193443464478
13.859999999999998,29.68434626704208,0.2223134300444432
13.869999999999997,29.97863757722943,0.22271716032665462
13.879999999999997,30.275778512344765,0.22319421421253532
13.889999999999997,30.575784457891153,0.22374576208514452
13.899999999999999,30.878670402538354,0.22437305870811586
13.909999999999998,31.184450885244548,0.22507744884258735
13.919999999999998,31.493139972300202,0.2258603694453996
13.929999999999998,31.804751240618675,0.22672335115114794
13.939999999999998,32.11929772872496,0.22766802343901973
13.949999999999998,32.436791897867785,0.22869611863995487
13.959999999999997,32.7572455911735,0.2298094761630858
13.969999999999997,33.08066999076179,0.23101004695012384
13.979999999999999,33.40707557274133,0.232299898166574
13.989999999999998,33.73647204630673,0.2336812197159386
13.999999999999998,34.06886828270046,0.23515633191275018
14.009999999999998,34.40427230106459,0.23672768659509663
14.019999999999998,34.742691194161004,0.23839787515248156
14.029999999999998,35.084131065979086,0.24016963517465356
14.039999999999997,35.428596966760786,0.24204585738727316
14.049999999999997,35.77609282463109,0.2440295929664678
14.059999999999999,36.12662138098749,0.24612406037130513
14.069999999999999,36.48018410962476,0.24833265409873653
14.079999999999998,36.83678113463758,0.25065895355221274
14.089999999999998,37.19641114916158,0.2531067317747088
14.099999999999998,37.55907132743311,0.25567996494834444
14.109999999999998,37.92475723234793,0.25838284239709725
14.119999999999997,38.29346270856219,0.26121977829755716
14.129999999999997,38.66517973951786,0.26419542771602145
14.139999999999997,39.039898382430614,0.26731469314899625
14.149999999999999,39.417606634929164,0.27058273929783105
14.159999999999998,39.798290304311806,0.27400500747471374
14.169999999999998,40.181932872477304,0.277587230469618
14.179999999999998,40.56851538028139,0.2813354443751845
14.189999999999998,40.958016266802986,0.2852560066600904
14.199999999999998,41.35041120084348,0.28935561509638635
14.209999999999997,41.74567292574738,0.2936413244869458
14.219999999999997,42.14377108698382,0.298120565586136
14.229999999999999,42.54467203524439,0.30280116728025275
14.239999999999998,42.94833859405969,0.3076913836236689
14.249999999999998,43.35472990802348,0.3127999087085059
14.259999999999998,43.76380120435622,0.31813590385622187
14.269999999999998,44.17550355833441,0.32370902385300404
14.279999999999998,44.589783646964705,0.3295294443869638
14.289999999999997,45.006583475345366,0.33560789018314713
14.299999999999997,45.42584010999536,0.3419556662352493
14.309999999999997,45.84748539016836,0.34858469034360234
14.319999999999999,46.27144561642683,0.3555075270460151
14.329999999999998,46.6976412251553,0.3627374236553515
14.339999999999998,47.12598644217444,0.37028834925965465
14.349999999999998,47.55638891563467,0.37817503641237116
14.359999999999998,47.988749339898824,0.38641302121774446
14.369999999999997,48.42296104835812,0.3950186892728783
14.379999999999997,48.8589095869271,0.40400932314627747
14.389999999999997,49.296472262059055,0.4134031523881537
14.399999999999999,49.73551762974395,0.4232194063354532
14.409999999999998,50.175905023142946,0.4334783694977802
14.419999999999998,50.617484022898836,0.44420143996175154
14.429999999999998,51.060093891018745,0.4554111908627838
14.439999999999998,51.50356298114441,0.46713143500333887
14.449999999999998,51.947708135228325,0.4793872892355904
14.459999999999997,52.39233404502789,0.492205242778411
14.469999999999997,52.83723253822463,0.505613237351094
14.479999999999999,53.28218187526822,0.5196407417728656
14.489999999999998,53.72694599735515,0.5343188327769078
14.499999999999998,54.17127374472361,0.5496802776385876
14.509999999999998,54.61489809572139,0.565759605526271
14.519999999999998,55.05753525152336,0.5825932119595691
14.529999999999998,55.49888374552907,0.6002194504992608
14.539999999999997,55.93862351519274,0.6186787272812406
14.549999999999997,56.376414978630365,0.6380135910220442
14.559999999999997,56.81189811192493,0.6582688185735783
14.569999999999999,57.244691323791045,0.6794915338431823
14.579999999999998,57.674390434306964,0.7017313025751917
14.589999999999998,58.1005676415672,0.7250402234122281
14.599999999999998,58.52277038571735,0.7494730344715395
14.609999999999998,58.94052019259191,0.7750872182672468
14.619999999999997,59.35331156236541,0.8019430926923129
14.629999999999997,59.760610996256695,0.830103872062271
14.639999999999997,60.16185572630827,0.8596357759660774
14.649999999999999,60.55645262640349,0.8906081004195632
14.659999999999998,60.943777100489775,0.923093288568852
14.669999999999998,61.32317198712201,0.9571669900185065
14.679999999999998,61.69394658665808,0.9929080939398687
14.689999999999998,62.05537585544252,1.0303987257820708
14.699999999999998,62.406699331643864,1.0697242858034999
14.709999999999997,62.747120499820724,1.1109734068620027
14.719999999999997,63.075806254152,1.1542378904691546
14.729999999999997,63.39188624855286,1.1996126491159793
14.739999999999998,63.69445277747346,1.2471955577351173
14.749999999999998,63.98256077084201,1.2970872776078126
14.759999999999998,64.25522778028245,1.3493910738358144
14.769999999999998,64.5114347276956,1.4042125066682174
14.779999999999998,64.75012674823626,1.4616590964435656
14.789999999999997,64.97021418520845,1.521839952042718
14.799999999999997,65.17057453254797,1.584865252198752
14.809999999999997,65.35005450130896,1.6508456916180314
14.819999999999999,65.50747250769334,1.7198918510039691
14.829999999999998,65.64162222127115,1.7921134143515967
14.839999999999998,65.75127633190479,1.867618326623832
14.849999999999998,65.83519101019601,1.9465118399836285
14.859999999999998,65.8921113998457,2.028895431482342
14.869999999999997,65.9207776164466,2.114865602155019
14.879999999999997,65.9199316184276,2.20451255475304
14.889999999999997,65.88832484842074,2.297918809870822
14.899999999999999,65.82472694956472,2.3951575956973747
14.909999999999998,65.7279352732864,2.4962911595510504
14.919999999999998,65.59678470554032,2.6013691140416126
14.929999999999998,65.4301589921133,2.710426515695936
14.939999999999998,65.22700247321141,2.823481930449642
14.949999999999998,64.98633271136961,2.94053540972625
14.959999999999997,64.70725346467782,3.0615664933293396
14.969999999999997,64.38896776726978,3.1865322806813006
14.979999999999997,64.03079226219644,3.3153653242752004
14.989999999999998,63.632170308673665,3.447971845301505
14.999999999999998,63.1926863075181,3.584229840812958
15.009999999999998,62.712078340165334,3.723987583606766
15.019999999999998,62.19025115742456,3.8670621687375597
15.029999999999998,61.62728768649504,4.013238410546022
15.039999999999997,61.02345914654397,4.1622680961836105
15.049999999999997,60.37923435715395,4.313869505364355
15.059999999999997,59.695286145119546,4.467727492952704
15.069999999999999,58.97249661758697,4.623493934827764
15.079999999999998,58.211959366682215,4.780788697453542
15.089999999999998,57.4149792309616,4.939201208698079
15.099999999999998,56.58306957257509,5.098292434408522
15.109999999999998,55.71794622215108,5.257597514148485
15.119999999999997,54.8215185580645,5.416628930777421
15.129999999999997,53.895878451775914,5.574879957539556
15.139999999999997,52.94328443289847,5.731829047466519
15.149999999999997,51.96614605565604,5.886943963861611
15.159999999999998,50.9670038182207,6.039686694918032
15.169999999999998,49.94850720864389,6.189518596811693
15.179999999999998,48.9133913694061,6.335905583231523
15.189999999999998,47.86445354963965,6.478323158925863
15.199999999999998,46.804527125731155,6.616261752120916
15.209999999999997,45.73645635001313,6.749231703042404
15.219999999999997,44.6630710133254,6.87676801010958
15.229999999999997,43.58716205105972,6.998434697202966
15.239999999999998,42.5114579965746,7.113828813597176
15.249999999999998,41.43860326729537,7.222583865790226
15.259999999999998,40.37113813613661,7.324372736368412
15.269999999999998,39.311481194295375,7.418909933396902
15.279999999999998,38.26191383990336,7.505953321900847
15.289999999999997,37.22456786471324,7.58530508884081
15.299999999999997,36.20141503562042,7.656812247683804
15.309999999999997,35.19426009282832,7.720366365819929
15.319999999999999,34.20473548855799,7.775902929114011
15.329999999999998,33.23429948668764,7.823399996285811
15.339999999999998,32.28423572287704,7.862876582446309
15.349999999999998,31.35565564410431,7.894390487565219
15.359999999999998,30.449502202639792,7.918035924831531
15.369999999999997,29.56655566579183,7.933940790984262
15.379999999999997,28.70744047962718,7.942263805233617
15.389999999999997,27.872633469538606,7.94319147178349
15.399999999999997,27.062472789276303,7.936934998198717
15.409999999999998,26.277167596663915,7.92372716441577
15.419999999999998,25.51680806967253,7.903819269820582
15.429999999999998,24.781375739756793,7.8774780850940065
15.439999999999998,24.07075371567912,7.844982969728573
15.449999999999998,23.384736917750022,7.8066231089927935
15.459999999999997,22.723042120466886,7.762694869308593
15.469999999999997,22.085317317093615,7.713499442560806
15.479999999999997,21.471151224069814,7.659340502184436
15.489999999999998,20.88008150030489,7.600522281247407
15.499999999999998,20.31160331316633,7.537347605357987
15.509999999999998,19.76517641258977,7.470116358779329
15.519999999999998,19.240232436732576,7.3991239384126235
15.529999999999998,18.736180938471424,7.324660057742244
15.539999999999997,18.252415318808165,7.2470076152135
15.549999999999997,17.788317872915567,7.166441797897093
15.559999999999997,17.343264417528488,7.083229315908501
15.569999999999999,16.916628399802967,6.997627777188115
15.579999999999998,16.507784392083128,6.909885221839498
15.589999999999998,16.116111307180546,6.8202397406895
15.599999999999998,15.740994971180738,6.728919240951932
15.609999999999998,15.381830504332006,6.6361412778126905
15.619999999999997,15.0380241729825,6.542112992755706
15.629999999999997,14.708995032016526,6.447031119743976
15.639999999999997,14.39417620571388,6.351082054460745
15.649999999999997,14.093015925027743,6.254441993850002
15.659999999999998,13.804978343274996,6.15727709709921
15.669999999999998,13.529544130700534,6.059743703334522
15.679999999999998,13.26621084529467,5.961988619076551
15.689999999999998,13.0144932660742,5.864149344561038
15.699999999999998,12.773923449261668,5.766354401469624
15.709999999999997,12.5440506886969,5.668723663908025
15.719999999999997,12.324441533666523,5.571368636730307
15.729999999999997,12.114679460727034,5.474392841877261
15.739999999999998,11.914364668717015,5.377892137679245
15.749999999999998,11.723113820196996,5.281955037625197
15.759999999999998,11.54055952267891,5.186663099394064
15.769999999999998,11.36635004707271,5.092091220991596
15.779999999999998,11.200148872298145,4.9983079779735595
15.789999999999997,11.041634123960156,4.905375979970135
15.799999999999997,10.890498231317189,4.81335214791862
15.809999999999997,10.746447361916768,4.722288046441313
15.819999999999997,10.609200913687031,4.632230188147048
15.829999999999998,10.478491097548645,4.54322030130361
15.839999999999998,10.35406236019021,4.455295633082982
15.849999999999998,10.235670935745087,4.368489207447751
15.859999999999998,10.123084386448502,4.28283007718849
15.869999999999997,10.016081068394458,4.198343587607905
15.879999999999997,9.914449725855802,4.115051598125915
15.889999999999997,9.817989028351054,4.0329727111223
15.899999999999997,9.72650710439475,3.9521224941489446
15.909999999999998,9.639821162337219,3.8725136734315018
15.919999999999998,9.557757053658996,3.7941563345915403
15.929999999999998,9.480148879329393,3.7170581066817
15.939999999999998,9.406838628627616,3.6412243324951037
15.949999999999998,9.337675788215567,3.566658239246059
15.959999999999997,9.272517011518064,3.4933610907492714
15.969999999999997,9.2112257913107,3.4213323333309535
15.979999999999997,9.153672105811188,3.350569741317026
15.989999999999998,9.099732128228807,3.281069545204441
15.999999999999998,9.049287943327702,3.2128265535901526
16.009999999999998,9.002227250681981,3.1458342717080825
16.019999999999996,8.958443101643127,3.080085010421268
16.029999999999998,8.917833651788847,3.0155699883469667
16.04,8.880301907895278,2.952279429298509
16.049999999999997,8.845755496648534,2.890202653010912
16.06,8.814106450757237,2.829328159875294
16.069999999999997,8.785270994627805,2.7696437103133498
16.08,8.759169343904603,2.711136399187231
16.089999999999996,8.73572551891803,2.6537927263747045
16.099999999999998,8.714867162639342,2.5975986612523827
16.109999999999996,8.696525368378845,2.542539702978334
16.119999999999997,8.680634518267633,2.4886009387031334
16.13,8.6671321281814,2.4357670958179822
16.139999999999997,8.65595870113444,2.3840225902842023
16.15,8.647057587029783,2.3333515743206545
16.159999999999997,8.64037485046893,2.283737978498246
16.169999999999998,8.635859146024709,2.235165550072622
16.179999999999996,8.6334615972148,2.1876178916946767
16.189999999999998,8.633135683738109,2.1410784949426356
16.2,8.634837136094976,2.0955307701645296
16.209999999999997,8.638523829945607,2.0509580785146717
16.22,8.644155689126993,2.007343758963927
16.229999999999997,8.651694593326214,1.9646711534320402
16.24,8.661104297412534,1.922923624763227
16.249999999999996,8.672350342521852,1.882084582157285
16.259999999999998,8.685399977445865,1.8421375002698355
16.269999999999996,8.70022208486104,1.8030659359768797
16.279999999999998,8.71678710971887,1.7648535468693953
16.29,8.735066992313039,1.7274841048925962
16.299999999999997,8.755035104944255,1.6909415083547694
16.31,8.776666191518565,1.6552097941818567
16.319999999999997,8.799936307796779,1.6202731513354642
16.33,8.824822765229396,1.5861159323437826
16.339999999999996,8.851304082825768,1.5527226577164126
16.349999999999998,8.879359936473215,1.5200780253559292
16.359999999999996,8.908971111336474,1.4881669183125645
16.369999999999997,8.940119454592256,1.4569744138906375
16.38,8.972787836402516,1.426485785453441
16.389999999999997,9.006960108607705,1.3966865082858215
16.4,9.042621066223356,1.367562263911102
16.409999999999997,9.079756409686988,1.3390989448936494
16.419999999999998,9.11835271139702,1.3112826566883065
16.429999999999996,9.15839738269645,1.2840997202045383
16.439999999999998,9.199878642490178,1.2575366738722518
16.449999999999996,9.242785485888987,1.2315802757670729
16.459999999999997,9.287107656616305,1.206217504379593
16.47,9.33283562047018,1.1814355591083154
16.479999999999997,9.37996053933396,1.1572218606761187
16.49,9.428474246076204,1.1335640515775287
16.499999999999996,9.478369221068705,1.1104499959073113
16.509999999999998,9.529638570770242,1.087867778233901
16.519999999999996,9.582276006337901,1.0658057029633863
16.529999999999998,9.636275823236652,1.0442522934140082
16.54,9.691632881340876,1.023196290925794
16.549999999999997,9.74834258772648,1.0026266528055627
16.56,9.80640087897893,0.9825325508228312
16.569999999999997,9.865804204476007,0.9629033694621806
16.58,9.926549509546549,0.9437287045349095
16.589999999999996,9.98863422182138,0.9249983602873603
16.599999999999998,10.052056236732128,0.9067023472623754
16.609999999999996,10.116813903938496,0.8888308799112429
16.619999999999997,10.182906014578595,0.8713743740089901
16.63,10.250331786064308,0.8543234456639911
16.639999999999997,10.31909085131595,0.8376689081400972
16.65,10.389183249578588,0.8214017680512333
16.659999999999997,10.46060941460128,0.805513223234117
16.669999999999998,10.533370164567078,0.789994659890803
16.679999999999996,10.607466691749018,0.7748376500493793
16.689999999999998,10.682900550799765,0.7600339498641875
16.699999999999996,10.759673653389669,0.7455754950395526
16.709999999999997,10.837788258732303,0.7314543984054795
16.72,10.917246965435039,0.7176629470247419
16.729999999999997,10.998052703874862,0.704193599218004
16.74,11.08020872692539,0.6910389827493492
16.749999999999996,11.163718604206437,0.6781918911634605
16.759999999999998,11.24858621603493,0.6656452804898926
16.769999999999996,11.33481574652832,0.6533922666285057
16.779999999999998,11.422411677582202,0.6414261224123053
16.79,11.5113787825218,0.629740274976837
16.799999999999997,11.601722119493644,0.6183283034009653
16.81,11.693447028017355,0.607183934962669
16.819999999999997,11.786559123248093,0.5963010426401005
16.83,11.881064291133056,0.5856736423163511
16.839999999999996,11.976968683774377,0.5752958900153651
16.849999999999998,12.074278713821007,0.5651620797182537
16.859999999999996,12.173001051262272,0.555266640176689
16.869999999999997,12.273142619469448,0.54560413219776
16.88,12.374710591107618,0.5361692461052598
16.889999999999997,12.477712384469456,0.5269567991162047
16.9,12.582155659550436,0.5179617329948476
16.909999999999997,12.68804831433786,0.5091791117097534
16.919999999999998,12.795398482387695,0.5006041184752559
16.929999999999996,12.904214529371554,0.4922320535025566
16.939999999999998,13.014505050112788,0.4840583315870035
16.949999999999996,13.126278865682847,0.4760784797599193
16.959999999999997,13.239545019977024,0.4682881352422174
16.97,13.354312777786573,0.46068304286889383
16.979999999999997,13.470591622181368,0.453259052879762
16.99,13.588391251984838,0.44601211875292257
16.999999999999996,13.707721579444277,0.43893829503611814
17.009999999999998,13.828592727670195,0.4320337353834897
17.019999999999996,13.951015028426061,0.4252946904953322
17.029999999999998,14.074999020372433,0.41871750590543644
17.04,14.200555446850686,0.4122986200834607
17.049999999999997,14.327695253914664,0.40603456248590925
17.06,14.456429588314391,0.3999219516909743
17.069999999999997,14.58676979512648,0.3939574937349623
17.08,14.718727416681137,0.3881379800004217
17.089999999999996,14.852314190607697,0.3824602855091275
17.099999999999998,14.987542048073255,0.37692136719620306
17.109999999999996,15.124423112124383,0.37151826219817385
17.119999999999997,15.262969696077818,0.36624808617469884
17.13,15.403194301493008,0.361108031851732
17.139999999999997,15.545109615255758,0.3560953679763639
17.15,15.68872851014933,0.35120743689769607
17.159999999999997,15.83406404255423,0.34644165336284755
17.169999999999998,15.981129450766785,0.3417955031042644
17.179999999999996,16.12993815343265,0.33726654142108714
17.189999999999998,16.28050374799233,0.3328523917951681
17.199999999999996,16.432840008666833,0.32855074469863615
17.209999999999997,16.586960884021618,0.3243593565788655
17.22,16.742880496961956,0.3202760480555822
17.229999999999997,16.90061314246001,0.31629870291483525
17.24,17.060173285829173,0.3124252669475937
17.249999999999996,17.22157556102023,0.3086537468083193
17.259999999999998,17.38483476889233,0.30498220890797795
17.269999999999996,17.54996587495786,0.3014087785098126
17.279999999999998,17.716984007042754,0.29793163887613916
17.289999999999996,17.8859044546369,0.29454902985892123
17.299999999999997,18.056742666387322,0.2912592471418224
17.31,18.229514248048293,0.28806064134261855
17.319999999999997,18.404234960386173,0.28495161714575923
17.33,18.58092071701712,0.2819306324705019
17.339999999999996,18.759587581542704,0.27899619780086016
17.349999999999998,18.940251764933826,0.2761468754853751
17.359999999999996,19.12292962417624,0.27338127880137386
17.369999999999997,19.307637659152224,0.2706980713909695
17.38,19.49439250994128,0.26809596662837987
17.389999999999997,19.68321095401311,0.2655737270234447
17.4,19.874109903301942,0.263130163662133
17.409999999999997,20.06710640037284,0.2607641358196834
17.419999999999998,20.262217615241553,0.2584745504747043
17.429999999999996,20.45946084287088,0.25626036171880123
17.439999999999998,20.65885349910604,0.2541205704488963
17.449999999999996,20.86041311692721,0.25205422401507405
17.459999999999997,21.064157342526798,0.2500604159085307
17.47,21.27010393119511,0.24813828549074798
17.479999999999997,21.478270741870894,0.2462870179230365
17.49,21.68867573304364,0.24450584391997562
17.499999999999996,21.90133695873125,0.24279403950415596
17.509999999999998,22.116272562882113,0.2411509259922736
17.519999999999996,22.333500774043138,0.23957586995404723
17.529999999999998,22.55303989976605,0.23806828321711573
17.539999999999996,22.774908320705585,0.23662762292240175
17.549999999999997,22.9991244827593,0.2352533918198965
17.56,23.22570689162762,0.2339451382990857
17.569999999999997,23.454674106566035,0.23270245652589677
17.58,23.68604473251906,0.23152498677891728
17.589999999999996,23.919837412464354,0.2304124157733837
17.599999999999998,24.156070819374314,0.22936447704093096
17.609999999999996,24.3947636476718,0.22838095137820988
17.619999999999997,24.63593460181714,0.22746166763080572
17.63,24.879602389008877,0.2266065030236109
17.639999999999997,25.12578570964964,0.2258153837538751
17.65,25.374503246185803,0.2250882857776328
17.659999999999997,25.625773652077292,0.2244252355906817
17.669999999999998,25.879615540212832,0.2238263110811359
17.679999999999996,26.136047470389347,0.22329164249482922
17.689999999999998,26.395087931778907,0.22282141396245267
17.699999999999996,26.656755334573063,0.22241586402480326
17.709999999999997,26.921067995450237,0.22207528684720945
17.72,27.18804412147431,0.22180003361488432
17.729999999999997,27.45770179426415,0.22159051390642606
17.74,27.730058953378837,0.22144719716120506
17.749999999999996,28.005133378886292,0.22137061424371968
17.759999999999998,28.282942671633062,0.22136135927150094
17.769999999999996,28.563504220360432,0.22142009292703743
17.779999999999998,28.846835197617597,0.2215475425338867
17.789999999999996,29.132952535721998,0.22174450438088308
17.799999999999997,29.421872901282633,0.2220118462112445
17.81,29.713612671007834,0.22235050956960528
17.819999999999997,30.00818790630332,0.2227615122874657
17.83,30.305614326610247,0.22324595111220286
17.839999999999996,30.605907278555268,0.22380500480694357
17.849999999999998,30.909081686932577,0.224439939286305
17.859999999999996,31.215152049008164,0.22515210790337373
17.869999999999997,31.52413239578574,0.22594295543661252
17.88,31.836036253837655,0.2268140220140393
17.889999999999997,32.15087660825296,0.2277669469128354
17.9,32.46866586371832,0.22880347256801603
17.909999999999997,32.789415803654116,0.22992544879841234
17.919999999999998,33.11313754270914,0.23113483779969266
17.929999999999996,33.439841456733035,0.23243372176341945
17.939999999999998,33.76953716510358,0.23382430435136722
17.949999999999996,34.1022334710919,0.23530891707141585
17.959999999999997,34.43793830397051,0.23689002543552984
17.97,34.77665866082575,0.23857023513738373
17.979999999999997,35.11840054522651,0.24035229858286167
17.99,35.463168901437086,0.2422391218430796
17.999999999999996,35.81096754583276,0.24423377196426563
18.009999999999998,36.161799096970356,0.24633948457878782
18.019999999999996,36.515664899011526,0.24855967206983404
18.029999999999998,36.87256494208902,0.2508979321370839
18.039999999999996,37.232497778538054,0.2533580568236535
18.049999999999997,37.59546043233507,0.2559440423299073
18.06,37.961448266393674,0.2586601039691907
18.069999999999997,38.33045491934534,0.2615106825029156
18.08,38.70247220121863,0.26450045548490675
18.089999999999996,39.077489972797586,0.2676343505577616
18.099999999999998,39.455496027255734,0.2709175584067982
18.109999999999996,39.83647596539044,0.2743555464381016
18.119999999999997,40.22041305291266,0.2779540743118111
18.13,40.60728805675934,0.28171921163116836
18.139999999999997,40.997079138305715,0.285657350200618
18.15,41.389761681184545,0.28977522278123
18.159999999999997,41.78530812408789,0.29407992148791723
18.169999999999998,42.18368778589982,0.29857891706822925
18.179999999999996,42.58486668112482,0.30328007927435974
18.189999999999998,42.98880729234541,0.3081917025067251
18.199999999999996,43.39546837172621,0.3133225276660834
18.209999999999997,43.80480473975147,0.31868176420934785
18.22,44.21676703826201,0.3242791178017103
18.229999999999997,44.63130148235182,0.33012481795546467
18.24,45.04834959787811,0.3362296469213217
18.249999999999996,45.467847943131694,0.34260496918151545
18.259999999999998,45.88972781806829,0.349262765628878
18.269999999999996,46.31391495505183,0.3562156673651835
18.279999999999998,46.74032919295563,0.363476991737342
18.289999999999996,47.16888413328213,0.37106078047490443
18.299999999999997,47.59948674798034,0.3789818437737421
18.31,48.032037003961115,0.3872558017777911
18.319999999999997,48.46642747273449,0.395899127579475
18.33,48.90254288919815,0.4049291964348307
18.339999999999996,49.340259697469335,0.41436433619929286
18.349999999999998,49.77944556932716,0.42422387989904764
18.359999999999996,50.21995888887844,0.4345282194006315
18.369999999999997,50.661648232222056,0.4452988669174117
18.379999999999995,51.10435180198344,0.4565585158821503
18.389999999999997,51.547896834839335,0.46833110559077595
18.4,51.992098978895264,0.48064188921271067
18.409999999999997,52.43676166410161,0.4935174990888141
18.419999999999998,52.88167540701855,0.506986023181955
18.429999999999996,53.326617077080854,0.5210770859685651
18.439999999999998,53.771349150606476,0.5358219272735665
18.449999999999996,54.21561891902791,0.5512534868648566
18.459999999999997,54.659157667638624,0.5674064905334915
18.47,55.10167990818953,0.5843175159789127
18.479999999999997,55.54288234591407,0.602025120296183
18.49,55.982443053751894,0.6205699110616635
18.499999999999996,56.42002047200621,0.6399946519695904
18.509999999999998,56.855252428343384,0.6603443572875283
18.519999999999996,57.28775512016823,0.6816663907000294
18.529999999999998,57.71712205698681,0.7040105657258863
18.539999999999996,58.142922987070286,0.7274292448858257
18.549999999999997,58.564702801157736,0.7519774382202349
18.56,58.981980422370256,0.7777128994779362
18.569999999999997,59.394247664500625,0.8046962208111912
18.58,59.80096811851293,0.8329909205315776
18.589999999999996,60.20157600759252,0.8626635270486706
18.599999999999998,60.59547508394721,0.8937836533705695
18.609999999999996,60.98203753453912,0.9264240619088328
18.619999999999997,61.3606029294891,0.960660717137836
18.629999999999995,61.73047721518613,0.9965728238569543
18.639999999999997,62.09093179289923,1.0342428448185683
18.65,62.4412026547314,1.0737565021085305
18.659999999999997,62.78048968025821,1.1152027447410837
18.669999999999998,63.10795599420588,1.1586736994355467
18.679999999999996,63.42272758796166,1.2042645702523935
18.689999999999998,63.723893001967554,1.2520735213023224
18.699999999999996,64.01050334256922,1.3022014973822
18.709999999999997,64.28157257242025,1.3547519916295667
18.72,64.53607799366206,1.409830775785333
18.729999999999997,64.77296113724272,1.4675455583582013
18.74,64.99112906413053,1.5280055657753095
18.749999999999996,65.18945606094313,1.5913210588785827
18.759999999999998,65.36678582680821,1.6576027587400741
18.769999999999996,65.52193424348033,1.7269611815621881
18.779999999999998,65.65369265776607,1.7995058804963895
18.789999999999996,65.76083186409323,1.8753445805655033
18.799999999999997,65.84210674147361,1.9545822031214553
18.81,65.89626162732708,2.037319780555792
18.819999999999997,65.92203648675931,2.1236532473457426
18.83,65.91817386614701,2.213672113505585
18.839999999999996,65.88342667664044,2.307458026431596
18.849999999999998,65.81656689716793,2.4050831914459945
18.859999999999996,65.71639496071306,2.5066087260873013
18.869999999999997,65.58175025065302,2.6120828444137505
18.879999999999995,65.41152201077755,2.7215390379794653
18.889999999999997,65.20466145830785,2.834994084522251
18.9,64.96019406096654,2.952446105624563
18.909999999999997,64.67723281763058,3.073872509489984
18.919999999999998,64.3549916189915,3.1992280009550753
18.929999999999996,63.992798974285925,3.328442612890748
18.939999999999998,63.59011196453222,3.4614197837314546
18.949999999999996,63.14652949706996,3.598034658850443
18.959999999999997,62.661806001781756,3.7381324140579277
18.97,62.13586331843114,3.881526994066167
18.979999999999997,61.568802816573935,4.02799993366021
18.99,60.96091506206367,4.177299684719171
18.999999999999996,60.31268891688753,4.329141191041807
19.009999999999998,59.624818216760225,4.483205950140222
19.019999999999996,58.89820605200721,4.63914257888268
19.029999999999998,58.133966782050244,4.796567913459397
19.039999999999996,57.33342632048159,4.955068417854237
19.049999999999997,56.49811873507421,5.114202316392924
19.06,55.62977977508727,5.273502312566179
19.069999999999997,54.73033748849986,5.4324788198707505
19.08,53.80190074795655,5.59062352267065
19.089999999999996,52.846744591153275,5.747413459835894
19.099999999999998,51.867292449874775,5.902315618825152
19.109999999999996,50.86609641805615,6.0547917715801125
19.119999999999997,49.845815575525144,6.204303501236959
19.129999999999995,48.80919271109494,6.350317368454622
19.139999999999997,47.75902964178448,6.4923101670063845
19.15,46.69816195763861,6.629774111860069
19.159999999999997,45.62943364850888,6.762221782282507
19.169999999999998,44.55567167885049,6.889190890968125
19.179999999999996,43.47966184369261,7.010248572685015
19.189999999999998,42.404125142528386,7.124995393271024
19.199999999999996,41.3316965435457,7.233068654533115
19.209999999999997,40.26490485443159,7.334145315155297
19.219999999999995,39.206155646736555,7.427944144491008
19.229999999999997,38.157715895631036,7.514227395286659
19.24,37.121701788190556,7.592801735343511
19.249999999999996,36.10006875957621,7.663518628768294
19.259999999999998,35.09460442172444,7.7262740946046256
19.269999999999996,34.10692399274254,7.781007911794567
19.279999999999998,33.138468154790786,7.827702336493706
19.289999999999996,32.190503333255066,7.866380328990431
19.299999999999997,31.264123892063772,7.897103447422511
19.31,30.36025617327811,7.919969432175326
19.319999999999997,29.47966470447877,7.93510934131792
19.33,28.622958656198662,7.942684843054317
19.339999999999996,27.790600606954087,7.942885044590676
19.349999999999998,26.98291550852995,7.935923417446115
19.359999999999996,26.200099909203836,7.922034798199473
19.369999999999997,25.442232925389373,7.901472100113655
19.379999999999995,24.709285637249593,7.874503510776178
19.389999999999997,24.001131900312863,7.841409494258496
19.4,23.31755850772309,7.8024800395007325
19.409999999999997,22.658274759833105,7.758012139470223
19.419999999999998,22.022922499551193,7.708307293059869
19.429999999999996,21.41108485206019,7.653669343368663
19.439999999999998,20.822294960731316,7.594402440206758
19.449999999999996,20.256044058343235,7.530809208177156
19.459999999999997,19.711788871915495,7.463189118149809
19.469999999999995,19.1889584740019,7.391837079105445
19.479999999999997,18.686960630540106,7.317042150356224
19.49,18.205187382563683,7.239086504434714
19.499999999999996,17.743020161900937,7.158244520903099
19.509999999999998,17.29983443756508,7.074782008147156
19.519999999999996,16.875003542953454,6.988955657501324
19.529999999999998,16.467902406534634,6.901012517043332
19.539999999999996,16.07791049674938,6.811189673462987
19.549999999999997,15.704414461998647,6.7197140103185475
19.56,15.346810484114961,6.626802035201318
19.569999999999997,15.004506009811832,6.53265985789186
19.58,14.676921458656796,6.43748317074741
19.589999999999996,14.363491425298257,6.3414573438724515
19.599999999999998,14.063665686564242,6.2447575613161685
19.609999999999996,13.776910040282313,6.147548990287886
19.619999999999997,13.50270680577194,6.049987017919248
19.629999999999995,13.240555278000917,5.952217494172498
19.639999999999997,12.98997194004206,5.854377016548249
19.65,12.750490560301689,5.75659323233453
19.659999999999997,12.521662194755802,5.658985153059271
19.669999999999998,12.303055052429754,5.561663484126429
19.679999999999996,12.094254313233975,5.46473096090039
19.689999999999998,11.89486185464902,5.368282688520704
19.699999999999996,11.704495909506813,5.272406480911484
19.709999999999997,11.522790700021167,5.177183205902247
19.719999999999995,11.349396026363852,5.082687118631001
19.729999999999997,11.183976833121752,4.988986188956321
19.74,11.026212726216396,4.896142435754644
19.749999999999996,10.875797509544844,4.804212237140069
19.759999999999998,10.732438696821696,4.713246638439769
19.769999999999996,10.595856998907978,4.6232916587261945
19.779999999999998,10.465785852440362,4.534388571341156
19.789999999999996,10.341970918877927,4.4465741851941845
19.799999999999997,10.224169582639318,4.359881117331452
19.81,10.112150494237541,4.274338041985379
19.819999999999997,10.005693084637242,4.189969941296228
19.83,9.904587098952847,4.106798342312218
19.839999999999996,9.808632168883326,4.024841535074421
19.849999999999998,9.71763736008404,3.944114791506196
19.859999999999996,9.631420750918103,3.86463056857484
19.869999999999997,9.549809039458893,3.7863986969393366
19.879999999999995,9.472637135017461,3.709426568800893
19.889999999999997,9.399747784014433,3.633719310239611
19.9,9.330991215148183,3.55927994307123
19.909999999999997,9.266224778226016,3.48610954356083
19.919999999999998,9.205312617381267,3.414207387010914
19.929999999999996,9.148125352762271,3.343571085672584
19.939999999999998,9.094539761991308,3.2741967226557818
19.949999999999996,9.044438489243518,3.206078974381693
19.959999999999997,8.997709790365873,3.1392112196062056
19.969999999999995,8.954247241639221,3.0735856548791136
19.979999999999997,8.91394948644593,3.009193396467204
19.99,8.876720003855565,2.9460245738253974
