t,x,y
0.0,6.202357089009343,2.6366037115975676
0.009999999999999998,6.229628574711971,2.564119312876119
0.019999999999999997,6.258617410605112,2.493728518570005
0.029999999999999995,6.28930003901043,2.4253742438676666
0.039999999999999994,6.321654629338775,2.3590005774486826
0.04999999999999999,6.355661048989254,2.2945528716166255
0.05999999999999999,6.391300751725551,2.231977715937959
0.06999999999999999,6.428556699919254,2.1712229312128764
0.07999999999999999,6.467413292346342,2.1122375669210127
0.08999999999999998,6.5078563165231955,2.0549718928569765
0.09999999999999998,6.549872892326321,1.999377389110269
0.10999999999999999,6.593451355330254,1.945406722050226
0.11999999999999998,6.6385812092803596,1.893013740047855
0.12999999999999998,6.685253155507496,1.8421534544772662
0.13999999999999999,6.73345895885448,1.7927820262498237
0.14999999999999997,6.783191444149833,1.7448567428584643
0.15999999999999998,6.834444430374014,1.6983360056724908
0.16999999999999998,6.887212704474922,1.6531793070034848
0.17999999999999997,6.9414919737206695,1.6093472133708338
0.18999999999999997,6.9972788359038205,1.566801344572539
0.19999999999999996,7.054570743942473,1.5255043536640016
0.20999999999999996,7.11336597697211,1.485419906599232
0.21999999999999997,7.173663610984476,1.4465126613429302
0.22999999999999995,7.235463468812878,1.408748250488873
0.23999999999999996,7.298766122917484,1.3720932565459254
0.24999999999999997,7.363572880736135,1.3365151896131715
0.25999999999999995,7.4298857175962985,1.30198247154875
0.26999999999999996,7.4977072849532655,1.268464412952973
0.27999999999999997,7.567040903536209,1.2359311919862475
0.29,7.637890505469829,1.2043538346061682
0.29999999999999993,7.710260639217156,1.1737041945146565
0.30999999999999994,7.78415646834472,1.1439549338272914
0.31999999999999995,7.8595837211729345,1.11507950073047
0.32999999999999996,7.936548693418781,1.0870521115791527
0.33999999999999997,8.015058250260704,1.0598477339496595
0.3499999999999999,8.095119783588036,1.0334420624158247
0.35999999999999993,8.176741212946464,1.007811502356285
0.36999999999999994,8.259930988693792,0.9829331552396767
0.37999999999999995,8.34469805787499,0.9587847938672668
0.38999999999999996,8.431051861771143,0.9353448468571627
0.3999999999999999,8.519002341585153,0.9125923866838648
0.4099999999999999,8.608559910116082,0.8905071047094495
0.41999999999999993,8.699735449218357,0.8690692960764393
0.42999999999999994,8.792540305040582,0.8482598462042112
0.43999999999999995,8.88698628323657,0.8280602152133518
0.44999999999999996,8.983085644725971,0.8084524204629203
0.4599999999999999,9.080851101588312,0.7894190225622367
0.4699999999999999,9.180295786824084,0.7709431052065682
0.4799999999999999,9.281433271593166,0.7530082650985337
0.48999999999999994,9.384277562285272,0.7355985979274988
0.49999999999999994,9.48884309041349,0.7186986833530496
0.5099999999999999,9.595144700962992,0.7022935702723825
0.5199999999999999,9.703197660207492,0.6863687651795554
0.5299999999999999,9.81301764935811,0.6709102187721052
0.5399999999999999,9.924620758992164,0.6559043130592551
0.5499999999999999,10.038023486861825,0.6413378491498708
0.5599999999999999,10.153242737493354,0.6271980355386585
0.57,10.270295819128265,0.613472476380931
0.58,10.389200439362508,0.6001491597172567
0.5899999999999999,10.509974705750519,0.5872164469230899
0.5999999999999999,10.632637124364056,0.5746630620393839
0.6099999999999999,10.757206597643137,0.5624780811728389
0.6199999999999999,10.883702421989565,0.5506509220518621
0.6299999999999999,11.012144289006425,0.5391713348249498
0.6399999999999999,11.142552284163965,0.5280293924018433
0.6499999999999999,11.27494688416161,0.5172154803907394
0.6599999999999999,11.409348957799546,0.5067202886712509
0.6699999999999999,11.545779766878125,0.49653480319534493
0.6799999999999999,11.684260965482668,0.48665029735355547
0.69,11.824814600174353,0.4770583239284437
0.6999999999999998,11.967463108995604,0.4677507066623999
0.7099999999999999,12.112229317464202,0.45871953052848496
0.7199999999999999,12.259136444713523,0.4499571373011922
0.7299999999999999,12.408208101718897,0.4414561173807987
0.7399999999999999,12.559468291013884,0.4332093025872378
0.7499999999999999,12.712941406713858,0.425209759316017
0.7599999999999999,12.868652239327867,0.41745078278467096
0.7699999999999999,13.026625973810603,0.40992589023856907
0.7799999999999999,13.18688818726365,0.40262881429272146
0.7899999999999999,13.349464850983093,0.3955534972708518
0.7999999999999998,13.514382330725617,0.38869408540900213
0.8099999999999998,13.681667388284446,0.3820449236014086
0.8199999999999998,13.851347186801151,0.3756005513303612
0.8299999999999998,14.023449284520638,0.36935569571614546
0.8399999999999999,14.198001637308632,0.36330526708075234
0.8499999999999999,14.375032599604776,0.35744435428023846
0.8599999999999999,14.554570924965942,0.35176822011326186
0.8699999999999999,14.736645767371948,0.34627229753300676
0.8799999999999999,14.92128668142199,0.34095218519479964
0.8899999999999999,15.108523622295326,0.33580364302821675
0.8999999999999999,15.298386946476912,0.3308225886222951
0.9099999999999998,15.490907412100547,0.32600509352514295
0.9199999999999998,15.686116179102818,0.32134737986264794
0.9299999999999998,15.884044808931838,0.31684581763605396
0.9399999999999998,16.084725265173873,0.3124969206741188
0.9499999999999998,16.288189913311697,0.30829734385297375
0.9599999999999999,16.494471520478875,0.30424388029402283
0.9699999999999999,16.703603255112927,0.300333458659302
0.9799999999999999,16.9156186852005,0.296563141215438
0.9899999999999999,17.130551777903325,0.2929301212875013
0.9999999999999999,17.348436899503636,0.2894317206165073
1.0099999999999998,17.56930881369946,0.28606538758068056
1.0199999999999998,17.793202680220507,0.28282869530390864
1.0299999999999998,18.02015405270899,0.27971934011626753
1.0399999999999998,18.250198874444358,0.276735140930987
1.0499999999999998,18.48337347900172,0.2738740366807398
1.0599999999999998,18.719714586870158,0.2711340854138695
1.0699999999999998,18.959259302271423,0.2685134633389108
1.0799999999999998,19.20204510985522,0.2660104639399488
1.0899999999999999,19.448109867982605,0.2636234982199291
1.0999999999999999,19.697491805077597,0.26135109400724027
1.1099999999999999,19.95022951735912,0.25919189485617283
1.1199999999999999,20.206361962153107,0.2571446603784122
1.13,20.4659284521261,0.25520826630276283
1.14,20.728968647913373,0.2533817050089546
1.15,20.995522545448004,0.2516640875333229
1.16,21.26563047504253,0.25005464241299646
1.17,21.53933309120671,0.24855271706851503
1.1799999999999997,21.816671362770716,0.24715777912255327
1.1899999999999997,22.097686562849386,0.24586941777579613
1.1999999999999997,22.38242025138956,0.2446873470452801
1.2099999999999997,22.670914263712245,0.24361140754228924
1.2199999999999998,22.96321070351144,0.24264156716622803
1.2299999999999998,23.25935192515793,0.24177792445959345
1.2399999999999998,23.55938051830715,0.24102071140320144
1.2499999999999998,23.86333928919376,0.2403702970076215
1.2599999999999998,24.171271229654323,0.23982719379484507
1.2699999999999998,24.483219512524798,0.23939205811707134
1.2799999999999998,24.799227466997213,0.23906569517754214
1.2899999999999998,25.119338554196247,0.23884906400550626
1.2999999999999998,25.44359634262814,0.23874328246302537
1.3099999999999998,25.772044467686975,0.23874963589237358
1.3199999999999998,26.10472660242583,0.23886958320177323
1.3299999999999998,26.44168644146669,0.2391047599592167
1.3399999999999999,26.782967659210804,0.23945698733985105
1.3499999999999999,27.128613873725577,0.23992827977494677
1.3599999999999999,27.478668603699738,0.24052085416113408
1.3699999999999999,27.83317519650102,0.24123714558134138
1.38,28.192176816643773,0.2420798093901322
1.3899999999999997,28.555716390147804,0.24305173323548437
1.3999999999999997,28.923836548280757,0.2441560492037664
1.4099999999999997,29.296579571537702,0.24539614589216413
1.4199999999999997,29.673987305890016,0.2467756867302571
1.4299999999999997,30.056101087024096,0.24829862646631148
1.4399999999999997,30.442961695672302,0.24996922058852736
1.4499999999999997,30.834609265262397,0.25179204549925527
1.4599999999999997,31.231083196240654,0.2537720171289624
1.4699999999999998,31.6324220605786,0.2559144116571094
1.4799999999999998,32.03866350881173,0.2582248857686318
1.4899999999999998,32.44984416543123,0.2607094994008569
1.4999999999999998,32.86599951783426,0.2633747399000713
1.5099999999999998,33.28716376028413,0.2662275566499797
1.5199999999999998,33.71336966305339,0.26927538965399617
1.5299999999999998,34.14464846195394,0.27252619319334115
1.5399999999999998,34.5810296907674,0.27598847277585625
1.5499999999999998,35.02254100890828,0.27967132288901264
1.5599999999999998,35.46920798016171,0.2835844754461151
1.5699999999999998,35.92105393018002,0.28773833111007613
1.5799999999999998,36.37809972924505,0.29214400693602216
1.5899999999999999,36.84036356880987,0.29681338542154495
1.5999999999999996,37.30786067687207,0.301759178251207
1.6099999999999997,37.7806030574451,0.30699498379704676
1.6199999999999997,38.25859923219504,0.31253534372146463
1.6299999999999997,38.74185391841598,0.3183958145570706
1.6399999999999997,39.23036768983589,0.32459304173070497
1.6499999999999997,39.72413662761362,0.3311448378046695
1.6599999999999997,40.22315193877621,0.3380702669149693
1.6699999999999997,40.72739951249325,0.34538974418269375
1.6799999999999997,41.236859429327225,0.35312514634705083
1.6899999999999997,41.75150553520446,0.3612999050531105
1.6999999999999997,42.27130489348202,0.36993913010179147
1.7099999999999997,42.79621715897801,0.3790697489692907
1.7199999999999998,43.326193983842174,0.38872064018899816
1.7299999999999998,43.86117836809616,0.3989227791580541
1.7399999999999998,44.40110391280758,0.40970940603093
1.7499999999999998,44.9458939574971,0.42111622141210536
1.7599999999999998,45.49546081532617,0.4331815571831992
1.7699999999999998,46.049704844494784,0.4459465864484367
1.7799999999999998,46.60851339484122,0.4594555612702301
1.7899999999999998,47.171759684406,0.4737560663695587
1.7999999999999998,47.739301686107225,0.48889927122187465
1.8099999999999998,48.310980831512296,0.5049402235572129
1.8199999999999996,48.88662064079601,0.5219381598963453
1.8299999999999996,49.466025249540635,0.5399568392308329
1.8399999999999996,50.04897775153862,0.5590649180315227
1.8499999999999996,50.635238420154316,0.5793363528089782
1.8599999999999997,51.224542898889425,0.6008508110977959
1.8699999999999997,51.8166001118244,0.6236941425725089
1.8799999999999997,52.41109004452725,0.6479588796211827
1.8899999999999997,53.007661418077625,0.6737447646275848
1.8999999999999997,53.60592908481051,0.7011593339851103
1.9099999999999997,54.20547124809256,0.7303185416652722
1.9199999999999997,54.80582654889951,0.7613474160525415
1.9299999999999997,55.406490831844934,0.794380775814573
1.9399999999999997,56.00691369808493,0.8295639922099305
1.9499999999999997,56.606494879332764,0.867053799944774
1.9599999999999997,57.20458030303931,0.9070191502837615
1.9699999999999998,57.80045790768263,0.9496421168919637
1.9799999999999998,58.393353176897925,0.9951188770379241
1.9899999999999998,58.9824244520413,1.0436606970006364
1.9999999999999998,59.56675798712511,1.0954949573524049
2.01,60.14536264284763,1.1508662702424173
2.0199999999999996,60.71716450830238,1.2100375563038819
2.03,61.281001088541956,1.2732912124474502
2.0399999999999996,61.83561548401368,1.3409302143529163
2.05,62.37965043413543,1.4132791971937169
2.0599999999999996,62.91164209645827,1.4906855736289886
2.07,63.43001402794349,1.5735205051467531
2.0799999999999996,63.93307091221229,1.6621798841845694
2.09,64.41899318320185,1.757084919400922
2.0999999999999996,64.88583122012153,1.8586828189912052
2.11,65.33150052383391,1.9674470432505597
2.1199999999999997,65.75377754338375,2.0838772626589512
2.13,66.15029649740612,2.2084989045253463
2.1399999999999997,66.51854749637221,2.3418621875267585
2.1499999999999995,66.85587631755936,2.484540533525762
2.1599999999999997,67.1594860811298,2.6371282790026562
2.1699999999999995,67.42644157060573,2.8002374565097066
2.1799999999999997,67.65367626358639,2.9744936340076746
2.1899999999999995,67.83800296667923,3.160530542100591
2.1999999999999997,67.97612818696014,3.3589834679567323
2.2099999999999995,68.06467117588531,3.5704811438287094
2.2199999999999998,68.10018793801179,3.795636074888633
2.2299999999999995,68.07920080719929,4.035033167537631
2.2399999999999998,67.99823396938322,4.289216583834442
2.2499999999999996,67.85385534444156,4.558674770056196
2.26,67.64272489240952,4.843823735148602
2.2699999999999996,67.36164940429687,5.144988641450693
2.28,67.00764351704527,5.462383920336437
2.2899999999999996,66.57799610131363,5.796092325545683
2.3,66.07034132997694,6.146043265972416
2.3099999999999996,65.48273298082063,6.511991047232544
2.32,64.81371979047223,6.893493878802298
2.3299999999999996,64.0624200859841,7.289894341909047
2.34,63.228592881299804,7.700302372409127
2.3499999999999996,62.312702087904,8.123581926464432
2.3599999999999994,61.315971220389756,8.558342225081073
2.3699999999999997,60.24042508168779,9.002934746871258
2.3799999999999994,59.08891513536881,9.45545692971538
2.3899999999999997,57.865126349368545,9.913763169989597
2.3999999999999995,56.5735628393674,10.375483807174781
2.4099999999999997,55.21951126714816,10.838052044193532
2.4199999999999995,53.808981964911716,11.298738462045508
2.4299999999999997,52.34862762754431,11.75469277697765
2.4399999999999995,50.84564253222355,12.202991267679296
2.4499999999999997,49.30764522828259,12.640688459242881
2.4599999999999995,47.74254756819078,13.064871626615918
2.4699999999999998,46.158416426378345,13.472715487767852
2.4799999999999995,44.563332605859216,13.861535312357312
2.4899999999999998,42.96525158987862,14.228836540272503
2.4999999999999996,41.37187258300232,14.572358627563181
2.51,39.79051917540864,14.890112072013904
2.5199999999999996,38.2280358793837,15.180407130197526
2.53,36.69070351859162,15.441873585200902
2.5399999999999996,35.18417396010306,15.673471764011703
2.55,33.713426326771724,15.874494312483112
2.5599999999999996,32.28274326349657,16.044559844725
2.5699999999999994,30.895705397354146,16.183599535253745
2.5799999999999996,29.555203672964634,16.29183714689935
2.5899999999999994,28.26346567681486,16.36976438492122
2.5999999999999996,27.02209336854341,16.418112768524253
2.6099999999999994,25.832110329123896,16.43782302564613
2.6199999999999997,24.694014790099015,16.430013589814493
2.6299999999999994,23.60783641908538,16.39594900833734
2.6399999999999997,22.573194716517488,16.33700921177893
2.6499999999999995,21.589356762731796,16.254660465542216
2.6599999999999997,20.655293286250508,16.150428314804333
2.6699999999999995,19.76973157321986,16.02587308050614
2.6799999999999997,18.931204347850358,15.882568107937368
2.6899999999999995,18.138094476885257,15.722080690207301
2.6999999999999997,17.38867485856917,15.545955828234652
2.7099999999999995,16.68114345754464,15.355702696178952
2.7199999999999998,16.01365384902937,15.152783543843645
2.7299999999999995,15.384341219821243,14.938604955188609
2.7399999999999998,14.79134415206477,14.714511213092425
2.7499999999999996,14.232822698952631,14.481779479170292
2.76,13.706972976911851,14.24161661620394
2.7699999999999996,13.212038691179506,13.99515740010135
2.7799999999999994,12.74632003705093,13.743463893441087
2.7899999999999996,12.308180264202493,13.48752581024707
2.7999999999999994,11.896050257854448,13.228261686305189
2.8099999999999996,11.50843157924499,12.96652058510967
2.8199999999999994,11.14389794935127,12.703084445284043
2.8299999999999996,10.801095697299937,12.438670742438312
2.8399999999999994,10.478743419269156,12.173935283182592
2.8499999999999996,10.175630488928455,11.90947550261433
2.8599999999999994,9.890615724126018,11.645833375251923
2.8699999999999997,9.622624684644471,11.38349896437378
2.8799999999999994,9.370647713529738,11.122913330707522
2.8899999999999997,9.133736709269648,10.864472004375278
2.8999999999999995,8.911002727625574,10.608527840986577
2.9099999999999997,8.701612682568577,10.355394226495664
2.9199999999999995,8.50478668532144,10.105347819052964
2.9299999999999997,8.319794922400792,9.858631409579441
2.9399999999999995,8.145954899269388,9.615456489282048
2.9499999999999997,7.982628590948791,9.376005758173855
2.9599999999999995,7.8292197362094065,9.140435470586942
2.9699999999999998,7.685171281856426,8.908877615707823
2.9799999999999995,7.549962832912098,8.68144201320371
2.9899999999999993,7.423108375744955,8.458218201521143
2.9999999999999996,7.3041539500739345,8.239277274596484
3.0099999999999993,7.192675621623046,8.024673515656708
3.0199999999999996,7.088277413146724,7.814445979696761
3.0299999999999994,6.990589494365426,7.608619906966835
3.0399999999999996,6.899266376744136,7.407208069816965
3.0499999999999994,6.8139853022783985,7.210211990660711
3.0599999999999996,6.734444681812179,7.017623081163474
3.0699999999999994,6.660362671251179,6.829423684240863
3.0799999999999996,6.591475823854563,6.6455880349958205
3.0899999999999994,6.527537842417184,6.466083144916215
3.0999999999999996,6.468318414047088,6.290869610331292
3.1099999999999994,6.413602128074064,6.1199023583379155
3.1199999999999997,6.363187473615521,5.953131332516986
3.1299999999999994,6.316885890319205,5.790502102694238
3.1399999999999997,6.274520902269102,5.631956446867598
3.1499999999999995,6.235927308779319,5.477432874091263
3.1599999999999997,6.200950437783391,5.3268670800275375
3.1699999999999995,6.169445436870061,5.180192401511608
3.1799999999999997,6.141276628271938,5.037340202645929
3.1899999999999995,6.116316914491011,4.898240219001476
3.1999999999999993,6.094447200838856,4.762820905973216
3.2099999999999995,6.075555889243893,4.631009716095075
3.2199999999999993,6.059538394558081,4.502733365489784
3.2299999999999995,6.046296681608573,4.377918089286778
3.2399999999999993,6.035738866228553,4.256489839827978
3.2499999999999996,6.027778817015194,4.138374492179882
3.2599999999999993,6.022335789361494,4.0234980248228975
3.2699999999999996,6.0193341071125035,3.911786660869476
3.2799999999999994,6.018702834786242,3.8031670233676254
3.2899999999999996,6.020375490176931,3.697566258004289
3.2999999999999994,6.02428978549403,3.5949121342122146
3.3099999999999996,6.030387360287487,3.4951331577420666
3.3199999999999994,6.0386135565720584,3.3981586492476143
3.3299999999999996,6.048917202802256,3.3039188185691146
3.3399999999999994,6.061250400317744,3.2123448401309425
3.3499999999999996,6.075568339017661,3.123368905884351
3.3599999999999994,6.091829128045077,3.0369242681776942
3.3699999999999997,6.109993625111494,2.952945286710824
3.3799999999999994,6.130025285694239,2.8713674612427194
3.3899999999999997,6.151890007293487,2.792127472335805
3.3999999999999995,6.17555601108657,2.715163190518295
3.4099999999999997,6.200993716016595,2.6404136957470783
3.4199999999999995,6.228175608097066,2.5678193029127483
3.4299999999999993,6.257076143491865,2.4973215610874933
3.4399999999999995,6.287671648154368,2.4288632578217078
3.4499999999999993,6.319940213139055,2.362388430645992
3.4599999999999995,6.353861609707508,2.2978423624852797
3.4699999999999993,6.389417208602759,2.2351715759430837
3.4799999999999995,6.42658989896975,2.1743238304381256
3.4899999999999993,6.465364015406186,2.115248114359697
3.4999999999999996,6.505725271259502,2.057894633980659
3.5099999999999993,6.547660693356649,2.002214802858781
3.5199999999999996,6.591158561075267,1.9481612293722312
3.5299999999999994,6.636208351850426,1.8956877011697901
3.5399999999999996,6.682800687814039,1.8447491701422594
3.5499999999999994,6.730927285476366,1.7953017370142912
3.5599999999999996,6.78058091062972,1.747302632573885
3.5699999999999994,6.831755334674601,1.7007101998245375
3.5799999999999996,6.884445292799067,1.6554838758800092
3.5899999999999994,6.938646446758809,1.611584171937931
3.5999999999999996,6.9943553489262245,1.568972653539107
3.6099999999999994,7.051569407488437,1.5276119216738087
3.6199999999999997,7.11028685608428,1.4874655911011438
3.6299999999999994,7.170506724568842,1.4484982693862516
3.6399999999999992,7.232228811686203,1.4106755357554301
3.6499999999999995,7.295453656047538,1.373963923112424
3.6599999999999993,7.360182511417868,1.3383308974792945
3.6699999999999995,7.426417327551719,1.3037448336424386
3.6799999999999993,7.494160727545493,1.2701749955707617
3.6899999999999995,7.56341598707499,1.2375915162078994
3.6999999999999993,7.634187011450397,1.2059653800061083
3.7099999999999995,7.706478323006866,1.1752683986552348
3.7199999999999993,7.780295043362031,1.1454731917353211
3.7299999999999995,7.855642877830074,1.116553166746655
3.7399999999999993,7.932528097987431,1.088482502099008
3.7499999999999996,8.010957529828309,1.0612361259829142
3.7599999999999993,8.090938541720597,1.0347896965438597
3.7699999999999996,8.172479032008043,1.0091195834759201
3.7799999999999994,8.255587416827973,0.9842028502954084
3.7899999999999996,8.340272618587539,0.9600172369935946
3.7999999999999994,8.426544058347133,0.9365411404212405
3.8099999999999996,8.51441164593052,0.9137535973709262
3.8199999999999994,8.603885771284212,0.8916342674734359
3.8299999999999996,8.694977294902959,0.8701634175715799
3.8399999999999994,8.78769754205333,0.8493219039959733
3.849999999999999,8.882058295649067,0.8290911565855585
3.8599999999999994,8.978071789769022,0.8094531629389847
3.869999999999999,9.075750702855364,0.790390453807553
3.8799999999999994,9.175108152469523,0.7718860877698751
3.8899999999999992,9.276157690698144,0.7539236360397672
3.8999999999999995,9.378913299229716,0.7364871683289582
3.9099999999999993,9.483389384775927,0.7195612389945679
3.9199999999999995,9.589600774444841,0.7031308737982789
3.9299999999999993,9.697562713016953,0.6871815559451963
3.9399999999999995,9.807290859319222,0.6716992132770407
3.9499999999999993,9.918801283165525,0.6566702056233505
3.9599999999999995,10.03211046203757,0.6420813129511188
3.9699999999999993,10.14723527904825,0.6279197229736101
3.9799999999999995,10.26419302072203,0.6141730194559709
3.9899999999999993,10.383001374947966,0.6008291708977906
3.9999999999999996,10.503678428804342,0.5878765197492567
4.01,10.626242667025831,0.5753037716452059
4.02,10.750712971128838,0.5630999846334027
4.029999999999999,10.877108618085517,0.5512545591279201
4.039999999999999,11.005449279439125,0.5397572279764693
4.05,11.135755020156113,0.5285980471094539
4.06,11.26804629679346,0.5177673870479742
4.069999999999999,11.402343958796651,0.5072559226393074
4.079999999999999,11.538669247590553,0.4970546246732268
4.089999999999999,11.677043796322481,0.48715475140473713
4.1,11.817489629745538,0.4775478403164427
4.109999999999999,11.960029163311106,0.46822570066432
4.119999999999999,12.104685204105138,0.45918040524663717
4.129999999999999,12.251480951080362,0.45040428288499534
4.14,12.400439995201973,0.44188991124446897
4.1499999999999995,12.551586319854518,0.43363010977859195
4.159999999999999,12.70494430076354,0.4256179332512566
4.169999999999999,12.860538706507787,0.41784666515214003
4.18,13.018394699615065,0.4103098110010488
4.1899999999999995,13.178537836887765,0.4030010923805181
4.199999999999999,13.340994070055661,0.39591444100058665
4.209999999999999,13.50578974627799,0.38904399303668147
4.22,13.672951608326255,0.38238408379669214
4.2299999999999995,13.842506795992774,0.3759292421318919
4.239999999999999,14.01448284654339,0.3696741854015973
4.249999999999999,14.188907695380156,0.3636138145483755
4.26,14.365809676687817,0.35774320935985654
4.27,14.545217523574925,0.35205762406982877
4.279999999999999,14.727160369106008,0.34655248284308443
4.289999999999999,14.911667746857585,0.3412233755782276
4.299999999999999,15.09876959133036,0.3360660539157312
4.31,15.288496238391367,0.33107642738960974
4.319999999999999,15.480878425270138,0.3262505598563077
4.329999999999999,15.67594729081789,0.3215846659935155
4.339999999999999,15.8737343759999,0.31707510787229737
4.35,16.074271623744274,0.31271839184780953
4.359999999999999,16.27759137885095,0.3085111655629942
4.369999999999999,16.483726387590668,0.30445021514344983
4.379999999999999,16.69270979684079,0.3005324626046151
4.39,16.904575154139685,0.2967549632480701
4.3999999999999995,17.119356406681437,0.29311490335918483
4.409999999999999,17.337087900299686,0.2896095980362308
4.419999999999999,17.55780437820631,0.28623648918697947
4.43,17.781540978844955,0.28299314380811313
4.4399999999999995,18.008333234701492,0.2798772522025682
4.449999999999999,18.238217070243937,0.27688662647145446
4.459999999999999,18.471228799435316,0.2740191991955828
4.47,18.707405123033148,0.27127302226447464
4.4799999999999995,18.946783124501863,0.2686462660476778
4.489999999999999,19.189400266791377,0.2661372185330843
4.499999999999999,19.43529438937831,0.26374428453058013
4.509999999999999,19.684503703366246,0.2614659853048245
4.52,19.937066786681164,0.2593009582982
4.529999999999999,20.19302257878749,0.2572479570378705
4.539999999999999,20.452410374750226,0.25530585125669947
4.549999999999999,20.715269813657848,0.2534736281164163
4.56,20.981640875296826,0.2517503920525006
4.569999999999999,21.251563873671635,0.25013536527551317
4.579999999999999,21.525079446744254,0.24862788903968722
4.589999999999999,21.802228546985354,0.2472274248581879
4.6,22.08305243114179,0.24593355594914298
4.609999999999999,22.36759264838086,0.24474598907123837
4.619999999999999,22.655891019460924,0.24366455814846552
4.629999999999999,22.947989632672645,0.24268922477801003
4.64,23.243930828555797,0.24182008095449545
4.6499999999999995,23.543757182537064,0.24105735226738859
4.659999999999999,23.84751148793017,0.24040140110598826
4.669999999999999,24.155236737668623,0.2398527301819717
4.68,24.466976101839307,0.23941198697717642
4.6899999999999995,24.782772893017952,0.2390799707767635
4.699999999999999,25.102670561019774,0.2388576336427595
4.709999999999999,25.42671266274382,0.23874608661029256
4.719999999999999,25.754942833457047,0.23874660563296232
4.7299999999999995,26.08740475752069,0.23886063769124385
4.739999999999999,26.4241421370651,0.23908980737327581
4.749999999999999,26.76519864985157,0.23943592579784173
4.759999999999999,27.11061789594408,0.23990100195860461
4.77,27.460443388618234,0.24048724465105661
4.779999999999999,27.814718499761813,0.24119707414740044
4.789999999999999,28.173486412773123,0.24203313229805096
4.799999999999999,28.53679007318337,0.2429982931458416
4.81,28.904672135928514,0.2440956742815193
4.819999999999999,29.277174892452535,0.24532865269982795
4.829999999999999,29.65434019586853,0.24670088107654023
4.839999999999999,30.036209421613002,0.24821629608964918
4.85,30.42282338038447,0.24987913739540474
4.859999999999999,30.814222237847233,0.2516939650695766
4.869999999999999,31.21044542990714,0.25366567801153783
4.879999999999999,31.611531578468494,0.25579953219622287
4.89,32.01751838457309,0.25810116399780036
4.8999999999999995,32.42844252537919,0.26057661259401527
4.909999999999999,32.844339542869754,0.26323234418837044
4.919999999999999,33.2652437235253,0.2660752782290344
4.929999999999999,33.69118793312937,0.2691128242454277
4.9399999999999995,34.12220348243935,0.2723529110753292
4.949999999999999,34.558319984495135,0.2758040179089494
4.959999999999999,34.999565173690954,0.27947521432682604
4.969999999999999,35.44596473416979,0.28337619738077796
4.9799999999999995,35.89754212579491,0.28751732858130274
4.989999999999999,36.354318345310254,0.29190968797196926
4.999999999999999,36.81631171575887,0.29656511953380016
5.009999999999999,37.28353764314537,0.3014962848161399
5.02,37.7560083039664,0.3067167354630352
5.029999999999999,38.23373240618114,0.3122409630828116
5.039999999999999,38.71671487812894,0.31808446872635143
5.049999999999999,39.20495653145402,0.3242638384575664
5.06,39.698453688143104,0.3307968232576911
5.069999999999999,40.19719779448514,0.33770242517057947
5.079999999999999,40.70117501160288,0.34500099018008523
5.089999999999999,41.21036575862997,0.35271430840881746
5.1,41.72474421656228,0.3608657260117098
5.109999999999999,42.24427778031158,0.3694802714873189
5.119999999999999,42.76892651413744,0.3785847725901
5.129999999999999,43.298642527792566,0.38820799827417074
5.139999999999999,43.83336930615212,0.3983808094947078
5.1499999999999995,44.373040911168204,0.4091363349936066
5.159999999999999,44.91758125429077,0.42051013795251235
5.169999999999999,45.46690324714253,0.4325404071907822
5.179999999999999,46.020907873222946,0.4452681657051863
5.1899999999999995,46.57948315558332,0.45873750556138715
5.199999999999999,47.14250307439838,0.472995832777151
5.209999999999999,47.709826435017234,0.4880941217700955
5.219999999999999,48.28129559273736,0.5040872052417898
5.2299999999999995,48.85673507060872,0.5210340869450368
5.239999999999999,49.435950000225,0.5389982924623085
5.249999999999999,50.018724582704294,0.5580482203148217
5.259999999999999,50.60482032148759,0.5782575414705391
5.27,51.1939741614677,0.5997056206117953
5.279999999999999,51.78589646285573,0.6224779747606943
5.289999999999999,52.38026879345557,0.6466667727956924
5.299999999999999,52.976741574078886,0.6723713671342162
5.31,53.57493145951744,0.6996988776548279
5.319999999999999,54.17441863496197,0.7287648044140128
5.329999999999999,54.77474384443408,0.7596936941482089
5.339999999999999,55.37540521398769,0.7926198450576966
5.349999999999999,55.975854861524745,0.827688053270268
5.359999999999999,56.57549518642851,0.865054443861135
5.369999999999999,57.17367495837739,0.9048873281478799
5.379999999999999,57.769685235791385,0.9473680775553678
5.389999999999999,58.362754887295715,0.9926920972245241
5.3999999999999995,58.952045828484884,1.041069852633352
5.409999999999999,59.53664815270866,1.0927278753724086
5.419999999999999,60.115574894126375,1.1479098475366933
5.429999999999999,60.68775650758883,1.2068777320836066
5.4399999999999995,61.25203529665631,1.2699128630752925
5.449999999999999,61.807159358419746,1.3373171357734241
5.459999999999999,62.35177672499339,1.4094140597349212
5.469999999999999,62.88442926345173,1.4865498271480537
5.4799999999999995,63.403546501014006,1.5690943469498568
5.489999999999999,63.90743951930978,1.6574421755409199
5.499999999999999,64.39429523689492,1.7520132304707086
5.509999999999999,64.8621708852402,1.8532533630022618
5.52,65.30898906527786,1.9616346680932553
5.529999999999999,65.73253351031836,2.077655469351929
5.539999999999999,66.13044586734482,2.2018398790975455
5.549999999999999,66.50022372180963,2.334736865451666
5.559999999999999,66.83922025392437,2.476918712265976
5.569999999999999,67.14464594828945,2.6289787248643264
5.579999999999999,67.41357256379983,2.791528125972442
5.589999999999999,67.64294020388708,2.9651918857327946
5.599999999999999,67.82956750809574,3.1506034921350694
5.609999999999999,67.97016612499861,3.3483983186038735
5.619999999999999,68.0613592063381,3.559205678942992
5.629999999999999,68.099705421107,3.783639167972672
5.639999999999999,68.08172795156422,4.022285442450577
5.6499999999999995,68.00394995549746,4.275691122293561
5.659999999999999,67.86293592585612,4.544347930162492
5.669999999999999,67.65533971586795,4.828676096777808
5.679999999999999,67.37795943761223,5.129005794313671
5.6899999999999995,67.02779708384125,5.445557834133776
5.699999999999999,66.60212546786195,5.778422377947512
5.709999999999999,66.09855944416017,6.127537146196802
5.719999999999999,65.51512903473517,6.492666118215825
5.7299999999999995,64.85035549650128,6.873378161132821
5.739999999999999,64.1033260261249,7.269027399828566
5.749999999999999,63.27376466097997,7.678736231833602
5.759999999999999,62.36209752907918,8.101381562511397
5.769999999999999,61.36950767578624,8.535585930435495
5.779999999999999,60.297977591193806,8.979714131863444
5.789999999999999,59.1503157229494,9.431876525721067
5.799999999999999,57.930163971037004,9.889939724600202
5.809999999999999,56.64198487714727,10.351545016861872
5.819999999999999,55.291025751556795,10.814135079954381
5.829999999999999,53.88326132103994,11.274987921834164
5.839999999999999,52.42531341637432,11.731258372807067
5.849999999999999,50.924350882313696,12.180025333007787
5.859999999999999,49.387973593057744,12.618343069679506
5.869999999999999,47.82408139709197,13.04329587878221
5.879999999999999,46.240736693996055,13.452052592626021
5.889999999999999,44.646023029856984,13.841919959238602
5.8999999999999995,43.04790555338827,14.210392462954111
5.909999999999999,41.45409990689282,14.555196452611094
5.919999999999999,39.87195165068567,14.874327676109841
5.929999999999999,38.30833259857099,15.16608018096859
5.9399999999999995,36.76955423953585,15.429067014215686
5.949999999999999,35.26130232137771,15.662231225568167
5.959999999999999,33.78859184470539,15.86484822979918
5.969999999999999,32.35574130699792,16.036520240003433
5.979999999999999,30.9663678483354,16.177162550894696
5.989999999999999,29.62339757508074,16.286984365145624
5.999999999999999,28.329091336723618,16.366464258879724
6.009999999999999,27.085082633633924,16.41632199326524
6.019999999999999,25.892423576043115,16.43748829450109
6.029999999999999,24.751638253204604,16.431073146059575
6.039999999999999,23.662779142279696,16.39833432580528
6.049999999999999,22.625485523708253,16.340646517823416
6.059999999999999,21.639041368951627,16.25947218155295
6.069999999999999,20.702431334634806,16.15633445875616
6.079999999999999,19.814394128271314,16.03279239741434
6.089999999999999,18.97347137476823,15.890419177194557
6.099999999999999,18.17805267725052,15.730782824651646
6.109999999999999,17.426415750679976,15.5554298379059
6.119999999999999,16.716761592553386,15.3658715614728
6.129999999999999,16.04724545686953,15.163572883233886
6.139999999999999,15.416002892771202,14.94994345685521
6.1499999999999995,14.821171812498422,14.726330927798386
6.159999999999999,14.26091080744199,14.49401601109769
6.169999999999999,13.733413798097313,14.254209269882129
6.179999999999999,13.236921794147634,14.008049230410732
6.189999999999999,12.769731890008979,13.75660172045054
6.199999999999999,12.330203941968106,13.500860172707213
6.209999999999999,11.91676528465529,13.241746739621975
6.219999999999999,11.527913741865504,12.980114055508263
6.229999999999999,11.162219272820007,12.71674748533635
6.239999999999999,10.81832446901727,12.452367752903392
6.249999999999999,10.49494418521242,12.187633799138329
6.259999999999999,10.190864225662509,11.923145967066835
6.269999999999999,9.904939772485239,11.659449079023611
6.279999999999999,9.636093089225392,11.397035746995266
6.289999999999999,9.383311139464347,11.136349539736042
6.299999999999999,9.145642788293738,10.877788221835738
6.309999999999999,8.922196028440169,10.621706820228919
6.319999999999999,8.71213501179151,10.368420662981888
6.329999999999999,8.514677130312402,10.11820825911375
6.339999999999999,8.32909007415485,9.871314074847616
6.349999999999999,8.154688957581685,9.627951163873309
6.359999999999999,7.990833523536516,9.388303657302423
6.369999999999999,7.836925420415055,9.152529119261482
6.379999999999999,7.692405616792441,8.920760748447709
6.389999999999999,7.556751894020691,8.693109456366166
6.399999999999999,7.4294764997584215,8.469665792963346
6.409999999999999,7.31012388300309,8.250501757967132
6.419999999999999,7.198268593036279,8.035672470730816
6.429999999999999,7.093513262829345,7.825217734124889
6.439999999999999,6.995486745015128,7.619163472642772
6.449999999999999,6.903842331884036,7.417523072906562
6.459999999999999,6.818256134314239,7.220298608743031
6.469999999999999,6.73842550663949,7.027481987760664
6.479999999999999,6.664067610748875,6.839055999568402
6.489999999999999,6.594918082764344,6.6549952767630245
6.499999999999999,6.530729763970514,6.475267183682638
6.509999999999999,6.471271546384118,6.299832631618695
6.519999999999999,6.416327272560551,6.128646823485202
6.529999999999999,6.365694730650719,5.961659942329656
6.539999999999999,6.31918471278887,5.798817772563593
6.549999999999999,6.276620139247066,5.640062275948551
6.559999999999999,6.237835246565947,5.485332113894041
6.569999999999999,6.202674833058802,5.334563121436226
6.579999999999999,6.170993554335797,5.187688747596768
6.589999999999999,6.142655277155378,5.044640443212519
6.599999999999999,6.117532467746554,4.905348028305909
6.609999999999999,6.095505635356869,4.769740011649995
6.619999999999999,6.076462805948135,4.637743890848018
6.629999999999999,6.060299041966671,4.509286415272415
6.639999999999999,6.046915989483688,4.384293829925934
6.649999999999999,6.036221447487715,4.262692105281633
6.659999999999999,6.028128980440997,4.14440713173094
6.669999999999999,6.022557588057542,4.0293648645857845
6.679999999999999,6.019431336594249,3.9174915131542583
6.689999999999999,6.018679053829003,3.8087136730926097
6.699999999999999,6.02023403387456,3.702958460273154
6.709999999999999,6.02403376959404,3.6001536185926892
6.719999999999999,6.030019710607732,3.50022760551985
6.729999999999999,6.038137025489564,3.403109683718489
6.739999999999999,6.048334350581747,3.30873003302282
6.749999999999999,6.06056362458485,3.217019775275186
6.759999999999999,6.074779894765497,3.127911036326255
6.769999999999999,6.090941121183764,3.0413370151530588
6.779999999999999,6.109008016382207,2.9572320206113276
6.789999999999999,6.12894390200122,2.8755314951627677
6.799999999999999,6.150714559608712,2.796172049913166
6.809999999999999,6.174288090202268,2.71909149665717
6.819999999999999,6.199634797003089,2.6442288565084633
6.829999999999999,6.226727067780916,2.5715243756400747
6.839999999999999,6.255539259634704,2.50091953866976
6.849999999999999,6.286047599102366,2.4323570732545092
6.8599999999999985,6.318230089718681,2.3657809506807195
6.869999999999999,6.352066420690074,2.301136386799626
6.879999999999999,6.387537879495721,2.238369842457494
6.889999999999999,6.42462727852904,2.17742901326009
6.899999999999999,6.463318881112257,2.118262822474109
6.909999999999999,6.503598329927262,2.0608214142904986
6.919999999999999,6.545452584264819,2.0050561409569636
6.929999999999999,6.588869861230881,1.9509195485357518
6.939999999999999,6.633839577979823,1.8983653638195293
6.949999999999999,6.68035229647038,1.8473484807476284
6.959999999999999,6.728399678184239,1.7978249405153202
6.969999999999999,6.777974437390594,1.7497519143885814
6.979999999999999,6.829070295922535,1.7030876869396017
6.989999999999999,6.88168193750136,1.6577916412505553
6.999999999999999,6.935804976808211,1.6138242334990383
7.009999999999999,6.991435921667781,1.571146974747207
7.019999999999999,7.048572138294917,1.5297224116252703
7.029999999999999,7.1072118171227165,1.489514107909427
7.039999999999999,7.167353947178289,1.4504866206546077
7.049999999999999,7.228998287360333,1.412605480064978
7.059999999999999,7.2921453393675675,1.3758371695399674
7.0699999999999985,7.35679632091857,1.3401491069599
7.079999999999999,7.422953146264977,1.3055096205664578
7.089999999999999,7.4906184036946435,1.271887929108595
7.099999999999999,7.559795334613824,1.239254121725276
7.1099999999999985,7.63048781309905,1.207579138572551
7.119999999999999,7.7027003303561274,1.1768347487174886
7.129999999999999,7.776437977429022,1.1469935304554426
7.139999999999999,7.851706428999815,1.1180288518281962
7.149999999999999,7.928511927604164,1.0899148518395039
7.159999999999999,8.006861271586487,1.0626264196712776
7.169999999999999,8.08676180173779,1.0361391759293657
7.179999999999999,8.168221388851993,1.0104294542035446
7.189999999999999,8.251248421713717,0.9854742832910972
7.199999999999999,8.33585179768925,0.9612513678958492
7.209999999999999,8.422040912553246,0.9377390711165537
7.219999999999999,8.509825650949695,0.914916397150004
7.229999999999999,8.59921637720157,0.8927629744996991
7.239999999999999,8.69022392821776,0.8712590385289973
7.249999999999999,8.782859605745212,0.8503854151394448
7.259999999999999,8.877135169199471,0.8301235048525853
7.269999999999999,8.973062828839087,0.8104552673987865
7.2799999999999985,9.070655240358903,0.7913632057135819
7.289999999999999,9.16992549916937,0.7728303510479143
7.299999999999999,9.27088713496138,0.7548402484538914
7.309999999999999,9.37355410664968,0.7373769426271858
7.3199999999999985,9.47794079879193,0.7204249633418306
7.329999999999999,9.584062017381726,0.7039693118941502
7.339999999999999,9.691932986324932,0.6879954476456591
7.349999999999999,9.801569343304497,0.6724892755972136
7.3599999999999985,9.912987135832942,0.6574371343805333
7.369999999999999,10.026202820487416,0.6428257824141241
7.379999999999999,10.141233259670619,0.6286423864329929
7.389999999999999,10.258095719438991,0.6148745097317334
7.399999999999999,10.3768078669859,0.6015101011519726
7.409999999999999,10.497387768281722,0.588537484431775
7.419999999999999,10.619853887800387,0.5759453464874377
7.429999999999999,10.744225086685342,0.5637227272888408
7.439999999999999,10.870520621635654,0.5518590096418884
7.449999999999999,10.998760143517123,0.5403439096090532
7.459999999999999,11.128963696086968,0.5291674672588217
7.469999999999999,11.261151716326527,0.5183200365934426
7.479999999999999,11.395345033556344,0.5077922767948095
7.489999999999998,11.531564869098803,0.4975751434324632
7.499999999999999,11.669832835746506,0.48765988012801315
7.509999999999999,11.81017093731174,0.4780380105021494
7.519999999999999,11.952601569324854,0.4687013297562372
7.5299999999999985,12.09714751885923,0.45964189708615166
7.539999999999999,12.243831964743528,0.4508520281656335
7.549999999999999,12.392678477618793,0.44232428799026335
7.559999999999999,12.543711020043817,0.4340514839695404
7.5699999999999985,12.696953947441989,0.4260266588526338
7.579999999999999,12.852432008383065,0.4182430842489866
7.589999999999999,13.010170345136086,0.41069425425666634
7.599999999999999,13.170194494083079,0.4033738794089551
7.6099999999999985,13.332530386146558,0.3962758808453527
7.619999999999999,13.497204347835986,0.38939438436243184
7.629999999999999,13.664243101759416,0.3827237149776143
7.639999999999999,13.833673767314128,0.3762583916013086
7.649999999999999,14.005523861209948,0.36999312195203615
7.659999999999999,14.17982129796405,0.36392279766926305
7.669999999999999,14.356594390917696,0.3580424894591636
7.679999999999999,14.535871852720735,0.35234744257153305
7.689999999999999,14.717682795932678,0.3468330724149187
7.699999999999998,14.902056733430179,0.3414949603973978
7.709999999999999,15.089023578739084,0.33632884995059587
7.719999999999999,15.278613646769656,0.3313306425828794
7.729999999999999,15.470857654031441,0.32649639424286214
7.739999999999998,15.665786718891598,0.32182231181290155
7.749999999999999,15.863432361489014,0.31730474981639595
7.759999999999999,16.06382650358012,0.31294020728331995
7.769999999999999,16.267001468972975,0.30872532464671215
7.7799999999999985,16.472989983071503,0.30465688094439286
7.789999999999999,16.681825172502986,0.3007317911393425
7.799999999999999,16.893540564597323,0.29694710359880877
7.809999999999999,17.10817008623537,0.29329999781843435
7.8199999999999985,17.325748061607104,0.28978778247337184
7.829999999999999,17.5463092130019,0.2864078930286735
7.839999999999999,17.769888658702868,0.28315789000568065
7.849999999999999,17.9965219111882,0.2800354573074846
7.8599999999999985,18.226244875152236,0.2770384006911151
7.869999999999999,18.459093844980863,0.27416464644711447
7.879999999999999,18.695105500162413,0.2714122405394511
7.889999999999999,18.934316904440873,0.26877934722837593
7.899999999999999,19.17676550200328,0.26626424830112155
7.909999999999998,19.422489113342863,0.2638653424649887
7.919999999999999,19.67152593096111,0.2615811448737794
7.929999999999999,19.92391451450679,0.2594102868551364
7.939999999999999,20.179693782706583,0.257351516317505
7.949999999999998,20.4389030095691,0.2554036974764783
7.959999999999999,20.701581818324446,0.25356581108631754
7.969999999999999,20.967770173499726,0.25183695510251985
7.979999999999999,21.237508373033222,0.250216345428793
7.989999999999998,21.51083703968928,0.24870331688130115
7.999999999999999,21.787797108357726,0.24729732500829446
8.009999999999998,22.0684298164332,0.2459979474176076
8.02,22.352776695284984,0.24480488498349276
8.03,22.64087955628781,0.2437179641534524
8.04,22.93278047746601,0.2427371392221951
8.049999999999999,23.228521789083782,0.24186249488378528
8.059999999999999,23.528146054858357,0.2410942497371844
8.069999999999999,23.83169605182853,0.24043276012659956
8.079999999999998,24.1392147591028,0.23987852223438916
8.089999999999998,24.450745334613984,0.23943217667391456
8.1,24.76633109338566,0.2390945128324388
8.11,25.086015484273048,0.23886647358129648
8.12,25.409842062141017,0.23874916099432483
8.129999999999999,25.73785445161333,0.23874384389125386
8.139999999999999,26.070096330714094,0.23885196120951507
8.149999999999999,26.40661139479634,0.23907512958713678
8.159999999999998,26.747443321575687,0.2394151507484879
8.169999999999998,27.092635734373555,0.23987401930466273
8.179999999999998,27.442232160712816,0.24045393158850126
8.19,27.79627597233381,0.2411572985809422
8.2,28.154810357652,0.2419867517249673
8.209999999999999,28.517878269224642,0.24294515423455468
8.219999999999999,28.885522367509573,0.24403561322369405
8.229999999999999,29.2577849633751,0.24526149211391793
8.239999999999998,29.63470795570553,0.24662642412608468
8.249999999999998,30.016332737714947,0.2481343327915495
8.259999999999998,30.40270014455746,0.24978944314477275
8.27,30.793850381970813,0.2515962971558013
8.28,31.189822935105106,0.2535597735903943
8.29,31.590656478855966,0.25568510749747675
8.299999999999999,31.99638878201021,0.2579779110517149
8.309999999999999,32.40705657869928,0.2604442018376488
8.319999999999999,32.82269545203745,0.2630904282581186
8.329999999999998,33.24333973431398,0.2659234910582105
8.339999999999998,33.66902236086844,0.2689507754078511
8.349999999999998,34.099774725597946,0.27218018251950327
8.36,34.535626533452024,0.27562016183945925
8.37,34.976605632642794,0.2792797478276843
8.379999999999999,35.42273783269391,0.28316859989340126
8.389999999999999,35.87404671703854,0.28729704345077456
8.399999999999999,36.3305534385289,0.29167611480918204
8.409999999999998,36.79227645669584,0.29631761991602906
8.419999999999998,37.25923130628865,0.3012341851713673
8.429999999999998,37.73143034472328,0.30643931303055383
8.44,38.20888245360413,0.3119474483929871
8.45,38.69159275803248,0.31777403915889496
8.459999999999999,39.17956228827108,0.3239356115159994
8.469999999999999,39.67278761367963,0.3304498515542811
8.479999999999999,40.17126047073848,0.3373356870640471
8.489999999999998,40.67496730456445,0.34461339243771055
8.499999999999998,41.183888828493956,0.35230468633356327
8.509999999999998,41.69799955994983,0.36043283409579396
8.52,42.217267280109056,0.3690227699679174
8.53,42.74165244696559,0.37810122547597547
8.54,43.27110757850342,0.3876968680143005
8.549999999999999,43.80557659305867,0.397840450510748
8.559999999999999,44.344994081728196,0.4085649732990575
8.569999999999999,44.88928450918576,0.41990586717498235
8.579999999999998,45.4383613677073,0.431901183976761
8.589999999999998,45.992126274475815,0.44459179813485633
8.599999999999998,46.55046797879692,0.4580216327131206
8.61,47.1132612386261,0.47223791058574327
8.62,47.680365652178644,0.4872914185795503
8.629999999999999,48.251624437854936,0.5032367860917567
8.639999999999999,48.826863050554536,0.5201327970174667
8.649999999999999,49.405887679499564,0.5380427307728334
8.659999999999998,49.98848364475195,0.5570347258490701
8.669999999999998,50.57441369306344,0.5771821654607314
8.679999999999998,51.16341612269947,0.5985641032542013
8.69,51.75520272263786,0.6212657262631243
8.7,52.34945657541264,0.6453788506631503
8.709999999999999,52.94582974609952,0.6710024482036371
8.719999999999999,53.5439407202459,0.6982432227374594
8.729999999999999,54.143371651871696,0.7272162228856797
8.739999999999998,54.743665406567565,0.7580455020302054
8.749999999999998,55.34432240188359,0.7908648334044177
8.759999999999998,55.94479718889734,0.8258184690633927
8.769999999999998,56.5444948277516,0.8630619335312857
8.78,57.14276701771761,0.9027628629868093
8.79,57.738907891786916,0.9451019340557636
8.799999999999999,58.33214962197294,0.9902738069422642
8.809999999999999,58.92165777287313,1.0384881193079134
8.819999999999999,59.506526262339996,1.0899705531490445
8.829999999999998,60.08577215999792,1.1449639137673735
8.839999999999998,60.658330400547236,1.2037291669937018
8.849999999999998,61.223047937590955,1.2665466284913927
8.86,61.77867797913993,1.333717065230154
8.87,62.32387392959619,1.4055628291409663
8.879999999999999,62.85718312474802,1.4824289843461358
8.889999999999999,63.37704105977893,1.564684187334624
8.899999999999999,63.88176520233198,1.6527216462632397
8.909999999999998,64.36954906250925,1.7469599422158626
8.919999999999998,64.8384566092103,1.8478436218314374
8.929999999999998,65.28641757851045,1.9558433988893074
8.94,65.71122291811423,2.071456254665393
8.95,66.11052175149197,2.195204966807912
8.959999999999999,66.48181908985174,2.327637272636731
8.969999999999999,66.82247566229736,2.4693242678190397
8.979999999999999,67.12970911721516,2.6208582773879927
8.989999999999998,67.40059838109758,2.7828496511265137
8.999999999999998,67.63209002399945,2.955922803154422
9.009999999999998,67.8210088036983,3.1407108900077745
9.019999999999998,67.96407132791467,3.3378494111655224
9.03,68.05790494420327,3.54796817921393
9.04,68.0990708562104,3.771681890092997
9.049999999999999,68.08409337941156,4.009578885581476
9.059999999999999,68.00949465446453,4.262208198581328
9.069999999999999,67.87183590755227,4.530064819148824
9.079999999999998,67.66776530076758,4.813572992550313
9.089999999999998,67.3940716138078,5.113068236430606
9.099999999999998,67.04774484512666,5.428777457431497
9.11,66.6260424420676,5.760797944992628
9.12,66.12655934654082,6.109076031888294
9.129999999999999,65.54730242177214,6.473385144638458
9.139999999999999,64.88676570932166,6.853304710314983
9.149999999999999,64.1440051233846,7.248200491735298
9.159999999999998,63.31871040633082,7.6572071482239545
9.169999999999998,62.41126963591465,8.07921463160617
9.179999999999998,61.42282562581812,8.512858739138801
9.189999999999998,60.355318748959085,8.95651759360888
9.2,59.2115142758589,9.408314515265959
9.209999999999999,57.995011268148936,9.866128295309615
9.219999999999999,56.71023032267187,10.327611361610112
9.229999999999999,55.36237909787741,10.79021608449462
9.239999999999998,53.957396830747754,11.25122775460585
9.249999999999998,52.501874038814826,11.707806551874851
9.259999999999998,51.00295410900337,12.157034084184463
9.269999999999998,49.46821745632587,12.595964590677625
9.28,47.905551987053826,13.021679408329453
9.29,46.32301519647883,13.431341668377225
9.299999999999999,44.72869278926904,13.822249759916959
9.309999999999999,43.13055957835669,14.191887259277513
9.319999999999999,41.536347050684554,14.537967583070403
9.329999999999998,39.95342270684475,14.858471702670208
9.339999999999998,38.38868505644821,15.151677713000348
9.349999999999998,36.84847644900041,15.416181755879279
9.36,35.33851627058716,15.650909690736361
9.37,33.863854859852175,15.855119870325876
9.379999999999999,32.42884731201276,16.028397760257146
9.389999999999999,31.037146663622774,16.170642990205952
9.399999999999999,29.691714311383027,16.282050088416952
9.409999999999998,28.394844842651615,16.363084313000204
9.419999999999998,27.14820293206762,16.414453741169368
9.429999999999998,25.952869657468494,16.437078899535326
9.439999999999998,24.809395019161727,16.432061304469325
9.45,23.717854493641944,16.40065182170559
9.459999999999999,22.67790732201858,16.34421982596328
9.469999999999999,21.688854503925178,16.264223893641788
9.479999999999999,20.749694827593185,16.162184672969094
9.489999999999998,19.859178483137224,16.039659920019012
9.499999999999998,19.015856113741286,15.898222589878989
9.509999999999998,18.218124240154076,15.739441368412189
9.519999999999998,17.464265398289427,15.564864255377259
9.53,16.75248377483451,15.376004701890796
9.54,16.08093634111922,15.17433022462958
9.549999999999999,15.447759043265297,14.96125353620833
9.559999999999999,14.851089230359456,14.738125611596915
9.569999999999999,14.289084023885996,14.506230727101599
9.579999999999998,13.759935192272613,14.266783134092261
9.589999999999998,13.261881083400594,14.020925109181224
9.599999999999998,12.793215697092602,13.769726244512848
9.609999999999998,12.352295517347445,13.51418369355101
9.62,11.937544293625725,13.255223264868553
9.629999999999999,11.547456156931155,12.99370113323743
9.639999999999999,11.180597321924639,12.730406077650093
9.649999999999999,10.835606598636092,12.466062114817083
9.659999999999998,10.511195152315157,12.201331292432108
9.669999999999998,10.206145131994413,11.936816919651928
9.679999999999998,9.919308205700812,11.673066598871994
9.689999999999998,9.649603191987024,11.410575582499016
9.7,9.396013806029949,11.14978987928781
9.709999999999999,9.157585745610284,10.891109564743532
9.719999999999999,8.93342404614756,10.634891786306609
9.729999999999999,8.722689996936808,10.381453868927544
9.739999999999998,8.524598332491898,10.131076145120058
9.749999999999998,8.338414190158176,9.884004787549511
9.759999999999998,8.163450317032048,9.640454404445459
9.769999999999998,7.999064199951077,9.400610571451917
9.78,7.844655395046043,9.164632166770886
9.79,7.699662889446671,8.932653602020835
9.799999999999999,7.5635626255622075,8.704786890323946
9.809999999999999,7.435865118497195,8.481123592189077
9.819999999999999,7.316113207951404,8.261736623428543
9.829999999999998,7.203879932875963,8.04668193883659
9.839999999999998,7.098766522168316,7.836000096728598
9.849999999999998,7.000400514895251,7.629717706503919
9.859999999999998,6.908433980703542,7.42784877225955
9.87,6.822541886315832,7.230395925174167
9.879999999999999,6.742420526624312,7.037351571509809
9.889999999999999,6.667786069612881,6.848698948836457
9.899999999999999,6.598373228706324,6.664413089402205
9.909999999999998,6.533933983297449,6.484461712996965
9.919999999999998,6.474236422241353,6.308806046116122
9.929999999999998,6.419063640326812,6.137401569739668
9.939999999999998,6.368212727465229,5.9701987105737855
9.95,6.321493824883422,5.80714346675227
9.959999999999999,6.278729245921776,5.648177983838221
9.969999999999999,6.239752660109362,5.493241082873766
9.979999999999999,6.204408337335909,5.342268733419592
9.989999999999998,6.1725504392909265,5.195194498248326
9.999999999999998,6.144042371266117,5.051949922587224
10.009999999999998,6.118756168983146,4.912464902158659
10.019999999999998,6.096571938026087,4.776668006789277
10.029999999999998,6.077377328368533,4.6444867788047
10.04,6.0610670479365965,4.515848001888104
10.049999999999999,6.047542414438672,4.390677939847219
10.059999999999999,6.036710919833663,4.268902570808526
10.069999999999999,6.028485837772358,4.1504477863370735
10.079999999999998,6.022785892969,4.035239536612848
10.089999999999998,6.019534899283323,3.92320401253892
10.099999999999998,6.018661444936647,3.814267787431318
10.109999999999998,6.020098601611533,3.708357944309994
10.12,6.023783649312419,3.6054021946500363
10.129999999999999,6.029657836794689,3.5053289589062175
10.139999999999999,6.037666148057184,3.408067453578285
10.149999999999999,6.047757047777871,3.313547806301407
10.159999999999998,6.059882304908254,3.2217010925572196
10.169999999999998,6.073996808635572,3.132459386775969
10.179999999999998,6.09005837831716,3.045755825227027
10.189999999999998,6.108027584542517,2.961524662053197
10.2,6.1278676172360065,2.879701280829249
10.209999999999999,6.149544134633219,2.8002222308372504
10.219999999999999,6.173025121492399,2.7230252603561
10.229999999999999,6.198280769061097,2.648049328514244
10.239999999999998,6.225283359375086,2.575234618155498
10.249999999999998,6.254007152245913,2.504522548443007
10.259999999999998,6.28442827864922,2.4358557833685572
10.269999999999998,6.3165246520635066,2.369178230194525
10.279999999999998,6.350275876992785,2.3044350400313633
10.29,6.385663160636289,2.2415726089881063
10.299999999999999,6.422669237709307,2.18053856953845
10.309999999999999,6.4612782978412096,2.1212817819760383
10.319999999999999,6.501475915057273,2.0637523264707447
10.329999999999998,6.543248981364176,2.0079014937122595
10.339999999999998,6.586585649923561,1.9536817685432233
10.349999999999998,6.631475277638833,1.9010468166253285
10.359999999999998,6.677908368788633,1.8499514716512175
10.37,6.725876528449236,1.8003517164156453
10.379999999999999,6.775372416785883,1.7522046647433203
10.389999999999999,6.826389705405118,1.7054685433231633
10.399999999999999,6.878923029961511,1.6601026782385482
10.409999999999998,6.932967957045559,1.616067471281321
10.419999999999998,6.988520948731232,1.5733243797110097
10.429999999999998,7.0455793280975945,1.5318358966787975
10.439999999999998,7.1041412440584955,1.491565533535267
10.45,7.164205644513177,1.4524777968722151
10.459999999999999,7.22577224882501,1.4145381673882145
10.469999999999999,7.2888415213304265,1.3777130792426298
10.479999999999999,7.353414643613149,1.341969902150367
10.489999999999998,7.4194934940116495,1.3072769181284254
10.499999999999998,7.487080626212712,1.2736033005319098
10.509999999999998,7.556179248612346,1.2409190937233514
10.519999999999998,7.626793203207931,1.2091951941547139
10.529999999999998,7.698926949410183,1.1784033287128928
10.54,7.772585547435614,1.1485160344524725
10.549999999999999,7.847774642380265,1.1195066388356587
10.559999999999999,7.924500447901414,1.0913492413274168
10.569999999999999,8.002769733701145,1.0640186929414048
10.579999999999998,8.082589812683048,1.0374905770244711
10.589999999999998,8.163968528672328,1.0117411905592224
10.599999999999998,8.246914244015088,0.9867475267125311
10.609999999999998,8.331435829860313,0.9624872557827231
10.62,8.417542656319673,0.9389387072973249
10.629999999999999,8.505244583104021,0.916080852606544
10.639999999999999,8.594551949999413,0.8938932882732659
10.649999999999999,8.685475569536463,0.872356218750439
10.659999999999998,8.778026719518541,0.8514504398482718
10.669999999999998,8.872217135939456,0.8311573226476169
10.679999999999998,8.968059005928481,0.8114587982731959
10.689999999999998,9.06556496219353,0.7923373419942731
10.699999999999998,9.16474807746467,0.7737759581261857
10.709999999999999,9.265621859243286,0.7557581653791162
10.719999999999999,9.368200244374192,0.7382679829205693
10.729999999999999,9.472497595372692,0.7212899158461554
10.739999999999998,9.578528696411404,0.7048089414630463
10.749999999999998,9.686308749661004,0.6888104958985369
10.759999999999998,9.795853371891944,0.6732804610944417
10.769999999999998,9.907178589591584,0.6582051534634475
10.779999999999998,10.02030083800744,0.6435713101662178
10.79,10.13523695853338,0.629366077147013
10.799999999999999,10.25200419626486,0.6155769975539601
10.809999999999999,10.370620197958123,0.6021920003526446
10.819999999999999,10.491103009064382,0.5891993900928565
10.829999999999998,10.613471073318848,0.5765878352710493
10.839999999999998,10.73774323131702,0.564346357882058
10.849999999999998,10.863938719217584,0.5524643233138445
10.859999999999998,10.99207716772523,0.540931430462645
10.87,11.122178600346848,0.5297377028129595
10.879999999999999,11.254263433610278,0.5188734784349693
10.889999999999999,11.388352476507167,0.5083294009595094
10.899999999999999,11.524466930012323,0.49809641087357004
10.909999999999998,11.662628386819735,0.4881657370073541
10.919999999999998,11.802858830556213,0.47852888866145965
10.929999999999998,11.945180636392948,0.46917764722705174
10.939999999999998,12.089616571110986,0.46010405843983826
10.949999999999998,12.236189793209006,0.4513004249096677
10.959999999999999,12.384923853161668,0.44275929884755505
10.969999999999999,12.535842693274828,0.43447347526884533
10.979999999999999,12.688970648564764,0.42643598494333645
10.989999999999998,12.84433244722418,0.41864008780889395
10.999999999999998,13.001953211096701,0.41107926662730154
11.009999999999998,13.161858456246168,0.4037472208317777
11.019999999999998,13.324074093192271,0.39663786078847313
11.029999999999998,13.488626427904245,0.3897453018682362
11.04,13.65554216245798,0.38306385891757416
11.049999999999999,13.82484839566581,0.3765880409521281
11.059999999999999,13.996572623745283,0.37031254602005886
11.069999999999999,14.170742740639879,0.3642322563535995
11.079999999999998,14.347387038988032,0.35834223352120054
11.089999999999998,14.52653421074611,0.35263771385557646
11.099999999999998,14.708213347735716,0.3471141040755269
11.109999999999998,14.89245394218112,0.3417669770778781
11.119999999999997,15.079285886888927,0.33659206799798547
11.129999999999999,15.26873947594362,0.3315852702694104
11.139999999999999,15.460845405048495,0.32674263194027015
11.149999999999999,15.655634771737999,0.3220603521728619
11.159999999999998,15.853139075500593,0.3175347779040402
11.169999999999998,16.05339021732849,0.3131624007576839
11.179999999999998,16.256420500138255,0.30893985393801177
11.189999999999998,16.462262628516566,0.3048639093863396
11.199999999999998,16.67094970826509,0.30093147510997664
11.209999999999999,16.882515245877254,0.29713959265524326
11.219999999999999,17.096993147822968,0.29348543474418887
11.229999999999999,17.31441771816378,0.28996630334287166
11.239999999999998,17.534823658229502,0.28657962747391813
11.249999999999998,17.758246065809036,0.28332296123759104
11.259999999999998,17.98472043294612,0.2801939822053399
11.269999999999998,18.21428264396204,0.2771904898857125
11.279999999999998,18.446968973194334,0.2743104043538141
11.29,18.682816081155654,0.2715517652598936
11.299999999999999,18.921861011134983,0.26891273087521445
11.309999999999999,19.16414118767235,0.26639157693297405
11.319999999999999,19.40969441177846,0.2639866961240782
11.329999999999998,19.658558856638706,0.2616965976179454
11.339999999999998,19.910773062869307,0.25951990676341696
11.349999999999998,20.166375932259665,0.25745536516226786
11.359999999999998,20.425406719723522,0.25550183116422587
11.369999999999997,20.687905030429622,0.2536582795118412
11.379999999999999,20.953910811276227,0.25192380210829524
11.389999999999999,21.223464342901202,0.25029760877862095
11.399999999999999,21.496606231110384,0.24877902822690715
11.409999999999998,21.77337739685646,0.24736750935073623
11.419999999999998,22.05381906157114,0.24606262351352376
11.429999999999998,22.337972741146636,0.24486406527158566
11.439999999999998,22.625880232568047,0.24377165456572605
11.449999999999998,22.91758360004391,0.24278533908804945
11.459999999999999,23.213125160604616,0.24190519682901584
11.469999999999999,23.512547468254695,0.24113143898151077
11.479999999999999,23.815893290227457,0.24046441451902473
11.489999999999998,24.12320559412112,0.2399046126091066
11.499999999999998,24.434527528813636,0.23945266635585016
11.509999999999998,24.749902401212434,0.23910935745013662
11.519999999999998,25.06937365300449,0.23887562087544087
11.529999999999998,25.392984835686832,0.23875255001992185
11.539999999999997,25.720779574868136,0.23874140410647993
11.549999999999999,26.052801543053118,0.23884361385958494
11.559999999999999,26.38909443507788,0.23906078664577918
11.569999999999999,26.729701929631815,0.23939471460436704
11.579999999999998,27.07466765250861,0.23984738244493878
11.589999999999998,27.42403513726671,0.2404209758280156
11.599999999999998,27.77784777439409,0.24111789228629776
11.609999999999998,28.136148756349844,0.24194075306192556
11.619999999999997,28.49898104836446,0.2428924092818433
11.629999999999999,28.866387326135342,0.2439759554227997
11.639999999999999,29.23840991809664,0.24519474177217992
11.649999999999999,29.61509074393839,0.2465523877148941
11.659999999999998,29.996471243283455,0.24805279721737528
11.669999999999998,30.38259228184127,0.24970017937006167
11.679999999999998,30.773494099251902,0.25149905948080875
11.689999999999998,31.169216217001484,0.25345429915182577
11.699999999999998,31.56979734538767,0.2555711165325976
11.709999999999999,31.975275285014376,0.2578551077688532
11.719999999999999,32.38568681881801,0.2603122705623993
11.729999999999999,32.801067601020485,0.26294902834361644
11.739999999999998,33.221452035385354,0.2657722568284577
11.749999999999998,33.646873144739715,0.2687893124956777
11.759999999999998,34.077362430105865,0.2720080633726571
11.769999999999998,34.51294968189917,0.27543693108478945
11.779999999999998,34.95366283994534,0.2790849210515069
11.789999999999997,35.39952782360279,0.28296165961786324
11.799999999999999,35.85056833188523,0.28707743813649045
11.809999999999999,36.306805637883166,0.2914432581821098
11.819999999999999,36.76825833789899,0.2960708866358932
11.829999999999998,37.234942116752784,0.3009729074069813
11.839999999999998,37.70686950852759,0.30616277426886035
11.849999999999998,38.184049605407864,0.3116548750231214
11.859999999999998,38.66648775736509,0.317464597789843
11.869999999999997,39.1541852234099,0.32360840902142224
11.879999999999999,39.64713879283701,0.3301039384495522
11.889999999999999,40.145340439524766,0.336970054672473
11.899999999999999,40.64877688780861,0.34422696263899505
11.909999999999998,41.15742916332966,0.3518963031470867
11.919999999999998,41.671272112020475,0.36000125825382906
11.929999999999998,42.190273870164475,0.3685666720067424
11.939999999999998,42.714395303128086,0.37761917481750357
11.949999999999998,43.24358938320073,0.3871873232713667
11.959999999999997,43.7778004696253,0.39730176516611904
11.969999999999999,44.31696364954591,0.4079953840739773
11.979999999999999,44.861003943896606,0.4193034793897942
11.989999999999998,45.40983545724375,0.4312639580768526
11.999999999999998,45.963360423741214,0.44391754653380044
12.009999999999998,46.52146825309653,0.4573080090290624
12.019999999999998,47.08403445564576,0.47148238997811615
12.029999999999998,47.650919479197285,0.486491276582282
12.039999999999997,48.22196740459444,0.5023890963823399
12.049999999999999,48.79700462312935,0.5192344153695969
12.059999999999999,49.37583837223245,0.537090270066491
12.069999999999999,49.9582551420605,0.5560245294810171
12.079999999999998,50.54401887627923,0.5761102977683484
12.089999999999998,51.132869146110586,0.5974263303464907
12.099999999999998,51.72451916079769,0.6200574859443024
12.109999999999998,52.318653576949224,0.6440952211771774
12.119999999999997,52.914926122044896,0.6696381230169964
12.129999999999999,53.51295706471848,0.6967924797386551
12.139999999999999,54.11233050499683,0.725672894022594
12.149999999999999,54.71259142638523,0.7564029443224276
12.159999999999998,55.31324253620894,0.7891158799800279
12.169999999999998,55.91374087139886,0.8239553707559573
12.179999999999998,56.51349415636336,0.8610763306295677
12.189999999999998,57.11185689687539,0.900645773730574
12.199999999999998,57.70812626892274,0.9428437026990163
12.209999999999997,58.30153782623891,0.9878640048681901
12.219999999999999,58.891260657619526,1.035915529878648
12.229999999999999,59.47639252000785,1.0872230983779747
12.239999999999998,60.05595465672716,1.1420285733498075
12.249999999999998,60.628886339589606,1.2005919717092364
12.259999999999998,61.194039227744774,1.2631925837686824
12.269999999999998,61.750171496551445,1.3301301044595708
12.279999999999998,62.29594183465903,1.4017257477280083
12.289999999999997,62.82990334571184,1.4783233253499464
12.299999999999999,63.35049742845043,1.560290261848445
12.309999999999999,63.856047728276735,1.648018511206278
12.319999999999999,64.34475427745727,1.741925333306814
12.329999999999998,64.81468797643282,1.8424538770138175
12.339999999999998,65.26378557049775,1.9500735169942016
12.349999999999998,65.68984529123371,2.0652798874704286
12.359999999999998,66.09052362134295,2.188594457005795
12.369999999999997,66.46333310625741,2.3205636823737055
12.379999999999997,66.80564185654096,2.461757518987599
12.389999999999999,67.11467494817104,2.6127672352837585
12.399999999999999,67.38751825595892,2.7742023635013173
12.409999999999998,67.62112505254227,2.946686686673564
12.419999999999998,67.8123260089105,3.1308530771655816
12.429999999999998,67.95784301455757,3.327337071494247
12.439999999999998,68.0543074210526,3.5367690118508714
12.449999999999998,68.09828327055213,3.7597646238193496
12.459999999999997,68.08629591064408,3.9969139500507063
12.469999999999999,68.01486667755754,4.248768387395489
12.479999999999999,67.88055373035012,4.515826019962186
12.489999999999998,67.67999928547573,4.798515326154259
12.499999999999998,67.40998344313546,5.0971768890123155
12.509999999999998,67.06748446179095,5.412043593925769
12.519999999999998,66.64974410859199,5.7432200397648385
12.529999999999998,66.15433812503917,6.09066089013183
12.539999999999997,65.57925015609224,6.454149060395728
12.549999999999999,64.92294716714296,6.833274527961903
12.559999999999999,64.18445432267917,7.227414525904941
12.569999999999999,63.36342670153805,7.635716104425863
12.579999999999998,62.46021492665672,8.057082104867117
12.589999999999998,61.47592127361606,8.49016172097547
12.599999999999998,60.412444351090265,8.933346273409068
12.609999999999998,59.27250635956795,9.384772091277854
12.619999999999997,58.059663484078726,9.842330211755066
12.629999999999997,56.778294028148686,10.303684351108544
12.639999999999999,55.43356633096033,10.766296284481138
12.649999999999999,54.03138380768037,11.227459027434639
12.659999999999998,52.57830497965505,11.684338319326093
12.669999999999998,51.08144773916547,12.13401837852286
12.679999999999998,49.54837294736491,12.573553632418664
12.689999999999998,47.986955868688256,13.000022670403604
12.699999999999998,46.40524865054019,13.410583051679232
12.709999999999997,44.81133906637461,13.802524901842737
12.719999999999999,43.213210978232674,14.17332106747374
12.729999999999999,41.61861151344185,14.520672090840506
12.739999999999998,40.03492959466997,14.842544393064234
12.749999999999998,38.46909046355716,15.137199980106043
12.759999999999998,36.927466788720935,15.40321831102953
12.769999999999998,35.41581228241054,15.639507682689127
12.779999999999998,33.93921196040655,15.84530967524589
12.789999999999997,32.50205726042335,16.020193051689315
12.799999999999997,31.108037748238413,16.16404145248146
12.809999999999999,29.760149877103725,16.27703483513296
12.819999999999999,28.460721940764344,16.359625079774222
12.829999999999998,27.211450181736012,16.412508411835265
12.839999999999998,26.01344460134973,16.43659514880063
12.849999999999998,24.867281323132538,16.432978214436783
12.859999999999998,23.77305895494682,16.402901511533713
12.869999999999997,22.730456834070218,16.347729021959232
12.879999999999997,21.73879310534764,16.268915389507317
12.889999999999999,20.79708085110695,16.167978684117823
12.899999999999999,19.904081878393114,16.04647530482813
12.909999999999998,19.058356024318858,15.905977912107804
12.919999999999998,18.258306728367835,15.748055852858496
12.929999999999998,17.502221532658613,15.574258548098664
12.939999999999998,16.788307869691785,15.386101539639375
12.949999999999998,16.114724461706107,15.18505496169066
12.959999999999997,15.479607782638181,14.972534540257378
12.969999999999999,14.881094604489641,14.749894589943626
12.979999999999999,14.317340641211297,14.51842292846632
12.989999999999998,13.786535558104974,14.279337488694303
12.999999999999998,13.286915037918234,14.033784299546932
13.009999999999998,12.816770022598766,13.782836713633744
13.019999999999998,12.374453625233334,13.527495614626334
13.029999999999998,11.958386030940606,13.268690460752758
13.039999999999997,11.567057671497318,13.007280982906835
13.049999999999997,11.199031002944025,12.744059389611623
13.059999999999999,10.8529410990675,12.479752968247873
13.069999999999999,10.527495395551195,12.215026902073703
13.079999999999998,10.221472407348182,11.950487464037854
13.089999999999998,9.933720249951104,11.68668506124561
13.099999999999998,9.66315433894788,11.424117568279279
13.109999999999998,9.408755081091938,11.16323347123912
13.119999999999997,9.169565051765185,10.904435137006704
13.129999999999997,8.944686271676783,10.648081867170164
13.139999999999999,8.733277208021104,10.394492966842996
13.149999999999999,8.534549887970838,10.143950620357627
13.159999999999998,8.347766924578217,9.896702695765322
13.169999999999998,8.172238661164878,9.65296537684996
13.179999999999998,8.007320345788633,9.412925678337364
13.189999999999998,7.852409415991753,9.176743807329157
13.199999999999998,7.70694288657578,8.944555386691466
13.209999999999997,7.570394842827161,8.71647354161832
13.219999999999999,7.442274070895887,8.492590843849115
13.229999999999999,7.322121788586486,8.27298113260711
13.239999999999998,7.209509524712898,8.057701200074513
13.249999999999998,7.104037095355356,7.846792365260721
13.259999999999998,7.005330723722555,7.640281925145869
13.269999999999998,6.913041250829827,7.438184505134964
13.279999999999998,6.826842499842566,7.2405032953437205
13.289999999999997,6.746429696614305,7.047231204972229
13.299999999999997,6.6715180153216345,6.858351921591108
13.309999999999999,6.601841241505888,6.673840879363469
13.319999999999999,6.53715049053304,6.493666155810025
13.329999999999998,6.477213045916649,6.317789294362374
13.339999999999998,6.4218112509539065,6.146166055811951
13.349999999999998,6.3707414954666595,5.978747112806463
13.359999999999998,6.323813267583452,5.815478677593177
13.369999999999997,6.280848271243012,5.65630308225946
13.379999999999997,6.241679607756125,5.501159307330073
13.389999999999999,6.206151016105448,5.349983459014394
13.399999999999999,6.174116162589821,5.2027092147215965
13.409999999999998,6.145437989848782,5.05926821450588
13.419999999999998,6.119988100813934,4.9195904317071495
13.429999999999998,6.097646197318856,4.783604496565639
13.439999999999998,6.078299550659045,4.651237998370641
13.449999999999998,6.0618425163310405,4.522417752567969
13.459999999999997,6.048176079624038,4.397070045303423
13.469999999999997,6.03720742090698,4.275120866450879
13.479999999999999,6.028849524237053,4.156496107204554
13.489999999999998,6.0230208445521765,4.041121706902299
13.499999999999998,6.019644938220967,3.9289238422038992
13.509999999999998,6.018650154066732,3.8198290626760487
13.519999999999998,6.019969336842905,3.7137644250448627
13.529999999999998,6.023539556630767,3.6106576039432507
13.539999999999997,6.029301865332249,3.510436978042512
13.549999999999997,6.037201057842909,3.4130317221266138
13.559999999999999,6.047185419233142,3.318371920229224
13.569999999999999,6.059206556526367,3.2263885927966887
13.579999999999998,6.073219204410909,3.1370137586085955
13.589999999999998,6.089181028734507,3.050180504186651
13.599999999999998,6.107052464021039,2.965823022308683
13.609999999999998,6.126796569365424,2.883876635973655
13.619999999999997,6.148378878237257,2.8042778340461987
13.629999999999997,6.171767257092644,2.7269643037570557
13.639999999999999,6.196931787131244,2.651874940027471
13.649999999999999,6.223844645831378,2.5789498615973026
13.659999999999998,6.252479991001643,2.5081304248028014
13.669999999999998,6.282813860228492,2.4393592285074774
13.679999999999998,6.314824077659656,2.372580115085166
13.689999999999998,6.348490162032914,2.307738171698012
13.699999999999998,6.383793238848502,2.2447797308674997
13.709999999999997,6.420715966396442,2.183652360539779
13.719999999999997,6.459242461232664,2.1243048572449204
13.729999999999999,6.499358226105225,2.0666872395763276
13.739999999999998,6.541050086953023,2.010750735314465
13.749999999999998,6.584306133555346,1.956447767486069
13.759999999999998,6.629115661279794,1.903731941485399
13.769999999999998,6.675469115748853,1.8525580314001018
13.779999999999998,6.723358047129387,1.8028819602862924
13.789999999999997,6.772775063086079,1.7546607830713126
13.799999999999997,6.823713782954476,1.7078526701232597
13.809999999999999,6.876168792256856,1.6624168921378482
13.819999999999999,6.930135611390107,1.6183137948764434
13.829999999999998,6.985610657513523,1.5755047810469107
13.839999999999998,7.042591209416266,1.5339522911407324
13.849999999999998,7.1010753733922884,1.493619784830573
13.859999999999998,7.161062057362991,1.4544717171669117
13.869999999999997,7.222550941939879,1.416473518481306
13.879999999999997,7.285542453021731,1.379591574591132
13.889999999999997,7.350037735104209,1.3437932078494175
13.899999999999999,7.416038631562379,1.3090466530946145
13.909999999999998,7.4835476619896415,1.2753210378095827
13.919999999999998,7.5525680010404965,1.24258636207068
13.929999999999998,7.623103458029101,1.210813479024319
13.939999999999998,7.695158461214512,1.1799740728035382
13.949999999999998,7.768738040386485,1.1500406388321576
13.959999999999997,7.8438478104726865,1.1209864643885805
13.969999999999997,7.920493955796364,1.0927856096807433
13.979999999999999,7.9986832178881055,1.0654128870740966
13.989999999999998,8.078422882028857,1.0388438423118458
13.999999999999998,8.159720764662817,1.013054736105895
14.009999999999998,8.242585201408696,0.988022526227898
14.019999999999998,8.327025037538093,0.9637248482135998
14.029999999999998,8.41304961773073,0.9401399978201488
14.039999999999997,8.500668776415253,0.9172469137280486
14.049999999999997,8.589892828605548,0.8950251606563039
14.059999999999999,8.680732562712311,0.8734549119022647
14.069999999999999,8.773199232738975,0.8525169329837211
14.079999999999998,8.867304551024501,0.8321925657211394
14.089999999999998,8.963060681428125,0.8124637127303351
14.099999999999998,9.060480233850068,0.7933128214086138
14.109999999999998,9.159576258467467,0.7747228690081056
14.119999999999997,9.260362240211158,0.7566773481162531
14.129999999999997,9.362852093756775,0.7391602524026806
14.139999999999997,9.467060159861223,0.7221560620475682
14.149999999999999,9.573001201126731,0.7056497301455611
14.159999999999998,9.680690398451784,0.6896266692072693
14.169999999999998,9.790143346725113,0.6740727388034718
14.179999999999998,9.901376051090677,0.6589742333417347
14.189999999999998,10.01440492602048,0.6443178682858948
14.199999999999998,10.129246792059892,0.630090768644651
14.209999999999997,10.245918873642609,0.6162804571722763
14.219999999999997,10.36443879645696,0.6028748433920841
14.229999999999999,10.484824585226466,0.5898622127943957
14.239999999999998,10.607094663324174,0.5772312151519785
14.249999999999998,10.731267850926798,0.564970854358612
14.259999999999998,10.857363363890173,0.5530704781746317
14.269999999999998,10.98540081226793,0.5415197686752354
14.279999999999998,11.115400199150923,0.5303087328711081
14.289999999999997,11.247381920909971,0.5194276926620153
14.299999999999997,11.38136676630317,0.5088672760500692
14.309999999999997,11.517375916131144,0.4986184083152767
14.319999999999999,11.65543094263763,0.48867230368632936
14.329999999999998,11.795553809144849,0.4790204572030391
14.339999999999998,11.93776687068502,0.4696546363039103
14.349999999999998,12.082092873820718,0.4605668732117015
14.359999999999998,12.228554956852578,0.4517494573889222
14.369999999999997,12.377176649825927,0.4431949283793963
14.379999999999997,12.527981874704293,0.43489606883799714
14.389999999999997,12.68099494626573,0.42684589745403784
14.399999999999999,12.836240572383383,0.4190376624468889
14.409999999999998,12.993743854576921,0.41146483516977983
14.419999999999998,13.153530288389419,0.404121104053331
14.429999999999998,13.315625763871905,0.3970003687219304
14.439999999999998,13.480056566591703,0.39009673404173045
14.449999999999998,13.646849378146866,0.3834045046620167
14.459999999999997,13.816031276859038,0.3769181796654264
14.469999999999997,13.987629738266566,0.3706324474721812
14.479999999999999,14.161672635677794,0.3645421809169198
14.489999999999998,14.33818824115552,0.35864243238423776
14.499999999999998,14.51720522600914,0.3529284292655431
14.509999999999998,14.698752661402583,0.3473955695545645
14.519999999999998,14.882860018740326,0.3420394176784873
14.529999999999998,15.069557170058085,0.33685570048790087
14.539999999999997,15.258874388733403,0.3318403033010884
14.549999999999997,15.450842349713916,0.32698926624878444
14.559999999999997,15.645492129788346,0.3222987807493534
14.569999999999999,15.842855207470427,0.31776518620679634
14.579999999999998,16.042963462949384,0.3133849668417818
14.589999999999998,16.24584917847503,0.30915474858235137
14.599999999999998,16.451545037929154,0.3050712962466157
14.609999999999998,16.660084126474775,0.30113151084526774
14.619999999999997,16.87149993005605,0.29733242704337176
14.629999999999997,17.085826334159172,0.2936712108880338
14.639999999999997,17.303097621789178,0.29014515780712474
14.649999999999999,17.523348474222956,0.2867516902124712
14.659999999999998,17.74661396887096,0.2834883557607672
14.669999999999998,17.97292957754258,0.28035282565541153
14.679999999999998,18.20233116450047,0.2773428931009812
14.689999999999998,18.43485498387424,0.27445647198127954
14.699999999999998,18.67053767521609,0.2716915959632572
14.709999999999997,18.909416262807863,0.26904641708253496
14.719999999999997,19.151528151695384,0.26651920498850035
14.729999999999997,19.396911123671,0.2641083463062056
14.739999999999998,19.645603333027765,0.2618123441430582
14.749999999999998,19.897643301667078,0.2596298178117258
14.759999999999998,20.153069911034077,0.25755950322562654
14.769999999999998,20.411922398848624,0.2556002525204574
14.779999999999998,20.67424035263624,0.25375103435024265
14.789999999999997,20.940063702026485,0.25201093449979967
14.799999999999997,21.20943271094689,0.25037915660780186
14.809999999999997,21.482387969078317,0.24885502311462668
14.819999999999999,21.758970378835464,0.24743797713131732
14.829999999999998,22.039221147003982,0.24612758352387204
14.839999999999998,22.32318177530553,0.24492353028143102
14.849999999999998,22.610894046834325,0.24382563073804814
14.859999999999998,22.90240001282261,0.24283382581525972
14.869999999999997,23.197741978361936,0.2419481865411874
14.879999999999997,23.496962482941395,0.24116891768586843
14.889999999999997,23.800104282307284,0.2404963611896777
14.899999999999999,24.10721033603377,0.23993099849167104
14.909999999999998,24.418323784671607,0.23947345503510253
14.919999999999998,24.73348792826756,0.23912450455285036
14.929999999999998,25.05274620330515,0.23888507373093
14.939999999999998,25.376142154069015,0.23875624809391943
14.949999999999998,25.703719398504635,0.23873927909556295
14.959999999999997,26.035521611476145,0.2388355875710954
14.969999999999997,26.371592488365756,0.2390467713844968
14.979999999999997,26.711975710722907,0.23937461267991686
14.989999999999998,27.056714909815113,0.23982108561307147
14.999999999999998,27.40585362435942,0.24038836537407451
15.009999999999998,27.75943524215844,0.24107884075377192
15.019999999999998,28.117502974411845,0.24189511955389098
15.029999999999998,28.480099801081195,0.2428400403554084
15.039999999999997,28.847268415987365,0.24391668435264083
15.049999999999997,29.21905116979839,0.24512838765521036
15.059999999999997,29.595490006971183,0.2464787549312381
15.069999999999999,29.976626371736934,0.2479716799904001
15.079999999999998,30.36250116285555,0.24961135537582976
15.089999999999998,30.75315465621724,0.25140228915918905
15.099999999999998,31.148626416431302,0.2533493241819198
15.109999999999998,31.548955207910396,0.25545765737693993
15.119999999999997,31.954178899391025,0.2577328605325326
15.129999999999997,32.36433433111065,0.260180909563079
15.139999999999997,32.779457211737544,0.2628082068722839
15.149999999999997,33.19958200975246,0.26562160491175596
15.159999999999998,33.62474181107546,0.2686284374086771
15.169999999999998,34.05496817598338,0.27183655066744367
15.179999999999998,34.490290993153515,0.27525433541436795
15.189999999999998,34.930738311022175,0.27889076378917654
15.199999999999998,35.376336159659495,0.28275542840401774
15.209999999999997,35.82710836419283,0.28685858322256164
15.219999999999997,36.28307634062072,0.29121118840961335
15.229999999999997,36.74425883162485,0.295824969455975
15.239999999999998,37.21067168698614,0.30071246514529004
15.249999999999998,37.68232760517151,0.30588708462044406
15.259999999999998,38.159235840191684,0.31136317248792245
15.269999999999998,38.64140192488544,0.3171560683764436
15.279999999999998,39.12882732906181,0.3232821833592091
15.289999999999997,39.62150910201291,0.32975907934560245
15.299999999999997,40.11943950114297,0.33660555088305943
15.309999999999997,40.622605533411175,0.34384173027149156
15.319999999999999,41.13098852826044,0.3514891816004373
15.329999999999998,41.64456366983109,0.3595710044835468
15.339999999999998,42.16329946295727,0.36811195464079555
15.349999999999998,42.68715714904092,0.37713857145609575
15.359999999999998,43.21609009754828,0.3866793152651755
15.369999999999997,43.75004315012778,0.39676471565863525
15.379999999999997,44.28895189938266,0.4074275320856166
15.389999999999997,44.832741894254966,0.4187029360246662
15.399999999999997,45.3813278037927,0.4306286988290252
15.409999999999998,45.93461252068342,0.4432453922722788
15.419999999999998,46.492486176714934,0.4565966125528612
15.429999999999998,47.05482502546769,0.4707292299842221
15.439999999999998,47.6214902890133,0.48569365003310305
15.449999999999998,48.192326944686585,0.5015440900727616
15.459999999999997,48.76716235367999,0.518338888620127
15.469999999999997,49.345804769147115,0.536140844010476
15.479999999999997,49.92804174689175,0.5550175746955094
15.489999999999998,50.513638455681075,0.5750419016818786
15.499999999999998,51.102335816843045,0.5962922708813226
15.509999999999998,51.69384845923895,0.6188532126162382
15.519999999999998,52.28786253846437,0.6428158336862551
15.529999999999998,52.884033446129,0.6682783393077677
15.539999999999997,53.481983267117435,0.6953466054013943
15.549999999999997,54.081298048017366,0.7241347871794142
15.559999999999997,54.68152486059068,0.7547659741489544
15.569999999999999,55.28216866861507,0.7873729000169761
15.579999999999998,55.88268893352293,0.8220986965112199
15.589999999999998,56.48249601111582,0.859097684044083
15.599999999999998,57.08094731191422,0.8985362031411288
15.609999999999998,57.67734312452237,0.9405935376861746
15.619999999999997,58.270922246824846,0.9854628539347532
15.629999999999997,58.86085735957257,1.0333521934467895
15.639999999999997,59.44625002433066,1.084485531615465
15.649999999999997,60.02612551605431,1.1391038500605515
15.659999999999998,60.59942754011256,1.197466177380923
15.669999999999998,61.165012405153064,1.2598507800465941
15.679999999999998,61.7216433020666,1.3265562555215302
15.689999999999998,62.26798424141113,1.3979026731298554
15.699999999999998,62.802593804579736,1.4742327037776983
15.709999999999997,63.32391936441251,1.5559125094957704
15.719999999999997,63.830290873795704,1.6433327195428713
15.729999999999997,64.31991492698582,1.7369092622361832
15.739999999999998,64.7908691253977,1.8370839825797707
15.749999999999998,65.24109732488373,1.944324873368391
15.759999999999998,65.66840499029053,2.0591262135803126
15.769999999999998,66.07045605404814,2.1820081402674067
15.779999999999998,66.4447704713139,2.3135158725358282
15.789999999999997,66.78872388639728,2.45421817274154
15.799999999999997,67.0995485886933,2.604705304140605
15.809999999999997,67.37433762534029,2.7655859143698343
15.819999999999997,67.6100508240569,2.937483191131807
15.829999999999998,67.80352499556668,3.121029656924057
15.839999999999998,67.951487130605,3.316860918105802
15.849999999999998,68.05057284200753,3.525607782880112
15.859999999999998,68.09734890989445,3.7478870031933225
15.869999999999997,68.08834196529743,3.9842902196520735
15.879999999999997,68.02007257728064,4.235371178096944
15.889999999999997,67.88909580296477,4.501631215473335
15.899999999999997,67.6920484576222,4.783502689849209
15.909999999999998,67.42570204510073,5.081331205004382
15.919999999999998,67.08702278008475,5.39535585916595
15.929999999999998,66.67323723800158,5.725688342202871
15.939999999999998,66.18190203175567,6.072291624612925
15.949999999999998,65.61097798608361,6.4349579993758095
15.959999999999997,64.95890514904698,6.8132879413477605
15.969999999999997,64.22467795431317,7.206670153875866
15.979999999999997,63.40791741230119,7.614263918153452
15.989999999999998,62.508936522805456,8.03498503422213
15.999999999999998,61.528797840502314,8.4674958494408
16.009999999999998,60.46935759045985,8.910201148345491
16.019999999999996,59.333294993824694,9.361250254153012
16.029999999999998,58.124122977195164,9.818546586198108
16.04,56.84617846353892,10.279764843804992
16.049999999999997,55.504589724392154,10.742376769954662
16.06,54.10522369870462,11.203683099145266
16.069999999999997,52.654607854940885,11.660854827600756
16.08,51.15983334735551,12.110979457094917
16.089999999999996,49.62844124248029,12.551111534373467
16.099999999999998,48.068293952835035,12.978327036583075
16.109999999999996,46.48743792268402,13.389778135480476
16.119999999999997,44.89396245210127,13.782746830561749
16.13,43.295860165826625,14.15469535477167
16.139999999999997,41.700893520296056,14.503311478705758
16.15,40.11647285802376,14.82654695911182
16.159999999999997,38.549549576101334,15.122648032523863
16.169999999999998,37.00652698673704,15.390177248748728
16.179999999999996,35.493191452987396,15.628026059738858
16.189999999999998,34.014664115868754,15.835418521284804
16.2,32.57537256301589,16.011906763776334
16.209999999999997,31.17904229733624,16.157358691358763
16.22,29.82870538480862,16.271939356167213
16.229999999999997,28.526723828978653,16.35608726309062
16.24,27.27482548462313,16.410486734871654
16.249999999999996,26.074149475724383,16.436037762743812
16.259999999999998,24.92529816443324,16.43382461377074
16.269999999999996,23.828393444330768,16.40508414432652
16.279999999999998,22.783134919468274,16.351174857361265
16.29,21.788857985635115,16.273547412563452
16.299999999999997,20.84459021210711,16.173717206893087
16.31,19.94910512296181,16.053239243238245
16.319999999999997,19.100971827612522,15.913685851087031
16.33,18.298600886347685,15.756626950320618
16.339999999999996,17.54028484753602,15.583613389981721
16.349999999999998,16.82423451975346,15.39616274874548
16.359999999999996,16.148610463903193,15.195747748936498
16.369999999999997,15.51154967376432,14.983787135965922
16.38,14.911188465520295,14.761638522979862
16.389999999999997,14.34568115484118,14.53059327298321
16.4,13.81321532535158,14.291872993604237
16.409999999999997,13.312024045438651,14.046627459984983
16.419999999999998,12.84039520014041,13.795933788326126
16.429999999999996,12.396678557563154,13.540796588920617
16.439999999999998,11.979290734855756,13.28214898351612
16.449999999999996,11.586718483650966,13.020854252970564
16.459999999999997,11.217520515897341,12.757708035375236
16.47,10.870328130982989,12.493440920113365
16.479999999999997,10.543845054631023,12.228721223135155
16.49,10.23684615724169,11.964158187563836
16.499999999999996,9.948176013303515,11.700305026965731
16.509999999999998,9.676746595028424,11.43766226490777
16.519999999999996,9.421535035713866,11.176680850457245
16.529999999999998,9.181580738293862,10.917765472201001
16.54,8.955982745517511,10.661277571060953
16.549999999999997,8.743896650165166,10.407538462252832
16.56,8.544531806370783,10.156832168349041
16.569999999999997,8.35714825885617,9.909408277872473
16.58,8.18105397130668,9.66548454118528
16.589999999999996,8.015601919628402,9.42524943075667
16.599999999999998,7.86018743773806,9.188864478342763
16.609999999999996,7.714245544545068,8.956466531244782
16.619999999999997,7.577248475696408,8.728169825701732
16.63,7.448703272043835,8.504067953913408
16.639999999999997,7.328149532218219,8.28423567951834
16.65,7.215157263595726,8.068730638578282
16.659999999999997,7.10932486919162,7.8575949128367695
16.669999999999998,7.010277249051167,7.650856491328082
16.679999999999996,6.917664013687329,7.448530623185929
16.689999999999998,6.83115783308876,7.250621062133786
16.699999999999996,6.750452867331773,7.057121221255066
16.709999999999997,6.675263289316471,6.868015241213965
16.72,6.60532195521555,6.683278960486586
16.729999999999997,6.540379112941579,6.50288081631747
16.74,6.48020123681793,6.326782671236395
16.749999999999996,6.424569917473203,6.154940567798847
16.759999999999998,6.373280841533469,5.987305425427521
16.769999999999996,6.32614284168983,5.823823673339999
16.779999999999998,6.282977010804609,5.664437830037093
16.79,6.243615879292736,5.509087038152652
16.799999999999997,6.207902654038114,5.357707540896763
16.81,6.175690504217128,5.210233131288159
16.819999999999997,6.146841907675848,5.066595545952911
16.83,6.1212280341866006,4.926724835379423
16.839999999999996,6.09872817898126,4.790549692720737
16.849999999999998,6.07922923508916,4.657997753192218
16.859999999999996,6.062625200922097,4.528995868088531
16.869999999999997,6.048816731275314,4.4034703435131135
16.88,6.037710697936187,4.281347177602376
16.889999999999997,6.029219792844271,4.162552263121012
16.9,6.023262192498034,4.047011536824891
16.909999999999997,6.019761200166068,3.9346511568959492
16.919999999999998,6.018644923457244,3.825397651548623
16.929999999999996,6.019845983693686,3.719178044653544
16.939999999999998,6.023301236656292,3.6159199791119745
16.949999999999996,6.028951531600575,3.5155517977397364
16.959999999999997,6.036741477326764,3.41800263002707
16.97,6.046619188321679,3.323202505837259
16.979999999999997,6.058536099450923,3.2310824011215793
16.99,6.072446785765861,3.141574284229344
16.999999999999996,6.088308772898531,3.054611177844436
17.009999999999998,6.106082352390539,2.970127220518434
17.019999999999996,6.12573045050556,2.8880576770011075
17.029999999999998,6.147218476663495,2.8083389745419227
17.04,6.1705141809120105,2.7309087363579874
17.049999999999997,6.19558753151596,2.655705795884197
17.06,6.222410599433158,2.582670208733302
17.069999999999997,6.250957445177413,2.511743265540159
17.08,6.281204010141824,2.4428675016330685
17.089999999999996,6.313128027772936,2.3759866955347735
17.099999999999998,6.346708931700136,2.3110458696585234
17.109999999999996,6.381927767045081,2.247991291497349
17.119999999999997,6.418767113810322,2.1867704660737135
17.13,6.457211014391886,2.1273321270299084
17.139999999999997,6.497244902851015,2.069626228605374
17.15,6.538855537436875,2.0136039370711774
17.159999999999997,6.582030943571907,1.9592176142896527
17.169999999999998,6.626760356214508,1.906420804378153
17.179999999999996,6.673034163268499,1.8551682209416158
17.189999999999998,6.720843858003395,1.805415728771036
17.199999999999996,6.770181993515794,1.7571203254790009
17.209999999999997,6.821042138881324,1.7102401233275706
17.22,6.873418831808917,1.6647343355570952
17.229999999999997,6.927307544082134,1.620563253733108
17.24,6.982704646807699,1.5776882267726273
17.249999999999996,7.03960737558057,1.536071641515566
17.259999999999998,7.098013795264045,1.4956769049317087
17.269999999999996,7.157922772308596,1.4564684216858543
17.279999999999998,7.219333947539379,1.4184115726264528
17.289999999999996,7.28224770946824,1.3814726941465891
17.299999999999997,7.346665166547726,1.3456190601443123
17.31,7.41258812596345,1.3108188592930063
17.319999999999997,7.480019072528357,1.277041173648327
17.33,7.548961147861426,1.2442559583618902
17.339999999999996,7.619418129240681,1.2124340226792838
17.349999999999998,7.691394412934462,1.1815470085480149
17.359999999999996,7.7648949977664135,1.1515673701074918
17.369999999999997,7.839925469063116,1.1224683539197189
17.38,7.916491982301174,1.0942239804864458
17.389999999999997,7.994601250223328,1.0668090239875772
17.4,8.074260530124361,1.0401989928621007
17.409999999999997,8.155477611467036,1.0143701110883343
17.419999999999998,8.238260803444739,0.989299300658006
17.429999999999996,8.322618925006118,0.9649641626703871
17.439999999999998,8.408561295089635,0.9413429592511141
17.449999999999996,8.496097723186832,0.9184145961293483
17.459999999999997,8.585238499789437,0.8961586059712059
17.47,8.675994388850825,0.8745551311191726
17.479999999999997,8.76837662037777,0.8535849069464381
17.49,8.862396883283749,0.8332292457341323
17.499999999999996,8.958067318303799,0.813470021387907
17.509999999999998,9.055400512296895,0.7942896535954211
17.519999999999996,9.154409492719111,0.7756710926163013
17.529999999999998,9.255107722337799,0.7575978045966785
17.539999999999996,9.357509093771316,0.7400537575906645
17.549999999999997,9.461627925671447,0.7230234070680556
17.56,9.567478958768989,0.706491682098343
17.569999999999997,9.67507735214688,0.6904439719474228
17.58,9.784438679886321,0.6748661129803941
17.589999999999996,9.895578926183443,0.6597443772613645
17.599999999999998,10.008514484077349,0.6450654590097614
17.609999999999996,10.123262153075123,0.6308164624043876
17.619999999999997,10.239839136600988,0.6169848900307616
17.63,10.358263039978803,0.6035586314272263
17.639999999999997,10.47855186746555,0.5905259528037302
17.65,10.600724021630532,0.5778754855103406
17.659999999999997,10.724798302083682,0.5655962154318155
17.669999999999998,10.850793904106721,0.5536774728905555
17.679999999999996,10.978730417653873,0.542108922704307
17.689999999999998,11.10862782561067,0.5308805552222451
17.699999999999996,11.240506503848273,0.5199826764054253
17.709999999999997,11.374387220786666,0.509405898671067
17.72,11.510291136858754,0.49914113219114187
17.729999999999997,11.648239804258925,0.4891795763372372
17.74,11.788255166160114,0.4795127117721695
17.749999999999996,11.930359557205977,0.4701322921078546
17.759999999999998,12.074575703663937,0.4610303360759717
17.769999999999996,12.220926723493582,0.4521991200500505
17.779999999999998,12.369436126615362,0.44363117073868086
17.789999999999996,12.52012781477048,0.435319258358501
17.799999999999997,12.673026082311827,0.4272563896020104
17.81,12.828155616737002,0.4194358009912344
17.819999999999997,12.98554149913559,0.4118509525222688
17.83,13.145209204768287,0.4044955214830459
17.839999999999996,13.307184603309361,0.3973633966874551
17.849999999999998,13.471493959774431,0.390448672560419
17.859999999999996,13.638163935232106,0.38374564355694635
17.869999999999997,13.807221587416372,0.3772487988443326
17.88,13.978694371407483,0.3709528171419844
17.889999999999997,14.152610139964771,0.36485256185032683
17.9,14.328997144438608,0.3589430762003064
17.909999999999997,14.507884035448452,0.3532195786475887
17.919999999999998,14.68929986341898,0.34767745848009446
17.929999999999996,14.873274079133038,0.34231227158819044
17.939999999999998,15.059836533928353,0.3371197365039286
17.949999999999996,15.249017480346811,0.3320957304587022
17.959999999999997,15.440847572531219,0.32723628566767515
17.97,15.635357866432843,0.3225375858160223
17.979999999999997,15.832579819963621,0.31799596269859287
17.99,16.03254529256858,0.3136078931133482
17.999999999999996,16.23528654557634,0.30936999575298185
18.009999999999998,16.440836242040284,0.3052790283299406
18.019999999999996,16.64922744627463,0.30133188489306284
18.029999999999998,16.860493623348507,0.29752559328402695
18.039999999999996,17.074668638409072,0.293857312753798
18.049999999999997,17.291786754482175,0.2903243319842296
18.06,17.511882631747735,0.28692406696156597
18.069999999999997,17.734991327102424,0.2836540589170702
18.08,17.96114829188805,0.2805119727210667
18.089999999999996,18.190389369942594,0.2774955953319014
18.099999999999998,18.422750795370202,0.2746028344083534
18.109999999999996,18.658269188979226,0.27183171725953387
18.119999999999997,18.89698155442376,0.26918038995667015
18.13,19.13892527704821,0.26664711610045916
18.139999999999997,19.3841381191061,0.2642302763059555
18.15,19.632658215492597,0.2619283677076748
18.159999999999997,19.884524069048574,0.25974000364156946
18.169999999999998,20.139774544604713,0.257663913653716
18.179999999999996,20.39844886061961,0.25569894404245525
18.189999999999998,20.6605865864168,0.2538440574744356
18.199999999999996,20.926227633905278,0.2520983336979659
18.209999999999997,21.19541224958367,0.25046097029609843
18.22,21.46818100604236,0.24893128362097924
18.229999999999997,21.74457479225483,0.2475087100408524
18.24,22.024634798892844,0.24619280820690922
18.249999999999996,22.30840251191822,0.24498325984523328
18.259999999999998,22.59591969989129,0.24387987181289592
18.269999999999996,22.88722840002842,0.24288257846999
18.279999999999998,23.18237090391496,0.2419914441969927
18.289999999999996,23.4813897419486,0.24120666623293405
18.299999999999997,23.784327660147376,0.24052857913427234
18.31,24.091227605990497,0.23995765744698283
18.319999999999997,24.402132710746095,0.23949451915452616
18.33,24.717086266031107,0.23913993036107817
18.339999999999996,25.03613170073357,0.23889480995625348
18.349999999999998,25.3593125562511,0.23876023467905308
18.359999999999996,25.68667245242045,0.2387374461978281
18.369999999999997,26.018255057348696,0.23882785740051202
18.379999999999995,26.354104065544746,0.23903305695890587
18.389999999999997,26.694263159044084,0.23935481754010823
18.4,27.038775970920955,0.2397951035449384
18.409999999999997,27.387686046228477,0.24035607942588416
18.419999999999998,27.74103679327607,0.24104012014236897
18.429999999999996,28.09887142575717,0.24184982363806432
18.439999999999998,28.46123293545313,0.24278801659732574
18.449999999999996,28.828164030663526,0.2438577677477348
18.459999999999997,29.19970707857863,0.24506240029842136
18.47,29.575904044228324,0.2464055051320938
18.479999999999997,29.956796421134126,0.2478909558458357
18.49,30.342425136724508,0.24952292946329618
18.499999999999996,30.73283049941622,0.2513059177039558
18.509999999999998,31.128052109259297,0.2532447464475015
18.519999999999996,31.528128764899506,0.25534459599121273
18.529999999999998,31.93309836589844,0.2576110223164043
18.539999999999996,32.34299780552288,0.26004998048033573
18.549999999999997,32.757862860231256,0.2626678486756151
18.56,33.1777280691235,0.2654714545203972
18.569999999999997,33.60262660429237,0.2684681033546279
18.58,34.03259013180426,0.2716656086029635
18.589999999999996,34.467648626887886,0.2750723328899429
18.599999999999998,34.907830227096326,0.27869721989432067
18.609999999999996,35.35316107035587,0.28254982960929814
18.619999999999997,35.80366509473325,0.28664038253219665
18.629999999999995,36.259363834542,0.2909798045042675
18.639999999999997,36.72027617562362,0.2955797804598885
18.65,37.1864181128608,0.3004528078135634
18.659999999999997,37.657802520144564,0.30561224729312936
18.669999999999998,38.13443885941375,0.3110723870451426
18.679999999999996,38.61633288256352,0.31684850842878753
18.689999999999998,39.10348629052518,0.3229569620928881
18.699999999999996,39.59589634897218,0.329415254432735
18.709999999999997,40.093555549927466,0.336242121387638
18.72,40.59645118106738,0.3434576251339033
18.729999999999997,41.104564879092706,0.3510832532523374
18.74,41.617872153241365,0.3591420228440838
18.749999999999996,42.136341859315216,0.36765860038816633
18.759999999999998,42.6599356424419,0.3766594253270761
18.769999999999996,43.188607324090526,0.3861728474929218
18.779999999999998,43.72230218436627,0.3962292917926327
18.789999999999996,44.26095630505059,0.4068614025029937
18.799999999999997,44.80449578673683,0.41810422043927603
18.81,45.352835905878266,0.4299953733201742
18.819999999999997,45.90588016831764,0.44257528593247786
18.83,46.46351935826249,0.45588739743659984
18.839999999999996,47.025630476507395,0.4699784010607862
18.849999999999998,47.592075586941355,0.4848985043434081
18.859999999999996,48.162700524828146,0.5007017236559863
18.869999999999997,48.73733357615402,0.5174461822605101
18.879999999999995,49.31578403216454,0.5351944377536202
18.889999999999997,49.89784060825498,0.5540138414104684
18.9,50.48326966680844,0.573976936412261
18.909999999999997,51.07181338671787,0.5951618737058266
18.919999999999998,51.66318780423148,0.61765285814824
18.929999999999996,52.257080635829595,0.6415406398400978
18.939999999999998,52.85314892489419,0.6669230421785738
18.949999999999996,53.451016521718714,0.6939055292219052
18.959999999999997,54.050271401660574,0.7226018136235651
18.97,54.65046273760957,0.7531345132688336
18.979999999999997,55.25109776378829,0.785635844202636
18.99,55.85163840606982,0.8202483600421789
18.999999999999996,56.45149766662216,0.8571257731852326
19.009999999999998,57.050035745489325,0.8964338045030488
19.019999999999996,57.64655593802948,0.9383510747201841
19.029999999999998,58.24030040318277,0.9830699813836619
19.039999999999996,58.8304453178515,1.0307977837231244
19.049999999999997,59.41609605706389,1.0817576000223803
19.06,59.99628202909478,1.136189478825904
19.069999999999997,60.569951244146466,1.194351507298369
19.08,61.13596469385638,1.256520929443482
19.089999999999996,61.69309050038314,1.3229952772549498
19.099999999999998,62.23999792741236,1.3940934873738273
19.109999999999996,62.77525128544642,1.4701569853911913
19.119999999999997,63.297303811922305,1.5515507085138847
19.129999999999995,63.804491609487975,1.638664034530466
19.139999999999997,64.29502776261816,1.7319115741544728
19.15,64.76699677335647,1.8317337777288882
19.159999999999997,65.21834948503107,1.9385972980612944
19.169999999999998,65.64689862179517,2.0529950667317225
19.179999999999996,66.05031546083327,2.1754459081462625
19.189999999999998,66.42612749064732,2.30649375197512
19.199999999999996,66.77171773422862,2.4467062110298445
19.209999999999997,67.08432593515539,2.596672473784959
19.219999999999995,67.36105211337714,2.7570003515620427
19.229999999999997,67.59886285673838,2.9283123719394664
19.24,67.79460095401,3.1112407407341127
19.249999999999996,67.9449987791606,3.306421058349539
19.259999999999998,68.04669606485763,3.514484612685678
19.269999999999996,68.09626258695094,3.7360491259448585
19.279999999999998,68.09022619747206,3.971707863192276
19.289999999999996,68.02510685357589,4.222016877989867
19.299999999999997,67.89745684699824,4.487480482150451
19.31,67.70390728242339,4.768535187383088
19.319999999999997,67.44122135390273,5.065531546912524
19.33,67.10635381733235,5.378714551922979
19.339999999999996,66.69651603874273,5.708203041934571
19.349999999999998,66.20924580360725,6.053968217608076
19.359999999999996,65.6424810787142,6.415811757881655
19.369999999999997,64.99463532886206,6.793344549543995
19.379999999999995,64.2646725700963,7.185966691913275
19.389999999999997,63.452179545100634,7.592849765095739
19.4,62.557432124735755,8.012922401362097
19.409999999999997,61.58145256208608,8.444860318488285
19.419999999999998,60.52605544248169,8.88708152807442
19.429999999999996,59.393877033084706,9.337748388817545
19.439999999999998,58.188387328542085,9.794776654721883
19.449999999999996,56.913880824756085,10.255852462210136
19.459999999999997,55.575446145677915,10.718457126495856
19.469999999999995,54.17891408559801,11.179899281186795
19.479999999999997,52.73077948733997,11.637355810643928
19.49,51.23810749308701,12.08791703994645
19.499999999999996,49.708418920899994,12.528638000175981
19.509999999999998,48.14956275676216,12.956592246536616
19.519999999999996,46.569579374607024,13.368926643672106
19.529999999999998,44.97655941481844,13.762915200916307
19.539999999999996,43.3785037952265,14.136009677137105
19.549999999999997,41.7831899843032,14.48588516445847
19.56,40.19804916074909,14.810479043656107
19.569999999999997,38.63005895174576,15.108021594422311
19.58,37.085652608998366,15.377058750060923
19.589999999999996,35.57065058869043,15.616464411654167
19.599999999999998,34.09020856114865,15.825445832447297
19.609999999999996,32.648790341986434,16.003538414367316
19.619999999999997,31.250158070368744,16.150593940428546
19.629999999999995,29.897378934051403,16.266762789395784
19.639999999999997,28.592848846190297,16.352469939985003
19.65,27.338327472337674,16.408387699433966
19.659999999999997,26.134983119242218,16.435405689588322
19.669999999999998,24.983444571406316,16.434599414772396
19.679999999999996,23.883857158667755,16.407198606630196
19.689999999999998,22.8359408836801,16.354556219255194
19.699999999999996,21.839048592446037,16.278118830279077
19.709999999999997,20.89222241718764,16.17939913264568
19.719999999999995,19.9942477770996,16.059950645224752
19.729999999999997,19.14370320177064,15.921345305319894
19.74,18.339006392198158,15.765153601215003
19.749999999999996,17.578455102143238,15.592927724215125
19.759999999999998,16.86026353546326,15.406187288679668
19.769999999999996,16.182594159190142,15.20640757950085
19.779999999999998,15.543584614738519,14.99501031766633
19.789999999999996,14.941370734566522,14.773356429831477
19.799999999999997,14.374105515524151,14.542740798612956
19.81,13.839974497428233,14.304388702992279
19.819999999999997,13.337208137684952,14.05945366371096
19.83,12.864091300463373,13.809016558539426
19.839999999999996,12.418970410608958,13.554085730677427
19.849999999999998,12.000258539221953,13.295597960678466
19.859999999999996,11.606438747746786,13.034420096922771
19.869999999999997,11.236065998901195,12.771351216517028
19.879999999999995,10.887767844017391,12.507125201395887
19.889999999999997,10.560244292574552,12.242413506710486
19.9,10.252266552640748,11.977828368205277
19.909999999999997,9.962675655621451,11.713925809003621
19.919999999999998,9.690380139708804,11.451209002144902
19.929999999999996,9.434353834432317,11.190131380171087
19.939999999999998,9.19363299057711,10.931099947704652
19.949999999999996,8.967313633316676,10.674478308924929
19.959999999999997,8.7545485099386,10.420589778668237
19.969999999999995,8.554544257899732,10.169720242798567
19.979999999999997,8.366558379720901,9.922121000534931
19.99,8.189896422699995,9.678011389859423
